chrom	start	end	tcn.em	lcn.em	sample
1	chr1	13300	57264	1	0	CN2_2b_CKDN200005067-1A_H5T7VDSXY_L1
2	chr1	57500	2606566	3	0	CN2_2b_CKDN200005067-1A_H5T7VDSXY_L1
3	chr1	2606770	2688292	1	0	CN2_2b_CKDN200005067-1A_H5T7VDSXY_L1
4	chr1	2695663	2758500	1	0	CN2_2b_CKDN200005067-1A_H5T7VDSXY_L1
5	chr1	2768000	5912300	2	0	CN2_2b_CKDN200005067-1A_H5T7VDSXY_L1
6	chr1	5913505	6146300	4	0	CN2_2b_CKDN200005067-1A_H5T7VDSXY_L1
7	chr1	6147500	11607700	3	0	CN2_2b_CKDN200005067-1A_H5T7VDSXY_L1
8	chr1	11607976	12570500	4	0	CN2_2b_CKDN200005067-1A_H5T7VDSXY_L1
9	chr1	12571100	13247200	3	0	CN2_2b_CKDN200005067-1A_H5T7VDSXY_L1
10	chr1	13260200	15088038	2	0	CN2_2b_CKDN200005067-1A_H5T7VDSXY_L1
11	chr1	15090583	15213958	3	0	CN2_2b_CKDN200005067-1A_H5T7VDSXY_L1
12	chr1	15214902	16863923	3	1	CN2_2b_CKDN200005067-1A_H5T7VDSXY_L1
13	chr1	16864023	16948870	5	NA	CN2_2b_CKDN200005067-1A_H5T7VDSXY_L1
14	chr1	16949600	17100431	4	0	CN2_2b_CKDN200005067-1A_H5T7VDSXY_L1
15	chr1	17100808	41496800	3	0	CN2_2b_CKDN200005067-1A_H5T7VDSXY_L1
16	chr1	41497283	42878961	4	0	CN2_2b_CKDN200005067-1A_H5T7VDSXY_L1
17	chr1	42881198	47130600	3	0	CN2_2b_CKDN200005067-1A_H5T7VDSXY_L1
18	chr1	47131212	50219400	2	0	CN2_2b_CKDN200005067-1A_H5T7VDSXY_L1
19	chr1	50220400	55757400	3	0	CN2_2b_CKDN200005067-1A_H5T7VDSXY_L1
20	chr1	55760466	55770136	2	NA	CN2_2b_CKDN200005067-1A_H5T7VDSXY_L1
21	chr1	55775300	55842684	1	0	CN2_2b_CKDN200005067-1A_H5T7VDSXY_L1
22	chr1	55844400	58065962	2	0	CN2_2b_CKDN200005067-1A_H5T7VDSXY_L1
23	chr1	58067653	60113239	3	0	CN2_2b_CKDN200005067-1A_H5T7VDSXY_L1
24	chr1	60114600	63625623	3	0	CN2_2b_CKDN200005067-1A_H5T7VDSXY_L1
25	chr1	63626400	67055780	3	0	CN2_2b_CKDN200005067-1A_H5T7VDSXY_L1
26	chr1	67056422	67286405	3	1	CN2_2b_CKDN200005067-1A_H5T7VDSXY_L1
27	chr1	67288345	71724589	3	0	CN2_2b_CKDN200005067-1A_H5T7VDSXY_L1
28	chr1	71725100	75401741	2	1	CN2_2b_CKDN200005067-1A_H5T7VDSXY_L1
29	chr1	75402673	78443426	3	0	CN2_2b_CKDN200005067-1A_H5T7VDSXY_L1
30	chr1	78444584	83791460	2	0	CN2_2b_CKDN200005067-1A_H5T7VDSXY_L1
31	chr1	83792268	92424900	3	0	CN2_2b_CKDN200005067-1A_H5T7VDSXY_L1
32	chr1	92425200	95113528	3	0	CN2_2b_CKDN200005067-1A_H5T7VDSXY_L1
33	chr1	95113800	101625394	3	0	CN2_2b_CKDN200005067-1A_H5T7VDSXY_L1
34	chr1	101626377	108229527	3	0	CN2_2b_CKDN200005067-1A_H5T7VDSXY_L1
35	chr1	108250489	112148400	3	0	CN2_2b_CKDN200005067-1A_H5T7VDSXY_L1
36	chr1	112149095	112162000	1	0	CN2_2b_CKDN200005067-1A_H5T7VDSXY_L1
37	chr1	112162438	115305400	3	0	CN2_2b_CKDN200005067-1A_H5T7VDSXY_L1
38	chr1	115306600	119576430	3	0	CN2_2b_CKDN200005067-1A_H5T7VDSXY_L1
39	chr1	119577101	120575900	3	NA	CN2_2b_CKDN200005067-1A_H5T7VDSXY_L1
40	chr1	120582100	120928800	7	NA	CN2_2b_CKDN200005067-1A_H5T7VDSXY_L1
41	chr1	120942596	121112100	3	NA	CN2_2b_CKDN200005067-1A_H5T7VDSXY_L1
42	chr1	121113100	125178400	1	0	CN2_2b_CKDN200005067-1A_H5T7VDSXY_L1
43	chr1	125178700	143264100	1	0	CN2_2b_CKDN200005067-1A_H5T7VDSXY_L1
44	chr1	143264300	153634300	5	NA	CN2_2b_CKDN200005067-1A_H5T7VDSXY_L1
45	chr1	153654600	155715700	4	NA	CN2_2b_CKDN200005067-1A_H5T7VDSXY_L1
46	chr1	155734145	158664500	2	NA	CN2_2b_CKDN200005067-1A_H5T7VDSXY_L1
47	chr1	158695081	167592259	5	2	CN2_2b_CKDN200005067-1A_H5T7VDSXY_L1
48	chr1	167600200	219566565	2	0	CN2_2b_CKDN200005067-1A_H5T7VDSXY_L1
49	chr1	219586500	219952600	9	NA	CN2_2b_CKDN200005067-1A_H5T7VDSXY_L1
50	chr1	220007100	220333387	3	NA	CN2_2b_CKDN200005067-1A_H5T7VDSXY_L1
51	chr1	220333754	221757910	7	NA	CN2_2b_CKDN200005067-1A_H5T7VDSXY_L1
52	chr1	221814151	222007376	9	NA	CN2_2b_CKDN200005067-1A_H5T7VDSXY_L1
53	chr1	222014700	223085900	6	NA	CN2_2b_CKDN200005067-1A_H5T7VDSXY_L1
54	chr1	223133800	223393881	2	NA	CN2_2b_CKDN200005067-1A_H5T7VDSXY_L1
55	chr1	223409411	225033200	5	NA	CN2_2b_CKDN200005067-1A_H5T7VDSXY_L1
56	chr1	225066800	248944400	2	0	CN2_2b_CKDN200005067-1A_H5T7VDSXY_L1
57	chr2	740580	87094919	3	NA	CN2_2b_CKDN200005067-1A_H5T7VDSXY_L1
58	chr2	87341100	94505600	6	2	CN2_2b_CKDN200005067-1A_H5T7VDSXY_L1
59	chr2	94512800	240786700	3	1	CN2_2b_CKDN200005067-1A_H5T7VDSXY_L1
60	chr3	17200	6381300	3	1	CN2_2b_CKDN200005067-1A_H5T7VDSXY_L1
61	chr3	6389379	11334900	2	NA	CN2_2b_CKDN200005067-1A_H5T7VDSXY_L1
62	chr3	11453271	17049400	3	0	CN2_2b_CKDN200005067-1A_H5T7VDSXY_L1
63	chr3	17104600	54916401	2	0	CN2_2b_CKDN200005067-1A_H5T7VDSXY_L1
64	chr3	54938254	59821457	3	NA	CN2_2b_CKDN200005067-1A_H5T7VDSXY_L1
65	chr3	59921015	75433618	2	0	CN2_2b_CKDN200005067-1A_H5T7VDSXY_L1
66	chr3	75490657	75706429	3	NA	CN2_2b_CKDN200005067-1A_H5T7VDSXY_L1
67	chr3	75727600	79946633	2	NA	CN2_2b_CKDN200005067-1A_H5T7VDSXY_L1
68	chr3	80055300	89639540	3	NA	CN2_2b_CKDN200005067-1A_H5T7VDSXY_L1
69	chr3	89670692	98050480	4	2	CN2_2b_CKDN200005067-1A_H5T7VDSXY_L1
70	chr3	98053100	98238695	4	2	CN2_2b_CKDN200005067-1A_H5T7VDSXY_L1
71	chr3	98241374	98762600	5	2	CN2_2b_CKDN200005067-1A_H5T7VDSXY_L1
72	chr3	98765615	99071923	5	2	CN2_2b_CKDN200005067-1A_H5T7VDSXY_L1
73	chr3	99072715	101109800	4	0	CN2_2b_CKDN200005067-1A_H5T7VDSXY_L1
74	chr3	101110400	102189545	4	2	CN2_2b_CKDN200005067-1A_H5T7VDSXY_L1
75	chr3	102191800	108724785	4	2	CN2_2b_CKDN200005067-1A_H5T7VDSXY_L1
76	chr3	108725517	108846866	3	NA	CN2_2b_CKDN200005067-1A_H5T7VDSXY_L1
77	chr3	108849903	111208843	3	0	CN2_2b_CKDN200005067-1A_H5T7VDSXY_L1
78	chr3	111209259	111276800	3	NA	CN2_2b_CKDN200005067-1A_H5T7VDSXY_L1
79	chr3	111277141	113818900	4	2	CN2_2b_CKDN200005067-1A_H5T7VDSXY_L1
80	chr3	113819900	116533700	4	2	CN2_2b_CKDN200005067-1A_H5T7VDSXY_L1
81	chr3	116534646	117688844	3	1	CN2_2b_CKDN200005067-1A_H5T7VDSXY_L1
82	chr3	117691157	118681300	3	0	CN2_2b_CKDN200005067-1A_H5T7VDSXY_L1
83	chr3	118682300	119436200	3	1	CN2_2b_CKDN200005067-1A_H5T7VDSXY_L1
84	chr3	119436600	125393200	4	2	CN2_2b_CKDN200005067-1A_H5T7VDSXY_L1
85	chr3	125394481	125951500	4	2	CN2_2b_CKDN200005067-1A_H5T7VDSXY_L1
86	chr3	125951700	127928800	3	0	CN2_2b_CKDN200005067-1A_H5T7VDSXY_L1
87	chr3	127929800	129006033	4	2	CN2_2b_CKDN200005067-1A_H5T7VDSXY_L1
88	chr3	129006723	140889346	4	2	CN2_2b_CKDN200005067-1A_H5T7VDSXY_L1
89	chr3	140891476	143027814	4	2	CN2_2b_CKDN200005067-1A_H5T7VDSXY_L1
90	chr3	143028146	149109800	4	2	CN2_2b_CKDN200005067-1A_H5T7VDSXY_L1
91	chr3	149111600	149241806	3	NA	CN2_2b_CKDN200005067-1A_H5T7VDSXY_L1
92	chr3	149243800	149253100	1	0	CN2_2b_CKDN200005067-1A_H5T7VDSXY_L1
93	chr3	149256200	153035100	4	2	CN2_2b_CKDN200005067-1A_H5T7VDSXY_L1
94	chr3	153038800	156443300	4	2	CN2_2b_CKDN200005067-1A_H5T7VDSXY_L1
95	chr3	156444698	161007600	4	2	CN2_2b_CKDN200005067-1A_H5T7VDSXY_L1
96	chr3	161008000	161033600	3	NA	CN2_2b_CKDN200005067-1A_H5T7VDSXY_L1
97	chr3	161035639	161984391	4	2	CN2_2b_CKDN200005067-1A_H5T7VDSXY_L1
98	chr3	161987262	167915413	3	0	CN2_2b_CKDN200005067-1A_H5T7VDSXY_L1
99	chr3	167916258	172437286	4	2	CN2_2b_CKDN200005067-1A_H5T7VDSXY_L1
100	chr3	172437795	172595338	6	2	CN2_2b_CKDN200005067-1A_H5T7VDSXY_L1
101	chr3	172597300	173490031	5	2	CN2_2b_CKDN200005067-1A_H5T7VDSXY_L1
102	chr3	173492900	180208900	4	2	CN2_2b_CKDN200005067-1A_H5T7VDSXY_L1
103	chr3	180210500	182274704	3	0	CN2_2b_CKDN200005067-1A_H5T7VDSXY_L1
104	chr3	182275400	182747859	3	NA	CN2_2b_CKDN200005067-1A_H5T7VDSXY_L1
105	chr3	182748200	185341500	4	2	CN2_2b_CKDN200005067-1A_H5T7VDSXY_L1
106	chr3	185343200	186151418	3	0	CN2_2b_CKDN200005067-1A_H5T7VDSXY_L1
107	chr3	186152100	190855300	4	2	CN2_2b_CKDN200005067-1A_H5T7VDSXY_L1
108	chr3	190855536	191322863	3	1	CN2_2b_CKDN200005067-1A_H5T7VDSXY_L1
109	chr3	191323100	194052300	3	0	CN2_2b_CKDN200005067-1A_H5T7VDSXY_L1
110	chr3	194052904	194974620	4	2	CN2_2b_CKDN200005067-1A_H5T7VDSXY_L1
111	chr3	194975695	195596900	3	0	CN2_2b_CKDN200005067-1A_H5T7VDSXY_L1
112	chr3	195597805	195726058	5	1	CN2_2b_CKDN200005067-1A_H5T7VDSXY_L1
113	chr3	195726273	198167400	5	2	CN2_2b_CKDN200005067-1A_H5T7VDSXY_L1
114	chr3	198167700	198191100	2	NA	CN2_2b_CKDN200005067-1A_H5T7VDSXY_L1
115	chr4	15100	103600	5	NA	CN2_2b_CKDN200005067-1A_H5T7VDSXY_L1
116	chr4	312200	49147979	4	0	CN2_2b_CKDN200005067-1A_H5T7VDSXY_L1
117	chr4	49148176	49333300	5	2	CN2_2b_CKDN200005067-1A_H5T7VDSXY_L1
118	chr4	49500990	49657473	1	0	CN2_2b_CKDN200005067-1A_H5T7VDSXY_L1
119	chr4	49709300	131674334	3	0	CN2_2b_CKDN200005067-1A_H5T7VDSXY_L1
120	chr4	131689806	131751300	8	NA	CN2_2b_CKDN200005067-1A_H5T7VDSXY_L1
121	chr4	131823171	186689500	3	0	CN2_2b_CKDN200005067-1A_H5T7VDSXY_L1
122	chr4	186703040	188134200	2	NA	CN2_2b_CKDN200005067-1A_H5T7VDSXY_L1
123	chr4	188179400	190119500	4	2	CN2_2b_CKDN200005067-1A_H5T7VDSXY_L1
124	chr5	11700	642800	4	0	CN2_2b_CKDN200005067-1A_H5T7VDSXY_L1
125	chr5	643700	684400	2	NA	CN2_2b_CKDN200005067-1A_H5T7VDSXY_L1
126	chr5	685085	756197	1	0	CN2_2b_CKDN200005067-1A_H5T7VDSXY_L1
127	chr5	756525	892919	2	0	CN2_2b_CKDN200005067-1A_H5T7VDSXY_L1
128	chr5	895811	1055450	7	NA	CN2_2b_CKDN200005067-1A_H5T7VDSXY_L1
129	chr5	1056400	1138700	1	0	CN2_2b_CKDN200005067-1A_H5T7VDSXY_L1
130	chr5	1139487	1169487	7	NA	CN2_2b_CKDN200005067-1A_H5T7VDSXY_L1
131	chr5	1171583	1185000	1	0	CN2_2b_CKDN200005067-1A_H5T7VDSXY_L1
132	chr5	1185424	1298200	3	NA	CN2_2b_CKDN200005067-1A_H5T7VDSXY_L1
133	chr5	1298530	1385500	7	NA	CN2_2b_CKDN200005067-1A_H5T7VDSXY_L1
134	chr5	1386128	1713200	4	2	CN2_2b_CKDN200005067-1A_H5T7VDSXY_L1
135	chr5	1716883	2025900	1	0	CN2_2b_CKDN200005067-1A_H5T7VDSXY_L1
136	chr5	2026200	2277699	2	NA	CN2_2b_CKDN200005067-1A_H5T7VDSXY_L1
137	chr5	2282454	2560900	1	0	CN2_2b_CKDN200005067-1A_H5T7VDSXY_L1
138	chr5	2561000	3667694	4	0	CN2_2b_CKDN200005067-1A_H5T7VDSXY_L1
139	chr5	3670202	4011400	7	0	CN2_2b_CKDN200005067-1A_H5T7VDSXY_L1
140	chr5	4013879	4223500	1	0	CN2_2b_CKDN200005067-1A_H5T7VDSXY_L1
141	chr5	4225613	4753200	7	NA	CN2_2b_CKDN200005067-1A_H5T7VDSXY_L1
142	chr5	4757300	4938240	2	NA	CN2_2b_CKDN200005067-1A_H5T7VDSXY_L1
143	chr5	4938500	5065700	5	NA	CN2_2b_CKDN200005067-1A_H5T7VDSXY_L1
144	chr5	5069600	5332209	2	NA	CN2_2b_CKDN200005067-1A_H5T7VDSXY_L1
145	chr5	5332900	5771541	8	NA	CN2_2b_CKDN200005067-1A_H5T7VDSXY_L1
146	chr5	5772700	6674448	2	0	CN2_2b_CKDN200005067-1A_H5T7VDSXY_L1
147	chr5	6675693	7465623	7	0	CN2_2b_CKDN200005067-1A_H5T7VDSXY_L1
148	chr5	7468576	7769900	1	0	CN2_2b_CKDN200005067-1A_H5T7VDSXY_L1
149	chr5	7770900	7962750	8	NA	CN2_2b_CKDN200005067-1A_H5T7VDSXY_L1
150	chr5	7966200	8229300	4	0	CN2_2b_CKDN200005067-1A_H5T7VDSXY_L1
151	chr5	8230135	8349300	1	0	CN2_2b_CKDN200005067-1A_H5T7VDSXY_L1
152	chr5	8350200	8803700	2	NA	CN2_2b_CKDN200005067-1A_H5T7VDSXY_L1
153	chr5	8807600	8967604	4	NA	CN2_2b_CKDN200005067-1A_H5T7VDSXY_L1
154	chr5	8968800	9613134	2	0	CN2_2b_CKDN200005067-1A_H5T7VDSXY_L1
155	chr5	9613570	9793300	4	NA	CN2_2b_CKDN200005067-1A_H5T7VDSXY_L1
156	chr5	9793600	10460588	6	0	CN2_2b_CKDN200005067-1A_H5T7VDSXY_L1
157	chr5	10460884	10662700	8	NA	CN2_2b_CKDN200005067-1A_H5T7VDSXY_L1
158	chr5	10664400	10851400	6	0	CN2_2b_CKDN200005067-1A_H5T7VDSXY_L1
159	chr5	10852540	10899921	5	NA	CN2_2b_CKDN200005067-1A_H5T7VDSXY_L1
160	chr5	10900375	10922800	2	NA	CN2_2b_CKDN200005067-1A_H5T7VDSXY_L1
161	chr5	10923627	11199800	4	NA	CN2_2b_CKDN200005067-1A_H5T7VDSXY_L1
162	chr5	11202600	11630057	6	NA	CN2_2b_CKDN200005067-1A_H5T7VDSXY_L1
163	chr5	11630942	12031280	5	NA	CN2_2b_CKDN200005067-1A_H5T7VDSXY_L1
164	chr5	12032873	12847300	1	0	CN2_2b_CKDN200005067-1A_H5T7VDSXY_L1
165	chr5	12847500	12863700	7	NA	CN2_2b_CKDN200005067-1A_H5T7VDSXY_L1
166	chr5	12865800	13044092	1	0	CN2_2b_CKDN200005067-1A_H5T7VDSXY_L1
167	chr5	13047300	13249965	3	NA	CN2_2b_CKDN200005067-1A_H5T7VDSXY_L1
168	chr5	13250936	13264600	2	NA	CN2_2b_CKDN200005067-1A_H5T7VDSXY_L1
169	chr5	13267500	13831901	5	0	CN2_2b_CKDN200005067-1A_H5T7VDSXY_L1
170	chr5	13833200	14032800	7	NA	CN2_2b_CKDN200005067-1A_H5T7VDSXY_L1
171	chr5	14034770	14131285	6	NA	CN2_2b_CKDN200005067-1A_H5T7VDSXY_L1
172	chr5	14131796	14465400	10	NA	CN2_2b_CKDN200005067-1A_H5T7VDSXY_L1
173	chr5	14466100	15311100	3	0	CN2_2b_CKDN200005067-1A_H5T7VDSXY_L1
174	chr5	15313461	15737188	6	NA	CN2_2b_CKDN200005067-1A_H5T7VDSXY_L1
175	chr5	15738003	15819681	9	NA	CN2_2b_CKDN200005067-1A_H5T7VDSXY_L1
176	chr5	15821600	15898358	4	NA	CN2_2b_CKDN200005067-1A_H5T7VDSXY_L1
177	chr5	15898700	15992058	3	NA	CN2_2b_CKDN200005067-1A_H5T7VDSXY_L1
178	chr5	15994512	16143392	1	0	CN2_2b_CKDN200005067-1A_H5T7VDSXY_L1
179	chr5	16144500	16154800	5	NA	CN2_2b_CKDN200005067-1A_H5T7VDSXY_L1
180	chr5	16156700	16401069	1	0	CN2_2b_CKDN200005067-1A_H5T7VDSXY_L1
181	chr5	16401153	16802900	3	0	CN2_2b_CKDN200005067-1A_H5T7VDSXY_L1
182	chr5	16803300	17517400	5	0	CN2_2b_CKDN200005067-1A_H5T7VDSXY_L1
183	chr5	17517675	17599500	18	NA	CN2_2b_CKDN200005067-1A_H5T7VDSXY_L1
184	chr5	17599900	17828900	5	NA	CN2_2b_CKDN200005067-1A_H5T7VDSXY_L1
185	chr5	17830700	18303500	3	NA	CN2_2b_CKDN200005067-1A_H5T7VDSXY_L1
186	chr5	18305400	18685568	5	0	CN2_2b_CKDN200005067-1A_H5T7VDSXY_L1
187	chr5	18687800	18880100	9	NA	CN2_2b_CKDN200005067-1A_H5T7VDSXY_L1
188	chr5	18881589	19265500	3	NA	CN2_2b_CKDN200005067-1A_H5T7VDSXY_L1
189	chr5	19265943	19385815	1	0	CN2_2b_CKDN200005067-1A_H5T7VDSXY_L1
190	chr5	19387500	19826356	6	0	CN2_2b_CKDN200005067-1A_H5T7VDSXY_L1
191	chr5	19826754	19974400	2	NA	CN2_2b_CKDN200005067-1A_H5T7VDSXY_L1
192	chr5	19975777	20357868	6	0	CN2_2b_CKDN200005067-1A_H5T7VDSXY_L1
193	chr5	20359600	20979900	4	NA	CN2_2b_CKDN200005067-1A_H5T7VDSXY_L1
194	chr5	20982045	21408100	9	NA	CN2_2b_CKDN200005067-1A_H5T7VDSXY_L1
195	chr5	21409900	21446100	3	NA	CN2_2b_CKDN200005067-1A_H5T7VDSXY_L1
196	chr5	21446900	21750300	8	NA	CN2_2b_CKDN200005067-1A_H5T7VDSXY_L1
197	chr5	21751622	21812300	3	NA	CN2_2b_CKDN200005067-1A_H5T7VDSXY_L1
198	chr5	21815615	22845000	1	0	CN2_2b_CKDN200005067-1A_H5T7VDSXY_L1
199	chr5	22852288	23339100	3	0	CN2_2b_CKDN200005067-1A_H5T7VDSXY_L1
200	chr5	23342051	23621200	3	NA	CN2_2b_CKDN200005067-1A_H5T7VDSXY_L1
201	chr5	23622383	24050400	3	0	CN2_2b_CKDN200005067-1A_H5T7VDSXY_L1
202	chr5	24050808	24261846	6	NA	CN2_2b_CKDN200005067-1A_H5T7VDSXY_L1
203	chr5	24262200	24586000	4	NA	CN2_2b_CKDN200005067-1A_H5T7VDSXY_L1
204	chr5	24588324	25013972	9	NA	CN2_2b_CKDN200005067-1A_H5T7VDSXY_L1
205	chr5	25018105	25655151	13	NA	CN2_2b_CKDN200005067-1A_H5T7VDSXY_L1
206	chr5	25657542	25926900	8	NA	CN2_2b_CKDN200005067-1A_H5T7VDSXY_L1
207	chr5	25927742	26494645	13	1	CN2_2b_CKDN200005067-1A_H5T7VDSXY_L1
208	chr5	26496839	28327000	2	1	CN2_2b_CKDN200005067-1A_H5T7VDSXY_L1
209	chr5	28328051	30338127	2	0	CN2_2b_CKDN200005067-1A_H5T7VDSXY_L1
210	chr5	30340000	30930435	2	NA	CN2_2b_CKDN200005067-1A_H5T7VDSXY_L1
211	chr5	30932900	34175162	3	1	CN2_2b_CKDN200005067-1A_H5T7VDSXY_L1
212	chr5	34178500	34197200	11	NA	CN2_2b_CKDN200005067-1A_H5T7VDSXY_L1
213	chr5	34200657	34573300	3	1	CN2_2b_CKDN200005067-1A_H5T7VDSXY_L1
214	chr5	34573707	39894000	3	0	CN2_2b_CKDN200005067-1A_H5T7VDSXY_L1
215	chr5	39896554	45394750	3	0	CN2_2b_CKDN200005067-1A_H5T7VDSXY_L1
216	chr5	45395800	46625400	2	0	CN2_2b_CKDN200005067-1A_H5T7VDSXY_L1
217	chr5	46627900	47279000	1	0	CN2_2b_CKDN200005067-1A_H5T7VDSXY_L1
218	chr5	47289700	49673700	4	NA	CN2_2b_CKDN200005067-1A_H5T7VDSXY_L1
219	chr5	49674300	50126900	1	0	CN2_2b_CKDN200005067-1A_H5T7VDSXY_L1
220	chr5	50134200	51906314	2	1	CN2_2b_CKDN200005067-1A_H5T7VDSXY_L1
221	chr5	51908400	52088059	2	0	CN2_2b_CKDN200005067-1A_H5T7VDSXY_L1
222	chr5	52091867	52541000	2	1	CN2_2b_CKDN200005067-1A_H5T7VDSXY_L1
223	chr5	52543491	55572275	3	0	CN2_2b_CKDN200005067-1A_H5T7VDSXY_L1
224	chr5	55572653	55710700	3	1	CN2_2b_CKDN200005067-1A_H5T7VDSXY_L1
225	chr5	55711464	57716000	3	0	CN2_2b_CKDN200005067-1A_H5T7VDSXY_L1
226	chr5	57716694	58402800	3	0	CN2_2b_CKDN200005067-1A_H5T7VDSXY_L1
227	chr5	58403138	59424400	3	0	CN2_2b_CKDN200005067-1A_H5T7VDSXY_L1
228	chr5	59424832	60072631	3	1	CN2_2b_CKDN200005067-1A_H5T7VDSXY_L1
229	chr5	60073497	61107000	3	1	CN2_2b_CKDN200005067-1A_H5T7VDSXY_L1
230	chr5	61107365	61188260	3	NA	CN2_2b_CKDN200005067-1A_H5T7VDSXY_L1
231	chr5	61188800	61654591	3	0	CN2_2b_CKDN200005067-1A_H5T7VDSXY_L1
232	chr5	61654900	62613000	3	1	CN2_2b_CKDN200005067-1A_H5T7VDSXY_L1
233	chr5	62613537	62924475	2	0	CN2_2b_CKDN200005067-1A_H5T7VDSXY_L1
234	chr5	62925400	63079900	2	1	CN2_2b_CKDN200005067-1A_H5T7VDSXY_L1
235	chr5	63080741	64617600	2	0	CN2_2b_CKDN200005067-1A_H5T7VDSXY_L1
236	chr5	64618200	65788300	4	0	CN2_2b_CKDN200005067-1A_H5T7VDSXY_L1
237	chr5	65788609	65904700	3	0	CN2_2b_CKDN200005067-1A_H5T7VDSXY_L1
238	chr5	65904900	66134717	5	1	CN2_2b_CKDN200005067-1A_H5T7VDSXY_L1
239	chr5	66135900	67380348	3	0	CN2_2b_CKDN200005067-1A_H5T7VDSXY_L1
240	chr5	67380518	68581267	2	1	CN2_2b_CKDN200005067-1A_H5T7VDSXY_L1
241	chr5	68582040	69026700	3	0	CN2_2b_CKDN200005067-1A_H5T7VDSXY_L1
242	chr5	69026900	71327455	5	1	CN2_2b_CKDN200005067-1A_H5T7VDSXY_L1
243	chr5	71327800	72092700	3	0	CN2_2b_CKDN200005067-1A_H5T7VDSXY_L1
244	chr5	72093500	72605000	5	1	CN2_2b_CKDN200005067-1A_H5T7VDSXY_L1
245	chr5	72606047	73303900	3	0	CN2_2b_CKDN200005067-1A_H5T7VDSXY_L1
246	chr5	73304200	74078756	3	1	CN2_2b_CKDN200005067-1A_H5T7VDSXY_L1
247	chr5	74079304	74696581	3	0	CN2_2b_CKDN200005067-1A_H5T7VDSXY_L1
248	chr5	74696900	74884566	5	1	CN2_2b_CKDN200005067-1A_H5T7VDSXY_L1
249	chr5	74884883	75656800	3	0	CN2_2b_CKDN200005067-1A_H5T7VDSXY_L1
250	chr5	75657100	75844200	3	0	CN2_2b_CKDN200005067-1A_H5T7VDSXY_L1
251	chr5	75844281	76619031	2	0	CN2_2b_CKDN200005067-1A_H5T7VDSXY_L1
252	chr5	76619400	76842400	3	0	CN2_2b_CKDN200005067-1A_H5T7VDSXY_L1
253	chr5	76842633	77424928	3	0	CN2_2b_CKDN200005067-1A_H5T7VDSXY_L1
254	chr5	77424935	77646195	3	1	CN2_2b_CKDN200005067-1A_H5T7VDSXY_L1
255	chr5	77646400	77791900	3	0	CN2_2b_CKDN200005067-1A_H5T7VDSXY_L1
256	chr5	77792486	82576900	3	0	CN2_2b_CKDN200005067-1A_H5T7VDSXY_L1
257	chr5	82577300	82744200	3	0	CN2_2b_CKDN200005067-1A_H5T7VDSXY_L1
258	chr5	82745200	87480900	2	0	CN2_2b_CKDN200005067-1A_H5T7VDSXY_L1
259	chr5	87482200	87883100	3	1	CN2_2b_CKDN200005067-1A_H5T7VDSXY_L1
260	chr5	87883700	88679100	2	NA	CN2_2b_CKDN200005067-1A_H5T7VDSXY_L1
261	chr5	88679800	90520700	2	0	CN2_2b_CKDN200005067-1A_H5T7VDSXY_L1
262	chr5	90521888	91236356	3	1	CN2_2b_CKDN200005067-1A_H5T7VDSXY_L1
263	chr5	91236800	91497800	3	0	CN2_2b_CKDN200005067-1A_H5T7VDSXY_L1
264	chr5	91498300	91621800	3	1	CN2_2b_CKDN200005067-1A_H5T7VDSXY_L1
265	chr5	91623000	95415054	3	0	CN2_2b_CKDN200005067-1A_H5T7VDSXY_L1
266	chr5	95415689	97020900	3	0	CN2_2b_CKDN200005067-1A_H5T7VDSXY_L1
267	chr5	97021276	97531068	3	1	CN2_2b_CKDN200005067-1A_H5T7VDSXY_L1
268	chr5	97533300	97691994	3	0	CN2_2b_CKDN200005067-1A_H5T7VDSXY_L1
269	chr5	97692133	99143700	3	1	CN2_2b_CKDN200005067-1A_H5T7VDSXY_L1
270	chr5	99143955	101936869	2	0	CN2_2b_CKDN200005067-1A_H5T7VDSXY_L1
271	chr5	101937913	102257738	2	1	CN2_2b_CKDN200005067-1A_H5T7VDSXY_L1
272	chr5	102258482	103513950	3	0	CN2_2b_CKDN200005067-1A_H5T7VDSXY_L1
273	chr5	103516600	106199700	2	0	CN2_2b_CKDN200005067-1A_H5T7VDSXY_L1
274	chr5	106200044	109777887	3	0	CN2_2b_CKDN200005067-1A_H5T7VDSXY_L1
275	chr5	109779993	109973944	2	0	CN2_2b_CKDN200005067-1A_H5T7VDSXY_L1
276	chr5	109974343	111369500	2	0	CN2_2b_CKDN200005067-1A_H5T7VDSXY_L1
277	chr5	111369722	111449200	2	NA	CN2_2b_CKDN200005067-1A_H5T7VDSXY_L1
278	chr5	111449931	111646701	3	1	CN2_2b_CKDN200005067-1A_H5T7VDSXY_L1
279	chr5	111647200	112652885	3	0	CN2_2b_CKDN200005067-1A_H5T7VDSXY_L1
280	chr5	112653249	113148100	4	0	CN2_2b_CKDN200005067-1A_H5T7VDSXY_L1
281	chr5	113148564	115347517	3	0	CN2_2b_CKDN200005067-1A_H5T7VDSXY_L1
282	chr5	115347800	115770700	3	0	CN2_2b_CKDN200005067-1A_H5T7VDSXY_L1
283	chr5	115771227	116246353	3	0	CN2_2b_CKDN200005067-1A_H5T7VDSXY_L1
284	chr5	116246783	118749488	2	0	CN2_2b_CKDN200005067-1A_H5T7VDSXY_L1
285	chr5	118750300	120020138	2	0	CN2_2b_CKDN200005067-1A_H5T7VDSXY_L1
286	chr5	120020300	120244900	3	1	CN2_2b_CKDN200005067-1A_H5T7VDSXY_L1
287	chr5	120245919	120554213	3	0	CN2_2b_CKDN200005067-1A_H5T7VDSXY_L1
288	chr5	120554686	121065502	2	1	CN2_2b_CKDN200005067-1A_H5T7VDSXY_L1
289	chr5	121067046	121189300	2	0	CN2_2b_CKDN200005067-1A_H5T7VDSXY_L1
290	chr5	121190100	121579333	2	1	CN2_2b_CKDN200005067-1A_H5T7VDSXY_L1
291	chr5	121579869	123315465	3	0	CN2_2b_CKDN200005067-1A_H5T7VDSXY_L1
292	chr5	123316017	123548600	2	0	CN2_2b_CKDN200005067-1A_H5T7VDSXY_L1
293	chr5	123550707	126141316	2	0	CN2_2b_CKDN200005067-1A_H5T7VDSXY_L1
294	chr5	126141650	126360700	3	0	CN2_2b_CKDN200005067-1A_H5T7VDSXY_L1
295	chr5	126361300	126533200	3	1	CN2_2b_CKDN200005067-1A_H5T7VDSXY_L1
296	chr5	126533600	127374500	3	0	CN2_2b_CKDN200005067-1A_H5T7VDSXY_L1
297	chr5	127375264	127778300	3	1	CN2_2b_CKDN200005067-1A_H5T7VDSXY_L1
298	chr5	127778537	128942700	3	0	CN2_2b_CKDN200005067-1A_H5T7VDSXY_L1
299	chr5	128943450	129681000	2	1	CN2_2b_CKDN200005067-1A_H5T7VDSXY_L1
300	chr5	129681300	130701600	2	0	CN2_2b_CKDN200005067-1A_H5T7VDSXY_L1
301	chr5	130701700	132018122	3	0	CN2_2b_CKDN200005067-1A_H5T7VDSXY_L1
302	chr5	132018981	133167100	3	0	CN2_2b_CKDN200005067-1A_H5T7VDSXY_L1
303	chr5	133167613	134124261	3	1	CN2_2b_CKDN200005067-1A_H5T7VDSXY_L1
304	chr5	134124500	135023100	3	0	CN2_2b_CKDN200005067-1A_H5T7VDSXY_L1
305	chr5	135023500	135631555	3	1	CN2_2b_CKDN200005067-1A_H5T7VDSXY_L1
306	chr5	135631828	135706119	3	0	CN2_2b_CKDN200005067-1A_H5T7VDSXY_L1
307	chr5	135706921	135779200	4	0	CN2_2b_CKDN200005067-1A_H5T7VDSXY_L1
308	chr5	135779516	135784828	1	0	CN2_2b_CKDN200005067-1A_H5T7VDSXY_L1
309	chr5	135785067	135903000	3	1	CN2_2b_CKDN200005067-1A_H5T7VDSXY_L1
310	chr5	135904016	137795100	3	0	CN2_2b_CKDN200005067-1A_H5T7VDSXY_L1
311	chr5	137795600	142589328	3	1	CN2_2b_CKDN200005067-1A_H5T7VDSXY_L1
312	chr5	142589362	144108081	3	0	CN2_2b_CKDN200005067-1A_H5T7VDSXY_L1
313	chr5	144108332	144277603	3	NA	CN2_2b_CKDN200005067-1A_H5T7VDSXY_L1
314	chr5	144279398	146189775	2	0	CN2_2b_CKDN200005067-1A_H5T7VDSXY_L1
315	chr5	146191009	148117900	3	0	CN2_2b_CKDN200005067-1A_H5T7VDSXY_L1
316	chr5	148120500	148594600	2	1	CN2_2b_CKDN200005067-1A_H5T7VDSXY_L1
317	chr5	148595450	148641900	2	NA	CN2_2b_CKDN200005067-1A_H5T7VDSXY_L1
318	chr5	148642607	148795089	3	0	CN2_2b_CKDN200005067-1A_H5T7VDSXY_L1
319	chr5	148795362	149169548	3	1	CN2_2b_CKDN200005067-1A_H5T7VDSXY_L1
320	chr5	149169758	149696500	3	0	CN2_2b_CKDN200005067-1A_H5T7VDSXY_L1
321	chr5	149697372	149851956	5	1	CN2_2b_CKDN200005067-1A_H5T7VDSXY_L1
322	chr5	149852700	152073822	3	0	CN2_2b_CKDN200005067-1A_H5T7VDSXY_L1
323	chr5	152074500	152127862	3	0	CN2_2b_CKDN200005067-1A_H5T7VDSXY_L1
324	chr5	152129238	152290315	3	1	CN2_2b_CKDN200005067-1A_H5T7VDSXY_L1
325	chr5	152292549	157053370	2	0	CN2_2b_CKDN200005067-1A_H5T7VDSXY_L1
326	chr5	157053832	157390400	3	0	CN2_2b_CKDN200005067-1A_H5T7VDSXY_L1
327	chr5	157391209	159529763	3	0	CN2_2b_CKDN200005067-1A_H5T7VDSXY_L1
328	chr5	159530045	159660413	2	1	CN2_2b_CKDN200005067-1A_H5T7VDSXY_L1
329	chr5	159660762	160700800	3	0	CN2_2b_CKDN200005067-1A_H5T7VDSXY_L1
330	chr5	160701169	161140315	2	1	CN2_2b_CKDN200005067-1A_H5T7VDSXY_L1
331	chr5	161140680	163875700	2	0	CN2_2b_CKDN200005067-1A_H5T7VDSXY_L1
332	chr5	163876658	164220200	2	1	CN2_2b_CKDN200005067-1A_H5T7VDSXY_L1
333	chr5	164220762	164422102	2	0	CN2_2b_CKDN200005067-1A_H5T7VDSXY_L1
334	chr5	164422785	164571500	2	1	CN2_2b_CKDN200005067-1A_H5T7VDSXY_L1
335	chr5	164572410	167653600	2	0	CN2_2b_CKDN200005067-1A_H5T7VDSXY_L1
336	chr5	167654100	167920502	2	0	CN2_2b_CKDN200005067-1A_H5T7VDSXY_L1
337	chr5	167920900	169375000	2	0	CN2_2b_CKDN200005067-1A_H5T7VDSXY_L1
338	chr5	169376400	169962500	3	0	CN2_2b_CKDN200005067-1A_H5T7VDSXY_L1
339	chr5	169963080	171720148	2	0	CN2_2b_CKDN200005067-1A_H5T7VDSXY_L1
340	chr5	171720600	172337154	3	1	CN2_2b_CKDN200005067-1A_H5T7VDSXY_L1
341	chr5	172337412	172465449	3	0	CN2_2b_CKDN200005067-1A_H5T7VDSXY_L1
342	chr5	172465682	173609506	3	0	CN2_2b_CKDN200005067-1A_H5T7VDSXY_L1
343	chr5	173610002	176116248	2	0	CN2_2b_CKDN200005067-1A_H5T7VDSXY_L1
344	chr5	176117003	176378135	3	1	CN2_2b_CKDN200005067-1A_H5T7VDSXY_L1
345	chr5	176379584	177935800	3	0	CN2_2b_CKDN200005067-1A_H5T7VDSXY_L1
346	chr5	177935932	179024223	2	0	CN2_2b_CKDN200005067-1A_H5T7VDSXY_L1
347	chr5	179025501	181476200	2	0	CN2_2b_CKDN200005067-1A_H5T7VDSXY_L1
348	chr6	152100	377559	4	2	CN2_2b_CKDN200005067-1A_H5T7VDSXY_L1
349	chr6	377839	29943226	3	0	CN2_2b_CKDN200005067-1A_H5T7VDSXY_L1
350	chr6	29944520	32451071	3	0	CN2_2b_CKDN200005067-1A_H5T7VDSXY_L1
351	chr6	32458475	32772060	5	0	CN2_2b_CKDN200005067-1A_H5T7VDSXY_L1
352	chr6	32773965	38790400	3	0	CN2_2b_CKDN200005067-1A_H5T7VDSXY_L1
353	chr6	38794000	41352435	2	0	CN2_2b_CKDN200005067-1A_H5T7VDSXY_L1
354	chr6	41352700	46094553	3	0	CN2_2b_CKDN200005067-1A_H5T7VDSXY_L1
355	chr6	46097500	52075100	3	0	CN2_2b_CKDN200005067-1A_H5T7VDSXY_L1
356	chr6	52082389	58447400	3	0	CN2_2b_CKDN200005067-1A_H5T7VDSXY_L1
357	chr6	58555100	59653000	1	0	CN2_2b_CKDN200005067-1A_H5T7VDSXY_L1
358	chr6	59655400	170743300	2	0	CN2_2b_CKDN200005067-1A_H5T7VDSXY_L1
359	chr7	37445	3333800	5	2	CN2_2b_CKDN200005067-1A_H5T7VDSXY_L1
360	chr7	3334100	48686597	4	2	CN2_2b_CKDN200005067-1A_H5T7VDSXY_L1
361	chr7	48692100	53962900	3	0	CN2_2b_CKDN200005067-1A_H5T7VDSXY_L1
362	chr7	53964600	56873400	5	2	CN2_2b_CKDN200005067-1A_H5T7VDSXY_L1
363	chr7	56882527	102468200	5	2	CN2_2b_CKDN200005067-1A_H5T7VDSXY_L1
364	chr7	102482100	111466622	6	0	CN2_2b_CKDN200005067-1A_H5T7VDSXY_L1
365	chr7	111542600	113899815	21	NA	CN2_2b_CKDN200005067-1A_H5T7VDSXY_L1
366	chr7	114085400	119190931	37	NA	CN2_2b_CKDN200005067-1A_H5T7VDSXY_L1
367	chr7	119253343	120207509	28	NA	CN2_2b_CKDN200005067-1A_H5T7VDSXY_L1
368	chr7	120260000	142440268	3	0	CN2_2b_CKDN200005067-1A_H5T7VDSXY_L1
369	chr7	142451401	144350600	4	NA	CN2_2b_CKDN200005067-1A_H5T7VDSXY_L1
370	chr7	144350900	159332972	3	0	CN2_2b_CKDN200005067-1A_H5T7VDSXY_L1
371	chr8	196300	7348324	2	1	CN2_2b_CKDN200005067-1A_H5T7VDSXY_L1
372	chr8	7349300	7395222	3	NA	CN2_2b_CKDN200005067-1A_H5T7VDSXY_L1
373	chr8	7395726	12486015	2	0	CN2_2b_CKDN200005067-1A_H5T7VDSXY_L1
374	chr8	12486405	12598400	3	0	CN2_2b_CKDN200005067-1A_H5T7VDSXY_L1
375	chr8	12599500	39365100	2	0	CN2_2b_CKDN200005067-1A_H5T7VDSXY_L1
376	chr8	39365637	39529600	1	0	CN2_2b_CKDN200005067-1A_H5T7VDSXY_L1
377	chr8	39536300	43359708	2	0	CN2_2b_CKDN200005067-1A_H5T7VDSXY_L1
378	chr8	43361492	73201600	2	0	CN2_2b_CKDN200005067-1A_H5T7VDSXY_L1
379	chr8	73203700	87388693	2	0	CN2_2b_CKDN200005067-1A_H5T7VDSXY_L1
380	chr8	87391500	89497400	2	1	CN2_2b_CKDN200005067-1A_H5T7VDSXY_L1
381	chr8	89499000	90590588	2	0	CN2_2b_CKDN200005067-1A_H5T7VDSXY_L1
382	chr8	90591259	92234100	2	1	CN2_2b_CKDN200005067-1A_H5T7VDSXY_L1
383	chr8	92237379	107809979	2	0	CN2_2b_CKDN200005067-1A_H5T7VDSXY_L1
384	chr8	107814100	111916892	2	1	CN2_2b_CKDN200005067-1A_H5T7VDSXY_L1
385	chr8	111917764	117582997	2	0	CN2_2b_CKDN200005067-1A_H5T7VDSXY_L1
386	chr8	117583300	117658000	4	NA	CN2_2b_CKDN200005067-1A_H5T7VDSXY_L1
387	chr8	117658600	118828800	6	0	CN2_2b_CKDN200005067-1A_H5T7VDSXY_L1
388	chr8	118829100	130168700	6	0	CN2_2b_CKDN200005067-1A_H5T7VDSXY_L1
389	chr8	130172300	130191400	2	NA	CN2_2b_CKDN200005067-1A_H5T7VDSXY_L1
390	chr8	130192900	130449500	2	NA	CN2_2b_CKDN200005067-1A_H5T7VDSXY_L1
391	chr8	130451900	133412700	3	1	CN2_2b_CKDN200005067-1A_H5T7VDSXY_L1
392	chr8	133416775	137750200	2	0	CN2_2b_CKDN200005067-1A_H5T7VDSXY_L1
393	chr8	137751700	137815800	1	0	CN2_2b_CKDN200005067-1A_H5T7VDSXY_L1
394	chr8	137822400	144275700	3	0	CN2_2b_CKDN200005067-1A_H5T7VDSXY_L1
395	chr8	144277100	145075300	2	0	CN2_2b_CKDN200005067-1A_H5T7VDSXY_L1
396	chr9	10775	3600700	4	2	CN2_2b_CKDN200005067-1A_H5T7VDSXY_L1
397	chr9	3604800	6535700	4	2	CN2_2b_CKDN200005067-1A_H5T7VDSXY_L1
398	chr9	6536000	6739900	3	NA	CN2_2b_CKDN200005067-1A_H5T7VDSXY_L1
399	chr9	6740700	12302100	4	2	CN2_2b_CKDN200005067-1A_H5T7VDSXY_L1
400	chr9	12303100	18118900	4	2	CN2_2b_CKDN200005067-1A_H5T7VDSXY_L1
401	chr9	18119663	19557600	5	2	CN2_2b_CKDN200005067-1A_H5T7VDSXY_L1
402	chr9	19557977	20895700	5	2	CN2_2b_CKDN200005067-1A_H5T7VDSXY_L1
403	chr9	20895801	22360300	4	0	CN2_2b_CKDN200005067-1A_H5T7VDSXY_L1
404	chr9	22360700	22961800	5	2	CN2_2b_CKDN200005067-1A_H5T7VDSXY_L1
405	chr9	22962365	31597700	4	2	CN2_2b_CKDN200005067-1A_H5T7VDSXY_L1
406	chr9	31598663	38208200	5	2	CN2_2b_CKDN200005067-1A_H5T7VDSXY_L1
407	chr9	38212000	39952400	5	0	CN2_2b_CKDN200005067-1A_H5T7VDSXY_L1
408	chr9	40011565	40180146	1	0	CN2_2b_CKDN200005067-1A_H5T7VDSXY_L1
409	chr9	40183900	40973300	4	2	CN2_2b_CKDN200005067-1A_H5T7VDSXY_L1
410	chr9	40973700	41563300	4	NA	CN2_2b_CKDN200005067-1A_H5T7VDSXY_L1
411	chr9	41563800	41571936	1	0	CN2_2b_CKDN200005067-1A_H5T7VDSXY_L1
412	chr9	41575000	42384900	5	NA	CN2_2b_CKDN200005067-1A_H5T7VDSXY_L1
413	chr9	42386500	62523480	5	0	CN2_2b_CKDN200005067-1A_H5T7VDSXY_L1
414	chr9	62526727	63907687	5	2	CN2_2b_CKDN200005067-1A_H5T7VDSXY_L1
415	chr9	63908100	65742800	4	NA	CN2_2b_CKDN200005067-1A_H5T7VDSXY_L1
416	chr9	65809800	66079800	3	NA	CN2_2b_CKDN200005067-1A_H5T7VDSXY_L1
417	chr9	66080100	67414800	3	1	CN2_2b_CKDN200005067-1A_H5T7VDSXY_L1
418	chr9	67415900	72552200	4	2	CN2_2b_CKDN200005067-1A_H5T7VDSXY_L1
419	chr9	72552800	73384946	4	2	CN2_2b_CKDN200005067-1A_H5T7VDSXY_L1
420	chr9	73390800	90830600	4	2	CN2_2b_CKDN200005067-1A_H5T7VDSXY_L1
421	chr9	90831000	91501600	4	0	CN2_2b_CKDN200005067-1A_H5T7VDSXY_L1
422	chr9	91502100	109024315	5	2	CN2_2b_CKDN200005067-1A_H5T7VDSXY_L1
423	chr9	109025200	113059500	5	2	CN2_2b_CKDN200005067-1A_H5T7VDSXY_L1
424	chr9	113060000	113063500	1	0	CN2_2b_CKDN200005067-1A_H5T7VDSXY_L1
425	chr9	113068800	116795500	5	2	CN2_2b_CKDN200005067-1A_H5T7VDSXY_L1
426	chr9	116800300	120192965	4	2	CN2_2b_CKDN200005067-1A_H5T7VDSXY_L1
427	chr9	120196546	124234500	5	2	CN2_2b_CKDN200005067-1A_H5T7VDSXY_L1
428	chr9	124234771	126513900	4	0	CN2_2b_CKDN200005067-1A_H5T7VDSXY_L1
429	chr9	126515168	126866900	4	2	CN2_2b_CKDN200005067-1A_H5T7VDSXY_L1
430	chr9	126868400	130924000	4	0	CN2_2b_CKDN200005067-1A_H5T7VDSXY_L1
431	chr9	130927013	138232259	5	2	CN2_2b_CKDN200005067-1A_H5T7VDSXY_L1
432	chr10	11600	4096687	1	0	CN2_2b_CKDN200005067-1A_H5T7VDSXY_L1
433	chr10	4097700	7855700	2	0	CN2_2b_CKDN200005067-1A_H5T7VDSXY_L1
434	chr10	7857504	11286168	2	0	CN2_2b_CKDN200005067-1A_H5T7VDSXY_L1
435	chr10	11286600	28377362	2	0	CN2_2b_CKDN200005067-1A_H5T7VDSXY_L1
436	chr10	28377805	29027098	1	0	CN2_2b_CKDN200005067-1A_H5T7VDSXY_L1
437	chr10	29027400	29076333	1	0	CN2_2b_CKDN200005067-1A_H5T7VDSXY_L1
438	chr10	29076649	29076724	0	0	CN2_2b_CKDN200005067-1A_H5T7VDSXY_L1
439	chr10	29077214	30047800	1	0	CN2_2b_CKDN200005067-1A_H5T7VDSXY_L1
440	chr10	30048200	30358159	1	0	CN2_2b_CKDN200005067-1A_H5T7VDSXY_L1
441	chr10	30360100	35823597	2	0	CN2_2b_CKDN200005067-1A_H5T7VDSXY_L1
442	chr10	35825071	38781982	2	0	CN2_2b_CKDN200005067-1A_H5T7VDSXY_L1
443	chr10	38785300	39569800	2	NA	CN2_2b_CKDN200005067-1A_H5T7VDSXY_L1
444	chr10	39575600	41843232	1	0	CN2_2b_CKDN200005067-1A_H5T7VDSXY_L1
445	chr10	41844310	41856770	3	NA	CN2_2b_CKDN200005067-1A_H5T7VDSXY_L1
446	chr10	41857051	41912800	5	2	CN2_2b_CKDN200005067-1A_H5T7VDSXY_L1
447	chr10	41913200	42085300	1	0	CN2_2b_CKDN200005067-1A_H5T7VDSXY_L1
448	chr10	42085900	42466591	3	1	CN2_2b_CKDN200005067-1A_H5T7VDSXY_L1
449	chr10	42467277	45417300	2	0	CN2_2b_CKDN200005067-1A_H5T7VDSXY_L1
450	chr10	45417900	45603400	3	0	CN2_2b_CKDN200005067-1A_H5T7VDSXY_L1
451	chr10	45604300	46378100	2	0	CN2_2b_CKDN200005067-1A_H5T7VDSXY_L1
452	chr10	46388800	46727700	5	2	CN2_2b_CKDN200005067-1A_H5T7VDSXY_L1
453	chr10	46727900	47968100	3	NA	CN2_2b_CKDN200005067-1A_H5T7VDSXY_L1
454	chr10	47970000	58128600	3	0	CN2_2b_CKDN200005067-1A_H5T7VDSXY_L1
455	chr10	58130000	63654330	3	0	CN2_2b_CKDN200005067-1A_H5T7VDSXY_L1
456	chr10	63656500	63961061	3	1	CN2_2b_CKDN200005067-1A_H5T7VDSXY_L1
457	chr10	63961797	75941700	3	0	CN2_2b_CKDN200005067-1A_H5T7VDSXY_L1
458	chr10	75942863	77319562	4	0	CN2_2b_CKDN200005067-1A_H5T7VDSXY_L1
459	chr10	77320611	77341142	6	NA	CN2_2b_CKDN200005067-1A_H5T7VDSXY_L1
460	chr10	77341600	80336575	8	1	CN2_2b_CKDN200005067-1A_H5T7VDSXY_L1
461	chr10	80337828	82808944	7	1	CN2_2b_CKDN200005067-1A_H5T7VDSXY_L1
462	chr10	82876300	133783700	3	0	CN2_2b_CKDN200005067-1A_H5T7VDSXY_L1
463	chr11	133500	8376043	5	0	CN2_2b_CKDN200005067-1A_H5T7VDSXY_L1
464	chr11	8377000	13398586	4	2	CN2_2b_CKDN200005067-1A_H5T7VDSXY_L1
465	chr11	13418000	37045178	5	0	CN2_2b_CKDN200005067-1A_H5T7VDSXY_L1
466	chr11	37046000	45383765	3	0	CN2_2b_CKDN200005067-1A_H5T7VDSXY_L1
467	chr11	45383900	48536895	4	2	CN2_2b_CKDN200005067-1A_H5T7VDSXY_L1
468	chr11	48546385	54375600	3	0	CN2_2b_CKDN200005067-1A_H5T7VDSXY_L1
469	chr11	54382500	56698623	3	NA	CN2_2b_CKDN200005067-1A_H5T7VDSXY_L1
470	chr11	56698900	78195447	5	2	CN2_2b_CKDN200005067-1A_H5T7VDSXY_L1
471	chr11	78199700	135065500	4	2	CN2_2b_CKDN200005067-1A_H5T7VDSXY_L1
472	chr12	11800	11048500	3	0	CN2_2b_CKDN200005067-1A_H5T7VDSXY_L1
473	chr12	11050592	11432060	2	0	CN2_2b_CKDN200005067-1A_H5T7VDSXY_L1
474	chr12	11432200	26473600	3	0	CN2_2b_CKDN200005067-1A_H5T7VDSXY_L1
475	chr12	26475760	26573937	1	0	CN2_2b_CKDN200005067-1A_H5T7VDSXY_L1
476	chr12	26575800	26613961	2	NA	CN2_2b_CKDN200005067-1A_H5T7VDSXY_L1
477	chr12	26614467	27986072	3	1	CN2_2b_CKDN200005067-1A_H5T7VDSXY_L1
478	chr12	27989100	34718600	3	0	CN2_2b_CKDN200005067-1A_H5T7VDSXY_L1
479	chr12	34778500	37179900	1	0	CN2_2b_CKDN200005067-1A_H5T7VDSXY_L1
480	chr12	37254100	44646372	2	0	CN2_2b_CKDN200005067-1A_H5T7VDSXY_L1
481	chr12	44655400	80590200	3	0	CN2_2b_CKDN200005067-1A_H5T7VDSXY_L1
482	chr12	80592178	87856222	2	0	CN2_2b_CKDN200005067-1A_H5T7VDSXY_L1
483	chr12	87857300	96863600	3	0	CN2_2b_CKDN200005067-1A_H5T7VDSXY_L1
484	chr12	96864400	103804300	3	1	CN2_2b_CKDN200005067-1A_H5T7VDSXY_L1
485	chr12	103812087	114077400	3	0	CN2_2b_CKDN200005067-1A_H5T7VDSXY_L1
486	chr12	114077800	119618100	3	0	CN2_2b_CKDN200005067-1A_H5T7VDSXY_L1
487	chr12	119618500	125533100	3	0	CN2_2b_CKDN200005067-1A_H5T7VDSXY_L1
488	chr12	125534638	133260278	2	0	CN2_2b_CKDN200005067-1A_H5T7VDSXY_L1
489	chr13	16003500	16106500	4	NA	CN2_2b_CKDN200005067-1A_H5T7VDSXY_L1
490	chr13	16111500	16163700	1	0	CN2_2b_CKDN200005067-1A_H5T7VDSXY_L1
491	chr13	16164200	17415600	3	NA	CN2_2b_CKDN200005067-1A_H5T7VDSXY_L1
492	chr13	17423300	18354300	2	NA	CN2_2b_CKDN200005067-1A_H5T7VDSXY_L1
493	chr13	18409000	18602874	0	0	CN2_2b_CKDN200005067-1A_H5T7VDSXY_L1
494	chr13	18615800	78668831	2	0	CN2_2b_CKDN200005067-1A_H5T7VDSXY_L1
495	chr13	78689248	114344024	3	0	CN2_2b_CKDN200005067-1A_H5T7VDSXY_L1
496	chr14	16031400	19485500	3	NA	CN2_2b_CKDN200005067-1A_H5T7VDSXY_L1
497	chr14	19813700	72734400	2	0	CN2_2b_CKDN200005067-1A_H5T7VDSXY_L1
498	chr14	72734600	72864938	2	0	CN2_2b_CKDN200005067-1A_H5T7VDSXY_L1
499	chr14	72865087	74254571	2	0	CN2_2b_CKDN200005067-1A_H5T7VDSXY_L1
500	chr14	74255282	74538788	2	0	CN2_2b_CKDN200005067-1A_H5T7VDSXY_L1
501	chr14	74539200	74635750	2	0	CN2_2b_CKDN200005067-1A_H5T7VDSXY_L1
502	chr14	74636200	74780400	2	0	CN2_2b_CKDN200005067-1A_H5T7VDSXY_L1
503	chr14	74780660	78447391	2	0	CN2_2b_CKDN200005067-1A_H5T7VDSXY_L1
504	chr14	78448700	90121459	2	0	CN2_2b_CKDN200005067-1A_H5T7VDSXY_L1
505	chr14	90122032	99405475	2	0	CN2_2b_CKDN200005067-1A_H5T7VDSXY_L1
506	chr14	99428800	105598200	4	0	CN2_2b_CKDN200005067-1A_H5T7VDSXY_L1
507	chr14	105599853	105765300	7	NA	CN2_2b_CKDN200005067-1A_H5T7VDSXY_L1
508	chr14	105769300	106880740	3	0	CN2_2b_CKDN200005067-1A_H5T7VDSXY_L1
509	chr15	17000700	17082600	6	NA	CN2_2b_CKDN200005067-1A_H5T7VDSXY_L1
510	chr15	17107700	18994300	1	0	CN2_2b_CKDN200005067-1A_H5T7VDSXY_L1
511	chr15	19043500	19641700	4	NA	CN2_2b_CKDN200005067-1A_H5T7VDSXY_L1
512	chr15	19646200	19901200	1	0	CN2_2b_CKDN200005067-1A_H5T7VDSXY_L1
513	chr15	19901700	19940608	4	NA	CN2_2b_CKDN200005067-1A_H5T7VDSXY_L1
514	chr15	19942330	20265585	1	0	CN2_2b_CKDN200005067-1A_H5T7VDSXY_L1
515	chr15	20265960	22369627	2	0	CN2_2b_CKDN200005067-1A_H5T7VDSXY_L1
516	chr15	22370400	50979300	2	0	CN2_2b_CKDN200005067-1A_H5T7VDSXY_L1
517	chr15	50982700	101968000	3	0	CN2_2b_CKDN200005067-1A_H5T7VDSXY_L1
518	chr15	101968700	101980551	1	0	CN2_2b_CKDN200005067-1A_H5T7VDSXY_L1
519	chr16	11000	3764000	3	0	CN2_2b_CKDN200005067-1A_H5T7VDSXY_L1
520	chr16	3774731	4972600	4	NA	CN2_2b_CKDN200005067-1A_H5T7VDSXY_L1
521	chr16	4981914	7971036	2	0	CN2_2b_CKDN200005067-1A_H5T7VDSXY_L1
522	chr16	7990126	14662700	3	0	CN2_2b_CKDN200005067-1A_H5T7VDSXY_L1
523	chr16	14667600	15029883	6	2	CN2_2b_CKDN200005067-1A_H5T7VDSXY_L1
524	chr16	15047800	21370947	3	0	CN2_2b_CKDN200005067-1A_H5T7VDSXY_L1
525	chr16	21380500	21581900	6	3	CN2_2b_CKDN200005067-1A_H5T7VDSXY_L1
526	chr16	21582200	22438600	3	NA	CN2_2b_CKDN200005067-1A_H5T7VDSXY_L1
527	chr16	22444898	22699100	6	3	CN2_2b_CKDN200005067-1A_H5T7VDSXY_L1
528	chr16	22722915	34596100	3	1	CN2_2b_CKDN200005067-1A_H5T7VDSXY_L1
529	chr16	34602300	46392348	1	0	CN2_2b_CKDN200005067-1A_H5T7VDSXY_L1
530	chr16	46392480	55364800	3	0	CN2_2b_CKDN200005067-1A_H5T7VDSXY_L1
531	chr16	55367421	58992366	3	0	CN2_2b_CKDN200005067-1A_H5T7VDSXY_L1
532	chr16	58994321	60142100	3	0	CN2_2b_CKDN200005067-1A_H5T7VDSXY_L1
533	chr16	60149800	65959100	3	0	CN2_2b_CKDN200005067-1A_H5T7VDSXY_L1
534	chr16	65963076	76340952	3	0	CN2_2b_CKDN200005067-1A_H5T7VDSXY_L1
535	chr16	76341636	80756534	3	0	CN2_2b_CKDN200005067-1A_H5T7VDSXY_L1
536	chr16	80762489	90226937	3	0	CN2_2b_CKDN200005067-1A_H5T7VDSXY_L1
537	chr17	72900	8811000	3	0	CN2_2b_CKDN200005067-1A_H5T7VDSXY_L1
538	chr17	8816300	15418300	2	0	CN2_2b_CKDN200005067-1A_H5T7VDSXY_L1
539	chr17	15420070	19443605	3	0	CN2_2b_CKDN200005067-1A_H5T7VDSXY_L1
540	chr17	19444480	20979646	2	0	CN2_2b_CKDN200005067-1A_H5T7VDSXY_L1
541	chr17	20979900	21291459	3	0	CN2_2b_CKDN200005067-1A_H5T7VDSXY_L1
542	chr17	21291924	22190726	3	1	CN2_2b_CKDN200005067-1A_H5T7VDSXY_L1
543	chr17	22194600	22742955	2	NA	CN2_2b_CKDN200005067-1A_H5T7VDSXY_L1
544	chr17	22743635	26414700	1	0	CN2_2b_CKDN200005067-1A_H5T7VDSXY_L1
545	chr17	26549100	26709900	2	NA	CN2_2b_CKDN200005067-1A_H5T7VDSXY_L1
546	chr17	26715200	27343600	5	1	CN2_2b_CKDN200005067-1A_H5T7VDSXY_L1
547	chr17	27344222	27463200	3	0	CN2_2b_CKDN200005067-1A_H5T7VDSXY_L1
548	chr17	27463695	28468295	3	1	CN2_2b_CKDN200005067-1A_H5T7VDSXY_L1
549	chr17	28471000	32654203	3	0	CN2_2b_CKDN200005067-1A_H5T7VDSXY_L1
550	chr17	32654500	34732088	2	0	CN2_2b_CKDN200005067-1A_H5T7VDSXY_L1
551	chr17	34734003	36163887	3	0	CN2_2b_CKDN200005067-1A_H5T7VDSXY_L1
552	chr17	36164318	36441700	1	0	CN2_2b_CKDN200005067-1A_H5T7VDSXY_L1
553	chr17	36443800	37886400	3	0	CN2_2b_CKDN200005067-1A_H5T7VDSXY_L1
554	chr17	37886837	38187100	1	0	CN2_2b_CKDN200005067-1A_H5T7VDSXY_L1
555	chr17	38202118	38881000	3	0	CN2_2b_CKDN200005067-1A_H5T7VDSXY_L1
556	chr17	38881500	40723005	3	1	CN2_2b_CKDN200005067-1A_H5T7VDSXY_L1
557	chr17	40723500	42684400	3	0	CN2_2b_CKDN200005067-1A_H5T7VDSXY_L1
558	chr17	42684800	45570504	2	0	CN2_2b_CKDN200005067-1A_H5T7VDSXY_L1
559	chr17	45571600	45586800	6	NA	CN2_2b_CKDN200005067-1A_H5T7VDSXY_L1
560	chr17	45588312	46082189	2	0	CN2_2b_CKDN200005067-1A_H5T7VDSXY_L1
561	chr17	46082757	46290000	4	NA	CN2_2b_CKDN200005067-1A_H5T7VDSXY_L1
562	chr17	46305454	47054153	1	0	CN2_2b_CKDN200005067-1A_H5T7VDSXY_L1
563	chr17	47056549	51652400	2	0	CN2_2b_CKDN200005067-1A_H5T7VDSXY_L1
564	chr17	51652738	56964400	2	0	CN2_2b_CKDN200005067-1A_H5T7VDSXY_L1
565	chr17	56965334	68664784	3	0	CN2_2b_CKDN200005067-1A_H5T7VDSXY_L1
566	chr17	68672800	71107100	2	0	CN2_2b_CKDN200005067-1A_H5T7VDSXY_L1
567	chr17	71110048	71821700	3	0	CN2_2b_CKDN200005067-1A_H5T7VDSXY_L1
568	chr17	71823100	73560102	5	2	CN2_2b_CKDN200005067-1A_H5T7VDSXY_L1
569	chr17	73560465	74400573	2	0	CN2_2b_CKDN200005067-1A_H5T7VDSXY_L1
570	chr17	74402069	78383843	5	2	CN2_2b_CKDN200005067-1A_H5T7VDSXY_L1
571	chr17	78385000	78980952	3	0	CN2_2b_CKDN200005067-1A_H5T7VDSXY_L1
572	chr17	78981207	79076550	4	NA	CN2_2b_CKDN200005067-1A_H5T7VDSXY_L1
573	chr17	79077400	81909000	3	0	CN2_2b_CKDN200005067-1A_H5T7VDSXY_L1
574	chr17	81909600	82697012	4	0	CN2_2b_CKDN200005067-1A_H5T7VDSXY_L1
575	chr17	82697800	83244700	5	0	CN2_2b_CKDN200005067-1A_H5T7VDSXY_L1
576	chr18	15000	18788200	2	0	CN2_2b_CKDN200005067-1A_H5T7VDSXY_L1
577	chr18	18793100	20089600	1	0	CN2_2b_CKDN200005067-1A_H5T7VDSXY_L1
578	chr18	20150600	20938471	7	NA	CN2_2b_CKDN200005067-1A_H5T7VDSXY_L1
579	chr18	20939183	24709844	3	0	CN2_2b_CKDN200005067-1A_H5T7VDSXY_L1
580	chr18	24718300	80259147	2	0	CN2_2b_CKDN200005067-1A_H5T7VDSXY_L1
581	chr19	75000	261200	5	NA	CN2_2b_CKDN200005067-1A_H5T7VDSXY_L1
582	chr19	267731	24318300	2	0	CN2_2b_CKDN200005067-1A_H5T7VDSXY_L1
583	chr19	24330498	24369012	3	1	CN2_2b_CKDN200005067-1A_H5T7VDSXY_L1
584	chr19	24369123	24431600	2	1	CN2_2b_CKDN200005067-1A_H5T7VDSXY_L1
585	chr19	24432000	24446434	1	0	CN2_2b_CKDN200005067-1A_H5T7VDSXY_L1
586	chr19	24894300	27326700	2	NA	CN2_2b_CKDN200005067-1A_H5T7VDSXY_L1
587	chr19	27330586	27399300	5	1	CN2_2b_CKDN200005067-1A_H5T7VDSXY_L1
588	chr19	27401404	37269700	2	0	CN2_2b_CKDN200005067-1A_H5T7VDSXY_L1
589	chr19	37271082	37294800	10	NA	CN2_2b_CKDN200005067-1A_H5T7VDSXY_L1
590	chr19	37306600	50133882	2	0	CN2_2b_CKDN200005067-1A_H5T7VDSXY_L1
591	chr19	50134300	50137200	5	NA	CN2_2b_CKDN200005067-1A_H5T7VDSXY_L1
592	chr19	50146900	50782970	2	NA	CN2_2b_CKDN200005067-1A_H5T7VDSXY_L1
593	chr19	50786043	52236760	3	0	CN2_2b_CKDN200005067-1A_H5T7VDSXY_L1
594	chr19	52257550	53748500	5	2	CN2_2b_CKDN200005067-1A_H5T7VDSXY_L1
595	chr19	53755600	54762664	3	1	CN2_2b_CKDN200005067-1A_H5T7VDSXY_L1
596	chr19	54766215	54784238	1	0	CN2_2b_CKDN200005067-1A_H5T7VDSXY_L1
597	chr19	54784900	58317920	3	0	CN2_2b_CKDN200005067-1A_H5T7VDSXY_L1
598	chr19	58323500	58604619	1	0	CN2_2b_CKDN200005067-1A_H5T7VDSXY_L1
599	chr20	61400	3367500	3	0	CN2_2b_CKDN200005067-1A_H5T7VDSXY_L1
600	chr20	3372280	4948900	3	0	CN2_2b_CKDN200005067-1A_H5T7VDSXY_L1
601	chr20	4950700	25165707	3	0	CN2_2b_CKDN200005067-1A_H5T7VDSXY_L1
602	chr20	25166600	28942900	3	1	CN2_2b_CKDN200005067-1A_H5T7VDSXY_L1
603	chr20	28943600	29348300	4	NA	CN2_2b_CKDN200005067-1A_H5T7VDSXY_L1
604	chr20	29349000	30474100	5	1	CN2_2b_CKDN200005067-1A_H5T7VDSXY_L1
605	chr20	30474400	33922300	3	0	CN2_2b_CKDN200005067-1A_H5T7VDSXY_L1
606	chr20	33922947	37264269	3	1	CN2_2b_CKDN200005067-1A_H5T7VDSXY_L1
607	chr20	37264873	38643300	3	0	CN2_2b_CKDN200005067-1A_H5T7VDSXY_L1
608	chr20	38647592	39445400	4	0	CN2_2b_CKDN200005067-1A_H5T7VDSXY_L1
609	chr20	39446558	40529700	3	0	CN2_2b_CKDN200005067-1A_H5T7VDSXY_L1
610	chr20	40530479	40645526	3	1	CN2_2b_CKDN200005067-1A_H5T7VDSXY_L1
611	chr20	40646300	41872700	3	0	CN2_2b_CKDN200005067-1A_H5T7VDSXY_L1
612	chr20	41873100	44154400	3	0	CN2_2b_CKDN200005067-1A_H5T7VDSXY_L1
613	chr20	44154619	44938801	3	0	CN2_2b_CKDN200005067-1A_H5T7VDSXY_L1
614	chr20	44939051	45468298	3	1	CN2_2b_CKDN200005067-1A_H5T7VDSXY_L1
615	chr20	45469600	48423100	3	0	CN2_2b_CKDN200005067-1A_H5T7VDSXY_L1
616	chr20	48424355	49324218	3	1	CN2_2b_CKDN200005067-1A_H5T7VDSXY_L1
617	chr20	49325443	51574900	3	0	CN2_2b_CKDN200005067-1A_H5T7VDSXY_L1
618	chr20	51575594	53677639	3	0	CN2_2b_CKDN200005067-1A_H5T7VDSXY_L1
619	chr20	53678452	54181348	3	0	CN2_2b_CKDN200005067-1A_H5T7VDSXY_L1
620	chr20	54183004	58017700	2	0	CN2_2b_CKDN200005067-1A_H5T7VDSXY_L1
621	chr20	58018414	59295204	3	0	CN2_2b_CKDN200005067-1A_H5T7VDSXY_L1
622	chr20	59295500	61845320	3	0	CN2_2b_CKDN200005067-1A_H5T7VDSXY_L1
623	chr20	61845716	64333300	3	0	CN2_2b_CKDN200005067-1A_H5T7VDSXY_L1
624	chr21	5085900	6375600	2	NA	CN2_2b_CKDN200005067-1A_H5T7VDSXY_L1
625	chr21	6376000	8990706	3	NA	CN2_2b_CKDN200005067-1A_H5T7VDSXY_L1
626	chr21	8990926	9036686	4	2	CN2_2b_CKDN200005067-1A_H5T7VDSXY_L1
627	chr21	9037200	9980900	3	1	CN2_2b_CKDN200005067-1A_H5T7VDSXY_L1
628	chr21	9981250	10417547	5	1	CN2_2b_CKDN200005067-1A_H5T7VDSXY_L1
629	chr21	10417900	10565500	3	1	CN2_2b_CKDN200005067-1A_H5T7VDSXY_L1
630	chr21	10565849	10802100	2	0	CN2_2b_CKDN200005067-1A_H5T7VDSXY_L1
631	chr21	10802300	13090477	5	0	CN2_2b_CKDN200005067-1A_H5T7VDSXY_L1
632	chr21	13120800	18036100	3	0	CN2_2b_CKDN200005067-1A_H5T7VDSXY_L1
633	chr21	18036738	25328300	2	0	CN2_2b_CKDN200005067-1A_H5T7VDSXY_L1
634	chr21	25330900	29946800	3	0	CN2_2b_CKDN200005067-1A_H5T7VDSXY_L1
635	chr21	29947100	31635361	2	0	CN2_2b_CKDN200005067-1A_H5T7VDSXY_L1
636	chr21	31636100	35072753	3	0	CN2_2b_CKDN200005067-1A_H5T7VDSXY_L1
637	chr21	35073000	36088382	3	1	CN2_2b_CKDN200005067-1A_H5T7VDSXY_L1
638	chr21	36088564	39223019	3	0	CN2_2b_CKDN200005067-1A_H5T7VDSXY_L1
639	chr21	39223300	43376235	2	0	CN2_2b_CKDN200005067-1A_H5T7VDSXY_L1
640	chr21	43376306	46697400	3	1	CN2_2b_CKDN200005067-1A_H5T7VDSXY_L1
641	chr22	10557900	11131400	2	NA	CN2_2b_CKDN200005067-1A_H5T7VDSXY_L1
642	chr22	11150500	11629000	2	NA	CN2_2b_CKDN200005067-1A_H5T7VDSXY_L1
643	chr22	11629400	11723000	1	0	CN2_2b_CKDN200005067-1A_H5T7VDSXY_L1
644	chr22	11790600	12033000	2	NA	CN2_2b_CKDN200005067-1A_H5T7VDSXY_L1
645	chr22	12034300	12077100	1	0	CN2_2b_CKDN200005067-1A_H5T7VDSXY_L1
646	chr22	12149300	12178700	2	NA	CN2_2b_CKDN200005067-1A_H5T7VDSXY_L1
647	chr22	12180000	12374300	4	NA	CN2_2b_CKDN200005067-1A_H5T7VDSXY_L1
648	chr22	12375500	12640800	2	NA	CN2_2b_CKDN200005067-1A_H5T7VDSXY_L1
649	chr22	12692400	15576900	3	NA	CN2_2b_CKDN200005067-1A_H5T7VDSXY_L1
650	chr22	15577900	15908000	6	NA	CN2_2b_CKDN200005067-1A_H5T7VDSXY_L1
651	chr22	15920900	16527249	3	1	CN2_2b_CKDN200005067-1A_H5T7VDSXY_L1
652	chr22	16527500	32568983	3	0	CN2_2b_CKDN200005067-1A_H5T7VDSXY_L1
653	chr22	32570638	34866969	2	0	CN2_2b_CKDN200005067-1A_H5T7VDSXY_L1
654	chr22	34871100	47247500	3	0	CN2_2b_CKDN200005067-1A_H5T7VDSXY_L1
655	chr22	47251551	49330216	2	0	CN2_2b_CKDN200005067-1A_H5T7VDSXY_L1
656	chr22	49332264	50801200	3	0	CN2_2b_CKDN200005067-1A_H5T7VDSXY_L1
657	chr23	98600	156029565	2	0	CN2_2b_CKDN200005067-1A_H5T7VDSXY_L1
658	chr1	13300	2458914	6	3	CN9R1_1_CKDN190048205-1A_HV3TFDSXX_L1
659	chr1	2459928	2647600	4	NA	CN9R1_1_CKDN190048205-1A_HV3TFDSXX_L1
660	chr1	2648000	2688292	2	NA	CN9R1_1_CKDN190048205-1A_HV3TFDSXX_L1
661	chr1	2695663	2758500	1	0	CN9R1_1_CKDN190048205-1A_HV3TFDSXX_L1
662	chr1	2768000	5763800	4	0	CN9R1_1_CKDN190048205-1A_HV3TFDSXX_L1
663	chr1	5764100	6167852	4	2	CN9R1_1_CKDN190048205-1A_HV3TFDSXX_L1
664	chr1	6168500	11605518	4	0	CN9R1_1_CKDN190048205-1A_HV3TFDSXX_L1
665	chr1	11606500	12144100	4	1	CN9R1_1_CKDN190048205-1A_HV3TFDSXX_L1
666	chr1	12144500	13260200	5	2	CN9R1_1_CKDN190048205-1A_HV3TFDSXX_L1
667	chr1	13269452	15177907	5	2	CN9R1_1_CKDN190048205-1A_HV3TFDSXX_L1
668	chr1	15178700	15213958	6	NA	CN9R1_1_CKDN190048205-1A_HV3TFDSXX_L1
669	chr1	15214902	16575922	4	1	CN9R1_1_CKDN190048205-1A_HV3TFDSXX_L1
670	chr1	16576166	16625882	6	1	CN9R1_1_CKDN190048205-1A_HV3TFDSXX_L1
671	chr1	16626319	16863923	4	2	CN9R1_1_CKDN190048205-1A_HV3TFDSXX_L1
672	chr1	16864023	16948870	8	NA	CN9R1_1_CKDN190048205-1A_HV3TFDSXX_L1
673	chr1	16949600	17099900	4	1	CN9R1_1_CKDN190048205-1A_HV3TFDSXX_L1
674	chr1	17100431	32737098	5	2	CN9R1_1_CKDN190048205-1A_HV3TFDSXX_L1
675	chr1	32738116	33074600	4	2	CN9R1_1_CKDN190048205-1A_HV3TFDSXX_L1
676	chr1	33074941	41419500	4	0	CN9R1_1_CKDN190048205-1A_HV3TFDSXX_L1
677	chr1	41419982	42945925	4	1	CN9R1_1_CKDN190048205-1A_HV3TFDSXX_L1
678	chr1	42946200	47169300	5	2	CN9R1_1_CKDN190048205-1A_HV3TFDSXX_L1
679	chr1	47169924	50105700	5	2	CN9R1_1_CKDN190048205-1A_HV3TFDSXX_L1
680	chr1	50106300	53503575	5	2	CN9R1_1_CKDN190048205-1A_HV3TFDSXX_L1
681	chr1	53505660	55775300	4	0	CN9R1_1_CKDN190048205-1A_HV3TFDSXX_L1
682	chr1	55778010	55842684	1	0	CN9R1_1_CKDN190048205-1A_HV3TFDSXX_L1
683	chr1	55844400	57560931	4	0	CN9R1_1_CKDN190048205-1A_HV3TFDSXX_L1
684	chr1	57563034	60210996	6	3	CN9R1_1_CKDN190048205-1A_HV3TFDSXX_L1
685	chr1	60211200	63700063	4	0	CN9R1_1_CKDN190048205-1A_HV3TFDSXX_L1
686	chr1	63700300	67053650	6	3	CN9R1_1_CKDN190048205-1A_HV3TFDSXX_L1
687	chr1	67054529	67288345	4	2	CN9R1_1_CKDN190048205-1A_HV3TFDSXX_L1
688	chr1	67288400	68478800	5	2	CN9R1_1_CKDN190048205-1A_HV3TFDSXX_L1
689	chr1	68480600	71724589	3	0	CN9R1_1_CKDN190048205-1A_HV3TFDSXX_L1
690	chr1	71725100	74988307	3	1	CN9R1_1_CKDN190048205-1A_HV3TFDSXX_L1
691	chr1	74988517	105305684	3	0	CN9R1_1_CKDN190048205-1A_HV3TFDSXX_L1
692	chr1	105307149	106981403	4	0	CN9R1_1_CKDN190048205-1A_HV3TFDSXX_L1
693	chr1	106982100	114910441	3	0	CN9R1_1_CKDN190048205-1A_HV3TFDSXX_L1
694	chr1	114911993	115171920	4	2	CN9R1_1_CKDN190048205-1A_HV3TFDSXX_L1
695	chr1	115172263	124512000	3	0	CN9R1_1_CKDN190048205-1A_HV3TFDSXX_L1
696	chr1	124512900	125067100	3	NA	CN9R1_1_CKDN190048205-1A_HV3TFDSXX_L1
697	chr1	125069000	155715700	6	0	CN9R1_1_CKDN190048205-1A_HV3TFDSXX_L1
698	chr1	155734145	158664500	4	NA	CN9R1_1_CKDN190048205-1A_HV3TFDSXX_L1
699	chr1	158695081	167600200	6	0	CN9R1_1_CKDN190048205-1A_HV3TFDSXX_L1
700	chr1	167609900	219566565	3	0	CN9R1_1_CKDN190048205-1A_HV3TFDSXX_L1
701	chr1	219586500	219952600	15	NA	CN9R1_1_CKDN190048205-1A_HV3TFDSXX_L1
702	chr1	220007100	220333387	6	NA	CN9R1_1_CKDN190048205-1A_HV3TFDSXX_L1
703	chr1	220333754	223085900	10	NA	CN9R1_1_CKDN190048205-1A_HV3TFDSXX_L1
704	chr1	223133800	223409411	3	NA	CN9R1_1_CKDN190048205-1A_HV3TFDSXX_L1
705	chr1	223411974	225033200	9	NA	CN9R1_1_CKDN190048205-1A_HV3TFDSXX_L1
706	chr1	225066800	248944400	3	0	CN9R1_1_CKDN190048205-1A_HV3TFDSXX_L1
707	chr2	740580	87341700	4	NA	CN9R1_1_CKDN190048205-1A_HV3TFDSXX_L1
708	chr2	87341900	90377600	7	NA	CN9R1_1_CKDN190048205-1A_HV3TFDSXX_L1
709	chr2	90380600	91586200	10	NA	CN9R1_1_CKDN190048205-1A_HV3TFDSXX_L1
710	chr2	91586362	94505600	7	NA	CN9R1_1_CKDN190048205-1A_HV3TFDSXX_L1
711	chr2	94512800	240786700	5	2	CN9R1_1_CKDN190048205-1A_HV3TFDSXX_L1
712	chr3	17200	6285971	6	3	CN9R1_1_CKDN190048205-1A_HV3TFDSXX_L1
713	chr3	6296311	11453271	4	NA	CN9R1_1_CKDN190048205-1A_HV3TFDSXX_L1
714	chr3	11481900	17049400	6	3	CN9R1_1_CKDN190048205-1A_HV3TFDSXX_L1
715	chr3	17104600	54893800	3	0	CN9R1_1_CKDN190048205-1A_HV3TFDSXX_L1
716	chr3	54916401	59741500	5	NA	CN9R1_1_CKDN190048205-1A_HV3TFDSXX_L1
717	chr3	59741566	75642600	3	0	CN9R1_1_CKDN190048205-1A_HV3TFDSXX_L1
718	chr3	75663500	75706429	6	NA	CN9R1_1_CKDN190048205-1A_HV3TFDSXX_L1
719	chr3	75727600	89639540	3	NA	CN9R1_1_CKDN190048205-1A_HV3TFDSXX_L1
720	chr3	89670692	98059100	5	2	CN9R1_1_CKDN190048205-1A_HV3TFDSXX_L1
721	chr3	98059993	98241374	4	2	CN9R1_1_CKDN190048205-1A_HV3TFDSXX_L1
722	chr3	98242556	98762034	5	2	CN9R1_1_CKDN190048205-1A_HV3TFDSXX_L1
723	chr3	98762600	99074612	5	2	CN9R1_1_CKDN190048205-1A_HV3TFDSXX_L1
724	chr3	99075527	101096900	5	0	CN9R1_1_CKDN190048205-1A_HV3TFDSXX_L1
725	chr3	101098100	101114071	4	NA	CN9R1_1_CKDN190048205-1A_HV3TFDSXX_L1
726	chr3	101114904	102205300	5	2	CN9R1_1_CKDN190048205-1A_HV3TFDSXX_L1
727	chr3	102205596	110000291	5	2	CN9R1_1_CKDN190048205-1A_HV3TFDSXX_L1
728	chr3	110000590	112724095	5	0	CN9R1_1_CKDN190048205-1A_HV3TFDSXX_L1
729	chr3	112725453	118674063	5	2	CN9R1_1_CKDN190048205-1A_HV3TFDSXX_L1
730	chr3	118674690	119409551	4	2	CN9R1_1_CKDN190048205-1A_HV3TFDSXX_L1
731	chr3	119410956	125469330	5	2	CN9R1_1_CKDN190048205-1A_HV3TFDSXX_L1
732	chr3	125469600	125485500	5	NA	CN9R1_1_CKDN190048205-1A_HV3TFDSXX_L1
733	chr3	125485988	125951500	4	2	CN9R1_1_CKDN190048205-1A_HV3TFDSXX_L1
734	chr3	125951700	127920600	4	0	CN9R1_1_CKDN190048205-1A_HV3TFDSXX_L1
735	chr3	127921300	129006033	4	2	CN9R1_1_CKDN190048205-1A_HV3TFDSXX_L1
736	chr3	129006723	140477200	5	2	CN9R1_1_CKDN190048205-1A_HV3TFDSXX_L1
737	chr3	140477359	141773577	4	0	CN9R1_1_CKDN190048205-1A_HV3TFDSXX_L1
738	chr3	141773843	142247300	4	2	CN9R1_1_CKDN190048205-1A_HV3TFDSXX_L1
739	chr3	142248192	145985500	5	2	CN9R1_1_CKDN190048205-1A_HV3TFDSXX_L1
740	chr3	145987300	149113700	6	3	CN9R1_1_CKDN190048205-1A_HV3TFDSXX_L1
741	chr3	149114431	149245100	4	NA	CN9R1_1_CKDN190048205-1A_HV3TFDSXX_L1
742	chr3	149246000	149253100	1	0	CN9R1_1_CKDN190048205-1A_HV3TFDSXX_L1
743	chr3	149256200	153024622	5	0	CN9R1_1_CKDN190048205-1A_HV3TFDSXX_L1
744	chr3	153025800	155884988	6	3	CN9R1_1_CKDN190048205-1A_HV3TFDSXX_L1
745	chr3	155886900	160652909	5	0	CN9R1_1_CKDN190048205-1A_HV3TFDSXX_L1
746	chr3	160653900	161945897	4	2	CN9R1_1_CKDN190048205-1A_HV3TFDSXX_L1
747	chr3	161949500	170399809	4	0	CN9R1_1_CKDN190048205-1A_HV3TFDSXX_L1
748	chr3	170399900	173035500	6	2	CN9R1_1_CKDN190048205-1A_HV3TFDSXX_L1
749	chr3	173035600	173454900	4	0	CN9R1_1_CKDN190048205-1A_HV3TFDSXX_L1
750	chr3	173455400	183116200	5	2	CN9R1_1_CKDN190048205-1A_HV3TFDSXX_L1
751	chr3	183118454	184616240	5	2	CN9R1_1_CKDN190048205-1A_HV3TFDSXX_L1
752	chr3	184617853	186134300	4	0	CN9R1_1_CKDN190048205-1A_HV3TFDSXX_L1
753	chr3	186134700	191044900	5	2	CN9R1_1_CKDN190048205-1A_HV3TFDSXX_L1
754	chr3	191046949	191317818	4	1	CN9R1_1_CKDN190048205-1A_HV3TFDSXX_L1
755	chr3	191318493	194621892	4	0	CN9R1_1_CKDN190048205-1A_HV3TFDSXX_L1
756	chr3	194622000	196193113	6	3	CN9R1_1_CKDN190048205-1A_HV3TFDSXX_L1
757	chr3	196194700	198191100	5	2	CN9R1_1_CKDN190048205-1A_HV3TFDSXX_L1
758	chr4	15100	68300	6	NA	CN9R1_1_CKDN190048205-1A_HV3TFDSXX_L1
759	chr4	103600	48846700	3	NA	CN9R1_1_CKDN190048205-1A_HV3TFDSXX_L1
760	chr4	48906800	49333300	5	2	CN9R1_1_CKDN190048205-1A_HV3TFDSXX_L1
761	chr4	49500990	188056500	3	0	CN9R1_1_CKDN190048205-1A_HV3TFDSXX_L1
762	chr4	188134200	190119500	4	2	CN9R1_1_CKDN190048205-1A_HV3TFDSXX_L1
763	chr5	11700	642800	8	0	CN9R1_1_CKDN190048205-1A_HV3TFDSXX_L1
764	chr5	643700	770706	2	0	CN9R1_1_CKDN190048205-1A_HV3TFDSXX_L1
765	chr5	770929	892919	6	NA	CN9R1_1_CKDN190048205-1A_HV3TFDSXX_L1
766	chr5	895811	1006700	12	NA	CN9R1_1_CKDN190048205-1A_HV3TFDSXX_L1
767	chr5	1008400	1015055	6	NA	CN9R1_1_CKDN190048205-1A_HV3TFDSXX_L1
768	chr5	1016000	1055450	12	NA	CN9R1_1_CKDN190048205-1A_HV3TFDSXX_L1
769	chr5	1056400	1138700	6	NA	CN9R1_1_CKDN190048205-1A_HV3TFDSXX_L1
770	chr5	1139487	1169487	11	NA	CN9R1_1_CKDN190048205-1A_HV3TFDSXX_L1
771	chr5	1171583	1183300	2	NA	CN9R1_1_CKDN190048205-1A_HV3TFDSXX_L1
772	chr5	1184494	1302000	5	NA	CN9R1_1_CKDN190048205-1A_HV3TFDSXX_L1
773	chr5	1303600	1386128	11	NA	CN9R1_1_CKDN190048205-1A_HV3TFDSXX_L1
774	chr5	1388400	1643100	5	0	CN9R1_1_CKDN190048205-1A_HV3TFDSXX_L1
775	chr5	1644200	1713200	8	NA	CN9R1_1_CKDN190048205-1A_HV3TFDSXX_L1
776	chr5	1716883	2021700	2	0	CN9R1_1_CKDN190048205-1A_HV3TFDSXX_L1
777	chr5	2022050	2272134	4	NA	CN9R1_1_CKDN190048205-1A_HV3TFDSXX_L1
778	chr5	2273484	2554673	2	NA	CN9R1_1_CKDN190048205-1A_HV3TFDSXX_L1
779	chr5	2555810	2693900	7	NA	CN9R1_1_CKDN190048205-1A_HV3TFDSXX_L1
780	chr5	2696500	2814280	10	NA	CN9R1_1_CKDN190048205-1A_HV3TFDSXX_L1
781	chr5	2815300	3667694	7	0	CN9R1_1_CKDN190048205-1A_HV3TFDSXX_L1
782	chr5	3670202	4011400	11	0	CN9R1_1_CKDN190048205-1A_HV3TFDSXX_L1
783	chr5	4013879	4230700	2	NA	CN9R1_1_CKDN190048205-1A_HV3TFDSXX_L1
784	chr5	4231700	4753200	13	NA	CN9R1_1_CKDN190048205-1A_HV3TFDSXX_L1
785	chr5	4757300	4939500	6	NA	CN9R1_1_CKDN190048205-1A_HV3TFDSXX_L1
786	chr5	4939898	5062934	7	NA	CN9R1_1_CKDN190048205-1A_HV3TFDSXX_L1
787	chr5	5065500	5332209	2	NA	CN9R1_1_CKDN190048205-1A_HV3TFDSXX_L1
788	chr5	5332900	5438276	11	NA	CN9R1_1_CKDN190048205-1A_HV3TFDSXX_L1
789	chr5	5440100	5607837	14	NA	CN9R1_1_CKDN190048205-1A_HV3TFDSXX_L1
790	chr5	5610322	5771541	10	NA	CN9R1_1_CKDN190048205-1A_HV3TFDSXX_L1
791	chr5	5772700	6674448	2	0	CN9R1_1_CKDN190048205-1A_HV3TFDSXX_L1
792	chr5	6675693	7465623	11	0	CN9R1_1_CKDN190048205-1A_HV3TFDSXX_L1
793	chr5	7468576	7770900	2	NA	CN9R1_1_CKDN190048205-1A_HV3TFDSXX_L1
794	chr5	7776684	7962750	14	NA	CN9R1_1_CKDN190048205-1A_HV3TFDSXX_L1
795	chr5	7966200	8229300	8	0	CN9R1_1_CKDN190048205-1A_HV3TFDSXX_L1
796	chr5	8230135	8352038	3	NA	CN9R1_1_CKDN190048205-1A_HV3TFDSXX_L1
797	chr5	8353700	8962907	5	0	CN9R1_1_CKDN190048205-1A_HV3TFDSXX_L1
798	chr5	8964800	9613134	3	0	CN9R1_1_CKDN190048205-1A_HV3TFDSXX_L1
799	chr5	9613570	9793600	8	NA	CN9R1_1_CKDN190048205-1A_HV3TFDSXX_L1
800	chr5	9796320	10452919	11	0	CN9R1_1_CKDN190048205-1A_HV3TFDSXX_L1
801	chr5	10453800	10662700	14	NA	CN9R1_1_CKDN190048205-1A_HV3TFDSXX_L1
802	chr5	10664400	10854860	11	0	CN9R1_1_CKDN190048205-1A_HV3TFDSXX_L1
803	chr5	10856020	10899921	8	NA	CN9R1_1_CKDN190048205-1A_HV3TFDSXX_L1
804	chr5	10900375	10921800	3	NA	CN9R1_1_CKDN190048205-1A_HV3TFDSXX_L1
805	chr5	10922800	11198977	8	NA	CN9R1_1_CKDN190048205-1A_HV3TFDSXX_L1
806	chr5	11199700	12032873	10	0	CN9R1_1_CKDN190048205-1A_HV3TFDSXX_L1
807	chr5	12034919	12847500	3	NA	CN9R1_1_CKDN190048205-1A_HV3TFDSXX_L1
808	chr5	12850652	12865800	12	NA	CN9R1_1_CKDN190048205-1A_HV3TFDSXX_L1
809	chr5	12868600	13044092	3	NA	CN9R1_1_CKDN190048205-1A_HV3TFDSXX_L1
810	chr5	13047300	13249965	6	NA	CN9R1_1_CKDN190048205-1A_HV3TFDSXX_L1
811	chr5	13250936	13264600	3	NA	CN9R1_1_CKDN190048205-1A_HV3TFDSXX_L1
812	chr5	13267500	13831901	9	0	CN9R1_1_CKDN190048205-1A_HV3TFDSXX_L1
813	chr5	13833200	14032800	12	NA	CN9R1_1_CKDN190048205-1A_HV3TFDSXX_L1
814	chr5	14034770	14131285	9	NA	CN9R1_1_CKDN190048205-1A_HV3TFDSXX_L1
815	chr5	14131796	14465400	16	NA	CN9R1_1_CKDN190048205-1A_HV3TFDSXX_L1
816	chr5	14466100	15311100	6	0	CN9R1_1_CKDN190048205-1A_HV3TFDSXX_L1
817	chr5	15313461	15610210	11	NA	CN9R1_1_CKDN190048205-1A_HV3TFDSXX_L1
818	chr5	15612206	15619342	5	NA	CN9R1_1_CKDN190048205-1A_HV3TFDSXX_L1
819	chr5	15619800	15823565	12	NA	CN9R1_1_CKDN190048205-1A_HV3TFDSXX_L1
820	chr5	15823750	15992058	6	NA	CN9R1_1_CKDN190048205-1A_HV3TFDSXX_L1
821	chr5	15994512	16138500	3	NA	CN9R1_1_CKDN190048205-1A_HV3TFDSXX_L1
822	chr5	16138900	16154800	9	NA	CN9R1_1_CKDN190048205-1A_HV3TFDSXX_L1
823	chr5	16156700	16401069	3	NA	CN9R1_1_CKDN190048205-1A_HV3TFDSXX_L1
824	chr5	16401153	16802900	5	0	CN9R1_1_CKDN190048205-1A_HV3TFDSXX_L1
825	chr5	16803300	16859583	10	NA	CN9R1_1_CKDN190048205-1A_HV3TFDSXX_L1
826	chr5	16859866	17421400	8	0	CN9R1_1_CKDN190048205-1A_HV3TFDSXX_L1
827	chr5	17422705	17514900	11	NA	CN9R1_1_CKDN190048205-1A_HV3TFDSXX_L1
828	chr5	17515200	17599500	33	NA	CN9R1_1_CKDN190048205-1A_HV3TFDSXX_L1
829	chr5	17599900	17832305	10	NA	CN9R1_1_CKDN190048205-1A_HV3TFDSXX_L1
830	chr5	17833400	18308300	6	NA	CN9R1_1_CKDN190048205-1A_HV3TFDSXX_L1
831	chr5	18309800	18685568	9	0	CN9R1_1_CKDN190048205-1A_HV3TFDSXX_L1
832	chr5	18687800	18880100	14	NA	CN9R1_1_CKDN190048205-1A_HV3TFDSXX_L1
833	chr5	18881589	19265500	6	NA	CN9R1_1_CKDN190048205-1A_HV3TFDSXX_L1
834	chr5	19265943	19385815	3	NA	CN9R1_1_CKDN190048205-1A_HV3TFDSXX_L1
835	chr5	19387500	19826356	10	0	CN9R1_1_CKDN190048205-1A_HV3TFDSXX_L1
836	chr5	19826754	19974400	6	NA	CN9R1_1_CKDN190048205-1A_HV3TFDSXX_L1
837	chr5	19975777	20357868	11	0	CN9R1_1_CKDN190048205-1A_HV3TFDSXX_L1
838	chr5	20359600	20979900	8	NA	CN9R1_1_CKDN190048205-1A_HV3TFDSXX_L1
839	chr5	20982045	21408100	16	NA	CN9R1_1_CKDN190048205-1A_HV3TFDSXX_L1
840	chr5	21409900	21750300	14	NA	CN9R1_1_CKDN190048205-1A_HV3TFDSXX_L1
841	chr5	21751622	21816000	6	NA	CN9R1_1_CKDN190048205-1A_HV3TFDSXX_L1
842	chr5	21817000	22854600	3	NA	CN9R1_1_CKDN190048205-1A_HV3TFDSXX_L1
843	chr5	22856225	23303800	5	2	CN9R1_1_CKDN190048205-1A_HV3TFDSXX_L1
844	chr5	23303976	23611473	6	NA	CN9R1_1_CKDN190048205-1A_HV3TFDSXX_L1
845	chr5	23612100	24049500	4	0	CN9R1_1_CKDN190048205-1A_HV3TFDSXX_L1
846	chr5	24050400	24262656	11	NA	CN9R1_1_CKDN190048205-1A_HV3TFDSXX_L1
847	chr5	24264233	24586000	7	NA	CN9R1_1_CKDN190048205-1A_HV3TFDSXX_L1
848	chr5	24588324	25013972	14	NA	CN9R1_1_CKDN190048205-1A_HV3TFDSXX_L1
849	chr5	25018105	25655151	20	NA	CN9R1_1_CKDN190048205-1A_HV3TFDSXX_L1
850	chr5	25657542	25926900	13	NA	CN9R1_1_CKDN190048205-1A_HV3TFDSXX_L1
851	chr5	25927742	26494645	20	1	CN9R1_1_CKDN190048205-1A_HV3TFDSXX_L1
852	chr5	26496839	28274600	5	2	CN9R1_1_CKDN190048205-1A_HV3TFDSXX_L1
853	chr5	28277300	30633000	4	0	CN9R1_1_CKDN190048205-1A_HV3TFDSXX_L1
854	chr5	30633636	31074800	4	NA	CN9R1_1_CKDN190048205-1A_HV3TFDSXX_L1
855	chr5	31075500	31546632	4	2	CN9R1_1_CKDN190048205-1A_HV3TFDSXX_L1
856	chr5	31547454	32059648	4	0	CN9R1_1_CKDN190048205-1A_HV3TFDSXX_L1
857	chr5	32060000	34175162	6	3	CN9R1_1_CKDN190048205-1A_HV3TFDSXX_L1
858	chr5	34178500	34197200	19	NA	CN9R1_1_CKDN190048205-1A_HV3TFDSXX_L1
859	chr5	34200657	34544100	4	2	CN9R1_1_CKDN190048205-1A_HV3TFDSXX_L1
860	chr5	34545162	40150272	4	0	CN9R1_1_CKDN190048205-1A_HV3TFDSXX_L1
861	chr5	40150472	44612400	5	2	CN9R1_1_CKDN190048205-1A_HV3TFDSXX_L1
862	chr5	44614367	46625400	4	2	CN9R1_1_CKDN190048205-1A_HV3TFDSXX_L1
863	chr5	46627900	47042100	1	0	CN9R1_1_CKDN190048205-1A_HV3TFDSXX_L1
864	chr5	47075600	47146500	3	NA	CN9R1_1_CKDN190048205-1A_HV3TFDSXX_L1
865	chr5	47150300	47279000	1	0	CN9R1_1_CKDN190048205-1A_HV3TFDSXX_L1
866	chr5	47289700	49674500	5	NA	CN9R1_1_CKDN190048205-1A_HV3TFDSXX_L1
867	chr5	49676700	49998900	1	0	CN9R1_1_CKDN190048205-1A_HV3TFDSXX_L1
868	chr5	50001100	51896000	4	2	CN9R1_1_CKDN190048205-1A_HV3TFDSXX_L1
869	chr5	51896748	52083327	4	0	CN9R1_1_CKDN190048205-1A_HV3TFDSXX_L1
870	chr5	52084065	52402138	5	2	CN9R1_1_CKDN190048205-1A_HV3TFDSXX_L1
871	chr5	52403100	52775400	4	0	CN9R1_1_CKDN190048205-1A_HV3TFDSXX_L1
872	chr5	52775800	53403928	6	3	CN9R1_1_CKDN190048205-1A_HV3TFDSXX_L1
873	chr5	53404273	53677900	4	0	CN9R1_1_CKDN190048205-1A_HV3TFDSXX_L1
874	chr5	53678804	54531658	6	3	CN9R1_1_CKDN190048205-1A_HV3TFDSXX_L1
875	chr5	54534929	55572653	4	0	CN9R1_1_CKDN190048205-1A_HV3TFDSXX_L1
876	chr5	55572968	55715135	4	1	CN9R1_1_CKDN190048205-1A_HV3TFDSXX_L1
877	chr5	55715398	59424400	4	0	CN9R1_1_CKDN190048205-1A_HV3TFDSXX_L1
878	chr5	59424832	60058100	6	3	CN9R1_1_CKDN190048205-1A_HV3TFDSXX_L1
879	chr5	60058628	61107551	4	2	CN9R1_1_CKDN190048205-1A_HV3TFDSXX_L1
880	chr5	61108749	62260600	6	3	CN9R1_1_CKDN190048205-1A_HV3TFDSXX_L1
881	chr5	62261079	62924475	5	2	CN9R1_1_CKDN190048205-1A_HV3TFDSXX_L1
882	chr5	62925400	63077120	4	2	CN9R1_1_CKDN190048205-1A_HV3TFDSXX_L1
883	chr5	63078900	64614600	4	0	CN9R1_1_CKDN190048205-1A_HV3TFDSXX_L1
884	chr5	64615200	65767700	4	2	CN9R1_1_CKDN190048205-1A_HV3TFDSXX_L1
885	chr5	65768500	65906663	4	0	CN9R1_1_CKDN190048205-1A_HV3TFDSXX_L1
886	chr5	65907213	66321592	4	2	CN9R1_1_CKDN190048205-1A_HV3TFDSXX_L1
887	chr5	66323185	67184600	4	0	CN9R1_1_CKDN190048205-1A_HV3TFDSXX_L1
888	chr5	67185471	69021057	6	3	CN9R1_1_CKDN190048205-1A_HV3TFDSXX_L1
889	chr5	69021400	69304400	4	2	CN9R1_1_CKDN190048205-1A_HV3TFDSXX_L1
890	chr5	69305093	71950800	6	3	CN9R1_1_CKDN190048205-1A_HV3TFDSXX_L1
891	chr5	71951430	72187914	4	0	CN9R1_1_CKDN190048205-1A_HV3TFDSXX_L1
892	chr5	72188217	72605000	4	2	CN9R1_1_CKDN190048205-1A_HV3TFDSXX_L1
893	chr5	72606047	72784711	4	0	CN9R1_1_CKDN190048205-1A_HV3TFDSXX_L1
894	chr5	72786000	73303800	4	0	CN9R1_1_CKDN190048205-1A_HV3TFDSXX_L1
895	chr5	73303900	74079304	6	3	CN9R1_1_CKDN190048205-1A_HV3TFDSXX_L1
896	chr5	74080062	74694900	4	0	CN9R1_1_CKDN190048205-1A_HV3TFDSXX_L1
897	chr5	74695898	74884883	4	2	CN9R1_1_CKDN190048205-1A_HV3TFDSXX_L1
898	chr5	74885326	75650693	4	0	CN9R1_1_CKDN190048205-1A_HV3TFDSXX_L1
899	chr5	75650837	75844281	4	0	CN9R1_1_CKDN190048205-1A_HV3TFDSXX_L1
900	chr5	75845320	76619400	6	3	CN9R1_1_CKDN190048205-1A_HV3TFDSXX_L1
901	chr5	76620245	76862845	4	0	CN9R1_1_CKDN190048205-1A_HV3TFDSXX_L1
902	chr5	76863300	77424935	5	2	CN9R1_1_CKDN190048205-1A_HV3TFDSXX_L1
903	chr5	77425414	77660376	4	1	CN9R1_1_CKDN190048205-1A_HV3TFDSXX_L1
904	chr5	77660737	82280500	4	0	CN9R1_1_CKDN190048205-1A_HV3TFDSXX_L1
905	chr5	82281133	82724587	4	0	CN9R1_1_CKDN190048205-1A_HV3TFDSXX_L1
906	chr5	82725200	86147012	5	2	CN9R1_1_CKDN190048205-1A_HV3TFDSXX_L1
907	chr5	86147600	86243035	4	2	CN9R1_1_CKDN190048205-1A_HV3TFDSXX_L1
908	chr5	86243507	87479114	6	3	CN9R1_1_CKDN190048205-1A_HV3TFDSXX_L1
909	chr5	87480003	87784695	4	2	CN9R1_1_CKDN190048205-1A_HV3TFDSXX_L1
910	chr5	87785600	90521888	4	0	CN9R1_1_CKDN190048205-1A_HV3TFDSXX_L1
911	chr5	90522256	91228300	6	3	CN9R1_1_CKDN190048205-1A_HV3TFDSXX_L1
912	chr5	91228600	91499570	4	0	CN9R1_1_CKDN190048205-1A_HV3TFDSXX_L1
913	chr5	91500600	91628000	4	1	CN9R1_1_CKDN190048205-1A_HV3TFDSXX_L1
914	chr5	91628598	93796000	4	0	CN9R1_1_CKDN190048205-1A_HV3TFDSXX_L1
915	chr5	93797016	94984000	4	0	CN9R1_1_CKDN190048205-1A_HV3TFDSXX_L1
916	chr5	94984319	97530177	6	3	CN9R1_1_CKDN190048205-1A_HV3TFDSXX_L1
917	chr5	97531068	97691994	4	0	CN9R1_1_CKDN190048205-1A_HV3TFDSXX_L1
918	chr5	97692133	99328775	6	3	CN9R1_1_CKDN190048205-1A_HV3TFDSXX_L1
919	chr5	99328900	101957900	4	0	CN9R1_1_CKDN190048205-1A_HV3TFDSXX_L1
920	chr5	101958400	102243100	4	2	CN9R1_1_CKDN190048205-1A_HV3TFDSXX_L1
921	chr5	102243600	103513950	4	0	CN9R1_1_CKDN190048205-1A_HV3TFDSXX_L1
922	chr5	103516600	106979831	5	2	CN9R1_1_CKDN190048205-1A_HV3TFDSXX_L1
923	chr5	106981558	109272760	4	0	CN9R1_1_CKDN190048205-1A_HV3TFDSXX_L1
924	chr5	109272969	109985100	6	3	CN9R1_1_CKDN190048205-1A_HV3TFDSXX_L1
925	chr5	109985377	111386600	4	0	CN9R1_1_CKDN190048205-1A_HV3TFDSXX_L1
926	chr5	111387115	111666703	4	1	CN9R1_1_CKDN190048205-1A_HV3TFDSXX_L1
927	chr5	111666987	112652885	5	2	CN9R1_1_CKDN190048205-1A_HV3TFDSXX_L1
928	chr5	112653249	113148100	4	1	CN9R1_1_CKDN190048205-1A_HV3TFDSXX_L1
929	chr5	113148564	116130233	4	0	CN9R1_1_CKDN190048205-1A_HV3TFDSXX_L1
930	chr5	116130451	119992436	5	2	CN9R1_1_CKDN190048205-1A_HV3TFDSXX_L1
931	chr5	119992500	120040065	4	NA	CN9R1_1_CKDN190048205-1A_HV3TFDSXX_L1
932	chr5	120040500	120233331	4	2	CN9R1_1_CKDN190048205-1A_HV3TFDSXX_L1
933	chr5	120233900	120493700	4	0	CN9R1_1_CKDN190048205-1A_HV3TFDSXX_L1
934	chr5	120494041	121061300	4	1	CN9R1_1_CKDN190048205-1A_HV3TFDSXX_L1
935	chr5	121062338	121190100	4	0	CN9R1_1_CKDN190048205-1A_HV3TFDSXX_L1
936	chr5	121191708	121578602	4	2	CN9R1_1_CKDN190048205-1A_HV3TFDSXX_L1
937	chr5	121579333	122481827	5	2	CN9R1_1_CKDN190048205-1A_HV3TFDSXX_L1
938	chr5	122483900	122693874	4	2	CN9R1_1_CKDN190048205-1A_HV3TFDSXX_L1
939	chr5	122694095	126138897	5	2	CN9R1_1_CKDN190048205-1A_HV3TFDSXX_L1
940	chr5	126139179	126361610	4	0	CN9R1_1_CKDN190048205-1A_HV3TFDSXX_L1
941	chr5	126362265	126534500	4	1	CN9R1_1_CKDN190048205-1A_HV3TFDSXX_L1
942	chr5	126534820	128204284	4	0	CN9R1_1_CKDN190048205-1A_HV3TFDSXX_L1
943	chr5	128204600	129680500	6	3	CN9R1_1_CKDN190048205-1A_HV3TFDSXX_L1
944	chr5	129681000	130894000	4	0	CN9R1_1_CKDN190048205-1A_HV3TFDSXX_L1
945	chr5	130894400	132017853	4	0	CN9R1_1_CKDN190048205-1A_HV3TFDSXX_L1
946	chr5	132018122	133167613	4	0	CN9R1_1_CKDN190048205-1A_HV3TFDSXX_L1
947	chr5	133167986	133660020	5	2	CN9R1_1_CKDN190048205-1A_HV3TFDSXX_L1
948	chr5	133660448	135633900	5	2	CN9R1_1_CKDN190048205-1A_HV3TFDSXX_L1
949	chr5	135634394	135706119	4	0	CN9R1_1_CKDN190048205-1A_HV3TFDSXX_L1
950	chr5	135706921	135715100	4	NA	CN9R1_1_CKDN190048205-1A_HV3TFDSXX_L1
951	chr5	135715672	135779200	4	2	CN9R1_1_CKDN190048205-1A_HV3TFDSXX_L1
952	chr5	135779516	135785500	1	0	CN9R1_1_CKDN190048205-1A_HV3TFDSXX_L1
953	chr5	135785800	135836400	4	1	CN9R1_1_CKDN190048205-1A_HV3TFDSXX_L1
954	chr5	135836800	137911393	5	2	CN9R1_1_CKDN190048205-1A_HV3TFDSXX_L1
955	chr5	137912079	142589328	6	3	CN9R1_1_CKDN190048205-1A_HV3TFDSXX_L1
956	chr5	142589362	143041088	4	0	CN9R1_1_CKDN190048205-1A_HV3TFDSXX_L1
957	chr5	143041600	144298300	5	2	CN9R1_1_CKDN190048205-1A_HV3TFDSXX_L1
958	chr5	144298800	146743822	4	0	CN9R1_1_CKDN190048205-1A_HV3TFDSXX_L1
959	chr5	146744682	146917100	4	NA	CN9R1_1_CKDN190048205-1A_HV3TFDSXX_L1
960	chr5	146918000	148117900	6	3	CN9R1_1_CKDN190048205-1A_HV3TFDSXX_L1
961	chr5	148120500	148644024	4	2	CN9R1_1_CKDN190048205-1A_HV3TFDSXX_L1
962	chr5	148644829	148791866	4	0	CN9R1_1_CKDN190048205-1A_HV3TFDSXX_L1
963	chr5	148792800	149170784	6	3	CN9R1_1_CKDN190048205-1A_HV3TFDSXX_L1
964	chr5	149171181	149688400	4	0	CN9R1_1_CKDN190048205-1A_HV3TFDSXX_L1
965	chr5	149688691	149853300	4	2	CN9R1_1_CKDN190048205-1A_HV3TFDSXX_L1
966	chr5	149854000	152585152	5	2	CN9R1_1_CKDN190048205-1A_HV3TFDSXX_L1
967	chr5	152585480	154156100	4	0	CN9R1_1_CKDN190048205-1A_HV3TFDSXX_L1
968	chr5	154157466	156951600	5	2	CN9R1_1_CKDN190048205-1A_HV3TFDSXX_L1
969	chr5	156954200	157392100	4	0	CN9R1_1_CKDN190048205-1A_HV3TFDSXX_L1
970	chr5	157392370	159524321	4	0	CN9R1_1_CKDN190048205-1A_HV3TFDSXX_L1
971	chr5	159526100	159659341	4	1	CN9R1_1_CKDN190048205-1A_HV3TFDSXX_L1
972	chr5	159660413	160059809	5	2	CN9R1_1_CKDN190048205-1A_HV3TFDSXX_L1
973	chr5	160060946	160128347	6	NA	CN9R1_1_CKDN190048205-1A_HV3TFDSXX_L1
974	chr5	160129100	160785500	4	2	CN9R1_1_CKDN190048205-1A_HV3TFDSXX_L1
975	chr5	160785956	161190000	4	2	CN9R1_1_CKDN190048205-1A_HV3TFDSXX_L1
976	chr5	161191043	163272518	5	2	CN9R1_1_CKDN190048205-1A_HV3TFDSXX_L1
977	chr5	163272800	163876658	4	0	CN9R1_1_CKDN190048205-1A_HV3TFDSXX_L1
978	chr5	163878100	164250272	4	1	CN9R1_1_CKDN190048205-1A_HV3TFDSXX_L1
979	chr5	164250900	168949774	5	2	CN9R1_1_CKDN190048205-1A_HV3TFDSXX_L1
980	chr5	168950355	169986100	4	0	CN9R1_1_CKDN190048205-1A_HV3TFDSXX_L1
981	chr5	169986608	172337727	5	2	CN9R1_1_CKDN190048205-1A_HV3TFDSXX_L1
982	chr5	172338200	172465682	4	0	CN9R1_1_CKDN190048205-1A_HV3TFDSXX_L1
983	chr5	172466300	173004900	6	3	CN9R1_1_CKDN190048205-1A_HV3TFDSXX_L1
984	chr5	173005241	175440896	4	0	CN9R1_1_CKDN190048205-1A_HV3TFDSXX_L1
985	chr5	175441300	176116248	4	0	CN9R1_1_CKDN190048205-1A_HV3TFDSXX_L1
986	chr5	176117003	176379584	6	3	CN9R1_1_CKDN190048205-1A_HV3TFDSXX_L1
987	chr5	176379847	177883700	4	0	CN9R1_1_CKDN190048205-1A_HV3TFDSXX_L1
988	chr5	177884000	178805800	3	0	CN9R1_1_CKDN190048205-1A_HV3TFDSXX_L1
989	chr5	178806144	181476200	5	2	CN9R1_1_CKDN190048205-1A_HV3TFDSXX_L1
990	chr6	152100	250000	4	NA	CN9R1_1_CKDN190048205-1A_HV3TFDSXX_L1
991	chr6	256765	384970	5	2	CN9R1_1_CKDN190048205-1A_HV3TFDSXX_L1
992	chr6	392070	32458475	5	2	CN9R1_1_CKDN190048205-1A_HV3TFDSXX_L1
993	chr6	32459066	32598600	4	1	CN9R1_1_CKDN190048205-1A_HV3TFDSXX_L1
994	chr6	32603543	33865139	6	3	CN9R1_1_CKDN190048205-1A_HV3TFDSXX_L1
995	chr6	33869303	36918400	4	0	CN9R1_1_CKDN190048205-1A_HV3TFDSXX_L1
996	chr6	36923532	38766921	6	3	CN9R1_1_CKDN190048205-1A_HV3TFDSXX_L1
997	chr6	38767962	41810455	4	0	CN9R1_1_CKDN190048205-1A_HV3TFDSXX_L1
998	chr6	41812500	46123300	5	2	CN9R1_1_CKDN190048205-1A_HV3TFDSXX_L1
999	chr6	46124000	52111974	5	2	CN9R1_1_CKDN190048205-1A_HV3TFDSXX_L1
1000	chr6	52112477	57796000	4	0	CN9R1_1_CKDN190048205-1A_HV3TFDSXX_L1
1001	chr6	57799886	57822900	1	0	CN9R1_1_CKDN190048205-1A_HV3TFDSXX_L1
1002	chr6	57824625	58447400	6	NA	CN9R1_1_CKDN190048205-1A_HV3TFDSXX_L1
1003	chr6	58555100	59653000	1	0	CN9R1_1_CKDN190048205-1A_HV3TFDSXX_L1
1004	chr6	59655400	170743300	3	0	CN9R1_1_CKDN190048205-1A_HV3TFDSXX_L1
1005	chr7	37445	14300100	5	2	CN9R1_1_CKDN190048205-1A_HV3TFDSXX_L1
1006	chr7	14302700	31720600	5	0	CN9R1_1_CKDN190048205-1A_HV3TFDSXX_L1
1007	chr7	31726640	34281000	6	3	CN9R1_1_CKDN190048205-1A_HV3TFDSXX_L1
1008	chr7	34293400	48723100	5	2	CN9R1_1_CKDN190048205-1A_HV3TFDSXX_L1
1009	chr7	48731100	53639900	4	0	CN9R1_1_CKDN190048205-1A_HV3TFDSXX_L1
1010	chr7	53649200	56873400	5	0	CN9R1_1_CKDN190048205-1A_HV3TFDSXX_L1
1011	chr7	56882527	63632282	6	0	CN9R1_1_CKDN190048205-1A_HV3TFDSXX_L1
1012	chr7	63664900	100949300	5	0	CN9R1_1_CKDN190048205-1A_HV3TFDSXX_L1
1013	chr7	100956600	102841500	6	NA	CN9R1_1_CKDN190048205-1A_HV3TFDSXX_L1
1014	chr7	102852271	142415902	6	3	CN9R1_1_CKDN190048205-1A_HV3TFDSXX_L1
1015	chr7	142440268	144350600	6	NA	CN9R1_1_CKDN190048205-1A_HV3TFDSXX_L1
1016	chr7	144350900	157570900	5	2	CN9R1_1_CKDN190048205-1A_HV3TFDSXX_L1
1017	chr7	157573300	159332972	6	3	CN9R1_1_CKDN190048205-1A_HV3TFDSXX_L1
1018	chr8	196300	7348324	2	1	CN9R1_1_CKDN190048205-1A_HV3TFDSXX_L1
1019	chr8	7349300	7395222	5	NA	CN9R1_1_CKDN190048205-1A_HV3TFDSXX_L1
1020	chr8	7395726	12496900	3	0	CN9R1_1_CKDN190048205-1A_HV3TFDSXX_L1
1021	chr8	12500107	12599500	5	2	CN9R1_1_CKDN190048205-1A_HV3TFDSXX_L1
1022	chr8	12600500	43955600	3	0	CN9R1_1_CKDN190048205-1A_HV3TFDSXX_L1
1023	chr8	44049300	45756400	1	0	CN9R1_1_CKDN190048205-1A_HV3TFDSXX_L1
1024	chr8	45957300	87374000	3	0	CN9R1_1_CKDN190048205-1A_HV3TFDSXX_L1
1025	chr8	87374800	89411710	3	1	CN9R1_1_CKDN190048205-1A_HV3TFDSXX_L1
1026	chr8	89414500	90561400	3	0	CN9R1_1_CKDN190048205-1A_HV3TFDSXX_L1
1027	chr8	90563113	92159185	4	0	CN9R1_1_CKDN190048205-1A_HV3TFDSXX_L1
1028	chr8	92162200	108724571	3	0	CN9R1_1_CKDN190048205-1A_HV3TFDSXX_L1
1029	chr8	108728000	111833715	4	0	CN9R1_1_CKDN190048205-1A_HV3TFDSXX_L1
1030	chr8	111842786	117574600	3	0	CN9R1_1_CKDN190048205-1A_HV3TFDSXX_L1
1031	chr8	117577700	117636800	6	NA	CN9R1_1_CKDN190048205-1A_HV3TFDSXX_L1
1032	chr8	117637557	130168700	9	1	CN9R1_1_CKDN190048205-1A_HV3TFDSXX_L1
1033	chr8	130172300	130451900	3	NA	CN9R1_1_CKDN190048205-1A_HV3TFDSXX_L1
1034	chr8	130454300	133416775	6	3	CN9R1_1_CKDN190048205-1A_HV3TFDSXX_L1
1035	chr8	133417223	137828400	3	0	CN9R1_1_CKDN190048205-1A_HV3TFDSXX_L1
1036	chr8	137828600	144288000	5	2	CN9R1_1_CKDN190048205-1A_HV3TFDSXX_L1
1037	chr8	144301300	145075300	3	0	CN9R1_1_CKDN190048205-1A_HV3TFDSXX_L1
1038	chr9	10775	1976700	5	2	CN9R1_1_CKDN190048205-1A_HV3TFDSXX_L1
1039	chr9	1979500	3595600	7	1	CN9R1_1_CKDN190048205-1A_HV3TFDSXX_L1
1040	chr9	3596000	6632593	7	2	CN9R1_1_CKDN190048205-1A_HV3TFDSXX_L1
1041	chr9	6633473	9795073	6	1	CN9R1_1_CKDN190048205-1A_HV3TFDSXX_L1
1042	chr9	9799282	9823403	2	NA	CN9R1_1_CKDN190048205-1A_HV3TFDSXX_L1
1043	chr9	9830207	23060726	6	1	CN9R1_1_CKDN190048205-1A_HV3TFDSXX_L1
1044	chr9	23060946	32083618	6	0	CN9R1_1_CKDN190048205-1A_HV3TFDSXX_L1
1045	chr9	32083900	38415400	7	1	CN9R1_1_CKDN190048205-1A_HV3TFDSXX_L1
1046	chr9	38417300	39952400	5	0	CN9R1_1_CKDN190048205-1A_HV3TFDSXX_L1
1047	chr9	40011565	40867421	6	3	CN9R1_1_CKDN190048205-1A_HV3TFDSXX_L1
1048	chr9	40867906	40872800	6	NA	CN9R1_1_CKDN190048205-1A_HV3TFDSXX_L1
1049	chr9	40872997	41575000	5	2	CN9R1_1_CKDN190048205-1A_HV3TFDSXX_L1
1050	chr9	41594100	42384900	8	NA	CN9R1_1_CKDN190048205-1A_HV3TFDSXX_L1
1051	chr9	42386500	43833600	5	2	CN9R1_1_CKDN190048205-1A_HV3TFDSXX_L1
1052	chr9	43886900	61649600	3	NA	CN9R1_1_CKDN190048205-1A_HV3TFDSXX_L1
1053	chr9	61664934	61960800	5	NA	CN9R1_1_CKDN190048205-1A_HV3TFDSXX_L1
1054	chr9	61967400	62523480	3	NA	CN9R1_1_CKDN190048205-1A_HV3TFDSXX_L1
1055	chr9	62526727	63907687	6	2	CN9R1_1_CKDN190048205-1A_HV3TFDSXX_L1
1056	chr9	63908100	66079400	5	NA	CN9R1_1_CKDN190048205-1A_HV3TFDSXX_L1
1057	chr9	66079800	67759757	4	2	CN9R1_1_CKDN190048205-1A_HV3TFDSXX_L1
1058	chr9	67760100	74203900	5	0	CN9R1_1_CKDN190048205-1A_HV3TFDSXX_L1
1059	chr9	74205500	75049400	5	2	CN9R1_1_CKDN190048205-1A_HV3TFDSXX_L1
1060	chr9	75050429	90760100	5	0	CN9R1_1_CKDN190048205-1A_HV3TFDSXX_L1
1061	chr9	90760800	109624300	5	0	CN9R1_1_CKDN190048205-1A_HV3TFDSXX_L1
1062	chr9	109625024	113059500	5	0	CN9R1_1_CKDN190048205-1A_HV3TFDSXX_L1
1063	chr9	113060000	113085800	1	0	CN9R1_1_CKDN190048205-1A_HV3TFDSXX_L1
1064	chr9	113088600	116789400	5	0	CN9R1_1_CKDN190048205-1A_HV3TFDSXX_L1
1065	chr9	116789600	124117091	5	2	CN9R1_1_CKDN190048205-1A_HV3TFDSXX_L1
1066	chr9	124117483	126516800	5	0	CN9R1_1_CKDN190048205-1A_HV3TFDSXX_L1
1067	chr9	126520600	126744481	5	2	CN9R1_1_CKDN190048205-1A_HV3TFDSXX_L1
1068	chr9	126745963	130921307	5	0	CN9R1_1_CKDN190048205-1A_HV3TFDSXX_L1
1069	chr9	130921576	137532899	5	0	CN9R1_1_CKDN190048205-1A_HV3TFDSXX_L1
1070	chr9	137537866	138232259	5	2	CN9R1_1_CKDN190048205-1A_HV3TFDSXX_L1
1071	chr10	11600	23374400	3	0	CN9R1_1_CKDN190048205-1A_HV3TFDSXX_L1
1072	chr10	23377975	23446700	1	0	CN9R1_1_CKDN190048205-1A_HV3TFDSXX_L1
1073	chr10	23448900	28358405	3	0	CN9R1_1_CKDN190048205-1A_HV3TFDSXX_L1
1074	chr10	28359072	28788500	2	0	CN9R1_1_CKDN190048205-1A_HV3TFDSXX_L1
1075	chr10	28788692	28879356	2	0	CN9R1_1_CKDN190048205-1A_HV3TFDSXX_L1
1076	chr10	28879981	29027400	2	0	CN9R1_1_CKDN190048205-1A_HV3TFDSXX_L1
1077	chr10	29027778	30045500	2	0	CN9R1_1_CKDN190048205-1A_HV3TFDSXX_L1
1078	chr10	30045875	30351000	2	0	CN9R1_1_CKDN190048205-1A_HV3TFDSXX_L1
1079	chr10	30352528	36597992	3	0	CN9R1_1_CKDN190048205-1A_HV3TFDSXX_L1
1080	chr10	36599192	41766180	3	0	CN9R1_1_CKDN190048205-1A_HV3TFDSXX_L1
1081	chr10	41768400	41844310	3	NA	CN9R1_1_CKDN190048205-1A_HV3TFDSXX_L1
1082	chr10	41844400	41852412	5	NA	CN9R1_1_CKDN190048205-1A_HV3TFDSXX_L1
1083	chr10	41852922	41912400	5	2	CN9R1_1_CKDN190048205-1A_HV3TFDSXX_L1
1084	chr10	41912700	42085900	1	0	CN9R1_1_CKDN190048205-1A_HV3TFDSXX_L1
1085	chr10	42086400	42463820	4	1	CN9R1_1_CKDN190048205-1A_HV3TFDSXX_L1
1086	chr10	42464100	45417300	4	0	CN9R1_1_CKDN190048205-1A_HV3TFDSXX_L1
1087	chr10	45417900	45606700	4	2	CN9R1_1_CKDN190048205-1A_HV3TFDSXX_L1
1088	chr10	45608396	46378100	4	0	CN9R1_1_CKDN190048205-1A_HV3TFDSXX_L1
1089	chr10	46388800	46727700	7	2	CN9R1_1_CKDN190048205-1A_HV3TFDSXX_L1
1090	chr10	46727900	47466200	4	NA	CN9R1_1_CKDN190048205-1A_HV3TFDSXX_L1
1091	chr10	47470000	47974800	6	NA	CN9R1_1_CKDN190048205-1A_HV3TFDSXX_L1
1092	chr10	47985200	49898300	5	2	CN9R1_1_CKDN190048205-1A_HV3TFDSXX_L1
1093	chr10	49900687	52935900	5	2	CN9R1_1_CKDN190048205-1A_HV3TFDSXX_L1
1094	chr10	52936162	58106936	6	3	CN9R1_1_CKDN190048205-1A_HV3TFDSXX_L1
1095	chr10	58107708	63656900	4	0	CN9R1_1_CKDN190048205-1A_HV3TFDSXX_L1
1096	chr10	63658983	63956427	5	2	CN9R1_1_CKDN190048205-1A_HV3TFDSXX_L1
1097	chr10	63956672	75122700	4	0	CN9R1_1_CKDN190048205-1A_HV3TFDSXX_L1
1098	chr10	75124500	75750250	4	1	CN9R1_1_CKDN190048205-1A_HV3TFDSXX_L1
1099	chr10	75752400	77204800	6	0	CN9R1_1_CKDN190048205-1A_HV3TFDSXX_L1
1100	chr10	77206147	77331700	8	NA	CN9R1_1_CKDN190048205-1A_HV3TFDSXX_L1
1101	chr10	77333500	79696748	12	1	CN9R1_1_CKDN190048205-1A_HV3TFDSXX_L1
1102	chr10	79699643	82808944	11	2	CN9R1_1_CKDN190048205-1A_HV3TFDSXX_L1
1103	chr10	82876300	133783700	6	3	CN9R1_1_CKDN190048205-1A_HV3TFDSXX_L1
1104	chr11	133500	50820327	5	0	CN9R1_1_CKDN190048205-1A_HV3TFDSXX_L1
1105	chr11	51093600	54394800	1	0	CN9R1_1_CKDN190048205-1A_HV3TFDSXX_L1
1106	chr11	54395100	56668200	5	NA	CN9R1_1_CKDN190048205-1A_HV3TFDSXX_L1
1107	chr11	56673404	88986179	5	0	CN9R1_1_CKDN190048205-1A_HV3TFDSXX_L1
1108	chr11	89007659	94228000	5	2	CN9R1_1_CKDN190048205-1A_HV3TFDSXX_L1
1109	chr11	94234000	94239238	11	NA	CN9R1_1_CKDN190048205-1A_HV3TFDSXX_L1
1110	chr11	94239600	135065500	5	0	CN9R1_1_CKDN190048205-1A_HV3TFDSXX_L1
1111	chr12	11800	15000	6	NA	CN9R1_1_CKDN190048205-1A_HV3TFDSXX_L1
1112	chr12	15700	61000	6	3	CN9R1_1_CKDN190048205-1A_HV3TFDSXX_L1
1113	chr12	61337	11059834	5	2	CN9R1_1_CKDN190048205-1A_HV3TFDSXX_L1
1114	chr12	11060865	11429027	3	0	CN9R1_1_CKDN190048205-1A_HV3TFDSXX_L1
1115	chr12	11430500	26475760	5	2	CN9R1_1_CKDN190048205-1A_HV3TFDSXX_L1
1116	chr12	26477039	26571600	1	0	CN9R1_1_CKDN190048205-1A_HV3TFDSXX_L1
1117	chr12	26573937	26607820	4	NA	CN9R1_1_CKDN190048205-1A_HV3TFDSXX_L1
1118	chr12	26609400	28026307	5	2	CN9R1_1_CKDN190048205-1A_HV3TFDSXX_L1
1119	chr12	28027066	34716000	4	0	CN9R1_1_CKDN190048205-1A_HV3TFDSXX_L1
1120	chr12	34718600	37179900	1	0	CN9R1_1_CKDN190048205-1A_HV3TFDSXX_L1
1121	chr12	37254100	42764700	5	2	CN9R1_1_CKDN190048205-1A_HV3TFDSXX_L1
1122	chr12	42766400	113107100	5	2	CN9R1_1_CKDN190048205-1A_HV3TFDSXX_L1
1123	chr12	113108501	119558400	4	0	CN9R1_1_CKDN190048205-1A_HV3TFDSXX_L1
1124	chr12	119560499	125486755	4	0	CN9R1_1_CKDN190048205-1A_HV3TFDSXX_L1
1125	chr12	125487200	133260278	4	0	CN9R1_1_CKDN190048205-1A_HV3TFDSXX_L1
1126	chr13	16003500	16099800	7	NA	CN9R1_1_CKDN190048205-1A_HV3TFDSXX_L1
1127	chr13	16106500	16163700	1	0	CN9R1_1_CKDN190048205-1A_HV3TFDSXX_L1
1128	chr13	16164200	17415600	6	NA	CN9R1_1_CKDN190048205-1A_HV3TFDSXX_L1
1129	chr13	17420700	18354300	1	0	CN9R1_1_CKDN190048205-1A_HV3TFDSXX_L1
1130	chr13	18409000	18557100	1	0	CN9R1_1_CKDN190048205-1A_HV3TFDSXX_L1
1131	chr13	18559600	78668831	2	0	CN9R1_1_CKDN190048205-1A_HV3TFDSXX_L1
1132	chr13	78689248	114344024	5	2	CN9R1_1_CKDN190048205-1A_HV3TFDSXX_L1
1133	chr14	16031400	19228200	6	NA	CN9R1_1_CKDN190048205-1A_HV3TFDSXX_L1
1134	chr14	19263500	19485500	11	NA	CN9R1_1_CKDN190048205-1A_HV3TFDSXX_L1
1135	chr14	19813700	72423700	3	0	CN9R1_1_CKDN190048205-1A_HV3TFDSXX_L1
1136	chr14	72436571	74535294	3	0	CN9R1_1_CKDN190048205-1A_HV3TFDSXX_L1
1137	chr14	74535700	74635500	3	0	CN9R1_1_CKDN190048205-1A_HV3TFDSXX_L1
1138	chr14	74635750	81149864	3	0	CN9R1_1_CKDN190048205-1A_HV3TFDSXX_L1
1139	chr14	81150300	83018231	3	0	CN9R1_1_CKDN190048205-1A_HV3TFDSXX_L1
1140	chr14	83025200	99204828	3	0	CN9R1_1_CKDN190048205-1A_HV3TFDSXX_L1
1141	chr14	99208100	99405475	3	NA	CN9R1_1_CKDN190048205-1A_HV3TFDSXX_L1
1142	chr14	99428800	105554464	6	0	CN9R1_1_CKDN190048205-1A_HV3TFDSXX_L1
1143	chr14	105555333	105765300	10	NA	CN9R1_1_CKDN190048205-1A_HV3TFDSXX_L1
1144	chr14	105769300	106880740	5	0	CN9R1_1_CKDN190048205-1A_HV3TFDSXX_L1
1145	chr15	17000700	19641700	7	NA	CN9R1_1_CKDN190048205-1A_HV3TFDSXX_L1
1146	chr15	19654800	20265585	2	0	CN9R1_1_CKDN190048205-1A_HV3TFDSXX_L1
1147	chr15	20265960	22371300	3	0	CN9R1_1_CKDN190048205-1A_HV3TFDSXX_L1
1148	chr15	22371700	23443700	3	0	CN9R1_1_CKDN190048205-1A_HV3TFDSXX_L1
1149	chr15	23472943	28411600	2	0	CN9R1_1_CKDN190048205-1A_HV3TFDSXX_L1
1150	chr15	28415500	50982700	3	0	CN9R1_1_CKDN190048205-1A_HV3TFDSXX_L1
1151	chr15	50984300	101980551	4	0	CN9R1_1_CKDN190048205-1A_HV3TFDSXX_L1
1152	chr16	11000	3764000	5	0	CN9R1_1_CKDN190048205-1A_HV3TFDSXX_L1
1153	chr16	3774731	4972600	8	NA	CN9R1_1_CKDN190048205-1A_HV3TFDSXX_L1
1154	chr16	4981914	5070900	6	NA	CN9R1_1_CKDN190048205-1A_HV3TFDSXX_L1
1155	chr16	5078600	7971036	3	0	CN9R1_1_CKDN190048205-1A_HV3TFDSXX_L1
1156	chr16	7990126	14873791	5	0	CN9R1_1_CKDN190048205-1A_HV3TFDSXX_L1
1157	chr16	14881100	15029883	10	4	CN9R1_1_CKDN190048205-1A_HV3TFDSXX_L1
1158	chr16	15047800	21474700	5	0	CN9R1_1_CKDN190048205-1A_HV3TFDSXX_L1
1159	chr16	21499230	21581313	8	1	CN9R1_1_CKDN190048205-1A_HV3TFDSXX_L1
1160	chr16	21581506	22430500	6	NA	CN9R1_1_CKDN190048205-1A_HV3TFDSXX_L1
1161	chr16	22432000	22699100	9	2	CN9R1_1_CKDN190048205-1A_HV3TFDSXX_L1
1162	chr16	22722915	33109700	6	3	CN9R1_1_CKDN190048205-1A_HV3TFDSXX_L1
1163	chr16	33112500	34603700	4	NA	CN9R1_1_CKDN190048205-1A_HV3TFDSXX_L1
1164	chr16	34606400	34948900	3	NA	CN9R1_1_CKDN190048205-1A_HV3TFDSXX_L1
1165	chr16	34949318	34956300	1	0	CN9R1_1_CKDN190048205-1A_HV3TFDSXX_L1
1166	chr16	34957100	36083300	2	NA	CN9R1_1_CKDN190048205-1A_HV3TFDSXX_L1
1167	chr16	36084900	38279600	3	NA	CN9R1_1_CKDN190048205-1A_HV3TFDSXX_L1
1168	chr16	46381513	46392716	10	NA	CN9R1_1_CKDN190048205-1A_HV3TFDSXX_L1
1169	chr16	46393000	76340952	4	0	CN9R1_1_CKDN190048205-1A_HV3TFDSXX_L1
1170	chr16	76341636	81189900	4	0	CN9R1_1_CKDN190048205-1A_HV3TFDSXX_L1
1171	chr16	81190890	90102378	4	0	CN9R1_1_CKDN190048205-1A_HV3TFDSXX_L1
1172	chr16	90102800	90226937	6	NA	CN9R1_1_CKDN190048205-1A_HV3TFDSXX_L1
1173	chr17	72900	8848544	5	2	CN9R1_1_CKDN190048205-1A_HV3TFDSXX_L1
1174	chr17	8848800	11973651	4	0	CN9R1_1_CKDN190048205-1A_HV3TFDSXX_L1
1175	chr17	11974192	21291459	5	2	CN9R1_1_CKDN190048205-1A_HV3TFDSXX_L1
1176	chr17	21291924	22197585	5	2	CN9R1_1_CKDN190048205-1A_HV3TFDSXX_L1
1177	chr17	22199700	22821700	4	NA	CN9R1_1_CKDN190048205-1A_HV3TFDSXX_L1
1178	chr17	22822100	26414700	1	0	CN9R1_1_CKDN190048205-1A_HV3TFDSXX_L1
1179	chr17	26549100	26677500	3	NA	CN9R1_1_CKDN190048205-1A_HV3TFDSXX_L1
1180	chr17	26683300	27398850	4	2	CN9R1_1_CKDN190048205-1A_HV3TFDSXX_L1
1181	chr17	27399223	29613800	5	2	CN9R1_1_CKDN190048205-1A_HV3TFDSXX_L1
1182	chr17	29615000	31470700	4	0	CN9R1_1_CKDN190048205-1A_HV3TFDSXX_L1
1183	chr17	31471900	36163887	5	2	CN9R1_1_CKDN190048205-1A_HV3TFDSXX_L1
1184	chr17	36164318	36441700	2	NA	CN9R1_1_CKDN190048205-1A_HV3TFDSXX_L1
1185	chr17	36443800	37862900	6	3	CN9R1_1_CKDN190048205-1A_HV3TFDSXX_L1
1186	chr17	37864993	38230200	2	NA	CN9R1_1_CKDN190048205-1A_HV3TFDSXX_L1
1187	chr17	38251000	38881500	4	0	CN9R1_1_CKDN190048205-1A_HV3TFDSXX_L1
1188	chr17	38883900	40765120	4	1	CN9R1_1_CKDN190048205-1A_HV3TFDSXX_L1
1189	chr17	40766277	42683251	4	0	CN9R1_1_CKDN190048205-1A_HV3TFDSXX_L1
1190	chr17	42684400	45572900	3	0	CN9R1_1_CKDN190048205-1A_HV3TFDSXX_L1
1191	chr17	45575100	45586800	9	NA	CN9R1_1_CKDN190048205-1A_HV3TFDSXX_L1
1192	chr17	45588312	46084800	3	0	CN9R1_1_CKDN190048205-1A_HV3TFDSXX_L1
1193	chr17	46086457	46290000	6	NA	CN9R1_1_CKDN190048205-1A_HV3TFDSXX_L1
1194	chr17	46299100	46363600	3	NA	CN9R1_1_CKDN190048205-1A_HV3TFDSXX_L1
1195	chr17	46382000	46475100	1	0	CN9R1_1_CKDN190048205-1A_HV3TFDSXX_L1
1196	chr17	46490300	46575400	6	NA	CN9R1_1_CKDN190048205-1A_HV3TFDSXX_L1
1197	chr17	46580300	56964400	3	0	CN9R1_1_CKDN190048205-1A_HV3TFDSXX_L1
1198	chr17	56965334	71823555	5	2	CN9R1_1_CKDN190048205-1A_HV3TFDSXX_L1
1199	chr17	71823800	73561723	5	0	CN9R1_1_CKDN190048205-1A_HV3TFDSXX_L1
1200	chr17	73564352	74395800	4	0	CN9R1_1_CKDN190048205-1A_HV3TFDSXX_L1
1201	chr17	74396826	78386200	5	0	CN9R1_1_CKDN190048205-1A_HV3TFDSXX_L1
1202	chr17	78386461	81908300	4	0	CN9R1_1_CKDN190048205-1A_HV3TFDSXX_L1
1203	chr17	81908570	82725156	7	1	CN9R1_1_CKDN190048205-1A_HV3TFDSXX_L1
1204	chr17	82727922	83244700	8	0	CN9R1_1_CKDN190048205-1A_HV3TFDSXX_L1
1205	chr18	15000	98734	3	NA	CN9R1_1_CKDN190048205-1A_HV3TFDSXX_L1
1206	chr18	105902	111100	9	NA	CN9R1_1_CKDN190048205-1A_HV3TFDSXX_L1
1207	chr18	112400	19574700	3	0	CN9R1_1_CKDN190048205-1A_HV3TFDSXX_L1
1208	chr18	19791800	20926500	7	NA	CN9R1_1_CKDN190048205-1A_HV3TFDSXX_L1
1209	chr18	20938471	80259147	3	0	CN9R1_1_CKDN190048205-1A_HV3TFDSXX_L1
1210	chr19	75000	24318300	5	2	CN9R1_1_CKDN190048205-1A_HV3TFDSXX_L1
1211	chr19	24330498	24369123	6	2	CN9R1_1_CKDN190048205-1A_HV3TFDSXX_L1
1212	chr19	24369600	24420190	4	2	CN9R1_1_CKDN190048205-1A_HV3TFDSXX_L1
1213	chr19	24420557	24441300	1	0	CN9R1_1_CKDN190048205-1A_HV3TFDSXX_L1
1214	chr19	24441500	27311000	4	NA	CN9R1_1_CKDN190048205-1A_HV3TFDSXX_L1
1215	chr19	27322900	27677800	6	3	CN9R1_1_CKDN190048205-1A_HV3TFDSXX_L1
1216	chr19	27685545	37269700	5	2	CN9R1_1_CKDN190048205-1A_HV3TFDSXX_L1
1217	chr19	37271082	37294800	27	NA	CN9R1_1_CKDN190048205-1A_HV3TFDSXX_L1
1218	chr19	37306600	50767024	5	2	CN9R1_1_CKDN190048205-1A_HV3TFDSXX_L1
1219	chr19	50770900	52236760	6	0	CN9R1_1_CKDN190048205-1A_HV3TFDSXX_L1
1220	chr19	52257550	53748500	9	1	CN9R1_1_CKDN190048205-1A_HV3TFDSXX_L1
1221	chr19	53755600	58317920	6	1	CN9R1_1_CKDN190048205-1A_HV3TFDSXX_L1
1222	chr19	58323500	58604619	1	0	CN9R1_1_CKDN190048205-1A_HV3TFDSXX_L1
1223	chr20	61400	12119100	6	3	CN9R1_1_CKDN190048205-1A_HV3TFDSXX_L1
1224	chr20	12119993	16673465	5	0	CN9R1_1_CKDN190048205-1A_HV3TFDSXX_L1
1225	chr20	16674644	18806500	6	0	CN9R1_1_CKDN190048205-1A_HV3TFDSXX_L1
1226	chr20	18809200	25165707	5	0	CN9R1_1_CKDN190048205-1A_HV3TFDSXX_L1
1227	chr20	25166600	29407500	6	2	CN9R1_1_CKDN190048205-1A_HV3TFDSXX_L1
1228	chr20	29408100	31106100	6	3	CN9R1_1_CKDN190048205-1A_HV3TFDSXX_L1
1229	chr20	31157800	34871600	6	0	CN9R1_1_CKDN190048205-1A_HV3TFDSXX_L1
1230	chr20	34871700	37244427	6	3	CN9R1_1_CKDN190048205-1A_HV3TFDSXX_L1
1231	chr20	37246000	38614300	6	3	CN9R1_1_CKDN190048205-1A_HV3TFDSXX_L1
1232	chr20	38615400	40900600	5	2	CN9R1_1_CKDN190048205-1A_HV3TFDSXX_L1
1233	chr20	40902131	41978900	6	3	CN9R1_1_CKDN190048205-1A_HV3TFDSXX_L1
1234	chr20	41979700	44415421	5	0	CN9R1_1_CKDN190048205-1A_HV3TFDSXX_L1
1235	chr20	44416400	44938146	6	0	CN9R1_1_CKDN190048205-1A_HV3TFDSXX_L1
1236	chr20	44938400	45468298	6	3	CN9R1_1_CKDN190048205-1A_HV3TFDSXX_L1
1237	chr20	45469600	48433259	5	0	CN9R1_1_CKDN190048205-1A_HV3TFDSXX_L1
1238	chr20	48433827	49321300	5	2	CN9R1_1_CKDN190048205-1A_HV3TFDSXX_L1
1239	chr20	49321500	51652880	5	0	CN9R1_1_CKDN190048205-1A_HV3TFDSXX_L1
1240	chr20	51653400	53726185	5	0	CN9R1_1_CKDN190048205-1A_HV3TFDSXX_L1
1241	chr20	53726692	54447170	6	3	CN9R1_1_CKDN190048205-1A_HV3TFDSXX_L1
1242	chr20	54447532	56315700	5	2	CN9R1_1_CKDN190048205-1A_HV3TFDSXX_L1
1243	chr20	56315995	57936222	6	3	CN9R1_1_CKDN190048205-1A_HV3TFDSXX_L1
1244	chr20	57936864	58114000	5	2	CN9R1_1_CKDN190048205-1A_HV3TFDSXX_L1
1245	chr20	58115400	59292700	6	3	CN9R1_1_CKDN190048205-1A_HV3TFDSXX_L1
1246	chr20	59293839	64261563	5	0	CN9R1_1_CKDN190048205-1A_HV3TFDSXX_L1
1247	chr20	64262541	64333300	6	NA	CN9R1_1_CKDN190048205-1A_HV3TFDSXX_L1
1248	chr21	5085900	5329700	4	NA	CN9R1_1_CKDN190048205-1A_HV3TFDSXX_L1
1249	chr21	5332000	6364200	1	0	CN9R1_1_CKDN190048205-1A_HV3TFDSXX_L1
1250	chr21	6364300	8992253	4	NA	CN9R1_1_CKDN190048205-1A_HV3TFDSXX_L1
1251	chr21	8992779	9036686	6	2	CN9R1_1_CKDN190048205-1A_HV3TFDSXX_L1
1252	chr21	9037200	9987000	5	2	CN9R1_1_CKDN190048205-1A_HV3TFDSXX_L1
1253	chr21	9987400	10427048	4	2	CN9R1_1_CKDN190048205-1A_HV3TFDSXX_L1
1254	chr21	10427291	10565500	5	2	CN9R1_1_CKDN190048205-1A_HV3TFDSXX_L1
1255	chr21	10565849	10795690	3	0	CN9R1_1_CKDN190048205-1A_HV3TFDSXX_L1
1256	chr21	10795900	13034100	5	2	CN9R1_1_CKDN190048205-1A_HV3TFDSXX_L1
1257	chr21	13035100	17933300	5	2	CN9R1_1_CKDN190048205-1A_HV3TFDSXX_L1
1258	chr21	17934947	24700000	5	2	CN9R1_1_CKDN190048205-1A_HV3TFDSXX_L1
1259	chr21	24701057	30020563	5	2	CN9R1_1_CKDN190048205-1A_HV3TFDSXX_L1
1260	chr21	30024900	32188300	4	0	CN9R1_1_CKDN190048205-1A_HV3TFDSXX_L1
1261	chr21	32189062	35095560	5	2	CN9R1_1_CKDN190048205-1A_HV3TFDSXX_L1
1262	chr21	35095700	36088382	4	2	CN9R1_1_CKDN190048205-1A_HV3TFDSXX_L1
1263	chr21	36088564	38440254	5	2	CN9R1_1_CKDN190048205-1A_HV3TFDSXX_L1
1264	chr21	38442032	43366225	4	0	CN9R1_1_CKDN190048205-1A_HV3TFDSXX_L1
1265	chr21	43368747	46697400	6	3	CN9R1_1_CKDN190048205-1A_HV3TFDSXX_L1
1266	chr22	10557900	11266400	4	NA	CN9R1_1_CKDN190048205-1A_HV3TFDSXX_L1
1267	chr22	11271200	11630500	3	NA	CN9R1_1_CKDN190048205-1A_HV3TFDSXX_L1
1268	chr22	11681800	11720300	1	0	CN9R1_1_CKDN190048205-1A_HV3TFDSXX_L1
1269	chr22	11722600	11974400	4	NA	CN9R1_1_CKDN190048205-1A_HV3TFDSXX_L1
1270	chr22	12029600	12152000	1	0	CN9R1_1_CKDN190048205-1A_HV3TFDSXX_L1
1271	chr22	12155700	12188100	3	NA	CN9R1_1_CKDN190048205-1A_HV3TFDSXX_L1
1272	chr22	12190100	12374300	7	NA	CN9R1_1_CKDN190048205-1A_HV3TFDSXX_L1
1273	chr22	12375500	12640800	3	NA	CN9R1_1_CKDN190048205-1A_HV3TFDSXX_L1
1274	chr22	12692400	15620530	6	NA	CN9R1_1_CKDN190048205-1A_HV3TFDSXX_L1
1275	chr22	15626100	15908000	10	NA	CN9R1_1_CKDN190048205-1A_HV3TFDSXX_L1
1276	chr22	15920900	16527771	6	3	CN9R1_1_CKDN190048205-1A_HV3TFDSXX_L1
1277	chr22	16529025	18175875	4	0	CN9R1_1_CKDN190048205-1A_HV3TFDSXX_L1
1278	chr22	18185323	18649871	1	0	CN9R1_1_CKDN190048205-1A_HV3TFDSXX_L1
1279	chr22	18727900	46949900	4	0	CN9R1_1_CKDN190048205-1A_HV3TFDSXX_L1
1280	chr22	46954388	49735805	4	0	CN9R1_1_CKDN190048205-1A_HV3TFDSXX_L1
1281	chr22	49736200	50801200	4	0	CN9R1_1_CKDN190048205-1A_HV3TFDSXX_L1
1282	chr23	25479	156029565	3	0	CN9R1_1_CKDN190048205-1A_HV3TFDSXX_L1
1283	chr1	13300	2395636	3	0	CN9R1_2_CKDN190048207-1A_HTC3FDSXX_L2
1284	chr1	2396000	2527400	3	1	CN9R1_2_CKDN190048207-1A_HTC3FDSXX_L2
1285	chr1	2527528	2688292	1	0	CN9R1_2_CKDN190048207-1A_HTC3FDSXX_L2
1286	chr1	2695663	2758500	1	0	CN9R1_2_CKDN190048207-1A_HTC3FDSXX_L2
1287	chr1	2768000	5763255	3	0	CN9R1_2_CKDN190048207-1A_HTC3FDSXX_L2
1288	chr1	5763528	6159600	3	1	CN9R1_2_CKDN190048207-1A_HTC3FDSXX_L2
1289	chr1	6160707	11608800	3	0	CN9R1_2_CKDN190048207-1A_HTC3FDSXX_L2
1290	chr1	11609899	12139500	4	0	CN9R1_2_CKDN190048207-1A_HTC3FDSXX_L2
1291	chr1	12140000	13319100	3	0	CN9R1_2_CKDN190048207-1A_HTC3FDSXX_L2
1292	chr1	13319500	15167900	3	0	CN9R1_2_CKDN190048207-1A_HTC3FDSXX_L2
1293	chr1	15168614	16043700	3	0	CN9R1_2_CKDN190048207-1A_HTC3FDSXX_L2
1294	chr1	16044404	16863923	5	0	CN9R1_2_CKDN190048207-1A_HTC3FDSXX_L2
1295	chr1	16864023	16948870	6	NA	CN9R1_2_CKDN190048207-1A_HTC3FDSXX_L2
1296	chr1	16949600	17099124	4	0	CN9R1_2_CKDN190048207-1A_HTC3FDSXX_L2
1297	chr1	17099900	29472886	3	0	CN9R1_2_CKDN190048207-1A_HTC3FDSXX_L2
1298	chr1	29473689	30817993	3	0	CN9R1_2_CKDN190048207-1A_HTC3FDSXX_L2
1299	chr1	30818258	32731600	3	0	CN9R1_2_CKDN190048207-1A_HTC3FDSXX_L2
1300	chr1	32732171	33067500	3	1	CN9R1_2_CKDN190048207-1A_HTC3FDSXX_L2
1301	chr1	33067800	33542300	3	0	CN9R1_2_CKDN190048207-1A_HTC3FDSXX_L2
1302	chr1	33543367	35064600	3	0	CN9R1_2_CKDN190048207-1A_HTC3FDSXX_L2
1303	chr1	35069200	37445906	3	0	CN9R1_2_CKDN190048207-1A_HTC3FDSXX_L2
1304	chr1	37447391	38093434	4	0	CN9R1_2_CKDN190048207-1A_HTC3FDSXX_L2
1305	chr1	38093726	41420700	3	0	CN9R1_2_CKDN190048207-1A_HTC3FDSXX_L2
1306	chr1	41421300	42885900	4	0	CN9R1_2_CKDN190048207-1A_HTC3FDSXX_L2
1307	chr1	42886222	47122300	3	0	CN9R1_2_CKDN190048207-1A_HTC3FDSXX_L2
1308	chr1	47122700	50229100	3	0	CN9R1_2_CKDN190048207-1A_HTC3FDSXX_L2
1309	chr1	50229900	53423700	3	0	CN9R1_2_CKDN190048207-1A_HTC3FDSXX_L2
1310	chr1	53425193	55769300	3	0	CN9R1_2_CKDN190048207-1A_HTC3FDSXX_L2
1311	chr1	55769700	55842684	1	0	CN9R1_2_CKDN190048207-1A_HTC3FDSXX_L2
1312	chr1	55844400	58274900	3	0	CN9R1_2_CKDN190048207-1A_HTC3FDSXX_L2
1313	chr1	58279800	58848100	3	0	CN9R1_2_CKDN190048207-1A_HTC3FDSXX_L2
1314	chr1	58848300	59775521	5	0	CN9R1_2_CKDN190048207-1A_HTC3FDSXX_L2
1315	chr1	59777200	63488720	3	0	CN9R1_2_CKDN190048207-1A_HTC3FDSXX_L2
1316	chr1	63494094	67055530	3	0	CN9R1_2_CKDN190048207-1A_HTC3FDSXX_L2
1317	chr1	67055780	67310100	3	1	CN9R1_2_CKDN190048207-1A_HTC3FDSXX_L2
1318	chr1	67311019	68478800	3	0	CN9R1_2_CKDN190048207-1A_HTC3FDSXX_L2
1319	chr1	68480600	71769900	2	0	CN9R1_2_CKDN190048207-1A_HTC3FDSXX_L2
1320	chr1	71774838	74403608	2	1	CN9R1_2_CKDN190048207-1A_HTC3FDSXX_L2
1321	chr1	74404200	84452513	2	0	CN9R1_2_CKDN190048207-1A_HTC3FDSXX_L2
1322	chr1	84452700	98563264	2	0	CN9R1_2_CKDN190048207-1A_HTC3FDSXX_L2
1323	chr1	98563515	100724617	2	0	CN9R1_2_CKDN190048207-1A_HTC3FDSXX_L2
1324	chr1	100726900	101395500	2	0	CN9R1_2_CKDN190048207-1A_HTC3FDSXX_L2
1325	chr1	101395869	105307149	2	0	CN9R1_2_CKDN190048207-1A_HTC3FDSXX_L2
1326	chr1	105313000	106965845	2	0	CN9R1_2_CKDN190048207-1A_HTC3FDSXX_L2
1327	chr1	106972700	120574200	2	0	CN9R1_2_CKDN190048207-1A_HTC3FDSXX_L2
1328	chr1	120575900	120942596	5	NA	CN9R1_2_CKDN190048207-1A_HTC3FDSXX_L2
1329	chr1	120944500	122805200	2	NA	CN9R1_2_CKDN190048207-1A_HTC3FDSXX_L2
1330	chr1	122805900	125178400	1	0	CN9R1_2_CKDN190048207-1A_HTC3FDSXX_L2
1331	chr1	125178700	143264100	1	0	CN9R1_2_CKDN190048207-1A_HTC3FDSXX_L2
1332	chr1	143264300	155715700	4	0	CN9R1_2_CKDN190048207-1A_HTC3FDSXX_L2
1333	chr1	155734145	158664500	2	NA	CN9R1_2_CKDN190048207-1A_HTC3FDSXX_L2
1334	chr1	158695081	167592259	5	2	CN9R1_2_CKDN190048207-1A_HTC3FDSXX_L2
1335	chr1	167600200	219129000	2	0	CN9R1_2_CKDN190048207-1A_HTC3FDSXX_L2
1336	chr1	219201000	219566565	2	NA	CN9R1_2_CKDN190048207-1A_HTC3FDSXX_L2
1337	chr1	219586500	219896000	11	NA	CN9R1_2_CKDN190048207-1A_HTC3FDSXX_L2
1338	chr1	219943828	220333387	5	NA	CN9R1_2_CKDN190048207-1A_HTC3FDSXX_L2
1339	chr1	220333754	223085900	7	NA	CN9R1_2_CKDN190048207-1A_HTC3FDSXX_L2
1340	chr1	223133800	223393881	2	NA	CN9R1_2_CKDN190048207-1A_HTC3FDSXX_L2
1341	chr1	223409411	225599403	6	NA	CN9R1_2_CKDN190048207-1A_HTC3FDSXX_L2
1342	chr1	225602261	248944400	2	0	CN9R1_2_CKDN190048207-1A_HTC3FDSXX_L2
1343	chr2	740580	87341900	3	NA	CN9R1_2_CKDN190048207-1A_HTC3FDSXX_L2
1344	chr2	87347100	94292400	6	3	CN9R1_2_CKDN190048207-1A_HTC3FDSXX_L2
1345	chr2	94505600	240786700	5	2	CN9R1_2_CKDN190048207-1A_HTC3FDSXX_L2
1346	chr3	17200	6285971	3	0	CN9R1_2_CKDN190048207-1A_HTC3FDSXX_L2
1347	chr3	6296311	11334900	2	NA	CN9R1_2_CKDN190048207-1A_HTC3FDSXX_L2
1348	chr3	11453271	17019900	4	2	CN9R1_2_CKDN190048207-1A_HTC3FDSXX_L2
1349	chr3	17045951	54938254	2	0	CN9R1_2_CKDN190048207-1A_HTC3FDSXX_L2
1350	chr3	54999824	59811858	4	NA	CN9R1_2_CKDN190048207-1A_HTC3FDSXX_L2
1351	chr3	59821457	75433618	2	0	CN9R1_2_CKDN190048207-1A_HTC3FDSXX_L2
1352	chr3	75490657	75738600	4	NA	CN9R1_2_CKDN190048207-1A_HTC3FDSXX_L2
1353	chr3	75739000	89683892	2	NA	CN9R1_2_CKDN190048207-1A_HTC3FDSXX_L2
1354	chr3	89686121	99071923	5	0	CN9R1_2_CKDN190048207-1A_HTC3FDSXX_L2
1355	chr3	99072715	101104520	3	0	CN9R1_2_CKDN190048207-1A_HTC3FDSXX_L2
1356	chr3	101105000	102105542	5	0	CN9R1_2_CKDN190048207-1A_HTC3FDSXX_L2
1357	chr3	102106013	110861779	3	0	CN9R1_2_CKDN190048207-1A_HTC3FDSXX_L2
1358	chr3	110862800	112720822	3	0	CN9R1_2_CKDN190048207-1A_HTC3FDSXX_L2
1359	chr3	112723389	125436929	3	0	CN9R1_2_CKDN190048207-1A_HTC3FDSXX_L2
1360	chr3	125438034	125956655	3	1	CN9R1_2_CKDN190048207-1A_HTC3FDSXX_L2
1361	chr3	125958775	127948900	3	0	CN9R1_2_CKDN190048207-1A_HTC3FDSXX_L2
1362	chr3	127951600	128983628	5	0	CN9R1_2_CKDN190048207-1A_HTC3FDSXX_L2
1363	chr3	128984100	140737253	3	0	CN9R1_2_CKDN190048207-1A_HTC3FDSXX_L2
1364	chr3	140737519	144400000	3	0	CN9R1_2_CKDN190048207-1A_HTC3FDSXX_L2
1365	chr3	144400195	149115158	4	2	CN9R1_2_CKDN190048207-1A_HTC3FDSXX_L2
1366	chr3	149116300	149245100	3	NA	CN9R1_2_CKDN190048207-1A_HTC3FDSXX_L2
1367	chr3	149246000	149251200	1	0	CN9R1_2_CKDN190048207-1A_HTC3FDSXX_L2
1368	chr3	149252871	153031831	3	0	CN9R1_2_CKDN190048207-1A_HTC3FDSXX_L2
1369	chr3	153033900	156446531	3	0	CN9R1_2_CKDN190048207-1A_HTC3FDSXX_L2
1370	chr3	156447600	159756000	3	0	CN9R1_2_CKDN190048207-1A_HTC3FDSXX_L2
1371	chr3	159756378	159789670	3	NA	CN9R1_2_CKDN190048207-1A_HTC3FDSXX_L2
1372	chr3	159789900	161987262	5	0	CN9R1_2_CKDN190048207-1A_HTC3FDSXX_L2
1373	chr3	161988746	170778600	3	0	CN9R1_2_CKDN190048207-1A_HTC3FDSXX_L2
1374	chr3	170779000	172976360	5	0	CN9R1_2_CKDN190048207-1A_HTC3FDSXX_L2
1375	chr3	172977300	184616240	3	0	CN9R1_2_CKDN190048207-1A_HTC3FDSXX_L2
1376	chr3	184617853	186206100	3	0	CN9R1_2_CKDN190048207-1A_HTC3FDSXX_L2
1377	chr3	186206400	191041982	3	0	CN9R1_2_CKDN190048207-1A_HTC3FDSXX_L2
1378	chr3	191044900	191332800	5	0	CN9R1_2_CKDN190048207-1A_HTC3FDSXX_L2
1379	chr3	191334972	195562542	3	0	CN9R1_2_CKDN190048207-1A_HTC3FDSXX_L2
1380	chr3	195562600	195984122	3	1	CN9R1_2_CKDN190048207-1A_HTC3FDSXX_L2
1381	chr3	195984824	196846638	3	0	CN9R1_2_CKDN190048207-1A_HTC3FDSXX_L2
1382	chr3	196847000	198191100	3	0	CN9R1_2_CKDN190048207-1A_HTC3FDSXX_L2
1383	chr4	15100	68300	5	NA	CN9R1_2_CKDN190048207-1A_HTC3FDSXX_L2
1384	chr4	103600	49072934	2	NA	CN9R1_2_CKDN190048207-1A_HTC3FDSXX_L2
1385	chr4	49091400	49333300	4	2	CN9R1_2_CKDN190048207-1A_HTC3FDSXX_L2
1386	chr4	49500990	49524168	1	0	CN9R1_2_CKDN190048207-1A_HTC3FDSXX_L2
1387	chr4	49528348	131674334	2	0	CN9R1_2_CKDN190048207-1A_HTC3FDSXX_L2
1388	chr4	131689806	131751300	5	NA	CN9R1_2_CKDN190048207-1A_HTC3FDSXX_L2
1389	chr4	131823171	188179400	2	0	CN9R1_2_CKDN190048207-1A_HTC3FDSXX_L2
1390	chr4	188189200	190119500	5	2	CN9R1_2_CKDN190048207-1A_HTC3FDSXX_L2
1391	chr5	11700	642800	6	0	CN9R1_2_CKDN190048207-1A_HTC3FDSXX_L2
1392	chr5	643700	747653	1	0	CN9R1_2_CKDN190048207-1A_HTC3FDSXX_L2
1393	chr5	753700	847432	3	0	CN9R1_2_CKDN190048207-1A_HTC3FDSXX_L2
1394	chr5	848020	892919	3	NA	CN9R1_2_CKDN190048207-1A_HTC3FDSXX_L2
1395	chr5	895811	1055450	9	NA	CN9R1_2_CKDN190048207-1A_HTC3FDSXX_L2
1396	chr5	1056400	1138700	3	NA	CN9R1_2_CKDN190048207-1A_HTC3FDSXX_L2
1397	chr5	1139487	1169487	8	NA	CN9R1_2_CKDN190048207-1A_HTC3FDSXX_L2
1398	chr5	1171583	1183300	2	NA	CN9R1_2_CKDN190048207-1A_HTC3FDSXX_L2
1399	chr5	1184494	1302000	4	NA	CN9R1_2_CKDN190048207-1A_HTC3FDSXX_L2
1400	chr5	1303600	1385500	8	NA	CN9R1_2_CKDN190048207-1A_HTC3FDSXX_L2
1401	chr5	1386128	1713200	4	0	CN9R1_2_CKDN190048207-1A_HTC3FDSXX_L2
1402	chr5	1716883	2021700	2	0	CN9R1_2_CKDN190048207-1A_HTC3FDSXX_L2
1403	chr5	2022050	2277200	1	0	CN9R1_2_CKDN190048207-1A_HTC3FDSXX_L2
1404	chr5	2277699	2560401	2	NA	CN9R1_2_CKDN190048207-1A_HTC3FDSXX_L2
1405	chr5	2560900	2693900	5	NA	CN9R1_2_CKDN190048207-1A_HTC3FDSXX_L2
1406	chr5	2696500	2814280	7	NA	CN9R1_2_CKDN190048207-1A_HTC3FDSXX_L2
1407	chr5	2815300	3667694	5	0	CN9R1_2_CKDN190048207-1A_HTC3FDSXX_L2
1408	chr5	3670202	4011400	8	0	CN9R1_2_CKDN190048207-1A_HTC3FDSXX_L2
1409	chr5	4013879	4230700	2	NA	CN9R1_2_CKDN190048207-1A_HTC3FDSXX_L2
1410	chr5	4231700	4753200	9	NA	CN9R1_2_CKDN190048207-1A_HTC3FDSXX_L2
1411	chr5	4757300	4938500	3	NA	CN9R1_2_CKDN190048207-1A_HTC3FDSXX_L2
1412	chr5	4939500	5062934	5	NA	CN9R1_2_CKDN190048207-1A_HTC3FDSXX_L2
1413	chr5	5065500	5332209	2	NA	CN9R1_2_CKDN190048207-1A_HTC3FDSXX_L2
1414	chr5	5332900	5438007	8	NA	CN9R1_2_CKDN190048207-1A_HTC3FDSXX_L2
1415	chr5	5438276	5607837	10	NA	CN9R1_2_CKDN190048207-1A_HTC3FDSXX_L2
1416	chr5	5610322	5771541	8	NA	CN9R1_2_CKDN190048207-1A_HTC3FDSXX_L2
1417	chr5	5772700	6674448	2	0	CN9R1_2_CKDN190048207-1A_HTC3FDSXX_L2
1418	chr5	6675693	7465623	8	0	CN9R1_2_CKDN190048207-1A_HTC3FDSXX_L2
1419	chr5	7468576	7770900	2	NA	CN9R1_2_CKDN190048207-1A_HTC3FDSXX_L2
1420	chr5	7776684	7966200	10	NA	CN9R1_2_CKDN190048207-1A_HTC3FDSXX_L2
1421	chr5	7967100	8229300	5	0	CN9R1_2_CKDN190048207-1A_HTC3FDSXX_L2
1422	chr5	8230135	8348600	2	NA	CN9R1_2_CKDN190048207-1A_HTC3FDSXX_L2
1423	chr5	8349300	8962907	4	0	CN9R1_2_CKDN190048207-1A_HTC3FDSXX_L2
1424	chr5	8964800	9613134	2	0	CN9R1_2_CKDN190048207-1A_HTC3FDSXX_L2
1425	chr5	9613570	9796320	6	NA	CN9R1_2_CKDN190048207-1A_HTC3FDSXX_L2
1426	chr5	9796400	10453800	8	0	CN9R1_2_CKDN190048207-1A_HTC3FDSXX_L2
1427	chr5	10454230	10662700	10	NA	CN9R1_2_CKDN190048207-1A_HTC3FDSXX_L2
1428	chr5	10664400	10856020	8	0	CN9R1_2_CKDN190048207-1A_HTC3FDSXX_L2
1429	chr5	10857800	10899921	6	NA	CN9R1_2_CKDN190048207-1A_HTC3FDSXX_L2
1430	chr5	10900375	10921800	2	NA	CN9R1_2_CKDN190048207-1A_HTC3FDSXX_L2
1431	chr5	10922800	11199800	6	NA	CN9R1_2_CKDN190048207-1A_HTC3FDSXX_L2
1432	chr5	11202600	12032873	7	0	CN9R1_2_CKDN190048207-1A_HTC3FDSXX_L2
1433	chr5	12034919	12847500	2	NA	CN9R1_2_CKDN190048207-1A_HTC3FDSXX_L2
1434	chr5	12850652	12863700	9	NA	CN9R1_2_CKDN190048207-1A_HTC3FDSXX_L2
1435	chr5	12865800	13044092	2	NA	CN9R1_2_CKDN190048207-1A_HTC3FDSXX_L2
1436	chr5	13047300	13249965	4	NA	CN9R1_2_CKDN190048207-1A_HTC3FDSXX_L2
1437	chr5	13250936	13264400	2	NA	CN9R1_2_CKDN190048207-1A_HTC3FDSXX_L2
1438	chr5	13264600	13833900	6	0	CN9R1_2_CKDN190048207-1A_HTC3FDSXX_L2
1439	chr5	13834336	14032677	8	NA	CN9R1_2_CKDN190048207-1A_HTC3FDSXX_L2
1440	chr5	14032800	14131285	6	NA	CN9R1_2_CKDN190048207-1A_HTC3FDSXX_L2
1441	chr5	14131796	14465400	11	NA	CN9R1_2_CKDN190048207-1A_HTC3FDSXX_L2
1442	chr5	14466100	14849800	4	0	CN9R1_2_CKDN190048207-1A_HTC3FDSXX_L2
1443	chr5	14851500	14858414	2	NA	CN9R1_2_CKDN190048207-1A_HTC3FDSXX_L2
1444	chr5	14859900	15311100	4	0	CN9R1_2_CKDN190048207-1A_HTC3FDSXX_L2
1445	chr5	15313461	15819681	8	NA	CN9R1_2_CKDN190048207-1A_HTC3FDSXX_L2
1446	chr5	15821600	15992058	5	NA	CN9R1_2_CKDN190048207-1A_HTC3FDSXX_L2
1447	chr5	15994512	16143392	2	NA	CN9R1_2_CKDN190048207-1A_HTC3FDSXX_L2
1448	chr5	16144500	16154800	6	NA	CN9R1_2_CKDN190048207-1A_HTC3FDSXX_L2
1449	chr5	16156700	16399800	2	NA	CN9R1_2_CKDN190048207-1A_HTC3FDSXX_L2
1450	chr5	16401069	16802900	4	0	CN9R1_2_CKDN190048207-1A_HTC3FDSXX_L2
1451	chr5	16803300	16859079	7	NA	CN9R1_2_CKDN190048207-1A_HTC3FDSXX_L2
1452	chr5	16859583	17421400	6	0	CN9R1_2_CKDN190048207-1A_HTC3FDSXX_L2
1453	chr5	17422705	17517400	8	NA	CN9R1_2_CKDN190048207-1A_HTC3FDSXX_L2
1454	chr5	17517675	17599500	28	NA	CN9R1_2_CKDN190048207-1A_HTC3FDSXX_L2
1455	chr5	17599900	17832305	7	NA	CN9R1_2_CKDN190048207-1A_HTC3FDSXX_L2
1456	chr5	17833400	17866900	1	0	CN9R1_2_CKDN190048207-1A_HTC3FDSXX_L2
1457	chr5	17868700	18124711	5	NA	CN9R1_2_CKDN190048207-1A_HTC3FDSXX_L2
1458	chr5	18125200	18303500	4	NA	CN9R1_2_CKDN190048207-1A_HTC3FDSXX_L2
1459	chr5	18305400	18685568	6	0	CN9R1_2_CKDN190048207-1A_HTC3FDSXX_L2
1460	chr5	18687800	18882300	10	NA	CN9R1_2_CKDN190048207-1A_HTC3FDSXX_L2
1461	chr5	18882832	19265500	4	NA	CN9R1_2_CKDN190048207-1A_HTC3FDSXX_L2
1462	chr5	19265943	19274200	2	NA	CN9R1_2_CKDN190048207-1A_HTC3FDSXX_L2
1463	chr5	19274700	19385815	2	NA	CN9R1_2_CKDN190048207-1A_HTC3FDSXX_L2
1464	chr5	19387500	19826356	7	0	CN9R1_2_CKDN190048207-1A_HTC3FDSXX_L2
1465	chr5	19826754	19974400	4	NA	CN9R1_2_CKDN190048207-1A_HTC3FDSXX_L2
1466	chr5	19975777	20367545	8	0	CN9R1_2_CKDN190048207-1A_HTC3FDSXX_L2
1467	chr5	20367700	20979900	6	NA	CN9R1_2_CKDN190048207-1A_HTC3FDSXX_L2
1468	chr5	20982045	21408100	11	NA	CN9R1_2_CKDN190048207-1A_HTC3FDSXX_L2
1469	chr5	21409900	21446100	5	NA	CN9R1_2_CKDN190048207-1A_HTC3FDSXX_L2
1470	chr5	21446900	21750300	10	NA	CN9R1_2_CKDN190048207-1A_HTC3FDSXX_L2
1471	chr5	21751622	21812300	4	NA	CN9R1_2_CKDN190048207-1A_HTC3FDSXX_L2
1472	chr5	21815615	22860242	2	NA	CN9R1_2_CKDN190048207-1A_HTC3FDSXX_L2
1473	chr5	22861400	23339100	3	0	CN9R1_2_CKDN190048207-1A_HTC3FDSXX_L2
1474	chr5	23342051	23611473	4	NA	CN9R1_2_CKDN190048207-1A_HTC3FDSXX_L2
1475	chr5	23612100	24049500	3	0	CN9R1_2_CKDN190048207-1A_HTC3FDSXX_L2
1476	chr5	24050400	24262656	8	NA	CN9R1_2_CKDN190048207-1A_HTC3FDSXX_L2
1477	chr5	24264233	24586000	5	NA	CN9R1_2_CKDN190048207-1A_HTC3FDSXX_L2
1478	chr5	24588324	25013972	10	NA	CN9R1_2_CKDN190048207-1A_HTC3FDSXX_L2
1479	chr5	25018105	25655151	15	NA	CN9R1_2_CKDN190048207-1A_HTC3FDSXX_L2
1480	chr5	25657542	25926900	9	NA	CN9R1_2_CKDN190048207-1A_HTC3FDSXX_L2
1481	chr5	25927742	26491164	15	1	CN9R1_2_CKDN190048207-1A_HTC3FDSXX_L2
1482	chr5	26493763	26524849	3	NA	CN9R1_2_CKDN190048207-1A_HTC3FDSXX_L2
1483	chr5	26527400	28292700	3	1	CN9R1_2_CKDN190048207-1A_HTC3FDSXX_L2
1484	chr5	28295390	30856200	3	0	CN9R1_2_CKDN190048207-1A_HTC3FDSXX_L2
1485	chr5	30856714	31516300	4	0	CN9R1_2_CKDN190048207-1A_HTC3FDSXX_L2
1486	chr5	31516599	32057545	3	0	CN9R1_2_CKDN190048207-1A_HTC3FDSXX_L2
1487	chr5	32058100	34175162	4	2	CN9R1_2_CKDN190048207-1A_HTC3FDSXX_L2
1488	chr5	34178500	34197200	13	NA	CN9R1_2_CKDN190048207-1A_HTC3FDSXX_L2
1489	chr5	34200657	34537786	5	0	CN9R1_2_CKDN190048207-1A_HTC3FDSXX_L2
1490	chr5	34538138	40150472	3	0	CN9R1_2_CKDN190048207-1A_HTC3FDSXX_L2
1491	chr5	40150566	43970606	3	0	CN9R1_2_CKDN190048207-1A_HTC3FDSXX_L2
1492	chr5	43970751	46632100	3	1	CN9R1_2_CKDN190048207-1A_HTC3FDSXX_L2
1493	chr5	46641400	47289700	2	NA	CN9R1_2_CKDN190048207-1A_HTC3FDSXX_L2
1494	chr5	47296700	49674500	4	NA	CN9R1_2_CKDN190048207-1A_HTC3FDSXX_L2
1495	chr5	49676700	50126900	1	0	CN9R1_2_CKDN190048207-1A_HTC3FDSXX_L2
1496	chr5	50134200	51895600	3	1	CN9R1_2_CKDN190048207-1A_HTC3FDSXX_L2
1497	chr5	51895900	52120112	3	0	CN9R1_2_CKDN190048207-1A_HTC3FDSXX_L2
1498	chr5	52120400	52385100	3	1	CN9R1_2_CKDN190048207-1A_HTC3FDSXX_L2
1499	chr5	52388000	55572653	3	0	CN9R1_2_CKDN190048207-1A_HTC3FDSXX_L2
1500	chr5	55572968	55708116	5	0	CN9R1_2_CKDN190048207-1A_HTC3FDSXX_L2
1501	chr5	55708500	57707900	3	0	CN9R1_2_CKDN190048207-1A_HTC3FDSXX_L2
1502	chr5	57708128	58411583	3	0	CN9R1_2_CKDN190048207-1A_HTC3FDSXX_L2
1503	chr5	58411800	59416133	3	0	CN9R1_2_CKDN190048207-1A_HTC3FDSXX_L2
1504	chr5	59416804	61188260	4	0	CN9R1_2_CKDN190048207-1A_HTC3FDSXX_L2
1505	chr5	61188800	61682488	3	0	CN9R1_2_CKDN190048207-1A_HTC3FDSXX_L2
1506	chr5	61683500	62401033	4	0	CN9R1_2_CKDN190048207-1A_HTC3FDSXX_L2
1507	chr5	62402032	62925400	3	0	CN9R1_2_CKDN190048207-1A_HTC3FDSXX_L2
1508	chr5	62925549	63079900	3	1	CN9R1_2_CKDN190048207-1A_HTC3FDSXX_L2
1509	chr5	63080741	64595984	3	0	CN9R1_2_CKDN190048207-1A_HTC3FDSXX_L2
1510	chr5	64596520	65786000	5	0	CN9R1_2_CKDN190048207-1A_HTC3FDSXX_L2
1511	chr5	65786278	65906663	3	0	CN9R1_2_CKDN190048207-1A_HTC3FDSXX_L2
1512	chr5	65907213	66198145	3	1	CN9R1_2_CKDN190048207-1A_HTC3FDSXX_L2
1513	chr5	66198491	67438900	3	0	CN9R1_2_CKDN190048207-1A_HTC3FDSXX_L2
1514	chr5	67439906	68610800	4	0	CN9R1_2_CKDN190048207-1A_HTC3FDSXX_L2
1515	chr5	68611186	69025100	3	0	CN9R1_2_CKDN190048207-1A_HTC3FDSXX_L2
1516	chr5	69025983	71327455	4	2	CN9R1_2_CKDN190048207-1A_HTC3FDSXX_L2
1517	chr5	71327800	72188217	3	0	CN9R1_2_CKDN190048207-1A_HTC3FDSXX_L2
1518	chr5	72188600	72595200	4	2	CN9R1_2_CKDN190048207-1A_HTC3FDSXX_L2
1519	chr5	72595500	73303500	3	0	CN9R1_2_CKDN190048207-1A_HTC3FDSXX_L2
1520	chr5	73303800	74076511	4	2	CN9R1_2_CKDN190048207-1A_HTC3FDSXX_L2
1521	chr5	74076704	74694105	3	0	CN9R1_2_CKDN190048207-1A_HTC3FDSXX_L2
1522	chr5	74694694	74884566	4	2	CN9R1_2_CKDN190048207-1A_HTC3FDSXX_L2
1523	chr5	74884883	75637900	3	0	CN9R1_2_CKDN190048207-1A_HTC3FDSXX_L2
1524	chr5	75638500	75849800	3	0	CN9R1_2_CKDN190048207-1A_HTC3FDSXX_L2
1525	chr5	75850100	76619031	3	0	CN9R1_2_CKDN190048207-1A_HTC3FDSXX_L2
1526	chr5	76619400	76867200	3	0	CN9R1_2_CKDN190048207-1A_HTC3FDSXX_L2
1527	chr5	76867455	77424928	3	0	CN9R1_2_CKDN190048207-1A_HTC3FDSXX_L2
1528	chr5	77424935	77647300	4	0	CN9R1_2_CKDN190048207-1A_HTC3FDSXX_L2
1529	chr5	77647700	82316030	3	0	CN9R1_2_CKDN190048207-1A_HTC3FDSXX_L2
1530	chr5	82317200	82730200	3	0	CN9R1_2_CKDN190048207-1A_HTC3FDSXX_L2
1531	chr5	82731800	86147600	3	0	CN9R1_2_CKDN190048207-1A_HTC3FDSXX_L2
1532	chr5	86148681	86243703	3	1	CN9R1_2_CKDN190048207-1A_HTC3FDSXX_L2
1533	chr5	86244164	87479114	3	0	CN9R1_2_CKDN190048207-1A_HTC3FDSXX_L2
1534	chr5	87480003	87812200	4	2	CN9R1_2_CKDN190048207-1A_HTC3FDSXX_L2
1535	chr5	87813189	90521888	3	0	CN9R1_2_CKDN190048207-1A_HTC3FDSXX_L2
1536	chr5	90522256	91229918	3	0	CN9R1_2_CKDN190048207-1A_HTC3FDSXX_L2
1537	chr5	91230200	91499570	3	0	CN9R1_2_CKDN190048207-1A_HTC3FDSXX_L2
1538	chr5	91500600	91615846	4	0	CN9R1_2_CKDN190048207-1A_HTC3FDSXX_L2
1539	chr5	91616283	95286023	3	0	CN9R1_2_CKDN190048207-1A_HTC3FDSXX_L2
1540	chr5	95286551	97534500	4	2	CN9R1_2_CKDN190048207-1A_HTC3FDSXX_L2
1541	chr5	97535634	97692133	3	0	CN9R1_2_CKDN190048207-1A_HTC3FDSXX_L2
1542	chr5	97692380	99141104	5	0	CN9R1_2_CKDN190048207-1A_HTC3FDSXX_L2
1543	chr5	99141500	101926285	3	0	CN9R1_2_CKDN190048207-1A_HTC3FDSXX_L2
1544	chr5	101926750	102237742	4	2	CN9R1_2_CKDN190048207-1A_HTC3FDSXX_L2
1545	chr5	102238564	102255972	3	NA	CN9R1_2_CKDN190048207-1A_HTC3FDSXX_L2
1546	chr5	102257400	103513950	3	0	CN9R1_2_CKDN190048207-1A_HTC3FDSXX_L2
1547	chr5	103516600	107921000	3	0	CN9R1_2_CKDN190048207-1A_HTC3FDSXX_L2
1548	chr5	107921477	108371653	3	0	CN9R1_2_CKDN190048207-1A_HTC3FDSXX_L2
1549	chr5	108373800	110022642	3	0	CN9R1_2_CKDN190048207-1A_HTC3FDSXX_L2
1550	chr5	110023315	111418758	3	0	CN9R1_2_CKDN190048207-1A_HTC3FDSXX_L2
1551	chr5	111419226	111502300	3	NA	CN9R1_2_CKDN190048207-1A_HTC3FDSXX_L2
1552	chr5	111503564	111653600	3	1	CN9R1_2_CKDN190048207-1A_HTC3FDSXX_L2
1553	chr5	111653800	112652885	3	0	CN9R1_2_CKDN190048207-1A_HTC3FDSXX_L2
1554	chr5	112653249	113148100	4	0	CN9R1_2_CKDN190048207-1A_HTC3FDSXX_L2
1555	chr5	113148564	115349800	3	0	CN9R1_2_CKDN190048207-1A_HTC3FDSXX_L2
1556	chr5	115350427	115770000	3	0	CN9R1_2_CKDN190048207-1A_HTC3FDSXX_L2
1557	chr5	115770635	116246142	3	0	CN9R1_2_CKDN190048207-1A_HTC3FDSXX_L2
1558	chr5	116246353	119800500	3	0	CN9R1_2_CKDN190048207-1A_HTC3FDSXX_L2
1559	chr5	119800707	120042877	3	NA	CN9R1_2_CKDN190048207-1A_HTC3FDSXX_L2
1560	chr5	120042950	120243200	3	1	CN9R1_2_CKDN190048207-1A_HTC3FDSXX_L2
1561	chr5	120244568	120549197	3	0	CN9R1_2_CKDN190048207-1A_HTC3FDSXX_L2
1562	chr5	120550000	121067100	4	0	CN9R1_2_CKDN190048207-1A_HTC3FDSXX_L2
1563	chr5	121068021	121186524	3	0	CN9R1_2_CKDN190048207-1A_HTC3FDSXX_L2
1564	chr5	121186800	121579333	4	2	CN9R1_2_CKDN190048207-1A_HTC3FDSXX_L2
1565	chr5	121579869	122535112	3	0	CN9R1_2_CKDN190048207-1A_HTC3FDSXX_L2
1566	chr5	122535300	122693874	4	2	CN9R1_2_CKDN190048207-1A_HTC3FDSXX_L2
1567	chr5	122694095	126136973	3	0	CN9R1_2_CKDN190048207-1A_HTC3FDSXX_L2
1568	chr5	126137147	126357800	3	0	CN9R1_2_CKDN190048207-1A_HTC3FDSXX_L2
1569	chr5	126358300	126530686	4	0	CN9R1_2_CKDN190048207-1A_HTC3FDSXX_L2
1570	chr5	126530908	128205500	3	0	CN9R1_2_CKDN190048207-1A_HTC3FDSXX_L2
1571	chr5	128206800	129679759	3	0	CN9R1_2_CKDN190048207-1A_HTC3FDSXX_L2
1572	chr5	129680100	130844100	3	0	CN9R1_2_CKDN190048207-1A_HTC3FDSXX_L2
1573	chr5	130844200	132017853	3	0	CN9R1_2_CKDN190048207-1A_HTC3FDSXX_L2
1574	chr5	132018122	133148839	3	0	CN9R1_2_CKDN190048207-1A_HTC3FDSXX_L2
1575	chr5	133149544	134495100	3	0	CN9R1_2_CKDN190048207-1A_HTC3FDSXX_L2
1576	chr5	134495300	134990879	3	0	CN9R1_2_CKDN190048207-1A_HTC3FDSXX_L2
1577	chr5	134991103	135633900	4	0	CN9R1_2_CKDN190048207-1A_HTC3FDSXX_L2
1578	chr5	135634394	135706119	3	0	CN9R1_2_CKDN190048207-1A_HTC3FDSXX_L2
1579	chr5	135706921	135853600	4	0	CN9R1_2_CKDN190048207-1A_HTC3FDSXX_L2
1580	chr5	135854087	137907000	3	0	CN9R1_2_CKDN190048207-1A_HTC3FDSXX_L2
1581	chr5	137907300	142581409	3	0	CN9R1_2_CKDN190048207-1A_HTC3FDSXX_L2
1582	chr5	142581800	143040590	3	0	CN9R1_2_CKDN190048207-1A_HTC3FDSXX_L2
1583	chr5	143040900	144283597	3	0	CN9R1_2_CKDN190048207-1A_HTC3FDSXX_L2
1584	chr5	144284279	146743389	3	0	CN9R1_2_CKDN190048207-1A_HTC3FDSXX_L2
1585	chr5	146743822	148115400	3	0	CN9R1_2_CKDN190048207-1A_HTC3FDSXX_L2
1586	chr5	148117900	148601601	3	1	CN9R1_2_CKDN190048207-1A_HTC3FDSXX_L2
1587	chr5	148602048	149169548	3	0	CN9R1_2_CKDN190048207-1A_HTC3FDSXX_L2
1588	chr5	149169758	149420700	3	0	CN9R1_2_CKDN190048207-1A_HTC3FDSXX_L2
1589	chr5	149421006	149695100	3	NA	CN9R1_2_CKDN190048207-1A_HTC3FDSXX_L2
1590	chr5	149695300	149860099	4	2	CN9R1_2_CKDN190048207-1A_HTC3FDSXX_L2
1591	chr5	149861008	152249074	3	0	CN9R1_2_CKDN190048207-1A_HTC3FDSXX_L2
1592	chr5	152249351	153603060	3	1	CN9R1_2_CKDN190048207-1A_HTC3FDSXX_L2
1593	chr5	153603600	154136300	3	0	CN9R1_2_CKDN190048207-1A_HTC3FDSXX_L2
1594	chr5	154136761	157121300	3	0	CN9R1_2_CKDN190048207-1A_HTC3FDSXX_L2
1595	chr5	157124000	159471500	3	0	CN9R1_2_CKDN190048207-1A_HTC3FDSXX_L2
1596	chr5	159471700	159526685	3	NA	CN9R1_2_CKDN190048207-1A_HTC3FDSXX_L2
1597	chr5	159527994	159660413	4	0	CN9R1_2_CKDN190048207-1A_HTC3FDSXX_L2
1598	chr5	159660762	160792500	3	0	CN9R1_2_CKDN190048207-1A_HTC3FDSXX_L2
1599	chr5	160793395	160910403	3	1	CN9R1_2_CKDN190048207-1A_HTC3FDSXX_L2
1600	chr5	160910600	163201700	3	0	CN9R1_2_CKDN190048207-1A_HTC3FDSXX_L2
1601	chr5	163203300	165806700	3	0	CN9R1_2_CKDN190048207-1A_HTC3FDSXX_L2
1602	chr5	165807898	167973448	3	0	CN9R1_2_CKDN190048207-1A_HTC3FDSXX_L2
1603	chr5	167973617	168059700	3	0	CN9R1_2_CKDN190048207-1A_HTC3FDSXX_L2
1604	chr5	168060600	170233000	3	0	CN9R1_2_CKDN190048207-1A_HTC3FDSXX_L2
1605	chr5	170233400	171659736	3	0	CN9R1_2_CKDN190048207-1A_HTC3FDSXX_L2
1606	chr5	171660000	172352800	3	0	CN9R1_2_CKDN190048207-1A_HTC3FDSXX_L2
1607	chr5	172353083	172468200	3	0	CN9R1_2_CKDN190048207-1A_HTC3FDSXX_L2
1608	chr5	172469546	173619600	3	0	CN9R1_2_CKDN190048207-1A_HTC3FDSXX_L2
1609	chr5	173621781	175442700	3	0	CN9R1_2_CKDN190048207-1A_HTC3FDSXX_L2
1610	chr5	175443193	176114992	3	0	CN9R1_2_CKDN190048207-1A_HTC3FDSXX_L2
1611	chr5	176116248	176377010	4	2	CN9R1_2_CKDN190048207-1A_HTC3FDSXX_L2
1612	chr5	176377500	181476200	3	0	CN9R1_2_CKDN190048207-1A_HTC3FDSXX_L2
1613	chr6	152100	250000	3	NA	CN9R1_2_CKDN190048207-1A_HTC3FDSXX_L2
1614	chr6	256765	384970	5	2	CN9R1_2_CKDN190048207-1A_HTC3FDSXX_L2
1615	chr6	392070	5637901	3	0	CN9R1_2_CKDN190048207-1A_HTC3FDSXX_L2
1616	chr6	5641031	29942675	3	0	CN9R1_2_CKDN190048207-1A_HTC3FDSXX_L2
1617	chr6	29943226	32448900	3	0	CN9R1_2_CKDN190048207-1A_HTC3FDSXX_L2
1618	chr6	32450469	32760949	5	0	CN9R1_2_CKDN190048207-1A_HTC3FDSXX_L2
1619	chr6	32761200	38941318	3	0	CN9R1_2_CKDN190048207-1A_HTC3FDSXX_L2
1620	chr6	38943894	41259800	3	0	CN9R1_2_CKDN190048207-1A_HTC3FDSXX_L2
1621	chr6	41261100	46148900	3	0	CN9R1_2_CKDN190048207-1A_HTC3FDSXX_L2
1622	chr6	46150000	52362218	3	0	CN9R1_2_CKDN190048207-1A_HTC3FDSXX_L2
1623	chr6	52367300	58447400	3	0	CN9R1_2_CKDN190048207-1A_HTC3FDSXX_L2
1624	chr6	58555100	59828800	1	0	CN9R1_2_CKDN190048207-1A_HTC3FDSXX_L2
1625	chr6	60236600	126057900	2	0	CN9R1_2_CKDN190048207-1A_HTC3FDSXX_L2
1626	chr6	126061300	126142133	1	0	CN9R1_2_CKDN190048207-1A_HTC3FDSXX_L2
1627	chr6	126144600	158961298	2	0	CN9R1_2_CKDN190048207-1A_HTC3FDSXX_L2
1628	chr6	158972400	170743300	2	1	CN9R1_2_CKDN190048207-1A_HTC3FDSXX_L2
1629	chr7	37445	17817680	3	0	CN9R1_2_CKDN190048207-1A_HTC3FDSXX_L2
1630	chr7	17824900	32087500	5	2	CN9R1_2_CKDN190048207-1A_HTC3FDSXX_L2
1631	chr7	32090700	32918212	5	2	CN9R1_2_CKDN190048207-1A_HTC3FDSXX_L2
1632	chr7	32922041	34454256	4	0	CN9R1_2_CKDN190048207-1A_HTC3FDSXX_L2
1633	chr7	34458100	48902232	5	0	CN9R1_2_CKDN190048207-1A_HTC3FDSXX_L2
1634	chr7	48903025	53485197	3	0	CN9R1_2_CKDN190048207-1A_HTC3FDSXX_L2
1635	chr7	53501300	54105249	4	NA	CN9R1_2_CKDN190048207-1A_HTC3FDSXX_L2
1636	chr7	54108672	102468200	5	2	CN9R1_2_CKDN190048207-1A_HTC3FDSXX_L2
1637	chr7	102482100	102678400	6	NA	CN9R1_2_CKDN190048207-1A_HTC3FDSXX_L2
1638	chr7	102686400	142440268	5	2	CN9R1_2_CKDN190048207-1A_HTC3FDSXX_L2
1639	chr7	142451401	144345000	5	NA	CN9R1_2_CKDN190048207-1A_HTC3FDSXX_L2
1640	chr7	144347300	159332972	5	0	CN9R1_2_CKDN190048207-1A_HTC3FDSXX_L2
1641	chr8	196300	7348324	2	1	CN9R1_2_CKDN190048207-1A_HTC3FDSXX_L2
1642	chr8	7349300	7404600	4	NA	CN9R1_2_CKDN190048207-1A_HTC3FDSXX_L2
1643	chr8	7405064	12496900	2	0	CN9R1_2_CKDN190048207-1A_HTC3FDSXX_L2
1644	chr8	12500107	12598400	3	1	CN9R1_2_CKDN190048207-1A_HTC3FDSXX_L2
1645	chr8	12599500	87388693	2	0	CN9R1_2_CKDN190048207-1A_HTC3FDSXX_L2
1646	chr8	87391500	89396759	2	0	CN9R1_2_CKDN190048207-1A_HTC3FDSXX_L2
1647	chr8	89397662	107834072	2	0	CN9R1_2_CKDN190048207-1A_HTC3FDSXX_L2
1648	chr8	107838400	111873584	2	1	CN9R1_2_CKDN190048207-1A_HTC3FDSXX_L2
1649	chr8	111875600	117582997	2	0	CN9R1_2_CKDN190048207-1A_HTC3FDSXX_L2
1650	chr8	117583300	117636800	4	NA	CN9R1_2_CKDN190048207-1A_HTC3FDSXX_L2
1651	chr8	117637557	130168700	6	0	CN9R1_2_CKDN190048207-1A_HTC3FDSXX_L2
1652	chr8	130172300	130455200	2	NA	CN9R1_2_CKDN190048207-1A_HTC3FDSXX_L2
1653	chr8	130456543	133400900	3	0	CN9R1_2_CKDN190048207-1A_HTC3FDSXX_L2
1654	chr8	133403000	137828400	2	0	CN9R1_2_CKDN190048207-1A_HTC3FDSXX_L2
1655	chr8	137828600	144301300	3	0	CN9R1_2_CKDN190048207-1A_HTC3FDSXX_L2
1656	chr8	144306291	145075300	2	0	CN9R1_2_CKDN190048207-1A_HTC3FDSXX_L2
1657	chr9	10775	1980990	3	0	CN9R1_2_CKDN190048207-1A_HTC3FDSXX_L2
1658	chr9	1981900	3237200	6	3	CN9R1_2_CKDN190048207-1A_HTC3FDSXX_L2
1659	chr9	3238000	6633473	5	2	CN9R1_2_CKDN190048207-1A_HTC3FDSXX_L2
1660	chr9	6634569	9794689	6	3	CN9R1_2_CKDN190048207-1A_HTC3FDSXX_L2
1661	chr9	9795073	9823403	2	NA	CN9R1_2_CKDN190048207-1A_HTC3FDSXX_L2
1662	chr9	9830207	22649602	6	3	CN9R1_2_CKDN190048207-1A_HTC3FDSXX_L2
1663	chr9	22650211	31123077	6	3	CN9R1_2_CKDN190048207-1A_HTC3FDSXX_L2
1664	chr9	31124320	31224100	6	3	CN9R1_2_CKDN190048207-1A_HTC3FDSXX_L2
1665	chr9	31224368	31967647	4	0	CN9R1_2_CKDN190048207-1A_HTC3FDSXX_L2
1666	chr9	31968749	32813083	6	3	CN9R1_2_CKDN190048207-1A_HTC3FDSXX_L2
1667	chr9	32814700	36731800	6	3	CN9R1_2_CKDN190048207-1A_HTC3FDSXX_L2
1668	chr9	36732228	38351700	6	3	CN9R1_2_CKDN190048207-1A_HTC3FDSXX_L2
1669	chr9	38352054	39952400	5	2	CN9R1_2_CKDN190048207-1A_HTC3FDSXX_L2
1670	chr9	40011565	40194800	2	NA	CN9R1_2_CKDN190048207-1A_HTC3FDSXX_L2
1671	chr9	40195000	40693100	4	NA	CN9R1_2_CKDN190048207-1A_HTC3FDSXX_L2
1672	chr9	40694200	40885025	5	0	CN9R1_2_CKDN190048207-1A_HTC3FDSXX_L2
1673	chr9	40885300	41571936	4	2	CN9R1_2_CKDN190048207-1A_HTC3FDSXX_L2
1674	chr9	41575000	42387000	6	NA	CN9R1_2_CKDN190048207-1A_HTC3FDSXX_L2
1675	chr9	42387600	43347300	4	2	CN9R1_2_CKDN190048207-1A_HTC3FDSXX_L2
1676	chr9	43384900	61417500	3	NA	CN9R1_2_CKDN190048207-1A_HTC3FDSXX_L2
1677	chr9	61520400	61648185	2	NA	CN9R1_2_CKDN190048207-1A_HTC3FDSXX_L2
1678	chr9	61649600	61969700	4	NA	CN9R1_2_CKDN190048207-1A_HTC3FDSXX_L2
1679	chr9	61971900	61989100	1	0	CN9R1_2_CKDN190048207-1A_HTC3FDSXX_L2
1680	chr9	61992299	62523480	3	NA	CN9R1_2_CKDN190048207-1A_HTC3FDSXX_L2
1681	chr9	62526727	62910800	6	3	CN9R1_2_CKDN190048207-1A_HTC3FDSXX_L2
1682	chr9	62912500	65577600	4	2	CN9R1_2_CKDN190048207-1A_HTC3FDSXX_L2
1683	chr9	65647100	65742800	6	NA	CN9R1_2_CKDN190048207-1A_HTC3FDSXX_L2
1684	chr9	65809800	66079400	3	NA	CN9R1_2_CKDN190048207-1A_HTC3FDSXX_L2
1685	chr9	66079800	67766100	3	1	CN9R1_2_CKDN190048207-1A_HTC3FDSXX_L2
1686	chr9	67767600	90831400	5	2	CN9R1_2_CKDN190048207-1A_HTC3FDSXX_L2
1687	chr9	90832400	109612000	5	2	CN9R1_2_CKDN190048207-1A_HTC3FDSXX_L2
1688	chr9	109613000	113059500	5	2	CN9R1_2_CKDN190048207-1A_HTC3FDSXX_L2
1689	chr9	113060000	113063500	1	0	CN9R1_2_CKDN190048207-1A_HTC3FDSXX_L2
1690	chr9	113068800	116723100	5	2	CN9R1_2_CKDN190048207-1A_HTC3FDSXX_L2
1691	chr9	116726347	120563886	5	0	CN9R1_2_CKDN190048207-1A_HTC3FDSXX_L2
1692	chr9	120563990	126858200	5	2	CN9R1_2_CKDN190048207-1A_HTC3FDSXX_L2
1693	chr9	126860000	129330742	4	0	CN9R1_2_CKDN190048207-1A_HTC3FDSXX_L2
1694	chr9	129332056	132771366	5	2	CN9R1_2_CKDN190048207-1A_HTC3FDSXX_L2
1695	chr9	132771800	138232259	5	2	CN9R1_2_CKDN190048207-1A_HTC3FDSXX_L2
1696	chr10	11600	23372418	2	0	CN9R1_2_CKDN190048207-1A_HTC3FDSXX_L2
1697	chr10	23372700	23449646	1	0	CN9R1_2_CKDN190048207-1A_HTC3FDSXX_L2
1698	chr10	23450028	28356300	2	0	CN9R1_2_CKDN190048207-1A_HTC3FDSXX_L2
1699	chr10	28358089	28790816	2	0	CN9R1_2_CKDN190048207-1A_HTC3FDSXX_L2
1700	chr10	28791200	28898400	2	0	CN9R1_2_CKDN190048207-1A_HTC3FDSXX_L2
1701	chr10	28898600	29027098	2	0	CN9R1_2_CKDN190048207-1A_HTC3FDSXX_L2
1702	chr10	29027400	30051600	2	0	CN9R1_2_CKDN190048207-1A_HTC3FDSXX_L2
1703	chr10	30051982	30339200	2	0	CN9R1_2_CKDN190048207-1A_HTC3FDSXX_L2
1704	chr10	30340000	30640853	2	0	CN9R1_2_CKDN190048207-1A_HTC3FDSXX_L2
1705	chr10	30641433	35793100	2	0	CN9R1_2_CKDN190048207-1A_HTC3FDSXX_L2
1706	chr10	35794100	39575600	2	0	CN9R1_2_CKDN190048207-1A_HTC3FDSXX_L2
1707	chr10	39576700	41553700	1	0	CN9R1_2_CKDN190048207-1A_HTC3FDSXX_L2
1708	chr10	41555900	41843232	2	NA	CN9R1_2_CKDN190048207-1A_HTC3FDSXX_L2
1709	chr10	41844310	41912400	4	2	CN9R1_2_CKDN190048207-1A_HTC3FDSXX_L2
1710	chr10	41912700	42086400	1	0	CN9R1_2_CKDN190048207-1A_HTC3FDSXX_L2
1711	chr10	42086800	42464100	3	1	CN9R1_2_CKDN190048207-1A_HTC3FDSXX_L2
1712	chr10	42464571	45347900	3	0	CN9R1_2_CKDN190048207-1A_HTC3FDSXX_L2
1713	chr10	45348581	46378100	3	1	CN9R1_2_CKDN190048207-1A_HTC3FDSXX_L2
1714	chr10	46388800	46727700	5	2	CN9R1_2_CKDN190048207-1A_HTC3FDSXX_L2
1715	chr10	46727900	47470000	3	NA	CN9R1_2_CKDN190048207-1A_HTC3FDSXX_L2
1716	chr10	47481600	47962700	4	NA	CN9R1_2_CKDN190048207-1A_HTC3FDSXX_L2
1717	chr10	47968100	48470500	3	0	CN9R1_2_CKDN190048207-1A_HTC3FDSXX_L2
1718	chr10	48471354	50266200	3	1	CN9R1_2_CKDN190048207-1A_HTC3FDSXX_L2
1719	chr10	50268600	52771949	3	0	CN9R1_2_CKDN190048207-1A_HTC3FDSXX_L2
1720	chr10	52772800	58064379	3	0	CN9R1_2_CKDN190048207-1A_HTC3FDSXX_L2
1721	chr10	58064600	63656900	3	0	CN9R1_2_CKDN190048207-1A_HTC3FDSXX_L2
1722	chr10	63658983	63955190	4	1	CN9R1_2_CKDN190048207-1A_HTC3FDSXX_L2
1723	chr10	63956427	69451394	3	0	CN9R1_2_CKDN190048207-1A_HTC3FDSXX_L2
1724	chr10	69451551	72263800	3	0	CN9R1_2_CKDN190048207-1A_HTC3FDSXX_L2
1725	chr10	72264100	75920852	4	2	CN9R1_2_CKDN190048207-1A_HTC3FDSXX_L2
1726	chr10	75921000	77336600	4	0	CN9R1_2_CKDN190048207-1A_HTC3FDSXX_L2
1727	chr10	77339800	79922778	8	1	CN9R1_2_CKDN190048207-1A_HTC3FDSXX_L2
1728	chr10	79924588	82808944	7	1	CN9R1_2_CKDN190048207-1A_HTC3FDSXX_L2
1729	chr10	82876300	133783700	4	2	CN9R1_2_CKDN190048207-1A_HTC3FDSXX_L2
1730	chr11	133500	8408764	5	0	CN9R1_2_CKDN190048207-1A_HTC3FDSXX_L2
1731	chr11	8413700	13369800	5	2	CN9R1_2_CKDN190048207-1A_HTC3FDSXX_L2
1732	chr11	13370100	45603500	5	2	CN9R1_2_CKDN190048207-1A_HTC3FDSXX_L2
1733	chr11	45607044	48967053	4	0	CN9R1_2_CKDN190048207-1A_HTC3FDSXX_L2
1734	chr11	48980756	56678800	3	NA	CN9R1_2_CKDN190048207-1A_HTC3FDSXX_L2
1735	chr11	56679400	78974208	5	2	CN9R1_2_CKDN190048207-1A_HTC3FDSXX_L2
1736	chr11	78976538	135065500	5	2	CN9R1_2_CKDN190048207-1A_HTC3FDSXX_L2
1737	chr12	11800	15000	3	NA	CN9R1_2_CKDN190048207-1A_HTC3FDSXX_L2
1738	chr12	15700	60455	4	2	CN9R1_2_CKDN190048207-1A_HTC3FDSXX_L2
1739	chr12	60915	11010541	3	0	CN9R1_2_CKDN190048207-1A_HTC3FDSXX_L2
1740	chr12	11014600	11429027	2	0	CN9R1_2_CKDN190048207-1A_HTC3FDSXX_L2
1741	chr12	11430500	26475760	3	0	CN9R1_2_CKDN190048207-1A_HTC3FDSXX_L2
1742	chr12	26477039	26573937	1	0	CN9R1_2_CKDN190048207-1A_HTC3FDSXX_L2
1743	chr12	26575800	34718600	3	0	CN9R1_2_CKDN190048207-1A_HTC3FDSXX_L2
1744	chr12	34778500	37179900	1	0	CN9R1_2_CKDN190048207-1A_HTC3FDSXX_L2
1745	chr12	37254100	42725300	3	0	CN9R1_2_CKDN190048207-1A_HTC3FDSXX_L2
1746	chr12	42726000	96863600	3	0	CN9R1_2_CKDN190048207-1A_HTC3FDSXX_L2
1747	chr12	96864400	103580704	3	0	CN9R1_2_CKDN190048207-1A_HTC3FDSXX_L2
1748	chr12	103581546	112924500	3	0	CN9R1_2_CKDN190048207-1A_HTC3FDSXX_L2
1749	chr12	112926117	125685898	3	0	CN9R1_2_CKDN190048207-1A_HTC3FDSXX_L2
1750	chr12	125698700	131593275	3	1	CN9R1_2_CKDN190048207-1A_HTC3FDSXX_L2
1751	chr12	131597785	133260278	3	0	CN9R1_2_CKDN190048207-1A_HTC3FDSXX_L2
1752	chr13	16003500	16106500	5	NA	CN9R1_2_CKDN190048207-1A_HTC3FDSXX_L2
1753	chr13	16111500	16163700	1	0	CN9R1_2_CKDN190048207-1A_HTC3FDSXX_L2
1754	chr13	16164200	17415600	1	0	CN9R1_2_CKDN190048207-1A_HTC3FDSXX_L2
1755	chr13	17420700	18172300	1	0	CN9R1_2_CKDN190048207-1A_HTC3FDSXX_L2
1756	chr13	18173100	18179000	5	NA	CN9R1_2_CKDN190048207-1A_HTC3FDSXX_L2
1757	chr13	18184900	18354300	2	NA	CN9R1_2_CKDN190048207-1A_HTC3FDSXX_L2
1758	chr13	18409000	18602874	1	0	CN9R1_2_CKDN190048207-1A_HTC3FDSXX_L2
1759	chr13	18615800	78668200	2	0	CN9R1_2_CKDN190048207-1A_HTC3FDSXX_L2
1760	chr13	78668831	114344024	3	0	CN9R1_2_CKDN190048207-1A_HTC3FDSXX_L2
1761	chr14	16031400	18587827	3	NA	CN9R1_2_CKDN190048207-1A_HTC3FDSXX_L2
1762	chr14	18609800	19813700	7	NA	CN9R1_2_CKDN190048207-1A_HTC3FDSXX_L2
1763	chr14	19954700	72402300	2	0	CN9R1_2_CKDN190048207-1A_HTC3FDSXX_L2
1764	chr14	72415103	72771600	2	0	CN9R1_2_CKDN190048207-1A_HTC3FDSXX_L2
1765	chr14	72771900	72856485	2	0	CN9R1_2_CKDN190048207-1A_HTC3FDSXX_L2
1766	chr14	72856600	74524325	2	0	CN9R1_2_CKDN190048207-1A_HTC3FDSXX_L2
1767	chr14	74524547	74635500	2	0	CN9R1_2_CKDN190048207-1A_HTC3FDSXX_L2
1768	chr14	74635750	81026000	2	0	CN9R1_2_CKDN190048207-1A_HTC3FDSXX_L2
1769	chr14	81026400	83061282	2	0	CN9R1_2_CKDN190048207-1A_HTC3FDSXX_L2
1770	chr14	83061907	99350200	2	0	CN9R1_2_CKDN190048207-1A_HTC3FDSXX_L2
1771	chr14	99356500	99405475	2	NA	CN9R1_2_CKDN190048207-1A_HTC3FDSXX_L2
1772	chr14	99428800	105598200	4	0	CN9R1_2_CKDN190048207-1A_HTC3FDSXX_L2
1773	chr14	105599853	105764672	8	NA	CN9R1_2_CKDN190048207-1A_HTC3FDSXX_L2
1774	chr14	105765300	106880740	4	0	CN9R1_2_CKDN190048207-1A_HTC3FDSXX_L2
1775	chr15	17000700	17082600	6	NA	CN9R1_2_CKDN190048207-1A_HTC3FDSXX_L2
1776	chr15	17107700	20253800	2	0	CN9R1_2_CKDN190048207-1A_HTC3FDSXX_L2
1777	chr15	20254100	22371300	3	0	CN9R1_2_CKDN190048207-1A_HTC3FDSXX_L2
1778	chr15	22371700	50982700	2	0	CN9R1_2_CKDN190048207-1A_HTC3FDSXX_L2
1779	chr15	50984300	101968000	3	0	CN9R1_2_CKDN190048207-1A_HTC3FDSXX_L2
1780	chr15	101968700	101980551	1	0	CN9R1_2_CKDN190048207-1A_HTC3FDSXX_L2
1781	chr16	11000	3764000	4	0	CN9R1_2_CKDN190048207-1A_HTC3FDSXX_L2
1782	chr16	3774731	4972600	6	NA	CN9R1_2_CKDN190048207-1A_HTC3FDSXX_L2
1783	chr16	4981914	5070900	4	NA	CN9R1_2_CKDN190048207-1A_HTC3FDSXX_L2
1784	chr16	5078600	7990126	2	0	CN9R1_2_CKDN190048207-1A_HTC3FDSXX_L2
1785	chr16	7999674	14873791	5	2	CN9R1_2_CKDN190048207-1A_HTC3FDSXX_L2
1786	chr16	14881100	15056200	7	3	CN9R1_2_CKDN190048207-1A_HTC3FDSXX_L2
1787	chr16	15056648	21370947	5	2	CN9R1_2_CKDN190048207-1A_HTC3FDSXX_L2
1788	chr16	21380500	21582200	6	1	CN9R1_2_CKDN190048207-1A_HTC3FDSXX_L2
1789	chr16	21582400	22430500	4	NA	CN9R1_2_CKDN190048207-1A_HTC3FDSXX_L2
1790	chr16	22432000	22699100	7	2	CN9R1_2_CKDN190048207-1A_HTC3FDSXX_L2
1791	chr16	22722915	33336917	5	2	CN9R1_2_CKDN190048207-1A_HTC3FDSXX_L2
1792	chr16	33337000	34603700	3	NA	CN9R1_2_CKDN190048207-1A_HTC3FDSXX_L2
1793	chr16	34606400	34948312	2	NA	CN9R1_2_CKDN190048207-1A_HTC3FDSXX_L2
1794	chr16	34948900	34956100	1	0	CN9R1_2_CKDN190048207-1A_HTC3FDSXX_L2
1795	chr16	34956300	36079200	2	NA	CN9R1_2_CKDN190048207-1A_HTC3FDSXX_L2
1796	chr16	36081400	55195803	3	0	CN9R1_2_CKDN190048207-1A_HTC3FDSXX_L2
1797	chr16	55196628	60440900	3	0	CN9R1_2_CKDN190048207-1A_HTC3FDSXX_L2
1798	chr16	60452900	66993380	3	0	CN9R1_2_CKDN190048207-1A_HTC3FDSXX_L2
1799	chr16	66995900	71012200	3	0	CN9R1_2_CKDN190048207-1A_HTC3FDSXX_L2
1800	chr16	71017000	76340952	3	0	CN9R1_2_CKDN190048207-1A_HTC3FDSXX_L2
1801	chr16	76341636	81184400	3	0	CN9R1_2_CKDN190048207-1A_HTC3FDSXX_L2
1802	chr16	81186003	90226937	3	0	CN9R1_2_CKDN190048207-1A_HTC3FDSXX_L2
1803	chr17	72900	347900	3	NA	CN9R1_2_CKDN190048207-1A_HTC3FDSXX_L2
1804	chr17	349000	5828290	3	0	CN9R1_2_CKDN190048207-1A_HTC3FDSXX_L2
1805	chr17	5832604	8947100	3	0	CN9R1_2_CKDN190048207-1A_HTC3FDSXX_L2
1806	chr17	8949080	12038800	3	0	CN9R1_2_CKDN190048207-1A_HTC3FDSXX_L2
1807	chr17	12039100	15415854	3	0	CN9R1_2_CKDN190048207-1A_HTC3FDSXX_L2
1808	chr17	15415962	17309500	3	0	CN9R1_2_CKDN190048207-1A_HTC3FDSXX_L2
1809	chr17	17310400	21291459	3	0	CN9R1_2_CKDN190048207-1A_HTC3FDSXX_L2
1810	chr17	21291924	22161200	4	2	CN9R1_2_CKDN190048207-1A_HTC3FDSXX_L2
1811	chr17	22167200	26709900	2	NA	CN9R1_2_CKDN190048207-1A_HTC3FDSXX_L2
1812	chr17	26715200	27343600	3	1	CN9R1_2_CKDN190048207-1A_HTC3FDSXX_L2
1813	chr17	27344222	32654203	3	0	CN9R1_2_CKDN190048207-1A_HTC3FDSXX_L2
1814	chr17	32654500	35175888	3	1	CN9R1_2_CKDN190048207-1A_HTC3FDSXX_L2
1815	chr17	35177175	36162900	3	0	CN9R1_2_CKDN190048207-1A_HTC3FDSXX_L2
1816	chr17	36163068	36452600	1	0	CN9R1_2_CKDN190048207-1A_HTC3FDSXX_L2
1817	chr17	36461100	42684400	3	0	CN9R1_2_CKDN190048207-1A_HTC3FDSXX_L2
1818	chr17	42684800	45572900	2	0	CN9R1_2_CKDN190048207-1A_HTC3FDSXX_L2
1819	chr17	45575100	45586400	6	NA	CN9R1_2_CKDN190048207-1A_HTC3FDSXX_L2
1820	chr17	45586800	46084800	2	0	CN9R1_2_CKDN190048207-1A_HTC3FDSXX_L2
1821	chr17	46086457	46290000	4	NA	CN9R1_2_CKDN190048207-1A_HTC3FDSXX_L2
1822	chr17	46305454	56964400	2	0	CN9R1_2_CKDN190048207-1A_HTC3FDSXX_L2
1823	chr17	56965334	68200400	3	0	CN9R1_2_CKDN190048207-1A_HTC3FDSXX_L2
1824	chr17	68201014	71070600	3	0	CN9R1_2_CKDN190048207-1A_HTC3FDSXX_L2
1825	chr17	71071100	71823800	3	0	CN9R1_2_CKDN190048207-1A_HTC3FDSXX_L2
1826	chr17	71826000	73561723	5	2	CN9R1_2_CKDN190048207-1A_HTC3FDSXX_L2
1827	chr17	73564352	74400573	3	0	CN9R1_2_CKDN190048207-1A_HTC3FDSXX_L2
1828	chr17	74402069	78392800	5	2	CN9R1_2_CKDN190048207-1A_HTC3FDSXX_L2
1829	chr17	78393047	81909000	3	0	CN9R1_2_CKDN190048207-1A_HTC3FDSXX_L2
1830	chr17	81909600	82693620	6	3	CN9R1_2_CKDN190048207-1A_HTC3FDSXX_L2
1831	chr17	82694957	83244700	6	0	CN9R1_2_CKDN190048207-1A_HTC3FDSXX_L2
1832	chr18	15000	20089600	2	0	CN9R1_2_CKDN190048207-1A_HTC3FDSXX_L2
1833	chr18	20150600	20926300	6	NA	CN9R1_2_CKDN190048207-1A_HTC3FDSXX_L2
1834	chr18	20926500	80259147	2	0	CN9R1_2_CKDN190048207-1A_HTC3FDSXX_L2
1835	chr19	75000	24172369	3	0	CN9R1_2_CKDN190048207-1A_HTC3FDSXX_L2
1836	chr19	24200070	24369012	4	2	CN9R1_2_CKDN190048207-1A_HTC3FDSXX_L2
1837	chr19	24369123	24431600	3	1	CN9R1_2_CKDN190048207-1A_HTC3FDSXX_L2
1838	chr19	24432000	24446434	1	0	CN9R1_2_CKDN190048207-1A_HTC3FDSXX_L2
1839	chr19	24894300	27326700	3	NA	CN9R1_2_CKDN190048207-1A_HTC3FDSXX_L2
1840	chr19	27330586	27399300	4	2	CN9R1_2_CKDN190048207-1A_HTC3FDSXX_L2
1841	chr19	27401404	37269700	3	1	CN9R1_2_CKDN190048207-1A_HTC3FDSXX_L2
1842	chr19	37271082	37294800	19	NA	CN9R1_2_CKDN190048207-1A_HTC3FDSXX_L2
1843	chr19	37306600	39490465	4	0	CN9R1_2_CKDN190048207-1A_HTC3FDSXX_L2
1844	chr19	39493864	50133882	3	0	CN9R1_2_CKDN190048207-1A_HTC3FDSXX_L2
1845	chr19	50134300	50137200	8	NA	CN9R1_2_CKDN190048207-1A_HTC3FDSXX_L2
1846	chr19	50146900	50685500	3	NA	CN9R1_2_CKDN190048207-1A_HTC3FDSXX_L2
1847	chr19	50687300	50767024	2	NA	CN9R1_2_CKDN190048207-1A_HTC3FDSXX_L2
1848	chr19	50770900	52236760	6	3	CN9R1_2_CKDN190048207-1A_HTC3FDSXX_L2
1849	chr19	52257550	53748500	6	1	CN9R1_2_CKDN190048207-1A_HTC3FDSXX_L2
1850	chr19	53755600	54743879	6	3	CN9R1_2_CKDN190048207-1A_HTC3FDSXX_L2
1851	chr19	54749200	54780600	1	0	CN9R1_2_CKDN190048207-1A_HTC3FDSXX_L2
1852	chr19	54784238	58317920	6	3	CN9R1_2_CKDN190048207-1A_HTC3FDSXX_L2
1853	chr19	58323500	58604619	1	0	CN9R1_2_CKDN190048207-1A_HTC3FDSXX_L2
1854	chr20	61400	11620674	5	2	CN9R1_2_CKDN190048207-1A_HTC3FDSXX_L2
1855	chr20	11621400	17077400	5	2	CN9R1_2_CKDN190048207-1A_HTC3FDSXX_L2
1856	chr20	17079600	18910245	6	3	CN9R1_2_CKDN190048207-1A_HTC3FDSXX_L2
1857	chr20	18913199	24701700	5	2	CN9R1_2_CKDN190048207-1A_HTC3FDSXX_L2
1858	chr20	24703500	25165707	5	NA	CN9R1_2_CKDN190048207-1A_HTC3FDSXX_L2
1859	chr20	25166600	30463200	4	2	CN9R1_2_CKDN190048207-1A_HTC3FDSXX_L2
1860	chr20	30463700	31000700	4	NA	CN9R1_2_CKDN190048207-1A_HTC3FDSXX_L2
1861	chr20	31052200	31106000	3	NA	CN9R1_2_CKDN190048207-1A_HTC3FDSXX_L2
1862	chr20	31106100	33921979	4	0	CN9R1_2_CKDN190048207-1A_HTC3FDSXX_L2
1863	chr20	33922300	37240600	5	2	CN9R1_2_CKDN190048207-1A_HTC3FDSXX_L2
1864	chr20	37240800	38610251	5	2	CN9R1_2_CKDN190048207-1A_HTC3FDSXX_L2
1865	chr20	38613187	39443000	4	2	CN9R1_2_CKDN190048207-1A_HTC3FDSXX_L2
1866	chr20	39445400	40763663	5	2	CN9R1_2_CKDN190048207-1A_HTC3FDSXX_L2
1867	chr20	40764000	40889484	4	2	CN9R1_2_CKDN190048207-1A_HTC3FDSXX_L2
1868	chr20	40889710	41989100	5	2	CN9R1_2_CKDN190048207-1A_HTC3FDSXX_L2
1869	chr20	41990200	44126753	5	2	CN9R1_2_CKDN190048207-1A_HTC3FDSXX_L2
1870	chr20	44128300	44962858	5	2	CN9R1_2_CKDN190048207-1A_HTC3FDSXX_L2
1871	chr20	44962963	45473700	4	2	CN9R1_2_CKDN190048207-1A_HTC3FDSXX_L2
1872	chr20	45474000	48433259	5	2	CN9R1_2_CKDN190048207-1A_HTC3FDSXX_L2
1873	chr20	48433827	49321300	5	2	CN9R1_2_CKDN190048207-1A_HTC3FDSXX_L2
1874	chr20	49321500	51997600	5	2	CN9R1_2_CKDN190048207-1A_HTC3FDSXX_L2
1875	chr20	51998200	54532796	5	2	CN9R1_2_CKDN190048207-1A_HTC3FDSXX_L2
1876	chr20	54533407	58004393	5	2	CN9R1_2_CKDN190048207-1A_HTC3FDSXX_L2
1877	chr20	58005000	59336919	4	0	CN9R1_2_CKDN190048207-1A_HTC3FDSXX_L2
1878	chr20	59337656	61873315	5	2	CN9R1_2_CKDN190048207-1A_HTC3FDSXX_L2
1879	chr20	61873694	64267800	5	2	CN9R1_2_CKDN190048207-1A_HTC3FDSXX_L2
1880	chr20	64268300	64333300	4	NA	CN9R1_2_CKDN190048207-1A_HTC3FDSXX_L2
1881	chr21	5085900	5324600	3	NA	CN9R1_2_CKDN190048207-1A_HTC3FDSXX_L2
1882	chr21	5327700	5390800	1	0	CN9R1_2_CKDN190048207-1A_HTC3FDSXX_L2
1883	chr21	6364200	8989400	4	NA	CN9R1_2_CKDN190048207-1A_HTC3FDSXX_L2
1884	chr21	8989705	9037200	4	2	CN9R1_2_CKDN190048207-1A_HTC3FDSXX_L2
1885	chr21	9037600	9993800	4	1	CN9R1_2_CKDN190048207-1A_HTC3FDSXX_L2
1886	chr21	9994300	10416562	4	2	CN9R1_2_CKDN190048207-1A_HTC3FDSXX_L2
1887	chr21	10416800	10565317	4	2	CN9R1_2_CKDN190048207-1A_HTC3FDSXX_L2
1888	chr21	10565500	10570200	1	0	CN9R1_2_CKDN190048207-1A_HTC3FDSXX_L2
1889	chr21	10570672	10794400	2	0	CN9R1_2_CKDN190048207-1A_HTC3FDSXX_L2
1890	chr21	10794900	13202700	4	1	CN9R1_2_CKDN190048207-1A_HTC3FDSXX_L2
1891	chr21	13203300	14591000	3	0	CN9R1_2_CKDN190048207-1A_HTC3FDSXX_L2
1892	chr21	14592011	17288700	3	0	CN9R1_2_CKDN190048207-1A_HTC3FDSXX_L2
1893	chr21	17290400	24262800	3	0	CN9R1_2_CKDN190048207-1A_HTC3FDSXX_L2
1894	chr21	24263300	29938600	3	0	CN9R1_2_CKDN190048207-1A_HTC3FDSXX_L2
1895	chr21	29939700	32185800	3	0	CN9R1_2_CKDN190048207-1A_HTC3FDSXX_L2
1896	chr21	32186134	35112900	3	0	CN9R1_2_CKDN190048207-1A_HTC3FDSXX_L2
1897	chr21	35114200	36059100	3	1	CN9R1_2_CKDN190048207-1A_HTC3FDSXX_L2
1898	chr21	36059425	39223300	3	0	CN9R1_2_CKDN190048207-1A_HTC3FDSXX_L2
1899	chr21	39224544	42935005	3	0	CN9R1_2_CKDN190048207-1A_HTC3FDSXX_L2
1900	chr21	42936521	46158600	3	0	CN9R1_2_CKDN190048207-1A_HTC3FDSXX_L2
1901	chr21	46159400	46284038	4	NA	CN9R1_2_CKDN190048207-1A_HTC3FDSXX_L2
1902	chr21	46286347	46697400	3	NA	CN9R1_2_CKDN190048207-1A_HTC3FDSXX_L2
1903	chr22	10557900	11722600	2	NA	CN9R1_2_CKDN190048207-1A_HTC3FDSXX_L2
1904	chr22	11723000	11974400	4	NA	CN9R1_2_CKDN190048207-1A_HTC3FDSXX_L2
1905	chr22	12029600	12056500	1	0	CN9R1_2_CKDN190048207-1A_HTC3FDSXX_L2
1906	chr22	12064900	12178700	3	NA	CN9R1_2_CKDN190048207-1A_HTC3FDSXX_L2
1907	chr22	12180000	12374300	5	NA	CN9R1_2_CKDN190048207-1A_HTC3FDSXX_L2
1908	chr22	12375500	12640800	2	NA	CN9R1_2_CKDN190048207-1A_HTC3FDSXX_L2
1909	chr22	12692400	15576900	4	NA	CN9R1_2_CKDN190048207-1A_HTC3FDSXX_L2
1910	chr22	15577900	15875400	7	NA	CN9R1_2_CKDN190048207-1A_HTC3FDSXX_L2
1911	chr22	15908000	16527249	5	2	CN9R1_2_CKDN190048207-1A_HTC3FDSXX_L2
1912	chr22	16527500	18173552	3	0	CN9R1_2_CKDN190048207-1A_HTC3FDSXX_L2
1913	chr22	18174907	18551800	1	0	CN9R1_2_CKDN190048207-1A_HTC3FDSXX_L2
1914	chr22	18552300	46946632	3	0	CN9R1_2_CKDN190048207-1A_HTC3FDSXX_L2
1915	chr22	46948634	49591800	3	0	CN9R1_2_CKDN190048207-1A_HTC3FDSXX_L2
1916	chr22	49593679	50801200	3	0	CN9R1_2_CKDN190048207-1A_HTC3FDSXX_L2
1917	chr23	98600	156029565	2	0	CN9R1_2_CKDN190048207-1A_HTC3FDSXX_L2
1918	chr1	13300	139500	2	NA	CN9R2_1_CKDN190048209-1A_HTC3FDSXX_L2
1919	chr1	187500	2412900	3	0	CN9R2_1_CKDN190048209-1A_HTC3FDSXX_L2
1920	chr1	2413486	2649662	2	1	CN9R2_1_CKDN190048209-1A_HTC3FDSXX_L2
1921	chr1	2652400	2688292	2	NA	CN9R2_1_CKDN190048209-1A_HTC3FDSXX_L2
1922	chr1	2695663	2768000	1	0	CN9R2_1_CKDN190048209-1A_HTC3FDSXX_L2
1923	chr1	2773000	5762539	2	0	CN9R2_1_CKDN190048209-1A_HTC3FDSXX_L2
1924	chr1	5763000	5972500	3	0	CN9R2_1_CKDN190048209-1A_HTC3FDSXX_L2
1925	chr1	5973000	11608800	3	0	CN9R2_1_CKDN190048209-1A_HTC3FDSXX_L2
1926	chr1	11609899	12569884	5	0	CN9R2_1_CKDN190048209-1A_HTC3FDSXX_L2
1927	chr1	12570400	13247200	3	0	CN9R2_1_CKDN190048209-1A_HTC3FDSXX_L2
1928	chr1	13260200	15077334	2	0	CN9R2_1_CKDN190048209-1A_HTC3FDSXX_L2
1929	chr1	15078500	15480300	3	1	CN9R2_1_CKDN190048209-1A_HTC3FDSXX_L2
1930	chr1	15481366	16862566	5	0	CN9R2_1_CKDN190048209-1A_HTC3FDSXX_L2
1931	chr1	16863923	16948870	5	NA	CN9R2_1_CKDN190048209-1A_HTC3FDSXX_L2
1932	chr1	16949600	17100431	5	0	CN9R2_1_CKDN190048209-1A_HTC3FDSXX_L2
1933	chr1	17100808	17504400	3	0	CN9R2_1_CKDN190048209-1A_HTC3FDSXX_L2
1934	chr1	17505500	18820000	2	0	CN9R2_1_CKDN190048209-1A_HTC3FDSXX_L2
1935	chr1	18820504	29429100	3	0	CN9R2_1_CKDN190048209-1A_HTC3FDSXX_L2
1936	chr1	29429400	30713500	2	0	CN9R2_1_CKDN190048209-1A_HTC3FDSXX_L2
1937	chr1	30713540	32725096	3	0	CN9R2_1_CKDN190048209-1A_HTC3FDSXX_L2
1938	chr1	32729869	33068000	5	0	CN9R2_1_CKDN190048209-1A_HTC3FDSXX_L2
1939	chr1	33070022	33812583	3	0	CN9R2_1_CKDN190048209-1A_HTC3FDSXX_L2
1940	chr1	33814700	34960600	2	0	CN9R2_1_CKDN190048209-1A_HTC3FDSXX_L2
1941	chr1	34962200	36947324	3	0	CN9R2_1_CKDN190048209-1A_HTC3FDSXX_L2
1942	chr1	36948073	38811100	3	0	CN9R2_1_CKDN190048209-1A_HTC3FDSXX_L2
1943	chr1	38811943	41484167	3	0	CN9R2_1_CKDN190048209-1A_HTC3FDSXX_L2
1944	chr1	41484702	42891038	4	0	CN9R2_1_CKDN190048209-1A_HTC3FDSXX_L2
1945	chr1	42892941	47171230	3	0	CN9R2_1_CKDN190048209-1A_HTC3FDSXX_L2
1946	chr1	47174000	50158500	2	0	CN9R2_1_CKDN190048209-1A_HTC3FDSXX_L2
1947	chr1	50161700	55714900	3	0	CN9R2_1_CKDN190048209-1A_HTC3FDSXX_L2
1948	chr1	55716000	55765130	3	NA	CN9R2_1_CKDN190048209-1A_HTC3FDSXX_L2
1949	chr1	55765400	55845600	1	0	CN9R2_1_CKDN190048209-1A_HTC3FDSXX_L2
1950	chr1	55846300	58266279	3	0	CN9R2_1_CKDN190048209-1A_HTC3FDSXX_L2
1951	chr1	58267349	59937127	3	0	CN9R2_1_CKDN190048209-1A_HTC3FDSXX_L2
1952	chr1	59937811	62363500	3	0	CN9R2_1_CKDN190048209-1A_HTC3FDSXX_L2
1953	chr1	62364100	67053650	3	0	CN9R2_1_CKDN190048209-1A_HTC3FDSXX_L2
1954	chr1	67054529	67291848	4	2	CN9R2_1_CKDN190048209-1A_HTC3FDSXX_L2
1955	chr1	67292207	71722291	3	0	CN9R2_1_CKDN190048209-1A_HTC3FDSXX_L2
1956	chr1	71724268	74988517	3	0	CN9R2_1_CKDN190048209-1A_HTC3FDSXX_L2
1957	chr1	74990400	75170374	3	NA	CN9R2_1_CKDN190048209-1A_HTC3FDSXX_L2
1958	chr1	75174429	79306900	3	0	CN9R2_1_CKDN190048209-1A_HTC3FDSXX_L2
1959	chr1	79310790	83697455	3	0	CN9R2_1_CKDN190048209-1A_HTC3FDSXX_L2
1960	chr1	83698200	100727486	3	0	CN9R2_1_CKDN190048209-1A_HTC3FDSXX_L2
1961	chr1	100728198	101385926	5	0	CN9R2_1_CKDN190048209-1A_HTC3FDSXX_L2
1962	chr1	101386000	102068400	3	0	CN9R2_1_CKDN190048209-1A_HTC3FDSXX_L2
1963	chr1	102070000	106980000	3	0	CN9R2_1_CKDN190048209-1A_HTC3FDSXX_L2
1964	chr1	106981200	112149095	3	0	CN9R2_1_CKDN190048209-1A_HTC3FDSXX_L2
1965	chr1	112149501	112162000	1	0	CN9R2_1_CKDN190048209-1A_HTC3FDSXX_L2
1966	chr1	112162438	114910441	3	0	CN9R2_1_CKDN190048209-1A_HTC3FDSXX_L2
1967	chr1	114911993	115172263	5	0	CN9R2_1_CKDN190048209-1A_HTC3FDSXX_L2
1968	chr1	115172404	118128700	3	0	CN9R2_1_CKDN190048209-1A_HTC3FDSXX_L2
1969	chr1	118130100	118907625	3	NA	CN9R2_1_CKDN190048209-1A_HTC3FDSXX_L2
1970	chr1	118908145	120575900	3	0	CN9R2_1_CKDN190048209-1A_HTC3FDSXX_L2
1971	chr1	120582100	120928800	7	NA	CN9R2_1_CKDN190048209-1A_HTC3FDSXX_L2
1972	chr1	120942596	121131000	3	NA	CN9R2_1_CKDN190048209-1A_HTC3FDSXX_L2
1973	chr1	121136800	121202700	3	NA	CN9R2_1_CKDN190048209-1A_HTC3FDSXX_L2
1974	chr1	121208325	121285000	1	0	CN9R2_1_CKDN190048209-1A_HTC3FDSXX_L2
1975	chr1	121286000	125178400	3	NA	CN9R2_1_CKDN190048209-1A_HTC3FDSXX_L2
1976	chr1	125178700	143262300	1	0	CN9R2_1_CKDN190048209-1A_HTC3FDSXX_L2
1977	chr1	143263000	143267600	3	NA	CN9R2_1_CKDN190048209-1A_HTC3FDSXX_L2
1978	chr1	143275400	155715700	6	2	CN9R2_1_CKDN190048209-1A_HTC3FDSXX_L2
1979	chr1	155734145	158664500	2	NA	CN9R2_1_CKDN190048209-1A_HTC3FDSXX_L2
1980	chr1	158695081	164805900	5	2	CN9R2_1_CKDN190048209-1A_HTC3FDSXX_L2
1981	chr1	164820364	165434666	2	NA	CN9R2_1_CKDN190048209-1A_HTC3FDSXX_L2
1982	chr1	165438100	167592259	4	NA	CN9R2_1_CKDN190048209-1A_HTC3FDSXX_L2
1983	chr1	167600200	219566565	2	0	CN9R2_1_CKDN190048209-1A_HTC3FDSXX_L2
1984	chr1	219586500	219952600	11	NA	CN9R2_1_CKDN190048209-1A_HTC3FDSXX_L2
1985	chr1	220007100	223085900	7	NA	CN9R2_1_CKDN190048209-1A_HTC3FDSXX_L2
1986	chr1	223133800	223393881	2	NA	CN9R2_1_CKDN190048209-1A_HTC3FDSXX_L2
1987	chr1	223409411	224502865	5	NA	CN9R2_1_CKDN190048209-1A_HTC3FDSXX_L2
1988	chr1	224503132	225033200	8	NA	CN9R2_1_CKDN190048209-1A_HTC3FDSXX_L2
1989	chr1	225066800	248944400	2	0	CN9R2_1_CKDN190048209-1A_HTC3FDSXX_L2
1990	chr2	740580	87341700	3	NA	CN9R2_1_CKDN190048209-1A_HTC3FDSXX_L2
1991	chr2	87341900	94558500	5	2	CN9R2_1_CKDN190048209-1A_HTC3FDSXX_L2
1992	chr2	94560600	132363797	4	2	CN9R2_1_CKDN190048209-1A_HTC3FDSXX_L2
1993	chr2	132793799	240786700	2	NA	CN9R2_1_CKDN190048209-1A_HTC3FDSXX_L2
1994	chr3	17200	75433618	2	0	CN9R2_1_CKDN190048209-1A_HTC3FDSXX_L2
1995	chr3	75490657	75727600	4	NA	CN9R2_1_CKDN190048209-1A_HTC3FDSXX_L2
1996	chr3	75736800	90720800	2	NA	CN9R2_1_CKDN190048209-1A_HTC3FDSXX_L2
1997	chr3	90775200	99071923	5	0	CN9R2_1_CKDN190048209-1A_HTC3FDSXX_L2
1998	chr3	99072715	101105552	3	0	CN9R2_1_CKDN190048209-1A_HTC3FDSXX_L2
1999	chr3	101106389	102357300	5	0	CN9R2_1_CKDN190048209-1A_HTC3FDSXX_L2
2000	chr3	102358000	105207277	3	0	CN9R2_1_CKDN190048209-1A_HTC3FDSXX_L2
2001	chr3	105207900	108943400	3	0	CN9R2_1_CKDN190048209-1A_HTC3FDSXX_L2
2002	chr3	108947013	109994721	3	1	CN9R2_1_CKDN190048209-1A_HTC3FDSXX_L2
2003	chr3	109997900	113811364	3	0	CN9R2_1_CKDN190048209-1A_HTC3FDSXX_L2
2004	chr3	113812675	125528595	3	0	CN9R2_1_CKDN190048209-1A_HTC3FDSXX_L2
2005	chr3	125529017	125956655	4	0	CN9R2_1_CKDN190048209-1A_HTC3FDSXX_L2
2006	chr3	125958775	127515106	3	0	CN9R2_1_CKDN190048209-1A_HTC3FDSXX_L2
2007	chr3	127516911	127917900	3	0	CN9R2_1_CKDN190048209-1A_HTC3FDSXX_L2
2008	chr3	127918739	128990634	5	0	CN9R2_1_CKDN190048209-1A_HTC3FDSXX_L2
2009	chr3	128991800	139415900	3	0	CN9R2_1_CKDN190048209-1A_HTC3FDSXX_L2
2010	chr3	139417791	140845100	3	0	CN9R2_1_CKDN190048209-1A_HTC3FDSXX_L2
2011	chr3	140846394	141856759	3	0	CN9R2_1_CKDN190048209-1A_HTC3FDSXX_L2
2012	chr3	141857469	142281300	5	0	CN9R2_1_CKDN190048209-1A_HTC3FDSXX_L2
2013	chr3	142281600	144386000	3	0	CN9R2_1_CKDN190048209-1A_HTC3FDSXX_L2
2014	chr3	144386335	148760100	3	0	CN9R2_1_CKDN190048209-1A_HTC3FDSXX_L2
2015	chr3	148760436	149243800	3	0	CN9R2_1_CKDN190048209-1A_HTC3FDSXX_L2
2016	chr3	149245100	149251200	1	0	CN9R2_1_CKDN190048209-1A_HTC3FDSXX_L2
2017	chr3	149252871	149270366	3	NA	CN9R2_1_CKDN190048209-1A_HTC3FDSXX_L2
2018	chr3	149270746	150976830	3	0	CN9R2_1_CKDN190048209-1A_HTC3FDSXX_L2
2019	chr3	150977732	161012821	3	0	CN9R2_1_CKDN190048209-1A_HTC3FDSXX_L2
2020	chr3	161014700	161964242	5	0	CN9R2_1_CKDN190048209-1A_HTC3FDSXX_L2
2021	chr3	161965600	168601377	3	0	CN9R2_1_CKDN190048209-1A_HTC3FDSXX_L2
2022	chr3	168602000	168836828	3	1	CN9R2_1_CKDN190048209-1A_HTC3FDSXX_L2
2023	chr3	168838400	173273000	3	0	CN9R2_1_CKDN190048209-1A_HTC3FDSXX_L2
2024	chr3	173273800	182245999	3	0	CN9R2_1_CKDN190048209-1A_HTC3FDSXX_L2
2025	chr3	182246602	185032768	3	0	CN9R2_1_CKDN190048209-1A_HTC3FDSXX_L2
2026	chr3	185033000	186113060	3	0	CN9R2_1_CKDN190048209-1A_HTC3FDSXX_L2
2027	chr3	186113400	191041982	3	0	CN9R2_1_CKDN190048209-1A_HTC3FDSXX_L2
2028	chr3	191044900	191325043	5	0	CN9R2_1_CKDN190048209-1A_HTC3FDSXX_L2
2029	chr3	191325400	195561800	3	0	CN9R2_1_CKDN190048209-1A_HTC3FDSXX_L2
2030	chr3	195562542	195984122	3	0	CN9R2_1_CKDN190048209-1A_HTC3FDSXX_L2
2031	chr3	195984824	197055653	3	0	CN9R2_1_CKDN190048209-1A_HTC3FDSXX_L2
2032	chr3	197056602	198151400	3	0	CN9R2_1_CKDN190048209-1A_HTC3FDSXX_L2
2033	chr3	198154400	198191100	2	NA	CN9R2_1_CKDN190048209-1A_HTC3FDSXX_L2
2034	chr4	15100	49147979	4	2	CN9R2_1_CKDN190048209-1A_HTC3FDSXX_L2
2035	chr4	49148176	49333300	6	3	CN9R2_1_CKDN190048209-1A_HTC3FDSXX_L2
2036	chr4	49500990	49528769	1	0	CN9R2_1_CKDN190048209-1A_HTC3FDSXX_L2
2037	chr4	49529357	49570676	3	NA	CN9R2_1_CKDN190048209-1A_HTC3FDSXX_L2
2038	chr4	49570900	49657473	1	0	CN9R2_1_CKDN190048209-1A_HTC3FDSXX_L2
2039	chr4	49709300	131674334	3	0	CN9R2_1_CKDN190048209-1A_HTC3FDSXX_L2
2040	chr4	131689806	131823171	8	NA	CN9R2_1_CKDN190048209-1A_HTC3FDSXX_L2
2041	chr4	131999800	188481500	3	0	CN9R2_1_CKDN190048209-1A_HTC3FDSXX_L2
2042	chr4	188503367	190119500	4	2	CN9R2_1_CKDN190048209-1A_HTC3FDSXX_L2
2043	chr5	11700	18457	6	NA	CN9R2_1_CKDN190048209-1A_HTC3FDSXX_L2
2044	chr5	18800	642800	5	0	CN9R2_1_CKDN190048209-1A_HTC3FDSXX_L2
2045	chr5	643700	770706	1	0	CN9R2_1_CKDN190048209-1A_HTC3FDSXX_L2
2046	chr5	770929	892919	3	NA	CN9R2_1_CKDN190048209-1A_HTC3FDSXX_L2
2047	chr5	895811	1055450	8	NA	CN9R2_1_CKDN190048209-1A_HTC3FDSXX_L2
2048	chr5	1056400	1138700	2	NA	CN9R2_1_CKDN190048209-1A_HTC3FDSXX_L2
2049	chr5	1139487	1169487	7	NA	CN9R2_1_CKDN190048209-1A_HTC3FDSXX_L2
2050	chr5	1171583	1184494	1	0	CN9R2_1_CKDN190048209-1A_HTC3FDSXX_L2
2051	chr5	1185000	1302000	1	0	CN9R2_1_CKDN190048209-1A_HTC3FDSXX_L2
2052	chr5	1303600	1354943	8	NA	CN9R2_1_CKDN190048209-1A_HTC3FDSXX_L2
2053	chr5	1356300	1386128	5	NA	CN9R2_1_CKDN190048209-1A_HTC3FDSXX_L2
2054	chr5	1388400	1713200	3	0	CN9R2_1_CKDN190048209-1A_HTC3FDSXX_L2
2055	chr5	1716883	2021700	1	0	CN9R2_1_CKDN190048209-1A_HTC3FDSXX_L2
2056	chr5	2022050	2270800	2	NA	CN9R2_1_CKDN190048209-1A_HTC3FDSXX_L2
2057	chr5	2271100	2560900	1	0	CN9R2_1_CKDN190048209-1A_HTC3FDSXX_L2
2058	chr5	2561000	2693900	4	NA	CN9R2_1_CKDN190048209-1A_HTC3FDSXX_L2
2059	chr5	2696500	2814280	7	NA	CN9R2_1_CKDN190048209-1A_HTC3FDSXX_L2
2060	chr5	2815300	3667694	6	2	CN9R2_1_CKDN190048209-1A_HTC3FDSXX_L2
2061	chr5	3670202	4011400	7	0	CN9R2_1_CKDN190048209-1A_HTC3FDSXX_L2
2062	chr5	4013879	4225613	1	0	CN9R2_1_CKDN190048209-1A_HTC3FDSXX_L2
2063	chr5	4226952	4753200	8	NA	CN9R2_1_CKDN190048209-1A_HTC3FDSXX_L2
2064	chr5	4757300	4938240	2	NA	CN9R2_1_CKDN190048209-1A_HTC3FDSXX_L2
2065	chr5	4938500	5062934	5	NA	CN9R2_1_CKDN190048209-1A_HTC3FDSXX_L2
2066	chr5	5065500	5332209	2	NA	CN9R2_1_CKDN190048209-1A_HTC3FDSXX_L2
2067	chr5	5332900	5438007	7	NA	CN9R2_1_CKDN190048209-1A_HTC3FDSXX_L2
2068	chr5	5438276	5607837	9	NA	CN9R2_1_CKDN190048209-1A_HTC3FDSXX_L2
2069	chr5	5610322	5771541	7	NA	CN9R2_1_CKDN190048209-1A_HTC3FDSXX_L2
2070	chr5	5772700	6674448	1	0	CN9R2_1_CKDN190048209-1A_HTC3FDSXX_L2
2071	chr5	6675693	7465623	7	0	CN9R2_1_CKDN190048209-1A_HTC3FDSXX_L2
2072	chr5	7468576	7770900	1	0	CN9R2_1_CKDN190048209-1A_HTC3FDSXX_L2
2073	chr5	7776684	7962750	10	NA	CN9R2_1_CKDN190048209-1A_HTC3FDSXX_L2
2074	chr5	7966200	8229300	5	0	CN9R2_1_CKDN190048209-1A_HTC3FDSXX_L2
2075	chr5	8230135	8352038	1	0	CN9R2_1_CKDN190048209-1A_HTC3FDSXX_L2
2076	chr5	8353700	8962907	3	0	CN9R2_1_CKDN190048209-1A_HTC3FDSXX_L2
2077	chr5	8964800	9613134	2	0	CN9R2_1_CKDN190048209-1A_HTC3FDSXX_L2
2078	chr5	9613570	9796320	5	NA	CN9R2_1_CKDN190048209-1A_HTC3FDSXX_L2
2079	chr5	9796400	9847800	8	NA	CN9R2_1_CKDN190048209-1A_HTC3FDSXX_L2
2080	chr5	9848800	10454230	7	0	CN9R2_1_CKDN190048209-1A_HTC3FDSXX_L2
2081	chr5	10454800	10854860	8	0	CN9R2_1_CKDN190048209-1A_HTC3FDSXX_L2
2082	chr5	10856020	10899921	5	NA	CN9R2_1_CKDN190048209-1A_HTC3FDSXX_L2
2083	chr5	10900375	10921800	1	0	CN9R2_1_CKDN190048209-1A_HTC3FDSXX_L2
2084	chr5	10922800	11199800	4	NA	CN9R2_1_CKDN190048209-1A_HTC3FDSXX_L2
2085	chr5	11202600	12032873	6	0	CN9R2_1_CKDN190048209-1A_HTC3FDSXX_L2
2086	chr5	12034919	12847500	1	0	CN9R2_1_CKDN190048209-1A_HTC3FDSXX_L2
2087	chr5	12850652	12863700	7	NA	CN9R2_1_CKDN190048209-1A_HTC3FDSXX_L2
2088	chr5	12865800	13044092	1	0	CN9R2_1_CKDN190048209-1A_HTC3FDSXX_L2
2089	chr5	13047300	13249965	4	NA	CN9R2_1_CKDN190048209-1A_HTC3FDSXX_L2
2090	chr5	13250936	13264600	2	NA	CN9R2_1_CKDN190048209-1A_HTC3FDSXX_L2
2091	chr5	13267500	13836962	6	0	CN9R2_1_CKDN190048209-1A_HTC3FDSXX_L2
2092	chr5	13838124	14032677	7	NA	CN9R2_1_CKDN190048209-1A_HTC3FDSXX_L2
2093	chr5	14032800	14130151	5	NA	CN9R2_1_CKDN190048209-1A_HTC3FDSXX_L2
2094	chr5	14131285	14465400	10	NA	CN9R2_1_CKDN190048209-1A_HTC3FDSXX_L2
2095	chr5	14466100	14849800	4	0	CN9R2_1_CKDN190048209-1A_HTC3FDSXX_L2
2096	chr5	14851500	14859900	2	NA	CN9R2_1_CKDN190048209-1A_HTC3FDSXX_L2
2097	chr5	14860705	15310700	4	0	CN9R2_1_CKDN190048209-1A_HTC3FDSXX_L2
2098	chr5	15311100	15737188	6	NA	CN9R2_1_CKDN190048209-1A_HTC3FDSXX_L2
2099	chr5	15738003	15819681	10	NA	CN9R2_1_CKDN190048209-1A_HTC3FDSXX_L2
2100	chr5	15821600	15992058	4	NA	CN9R2_1_CKDN190048209-1A_HTC3FDSXX_L2
2101	chr5	15994512	16140708	2	NA	CN9R2_1_CKDN190048209-1A_HTC3FDSXX_L2
2102	chr5	16142100	16154800	4	NA	CN9R2_1_CKDN190048209-1A_HTC3FDSXX_L2
2103	chr5	16156700	16401069	2	NA	CN9R2_1_CKDN190048209-1A_HTC3FDSXX_L2
2104	chr5	16401153	16802900	4	0	CN9R2_1_CKDN190048209-1A_HTC3FDSXX_L2
2105	chr5	16803300	17421400	6	0	CN9R2_1_CKDN190048209-1A_HTC3FDSXX_L2
2106	chr5	17422705	17517400	8	NA	CN9R2_1_CKDN190048209-1A_HTC3FDSXX_L2
2107	chr5	17517675	17599500	29	NA	CN9R2_1_CKDN190048209-1A_HTC3FDSXX_L2
2108	chr5	17599900	17832305	7	NA	CN9R2_1_CKDN190048209-1A_HTC3FDSXX_L2
2109	chr5	17833400	18313649	4	NA	CN9R2_1_CKDN190048209-1A_HTC3FDSXX_L2
2110	chr5	18314980	18685568	6	0	CN9R2_1_CKDN190048209-1A_HTC3FDSXX_L2
2111	chr5	18687800	18880100	9	NA	CN9R2_1_CKDN190048209-1A_HTC3FDSXX_L2
2112	chr5	18881589	19265500	3	NA	CN9R2_1_CKDN190048209-1A_HTC3FDSXX_L2
2113	chr5	19265943	19298000	2	NA	CN9R2_1_CKDN190048209-1A_HTC3FDSXX_L2
2114	chr5	19300300	19385815	1	0	CN9R2_1_CKDN190048209-1A_HTC3FDSXX_L2
2115	chr5	19387500	19826356	6	0	CN9R2_1_CKDN190048209-1A_HTC3FDSXX_L2
2116	chr5	19826754	19974400	5	NA	CN9R2_1_CKDN190048209-1A_HTC3FDSXX_L2
2117	chr5	19975777	20357868	7	0	CN9R2_1_CKDN190048209-1A_HTC3FDSXX_L2
2118	chr5	20359600	20979100	5	NA	CN9R2_1_CKDN190048209-1A_HTC3FDSXX_L2
2119	chr5	20979900	21408100	10	NA	CN9R2_1_CKDN190048209-1A_HTC3FDSXX_L2
2120	chr5	21409900	21446100	4	NA	CN9R2_1_CKDN190048209-1A_HTC3FDSXX_L2
2121	chr5	21446900	21476400	9	NA	CN9R2_1_CKDN190048209-1A_HTC3FDSXX_L2
2122	chr5	21478200	21497191	15	NA	CN9R2_1_CKDN190048209-1A_HTC3FDSXX_L2
2123	chr5	21497400	21804000	10	NA	CN9R2_1_CKDN190048209-1A_HTC3FDSXX_L2
2124	chr5	21808000	22862070	1	0	CN9R2_1_CKDN190048209-1A_HTC3FDSXX_L2
2125	chr5	22862900	23334921	2	0	CN9R2_1_CKDN190048209-1A_HTC3FDSXX_L2
2126	chr5	23336964	23611473	4	NA	CN9R2_1_CKDN190048209-1A_HTC3FDSXX_L2
2127	chr5	23612100	24049500	2	0	CN9R2_1_CKDN190048209-1A_HTC3FDSXX_L2
2128	chr5	24050400	24095676	5	NA	CN9R2_1_CKDN190048209-1A_HTC3FDSXX_L2
2129	chr5	24095961	24262656	7	NA	CN9R2_1_CKDN190048209-1A_HTC3FDSXX_L2
2130	chr5	24264233	24576375	4	NA	CN9R2_1_CKDN190048209-1A_HTC3FDSXX_L2
2131	chr5	24577421	24586000	4	NA	CN9R2_1_CKDN190048209-1A_HTC3FDSXX_L2
2132	chr5	24588324	25013972	9	NA	CN9R2_1_CKDN190048209-1A_HTC3FDSXX_L2
2133	chr5	25018105	25655151	13	NA	CN9R2_1_CKDN190048209-1A_HTC3FDSXX_L2
2134	chr5	25657542	25926900	8	NA	CN9R2_1_CKDN190048209-1A_HTC3FDSXX_L2
2135	chr5	25927742	26494645	13	1	CN9R2_1_CKDN190048209-1A_HTC3FDSXX_L2
2136	chr5	26496839	28287596	2	1	CN9R2_1_CKDN190048209-1A_HTC3FDSXX_L2
2137	chr5	28288584	30910100	2	0	CN9R2_1_CKDN190048209-1A_HTC3FDSXX_L2
2138	chr5	30910600	32696821	2	1	CN9R2_1_CKDN190048209-1A_HTC3FDSXX_L2
2139	chr5	32697200	32867700	3	NA	CN9R2_1_CKDN190048209-1A_HTC3FDSXX_L2
2140	chr5	32867920	34175162	3	0	CN9R2_1_CKDN190048209-1A_HTC3FDSXX_L2
2141	chr5	34178500	34197200	11	NA	CN9R2_1_CKDN190048209-1A_HTC3FDSXX_L2
2142	chr5	34200657	34550475	3	1	CN9R2_1_CKDN190048209-1A_HTC3FDSXX_L2
2143	chr5	34551260	40150272	3	0	CN9R2_1_CKDN190048209-1A_HTC3FDSXX_L2
2144	chr5	40150472	43947800	2	0	CN9R2_1_CKDN190048209-1A_HTC3FDSXX_L2
2145	chr5	43948000	46625400	2	1	CN9R2_1_CKDN190048209-1A_HTC3FDSXX_L2
2146	chr5	46627900	47252700	1	0	CN9R2_1_CKDN190048209-1A_HTC3FDSXX_L2
2147	chr5	47264800	49674500	3	NA	CN9R2_1_CKDN190048209-1A_HTC3FDSXX_L2
2148	chr5	49676700	50123900	1	0	CN9R2_1_CKDN190048209-1A_HTC3FDSXX_L2
2149	chr5	50134200	51912200	2	1	CN9R2_1_CKDN190048209-1A_HTC3FDSXX_L2
2150	chr5	51912507	52093400	2	0	CN9R2_1_CKDN190048209-1A_HTC3FDSXX_L2
2151	chr5	52093843	52406500	2	1	CN9R2_1_CKDN190048209-1A_HTC3FDSXX_L2
2152	chr5	52406900	55572275	3	0	CN9R2_1_CKDN190048209-1A_HTC3FDSXX_L2
2153	chr5	55572653	55708963	3	1	CN9R2_1_CKDN190048209-1A_HTC3FDSXX_L2
2154	chr5	55709800	59402319	2	0	CN9R2_1_CKDN190048209-1A_HTC3FDSXX_L2
2155	chr5	59403211	60018200	2	1	CN9R2_1_CKDN190048209-1A_HTC3FDSXX_L2
2156	chr5	60020300	61106383	3	1	CN9R2_1_CKDN190048209-1A_HTC3FDSXX_L2
2157	chr5	61107000	62488440	2	1	CN9R2_1_CKDN190048209-1A_HTC3FDSXX_L2
2158	chr5	62489193	64690689	2	0	CN9R2_1_CKDN190048209-1A_HTC3FDSXX_L2
2159	chr5	64690947	64720814	2	NA	CN9R2_1_CKDN190048209-1A_HTC3FDSXX_L2
2160	chr5	64721100	65160548	3	1	CN9R2_1_CKDN190048209-1A_HTC3FDSXX_L2
2161	chr5	65160700	65472850	3	1	CN9R2_1_CKDN190048209-1A_HTC3FDSXX_L2
2162	chr5	65473500	65804833	3	NA	CN9R2_1_CKDN190048209-1A_HTC3FDSXX_L2
2163	chr5	65805632	65934175	3	0	CN9R2_1_CKDN190048209-1A_HTC3FDSXX_L2
2164	chr5	65934500	67163855	3	0	CN9R2_1_CKDN190048209-1A_HTC3FDSXX_L2
2165	chr5	67164200	69026900	2	1	CN9R2_1_CKDN190048209-1A_HTC3FDSXX_L2
2166	chr5	69027658	71016300	3	1	CN9R2_1_CKDN190048209-1A_HTC3FDSXX_L2
2167	chr5	71016439	71093931	1	0	CN9R2_1_CKDN190048209-1A_HTC3FDSXX_L2
2168	chr5	71097900	71380000	3	NA	CN9R2_1_CKDN190048209-1A_HTC3FDSXX_L2
2169	chr5	71380600	71860376	2	1	CN9R2_1_CKDN190048209-1A_HTC3FDSXX_L2
2170	chr5	71860584	72094904	2	0	CN9R2_1_CKDN190048209-1A_HTC3FDSXX_L2
2171	chr5	72095200	72598700	3	1	CN9R2_1_CKDN190048209-1A_HTC3FDSXX_L2
2172	chr5	72599247	73304200	3	0	CN9R2_1_CKDN190048209-1A_HTC3FDSXX_L2
2173	chr5	73305000	74076704	3	1	CN9R2_1_CKDN190048209-1A_HTC3FDSXX_L2
2174	chr5	74077240	74697826	3	0	CN9R2_1_CKDN190048209-1A_HTC3FDSXX_L2
2175	chr5	74698304	74883712	3	1	CN9R2_1_CKDN190048209-1A_HTC3FDSXX_L2
2176	chr5	74884566	75650837	2	0	CN9R2_1_CKDN190048209-1A_HTC3FDSXX_L2
2177	chr5	75651500	75844281	2	0	CN9R2_1_CKDN190048209-1A_HTC3FDSXX_L2
2178	chr5	75845320	76620245	2	0	CN9R2_1_CKDN190048209-1A_HTC3FDSXX_L2
2179	chr5	76620900	76861380	3	0	CN9R2_1_CKDN190048209-1A_HTC3FDSXX_L2
2180	chr5	76862427	77424419	2	0	CN9R2_1_CKDN190048209-1A_HTC3FDSXX_L2
2181	chr5	77424928	77660064	3	0	CN9R2_1_CKDN190048209-1A_HTC3FDSXX_L2
2182	chr5	77660376	77790141	2	0	CN9R2_1_CKDN190048209-1A_HTC3FDSXX_L2
2183	chr5	77790254	82329100	2	0	CN9R2_1_CKDN190048209-1A_HTC3FDSXX_L2
2184	chr5	82330900	82722452	2	0	CN9R2_1_CKDN190048209-1A_HTC3FDSXX_L2
2185	chr5	82723200	84959500	2	0	CN9R2_1_CKDN190048209-1A_HTC3FDSXX_L2
2186	chr5	84961389	86148681	2	0	CN9R2_1_CKDN190048209-1A_HTC3FDSXX_L2
2187	chr5	86148932	86243703	2	0	CN9R2_1_CKDN190048209-1A_HTC3FDSXX_L2
2188	chr5	86244164	87482476	2	0	CN9R2_1_CKDN190048209-1A_HTC3FDSXX_L2
2189	chr5	87483141	87823852	3	1	CN9R2_1_CKDN190048209-1A_HTC3FDSXX_L2
2190	chr5	87824800	90517628	2	0	CN9R2_1_CKDN190048209-1A_HTC3FDSXX_L2
2191	chr5	90517900	91228600	2	0	CN9R2_1_CKDN190048209-1A_HTC3FDSXX_L2
2192	chr5	91228983	91501500	2	0	CN9R2_1_CKDN190048209-1A_HTC3FDSXX_L2
2193	chr5	91501802	91632355	3	0	CN9R2_1_CKDN190048209-1A_HTC3FDSXX_L2
2194	chr5	91632874	94947300	2	0	CN9R2_1_CKDN190048209-1A_HTC3FDSXX_L2
2195	chr5	94948234	95264900	2	1	CN9R2_1_CKDN190048209-1A_HTC3FDSXX_L2
2196	chr5	95265636	96911300	3	0	CN9R2_1_CKDN190048209-1A_HTC3FDSXX_L2
2197	chr5	96911730	97536900	2	1	CN9R2_1_CKDN190048209-1A_HTC3FDSXX_L2
2198	chr5	97537520	97692133	2	0	CN9R2_1_CKDN190048209-1A_HTC3FDSXX_L2
2199	chr5	97692380	99310345	2	1	CN9R2_1_CKDN190048209-1A_HTC3FDSXX_L2
2200	chr5	99311300	101994026	2	0	CN9R2_1_CKDN190048209-1A_HTC3FDSXX_L2
2201	chr5	101994700	102245600	3	0	CN9R2_1_CKDN190048209-1A_HTC3FDSXX_L2
2202	chr5	102247400	103517400	3	0	CN9R2_1_CKDN190048209-1A_HTC3FDSXX_L2
2203	chr5	103518356	103685453	2	0	CN9R2_1_CKDN190048209-1A_HTC3FDSXX_L2
2204	chr5	103687000	104675657	2	1	CN9R2_1_CKDN190048209-1A_HTC3FDSXX_L2
2205	chr5	104677000	106875180	2	0	CN9R2_1_CKDN190048209-1A_HTC3FDSXX_L2
2206	chr5	106875489	106979831	2	NA	CN9R2_1_CKDN190048209-1A_HTC3FDSXX_L2
2207	chr5	106981558	109973944	2	0	CN9R2_1_CKDN190048209-1A_HTC3FDSXX_L2
2208	chr5	109974343	111381600	2	0	CN9R2_1_CKDN190048209-1A_HTC3FDSXX_L2
2209	chr5	111382032	111494500	2	NA	CN9R2_1_CKDN190048209-1A_HTC3FDSXX_L2
2210	chr5	111495100	111654543	3	0	CN9R2_1_CKDN190048209-1A_HTC3FDSXX_L2
2211	chr5	111655564	112652885	2	0	CN9R2_1_CKDN190048209-1A_HTC3FDSXX_L2
2212	chr5	112653249	112971700	3	0	CN9R2_1_CKDN190048209-1A_HTC3FDSXX_L2
2213	chr5	112972000	116291784	2	0	CN9R2_1_CKDN190048209-1A_HTC3FDSXX_L2
2214	chr5	116293100	118731400	2	0	CN9R2_1_CKDN190048209-1A_HTC3FDSXX_L2
2215	chr5	118732300	120042950	2	0	CN9R2_1_CKDN190048209-1A_HTC3FDSXX_L2
2216	chr5	120043754	120230300	3	1	CN9R2_1_CKDN190048209-1A_HTC3FDSXX_L2
2217	chr5	120232132	120498733	2	0	CN9R2_1_CKDN190048209-1A_HTC3FDSXX_L2
2218	chr5	120499300	121058975	3	0	CN9R2_1_CKDN190048209-1A_HTC3FDSXX_L2
2219	chr5	121059588	121190100	2	0	CN9R2_1_CKDN190048209-1A_HTC3FDSXX_L2
2220	chr5	121191708	121579333	3	0	CN9R2_1_CKDN190048209-1A_HTC3FDSXX_L2
2221	chr5	121579869	123309400	2	0	CN9R2_1_CKDN190048209-1A_HTC3FDSXX_L2
2222	chr5	123310200	123546591	3	0	CN9R2_1_CKDN190048209-1A_HTC3FDSXX_L2
2223	chr5	123548600	126136973	2	0	CN9R2_1_CKDN190048209-1A_HTC3FDSXX_L2
2224	chr5	126137147	126357800	2	0	CN9R2_1_CKDN190048209-1A_HTC3FDSXX_L2
2225	chr5	126358300	126534820	3	0	CN9R2_1_CKDN190048209-1A_HTC3FDSXX_L2
2226	chr5	126535163	128204600	3	0	CN9R2_1_CKDN190048209-1A_HTC3FDSXX_L2
2227	chr5	128205500	129703364	2	1	CN9R2_1_CKDN190048209-1A_HTC3FDSXX_L2
2228	chr5	129703654	130389700	2	0	CN9R2_1_CKDN190048209-1A_HTC3FDSXX_L2
2229	chr5	130390301	132017700	2	0	CN9R2_1_CKDN190048209-1A_HTC3FDSXX_L2
2230	chr5	132017853	133236851	3	0	CN9R2_1_CKDN190048209-1A_HTC3FDSXX_L2
2231	chr5	133237060	134090300	2	1	CN9R2_1_CKDN190048209-1A_HTC3FDSXX_L2
2232	chr5	134091200	134993834	2	0	CN9R2_1_CKDN190048209-1A_HTC3FDSXX_L2
2233	chr5	134994500	135631391	2	1	CN9R2_1_CKDN190048209-1A_HTC3FDSXX_L2
2234	chr5	135631555	135715100	2	0	CN9R2_1_CKDN190048209-1A_HTC3FDSXX_L2
2235	chr5	135715672	135779200	3	0	CN9R2_1_CKDN190048209-1A_HTC3FDSXX_L2
2236	chr5	135779516	135785067	1	0	CN9R2_1_CKDN190048209-1A_HTC3FDSXX_L2
2237	chr5	135785500	135868100	2	1	CN9R2_1_CKDN190048209-1A_HTC3FDSXX_L2
2238	chr5	135868915	139349400	2	0	CN9R2_1_CKDN190048209-1A_HTC3FDSXX_L2
2239	chr5	139349900	142581111	2	1	CN9R2_1_CKDN190048209-1A_HTC3FDSXX_L2
2240	chr5	142581409	144250500	3	0	CN9R2_1_CKDN190048209-1A_HTC3FDSXX_L2
2241	chr5	144250908	146189775	2	0	CN9R2_1_CKDN190048209-1A_HTC3FDSXX_L2
2242	chr5	146191009	146736900	2	0	CN9R2_1_CKDN190048209-1A_HTC3FDSXX_L2
2243	chr5	146737400	146792100	2	NA	CN9R2_1_CKDN190048209-1A_HTC3FDSXX_L2
2244	chr5	146792300	148113483	2	0	CN9R2_1_CKDN190048209-1A_HTC3FDSXX_L2
2245	chr5	148113616	148640847	3	0	CN9R2_1_CKDN190048209-1A_HTC3FDSXX_L2
2246	chr5	148641000	149688400	3	0	CN9R2_1_CKDN190048209-1A_HTC3FDSXX_L2
2247	chr5	149688691	149854000	3	0	CN9R2_1_CKDN190048209-1A_HTC3FDSXX_L2
2248	chr5	149854461	152320785	2	0	CN9R2_1_CKDN190048209-1A_HTC3FDSXX_L2
2249	chr5	152321164	152329074	2	NA	CN9R2_1_CKDN190048209-1A_HTC3FDSXX_L2
2250	chr5	152330100	152338870	2	NA	CN9R2_1_CKDN190048209-1A_HTC3FDSXX_L2
2251	chr5	152339182	153486400	2	0	CN9R2_1_CKDN190048209-1A_HTC3FDSXX_L2
2252	chr5	153487300	155106800	2	0	CN9R2_1_CKDN190048209-1A_HTC3FDSXX_L2
2253	chr5	155108900	157073400	2	0	CN9R2_1_CKDN190048209-1A_HTC3FDSXX_L2
2254	chr5	157073920	157392100	2	0	CN9R2_1_CKDN190048209-1A_HTC3FDSXX_L2
2255	chr5	157392370	158874400	2	0	CN9R2_1_CKDN190048209-1A_HTC3FDSXX_L2
2256	chr5	158874600	159527994	4	2	CN9R2_1_CKDN190048209-1A_HTC3FDSXX_L2
2257	chr5	159528400	159660413	5	0	CN9R2_1_CKDN190048209-1A_HTC3FDSXX_L2
2258	chr5	159660762	160755297	4	2	CN9R2_1_CKDN190048209-1A_HTC3FDSXX_L2
2259	chr5	160757200	163247200	3	0	CN9R2_1_CKDN190048209-1A_HTC3FDSXX_L2
2260	chr5	163247900	163884346	3	0	CN9R2_1_CKDN190048209-1A_HTC3FDSXX_L2
2261	chr5	163884500	164202600	4	2	CN9R2_1_CKDN190048209-1A_HTC3FDSXX_L2
2262	chr5	164203069	164431500	3	0	CN9R2_1_CKDN190048209-1A_HTC3FDSXX_L2
2263	chr5	164431972	167126700	3	0	CN9R2_1_CKDN190048209-1A_HTC3FDSXX_L2
2264	chr5	167128336	167611908	3	0	CN9R2_1_CKDN190048209-1A_HTC3FDSXX_L2
2265	chr5	167612605	167970034	4	0	CN9R2_1_CKDN190048209-1A_HTC3FDSXX_L2
2266	chr5	167970300	170201020	3	0	CN9R2_1_CKDN190048209-1A_HTC3FDSXX_L2
2267	chr5	170201500	171149200	3	0	CN9R2_1_CKDN190048209-1A_HTC3FDSXX_L2
2268	chr5	171149391	172347075	4	2	CN9R2_1_CKDN190048209-1A_HTC3FDSXX_L2
2269	chr5	172349300	172458200	3	0	CN9R2_1_CKDN190048209-1A_HTC3FDSXX_L2
2270	chr5	172458841	173618500	4	2	CN9R2_1_CKDN190048209-1A_HTC3FDSXX_L2
2271	chr5	173618988	176134100	3	0	CN9R2_1_CKDN190048209-1A_HTC3FDSXX_L2
2272	chr5	176134583	176372900	5	0	CN9R2_1_CKDN190048209-1A_HTC3FDSXX_L2
2273	chr5	176373346	177884000	4	2	CN9R2_1_CKDN190048209-1A_HTC3FDSXX_L2
2274	chr5	177884212	177893000	3	NA	CN9R2_1_CKDN190048209-1A_HTC3FDSXX_L2
2275	chr5	177893548	179414531	3	0	CN9R2_1_CKDN190048209-1A_HTC3FDSXX_L2
2276	chr5	179414875	181476200	4	2	CN9R2_1_CKDN190048209-1A_HTC3FDSXX_L2
2277	chr6	152100	217800	3	NA	CN9R2_1_CKDN190048209-1A_HTC3FDSXX_L2
2278	chr6	218392	397400	5	2	CN9R2_1_CKDN190048209-1A_HTC3FDSXX_L2
2279	chr6	402800	18552823	3	0	CN9R2_1_CKDN190048209-1A_HTC3FDSXX_L2
2280	chr6	18553865	29942675	3	0	CN9R2_1_CKDN190048209-1A_HTC3FDSXX_L2
2281	chr6	29943226	32448557	3	0	CN9R2_1_CKDN190048209-1A_HTC3FDSXX_L2
2282	chr6	32448900	32758371	4	0	CN9R2_1_CKDN190048209-1A_HTC3FDSXX_L2
2283	chr6	32758700	33926649	3	0	CN9R2_1_CKDN190048209-1A_HTC3FDSXX_L2
2284	chr6	33930817	36916210	3	0	CN9R2_1_CKDN190048209-1A_HTC3FDSXX_L2
2285	chr6	36918400	38975015	3	0	CN9R2_1_CKDN190048209-1A_HTC3FDSXX_L2
2286	chr6	38975700	40997200	2	0	CN9R2_1_CKDN190048209-1A_HTC3FDSXX_L2
2287	chr6	41000203	58447400	3	0	CN9R2_1_CKDN190048209-1A_HTC3FDSXX_L2
2288	chr6	58555100	59828800	1	0	CN9R2_1_CKDN190048209-1A_HTC3FDSXX_L2
2289	chr6	60236600	126057900	3	0	CN9R2_1_CKDN190048209-1A_HTC3FDSXX_L2
2290	chr6	126061300	126167054	1	0	CN9R2_1_CKDN190048209-1A_HTC3FDSXX_L2
2291	chr6	126173700	170743300	3	0	CN9R2_1_CKDN190048209-1A_HTC3FDSXX_L2
2292	chr7	37445	46832512	2	0	CN9R2_1_CKDN190048209-1A_HTC3FDSXX_L2
2293	chr7	46841696	56802300	2	0	CN9R2_1_CKDN190048209-1A_HTC3FDSXX_L2
2294	chr7	56816000	56827487	1	0	CN9R2_1_CKDN190048209-1A_HTC3FDSXX_L2
2295	chr7	56828580	58042400	2	0	CN9R2_1_CKDN190048209-1A_HTC3FDSXX_L2
2296	chr7	58043900	63317800	3	0	CN9R2_1_CKDN190048209-1A_HTC3FDSXX_L2
2297	chr7	63325100	100942500	2	0	CN9R2_1_CKDN190048209-1A_HTC3FDSXX_L2
2298	chr7	100949300	102789639	3	NA	CN9R2_1_CKDN190048209-1A_HTC3FDSXX_L2
2299	chr7	102799400	109251100	2	NA	CN9R2_1_CKDN190048209-1A_HTC3FDSXX_L2
2300	chr7	109340118	110962736	11	NA	CN9R2_1_CKDN190048209-1A_HTC3FDSXX_L2
2301	chr7	111104190	113483200	2	NA	CN9R2_1_CKDN190048209-1A_HTC3FDSXX_L2
2302	chr7	113495600	119878300	12	NA	CN9R2_1_CKDN190048209-1A_HTC3FDSXX_L2
2303	chr7	119927500	123864500	2	NA	CN9R2_1_CKDN190048209-1A_HTC3FDSXX_L2
2304	chr7	123923000	124107059	9	NA	CN9R2_1_CKDN190048209-1A_HTC3FDSXX_L2
2305	chr7	124172000	144345000	2	0	CN9R2_1_CKDN190048209-1A_HTC3FDSXX_L2
2306	chr7	144347300	159332972	2	1	CN9R2_1_CKDN190048209-1A_HTC3FDSXX_L2
2307	chr8	196300	7348324	2	1	CN9R2_1_CKDN190048209-1A_HTC3FDSXX_L2
2308	chr8	7349300	7395222	3	NA	CN9R2_1_CKDN190048209-1A_HTC3FDSXX_L2
2309	chr8	7395726	12502100	2	0	CN9R2_1_CKDN190048209-1A_HTC3FDSXX_L2
2310	chr8	12504700	12598400	3	0	CN9R2_1_CKDN190048209-1A_HTC3FDSXX_L2
2311	chr8	12599500	43331800	2	0	CN9R2_1_CKDN190048209-1A_HTC3FDSXX_L2
2312	chr8	43332813	43955600	2	NA	CN9R2_1_CKDN190048209-1A_HTC3FDSXX_L2
2313	chr8	44049300	46961794	2	1	CN9R2_1_CKDN190048209-1A_HTC3FDSXX_L2
2314	chr8	46962228	73188200	2	0	CN9R2_1_CKDN190048209-1A_HTC3FDSXX_L2
2315	chr8	73188673	87360144	2	0	CN9R2_1_CKDN190048209-1A_HTC3FDSXX_L2
2316	chr8	87362100	89460000	2	0	CN9R2_1_CKDN190048209-1A_HTC3FDSXX_L2
2317	chr8	89460900	107065023	2	0	CN9R2_1_CKDN190048209-1A_HTC3FDSXX_L2
2318	chr8	107066723	116303091	2	1	CN9R2_1_CKDN190048209-1A_HTC3FDSXX_L2
2319	chr8	116307526	117579600	2	0	CN9R2_1_CKDN190048209-1A_HTC3FDSXX_L2
2320	chr8	117580400	117646600	4	NA	CN9R2_1_CKDN190048209-1A_HTC3FDSXX_L2
2321	chr8	117652400	130168700	6	0	CN9R2_1_CKDN190048209-1A_HTC3FDSXX_L2
2322	chr8	130172300	130449500	2	NA	CN9R2_1_CKDN190048209-1A_HTC3FDSXX_L2
2323	chr8	130451900	133416775	3	0	CN9R2_1_CKDN190048209-1A_HTC3FDSXX_L2
2324	chr8	133417223	137772700	2	0	CN9R2_1_CKDN190048209-1A_HTC3FDSXX_L2
2325	chr8	137773900	140201800	2	0	CN9R2_1_CKDN190048209-1A_HTC3FDSXX_L2
2326	chr8	140203900	141211381	5	0	CN9R2_1_CKDN190048209-1A_HTC3FDSXX_L2
2327	chr8	141211700	141427252	3	0	CN9R2_1_CKDN190048209-1A_HTC3FDSXX_L2
2328	chr8	141427600	142619000	2	0	CN9R2_1_CKDN190048209-1A_HTC3FDSXX_L2
2329	chr8	142623071	144271800	3	0	CN9R2_1_CKDN190048209-1A_HTC3FDSXX_L2
2330	chr8	144273300	145075300	2	0	CN9R2_1_CKDN190048209-1A_HTC3FDSXX_L2
2331	chr9	10775	4064143	4	2	CN9R2_1_CKDN190048209-1A_HTC3FDSXX_L2
2332	chr9	4072325	6564800	4	2	CN9R2_1_CKDN190048209-1A_HTC3FDSXX_L2
2333	chr9	6565400	7111392	4	0	CN9R2_1_CKDN190048209-1A_HTC3FDSXX_L2
2334	chr9	7116828	12405900	4	2	CN9R2_1_CKDN190048209-1A_HTC3FDSXX_L2
2335	chr9	12409500	21707198	5	2	CN9R2_1_CKDN190048209-1A_HTC3FDSXX_L2
2336	chr9	21708500	22123927	4	0	CN9R2_1_CKDN190048209-1A_HTC3FDSXX_L2
2337	chr9	22124505	22588553	6	2	CN9R2_1_CKDN190048209-1A_HTC3FDSXX_L2
2338	chr9	22589172	31584900	5	2	CN9R2_1_CKDN190048209-1A_HTC3FDSXX_L2
2339	chr9	31588400	39952400	5	2	CN9R2_1_CKDN190048209-1A_HTC3FDSXX_L2
2340	chr9	40011565	40195597	2	NA	CN9R2_1_CKDN190048209-1A_HTC3FDSXX_L2
2341	chr9	40195900	41575000	4	2	CN9R2_1_CKDN190048209-1A_HTC3FDSXX_L2
2342	chr9	41594100	42384900	6	NA	CN9R2_1_CKDN190048209-1A_HTC3FDSXX_L2
2343	chr9	42386500	61960800	5	0	CN9R2_1_CKDN190048209-1A_HTC3FDSXX_L2
2344	chr9	61967400	61989100	1	0	CN9R2_1_CKDN190048209-1A_HTC3FDSXX_L2
2345	chr9	61992299	62523480	3	NA	CN9R2_1_CKDN190048209-1A_HTC3FDSXX_L2
2346	chr9	62526727	63907687	6	3	CN9R2_1_CKDN190048209-1A_HTC3FDSXX_L2
2347	chr9	63908100	66079400	4	NA	CN9R2_1_CKDN190048209-1A_HTC3FDSXX_L2
2348	chr9	66079800	67763700	5	0	CN9R2_1_CKDN190048209-1A_HTC3FDSXX_L2
2349	chr9	67764000	73108600	5	2	CN9R2_1_CKDN190048209-1A_HTC3FDSXX_L2
2350	chr9	73110454	75658946	5	0	CN9R2_1_CKDN190048209-1A_HTC3FDSXX_L2
2351	chr9	75659973	101807607	5	2	CN9R2_1_CKDN190048209-1A_HTC3FDSXX_L2
2352	chr9	101808615	104374507	4	2	CN9R2_1_CKDN190048209-1A_HTC3FDSXX_L2
2353	chr9	104375100	108405059	5	2	CN9R2_1_CKDN190048209-1A_HTC3FDSXX_L2
2354	chr9	108406152	113058100	5	2	CN9R2_1_CKDN190048209-1A_HTC3FDSXX_L2
2355	chr9	113059500	113063005	1	0	CN9R2_1_CKDN190048209-1A_HTC3FDSXX_L2
2356	chr9	113063345	116704751	5	2	CN9R2_1_CKDN190048209-1A_HTC3FDSXX_L2
2357	chr9	116706970	120405392	5	0	CN9R2_1_CKDN190048209-1A_HTC3FDSXX_L2
2358	chr9	120406800	126870787	5	2	CN9R2_1_CKDN190048209-1A_HTC3FDSXX_L2
2359	chr9	126872200	130921307	4	0	CN9R2_1_CKDN190048209-1A_HTC3FDSXX_L2
2360	chr9	130921576	132686018	4	2	CN9R2_1_CKDN190048209-1A_HTC3FDSXX_L2
2361	chr9	132687200	133094386	4	2	CN9R2_1_CKDN190048209-1A_HTC3FDSXX_L2
2362	chr9	133096202	136152997	4	2	CN9R2_1_CKDN190048209-1A_HTC3FDSXX_L2
2363	chr9	136153452	138232259	4	2	CN9R2_1_CKDN190048209-1A_HTC3FDSXX_L2
2364	chr10	11600	1214200	2	0	CN9R2_1_CKDN190048209-1A_HTC3FDSXX_L2
2365	chr10	1215535	2816800	2	1	CN9R2_1_CKDN190048209-1A_HTC3FDSXX_L2
2366	chr10	2817691	7507057	2	0	CN9R2_1_CKDN190048209-1A_HTC3FDSXX_L2
2367	chr10	7509725	11481700	2	1	CN9R2_1_CKDN190048209-1A_HTC3FDSXX_L2
2368	chr10	11482200	19122122	2	0	CN9R2_1_CKDN190048209-1A_HTC3FDSXX_L2
2369	chr10	19122657	20750731	2	1	CN9R2_1_CKDN190048209-1A_HTC3FDSXX_L2
2370	chr10	20757200	28329067	2	0	CN9R2_1_CKDN190048209-1A_HTC3FDSXX_L2
2371	chr10	28331000	29944147	2	1	CN9R2_1_CKDN190048209-1A_HTC3FDSXX_L2
2372	chr10	29944367	30049800	1	0	CN9R2_1_CKDN190048209-1A_HTC3FDSXX_L2
2373	chr10	30050044	30310801	2	0	CN9R2_1_CKDN190048209-1A_HTC3FDSXX_L2
2374	chr10	30311166	34972133	2	0	CN9R2_1_CKDN190048209-1A_HTC3FDSXX_L2
2375	chr10	34973373	35568800	2	0	CN9R2_1_CKDN190048209-1A_HTC3FDSXX_L2
2376	chr10	35569102	41843232	2	0	CN9R2_1_CKDN190048209-1A_HTC3FDSXX_L2
2377	chr10	41844310	41914800	5	0	CN9R2_1_CKDN190048209-1A_HTC3FDSXX_L2
2378	chr10	41915100	42084300	1	0	CN9R2_1_CKDN190048209-1A_HTC3FDSXX_L2
2379	chr10	42084800	42464571	5	0	CN9R2_1_CKDN190048209-1A_HTC3FDSXX_L2
2380	chr10	42464953	45410000	3	0	CN9R2_1_CKDN190048209-1A_HTC3FDSXX_L2
2381	chr10	45410847	45611500	3	1	CN9R2_1_CKDN190048209-1A_HTC3FDSXX_L2
2382	chr10	45612400	46255540	3	0	CN9R2_1_CKDN190048209-1A_HTC3FDSXX_L2
2383	chr10	46257400	46458800	3	NA	CN9R2_1_CKDN190048209-1A_HTC3FDSXX_L2
2384	chr10	46459100	46727700	4	2	CN9R2_1_CKDN190048209-1A_HTC3FDSXX_L2
2385	chr10	46727900	47466200	3	NA	CN9R2_1_CKDN190048209-1A_HTC3FDSXX_L2
2386	chr10	47470000	47671100	4	NA	CN9R2_1_CKDN190048209-1A_HTC3FDSXX_L2
2387	chr10	47671300	52798600	3	0	CN9R2_1_CKDN190048209-1A_HTC3FDSXX_L2
2388	chr10	52800200	53756800	5	0	CN9R2_1_CKDN190048209-1A_HTC3FDSXX_L2
2389	chr10	53765317	57938900	3	0	CN9R2_1_CKDN190048209-1A_HTC3FDSXX_L2
2390	chr10	57941400	58059180	5	0	CN9R2_1_CKDN190048209-1A_HTC3FDSXX_L2
2391	chr10	58062451	63656900	3	0	CN9R2_1_CKDN190048209-1A_HTC3FDSXX_L2
2392	chr10	63658983	63955190	5	0	CN9R2_1_CKDN190048209-1A_HTC3FDSXX_L2
2393	chr10	63956427	69449214	3	0	CN9R2_1_CKDN190048209-1A_HTC3FDSXX_L2
2394	chr10	69449638	72271000	3	0	CN9R2_1_CKDN190048209-1A_HTC3FDSXX_L2
2395	chr10	72271200	75842756	3	0	CN9R2_1_CKDN190048209-1A_HTC3FDSXX_L2
2396	chr10	75845300	77336600	5	2	CN9R2_1_CKDN190048209-1A_HTC3FDSXX_L2
2397	chr10	77339800	80365600	8	1	CN9R2_1_CKDN190048209-1A_HTC3FDSXX_L2
2398	chr10	80367700	82808944	7	0	CN9R2_1_CKDN190048209-1A_HTC3FDSXX_L2
2399	chr10	82876300	86440626	3	NA	CN9R2_1_CKDN190048209-1A_HTC3FDSXX_L2
2400	chr10	86451200	104713800	3	0	CN9R2_1_CKDN190048209-1A_HTC3FDSXX_L2
2401	chr10	104729500	133783700	3	0	CN9R2_1_CKDN190048209-1A_HTC3FDSXX_L2
2402	chr11	133500	7611600	3	0	CN9R2_1_CKDN190048209-1A_HTC3FDSXX_L2
2403	chr11	7616467	50820327	2	0	CN9R2_1_CKDN190048209-1A_HTC3FDSXX_L2
2404	chr11	51093600	54375600	1	0	CN9R2_1_CKDN190048209-1A_HTC3FDSXX_L2
2405	chr11	54382500	62463400	2	0	CN9R2_1_CKDN190048209-1A_HTC3FDSXX_L2
2406	chr11	62472391	69745528	3	0	CN9R2_1_CKDN190048209-1A_HTC3FDSXX_L2
2407	chr11	69749300	71557473	2	0	CN9R2_1_CKDN190048209-1A_HTC3FDSXX_L2
2408	chr11	71561100	79016085	3	0	CN9R2_1_CKDN190048209-1A_HTC3FDSXX_L2
2409	chr11	79017024	79888365	4	NA	CN9R2_1_CKDN190048209-1A_HTC3FDSXX_L2
2410	chr11	79900900	82013500	3	NA	CN9R2_1_CKDN190048209-1A_HTC3FDSXX_L2
2411	chr11	82027437	89674900	5	2	CN9R2_1_CKDN190048209-1A_HTC3FDSXX_L2
2412	chr11	89679000	94162300	3	0	CN9R2_1_CKDN190048209-1A_HTC3FDSXX_L2
2413	chr11	94163665	117870375	5	2	CN9R2_1_CKDN190048209-1A_HTC3FDSXX_L2
2414	chr11	117942947	135065500	3	NA	CN9R2_1_CKDN190048209-1A_HTC3FDSXX_L2
2415	chr12	11800	60455	4	2	CN9R2_1_CKDN190048209-1A_HTC3FDSXX_L2
2416	chr12	60915	26475760	3	0	CN9R2_1_CKDN190048209-1A_HTC3FDSXX_L2
2417	chr12	26477039	26571600	1	0	CN9R2_1_CKDN190048209-1A_HTC3FDSXX_L2
2418	chr12	26573937	26616400	3	NA	CN9R2_1_CKDN190048209-1A_HTC3FDSXX_L2
2419	chr12	26618667	28070600	5	0	CN9R2_1_CKDN190048209-1A_HTC3FDSXX_L2
2420	chr12	28074910	34718600	3	0	CN9R2_1_CKDN190048209-1A_HTC3FDSXX_L2
2421	chr12	34778500	37179900	1	0	CN9R2_1_CKDN190048209-1A_HTC3FDSXX_L2
2422	chr12	37254100	45239365	3	0	CN9R2_1_CKDN190048209-1A_HTC3FDSXX_L2
2423	chr12	45241000	96901426	3	0	CN9R2_1_CKDN190048209-1A_HTC3FDSXX_L2
2424	chr12	96902158	103777677	3	0	CN9R2_1_CKDN190048209-1A_HTC3FDSXX_L2
2425	chr12	103777800	104647432	3	0	CN9R2_1_CKDN190048209-1A_HTC3FDSXX_L2
2426	chr12	104649600	112527848	3	0	CN9R2_1_CKDN190048209-1A_HTC3FDSXX_L2
2427	chr12	112539000	119551500	3	0	CN9R2_1_CKDN190048209-1A_HTC3FDSXX_L2
2428	chr12	119551801	127720184	3	0	CN9R2_1_CKDN190048209-1A_HTC3FDSXX_L2
2429	chr12	127720555	131593275	2	0	CN9R2_1_CKDN190048209-1A_HTC3FDSXX_L2
2430	chr12	131597785	133260278	3	0	CN9R2_1_CKDN190048209-1A_HTC3FDSXX_L2
2431	chr13	16003500	16106500	5	NA	CN9R2_1_CKDN190048209-1A_HTC3FDSXX_L2
2432	chr13	16111500	16163500	1	0	CN9R2_1_CKDN190048209-1A_HTC3FDSXX_L2
2433	chr13	16163700	16425600	2	NA	CN9R2_1_CKDN190048209-1A_HTC3FDSXX_L2
2434	chr13	16428500	17415600	1	0	CN9R2_1_CKDN190048209-1A_HTC3FDSXX_L2
2435	chr13	17420700	18354300	2	NA	CN9R2_1_CKDN190048209-1A_HTC3FDSXX_L2
2436	chr13	18409000	18591100	0	0	CN9R2_1_CKDN190048209-1A_HTC3FDSXX_L2
2437	chr13	18602874	114344024	2	0	CN9R2_1_CKDN190048209-1A_HTC3FDSXX_L2
2438	chr14	16031400	19813700	3	NA	CN9R2_1_CKDN190048209-1A_HTC3FDSXX_L2
2439	chr14	19954700	71118300	2	0	CN9R2_1_CKDN190048209-1A_HTC3FDSXX_L2
2440	chr14	71120786	72864938	2	0	CN9R2_1_CKDN190048209-1A_HTC3FDSXX_L2
2441	chr14	72865087	74312200	2	0	CN9R2_1_CKDN190048209-1A_HTC3FDSXX_L2
2442	chr14	74312400	74524547	2	0	CN9R2_1_CKDN190048209-1A_HTC3FDSXX_L2
2443	chr14	74524900	74635500	2	0	CN9R2_1_CKDN190048209-1A_HTC3FDSXX_L2
2444	chr14	74635750	99405475	2	0	CN9R2_1_CKDN190048209-1A_HTC3FDSXX_L2
2445	chr14	99428800	105571660	4	0	CN9R2_1_CKDN190048209-1A_HTC3FDSXX_L2
2446	chr14	105582800	105764672	7	NA	CN9R2_1_CKDN190048209-1A_HTC3FDSXX_L2
2447	chr14	105765300	106880740	3	0	CN9R2_1_CKDN190048209-1A_HTC3FDSXX_L2
2448	chr15	17000700	17080100	6	NA	CN9R2_1_CKDN190048209-1A_HTC3FDSXX_L2
2449	chr15	17080800	18994300	1	0	CN9R2_1_CKDN190048209-1A_HTC3FDSXX_L2
2450	chr15	19043500	19654800	6	NA	CN9R2_1_CKDN190048209-1A_HTC3FDSXX_L2
2451	chr15	19785700	20257900	1	0	CN9R2_1_CKDN190048209-1A_HTC3FDSXX_L2
2452	chr15	20258233	22367600	2	0	CN9R2_1_CKDN190048209-1A_HTC3FDSXX_L2
2453	chr15	22368600	23358164	2	0	CN9R2_1_CKDN190048209-1A_HTC3FDSXX_L2
2454	chr15	23358500	28411600	2	0	CN9R2_1_CKDN190048209-1A_HTC3FDSXX_L2
2455	chr15	28415500	50990300	2	0	CN9R2_1_CKDN190048209-1A_HTC3FDSXX_L2
2456	chr15	50990639	91344386	3	0	CN9R2_1_CKDN190048209-1A_HTC3FDSXX_L2
2457	chr15	91345300	98917800	3	0	CN9R2_1_CKDN190048209-1A_HTC3FDSXX_L2
2458	chr15	98918787	101980551	3	0	CN9R2_1_CKDN190048209-1A_HTC3FDSXX_L2
2459	chr16	11000	3774731	4	2	CN9R2_1_CKDN190048209-1A_HTC3FDSXX_L2
2460	chr16	3777800	4972600	6	NA	CN9R2_1_CKDN190048209-1A_HTC3FDSXX_L2
2461	chr16	4981914	5062511	4	NA	CN9R2_1_CKDN190048209-1A_HTC3FDSXX_L2
2462	chr16	5070900	8162679	2	0	CN9R2_1_CKDN190048209-1A_HTC3FDSXX_L2
2463	chr16	8171572	14881100	5	0	CN9R2_1_CKDN190048209-1A_HTC3FDSXX_L2
2464	chr16	14894900	15029883	6	2	CN9R2_1_CKDN190048209-1A_HTC3FDSXX_L2
2465	chr16	15047800	21370947	5	0	CN9R2_1_CKDN190048209-1A_HTC3FDSXX_L2
2466	chr16	21380500	21582984	6	0	CN9R2_1_CKDN190048209-1A_HTC3FDSXX_L2
2467	chr16	21583711	22430500	4	NA	CN9R2_1_CKDN190048209-1A_HTC3FDSXX_L2
2468	chr16	22432000	22730117	6	0	CN9R2_1_CKDN190048209-1A_HTC3FDSXX_L2
2469	chr16	22735700	33095600	5	0	CN9R2_1_CKDN190048209-1A_HTC3FDSXX_L2
2470	chr16	33109700	34596100	2	NA	CN9R2_1_CKDN190048209-1A_HTC3FDSXX_L2
2471	chr16	34602300	37073900	1	0	CN9R2_1_CKDN190048209-1A_HTC3FDSXX_L2
2472	chr16	37104400	48838226	3	NA	CN9R2_1_CKDN190048209-1A_HTC3FDSXX_L2
2473	chr16	48839700	55403900	3	0	CN9R2_1_CKDN190048209-1A_HTC3FDSXX_L2
2474	chr16	55404400	58887390	3	0	CN9R2_1_CKDN190048209-1A_HTC3FDSXX_L2
2475	chr16	58889000	66144460	3	0	CN9R2_1_CKDN190048209-1A_HTC3FDSXX_L2
2476	chr16	66147815	76076094	3	0	CN9R2_1_CKDN190048209-1A_HTC3FDSXX_L2
2477	chr16	76077200	80566600	2	0	CN9R2_1_CKDN190048209-1A_HTC3FDSXX_L2
2478	chr16	80567600	89373992	3	0	CN9R2_1_CKDN190048209-1A_HTC3FDSXX_L2
2479	chr16	89376787	90226937	3	NA	CN9R2_1_CKDN190048209-1A_HTC3FDSXX_L2
2480	chr17	72900	2638386	3	0	CN9R2_1_CKDN190048209-1A_HTC3FDSXX_L2
2481	chr17	2639100	6807629	3	0	CN9R2_1_CKDN190048209-1A_HTC3FDSXX_L2
2482	chr17	6807800	8721151	3	0	CN9R2_1_CKDN190048209-1A_HTC3FDSXX_L2
2483	chr17	8722800	11786700	2	0	CN9R2_1_CKDN190048209-1A_HTC3FDSXX_L2
2484	chr17	11788500	15478755	3	0	CN9R2_1_CKDN190048209-1A_HTC3FDSXX_L2
2485	chr17	15481444	19421554	3	0	CN9R2_1_CKDN190048209-1A_HTC3FDSXX_L2
2486	chr17	19425902	21291459	3	0	CN9R2_1_CKDN190048209-1A_HTC3FDSXX_L2
2487	chr17	21291924	22168000	4	2	CN9R2_1_CKDN190048209-1A_HTC3FDSXX_L2
2488	chr17	22173482	22743900	2	NA	CN9R2_1_CKDN190048209-1A_HTC3FDSXX_L2
2489	chr17	22821600	26571000	1	0	CN9R2_1_CKDN190048209-1A_HTC3FDSXX_L2
2490	chr17	26573100	26622800	2	NA	CN9R2_1_CKDN190048209-1A_HTC3FDSXX_L2
2491	chr17	26625000	27399223	5	0	CN9R2_1_CKDN190048209-1A_HTC3FDSXX_L2
2492	chr17	27399800	27463200	3	NA	CN9R2_1_CKDN190048209-1A_HTC3FDSXX_L2
2493	chr17	27463695	28487700	3	0	CN9R2_1_CKDN190048209-1A_HTC3FDSXX_L2
2494	chr17	28487860	32820301	3	0	CN9R2_1_CKDN190048209-1A_HTC3FDSXX_L2
2495	chr17	32821400	35175888	2	0	CN9R2_1_CKDN190048209-1A_HTC3FDSXX_L2
2496	chr17	35177175	36163887	3	0	CN9R2_1_CKDN190048209-1A_HTC3FDSXX_L2
2497	chr17	36164318	36444307	1	0	CN9R2_1_CKDN190048209-1A_HTC3FDSXX_L2
2498	chr17	36444900	37888602	3	0	CN9R2_1_CKDN190048209-1A_HTC3FDSXX_L2
2499	chr17	37891900	38251000	1	0	CN9R2_1_CKDN190048209-1A_HTC3FDSXX_L2
2500	chr17	38253143	42683251	3	0	CN9R2_1_CKDN190048209-1A_HTC3FDSXX_L2
2501	chr17	42684400	45572900	2	0	CN9R2_1_CKDN190048209-1A_HTC3FDSXX_L2
2502	chr17	45575100	45586400	6	NA	CN9R2_1_CKDN190048209-1A_HTC3FDSXX_L2
2503	chr17	45586800	46084800	2	0	CN9R2_1_CKDN190048209-1A_HTC3FDSXX_L2
2504	chr17	46086457	46290000	4	NA	CN9R2_1_CKDN190048209-1A_HTC3FDSXX_L2
2505	chr17	46305454	51424200	2	0	CN9R2_1_CKDN190048209-1A_HTC3FDSXX_L2
2506	chr17	51425000	56035708	2	0	CN9R2_1_CKDN190048209-1A_HTC3FDSXX_L2
2507	chr17	56036200	56964400	2	0	CN9R2_1_CKDN190048209-1A_HTC3FDSXX_L2
2508	chr17	56965334	57905000	3	0	CN9R2_1_CKDN190048209-1A_HTC3FDSXX_L2
2509	chr17	57905700	68203619	3	0	CN9R2_1_CKDN190048209-1A_HTC3FDSXX_L2
2510	chr17	68204100	71802600	3	0	CN9R2_1_CKDN190048209-1A_HTC3FDSXX_L2
2511	chr17	71804000	73560465	5	2	CN9R2_1_CKDN190048209-1A_HTC3FDSXX_L2
2512	chr17	73560800	74399700	2	0	CN9R2_1_CKDN190048209-1A_HTC3FDSXX_L2
2513	chr17	74400573	78399340	4	2	CN9R2_1_CKDN190048209-1A_HTC3FDSXX_L2
2514	chr17	78399672	79195100	3	0	CN9R2_1_CKDN190048209-1A_HTC3FDSXX_L2
2515	chr17	79196830	80026300	2	0	CN9R2_1_CKDN190048209-1A_HTC3FDSXX_L2
2516	chr17	80029450	81908570	3	0	CN9R2_1_CKDN190048209-1A_HTC3FDSXX_L2
2517	chr17	81909000	82693620	6	3	CN9R2_1_CKDN190048209-1A_HTC3FDSXX_L2
2518	chr17	82694957	83244700	6	0	CN9R2_1_CKDN190048209-1A_HTC3FDSXX_L2
2519	chr18	15000	18382500	3	0	CN9R2_1_CKDN190048209-1A_HTC3FDSXX_L2
2520	chr18	18394000	20089600	1	0	CN9R2_1_CKDN190048209-1A_HTC3FDSXX_L2
2521	chr18	20150600	20926300	9	NA	CN9R2_1_CKDN190048209-1A_HTC3FDSXX_L2
2522	chr18	20926500	80259147	3	0	CN9R2_1_CKDN190048209-1A_HTC3FDSXX_L2
2523	chr19	75000	246145	6	NA	CN9R2_1_CKDN190048209-1A_HTC3FDSXX_L2
2524	chr19	254200	851200	1	0	CN9R2_1_CKDN190048209-1A_HTC3FDSXX_L2
2525	chr19	853500	24331500	2	0	CN9R2_1_CKDN190048209-1A_HTC3FDSXX_L2
2526	chr19	24331874	24369012	3	1	CN9R2_1_CKDN190048209-1A_HTC3FDSXX_L2
2527	chr19	24369123	24420557	2	0	CN9R2_1_CKDN190048209-1A_HTC3FDSXX_L2
2528	chr19	24420669	24446434	1	0	CN9R2_1_CKDN190048209-1A_HTC3FDSXX_L2
2529	chr19	24894300	27330586	2	NA	CN9R2_1_CKDN190048209-1A_HTC3FDSXX_L2
2530	chr19	27338600	27399125	5	1	CN9R2_1_CKDN190048209-1A_HTC3FDSXX_L2
2531	chr19	27399300	37269700	2	1	CN9R2_1_CKDN190048209-1A_HTC3FDSXX_L2
2532	chr19	37271082	37306600	13	NA	CN9R2_1_CKDN190048209-1A_HTC3FDSXX_L2
2533	chr19	37329100	40442731	2	1	CN9R2_1_CKDN190048209-1A_HTC3FDSXX_L2
2534	chr19	40447700	50133882	2	0	CN9R2_1_CKDN190048209-1A_HTC3FDSXX_L2
2535	chr19	50134300	50137200	7	NA	CN9R2_1_CKDN190048209-1A_HTC3FDSXX_L2
2536	chr19	50146900	50685264	3	NA	CN9R2_1_CKDN190048209-1A_HTC3FDSXX_L2
2537	chr19	50685500	50767024	2	NA	CN9R2_1_CKDN190048209-1A_HTC3FDSXX_L2
2538	chr19	50770900	52236760	4	2	CN9R2_1_CKDN190048209-1A_HTC3FDSXX_L2
2539	chr19	52257550	53748500	5	1	CN9R2_1_CKDN190048209-1A_HTC3FDSXX_L2
2540	chr19	53755600	58317920	4	2	CN9R2_1_CKDN190048209-1A_HTC3FDSXX_L2
2541	chr19	58323500	58604619	1	0	CN9R2_1_CKDN190048209-1A_HTC3FDSXX_L2
2542	chr20	61400	4329500	4	2	CN9R2_1_CKDN190048209-1A_HTC3FDSXX_L2
2543	chr20	4330887	6452000	4	2	CN9R2_1_CKDN190048209-1A_HTC3FDSXX_L2
2544	chr20	6452600	8579094	4	2	CN9R2_1_CKDN190048209-1A_HTC3FDSXX_L2
2545	chr20	8579400	9259032	4	2	CN9R2_1_CKDN190048209-1A_HTC3FDSXX_L2
2546	chr20	9260600	11690500	4	2	CN9R2_1_CKDN190048209-1A_HTC3FDSXX_L2
2547	chr20	11693600	17119659	4	2	CN9R2_1_CKDN190048209-1A_HTC3FDSXX_L2
2548	chr20	17120800	21700318	4	2	CN9R2_1_CKDN190048209-1A_HTC3FDSXX_L2
2549	chr20	21702147	24844800	5	0	CN9R2_1_CKDN190048209-1A_HTC3FDSXX_L2
2550	chr20	24845637	29909000	4	2	CN9R2_1_CKDN190048209-1A_HTC3FDSXX_L2
2551	chr20	29909400	30996300	5	1	CN9R2_1_CKDN190048209-1A_HTC3FDSXX_L2
2552	chr20	30998600	31106100	2	NA	CN9R2_1_CKDN190048209-1A_HTC3FDSXX_L2
2553	chr20	31157800	31231200	3	NA	CN9R2_1_CKDN190048209-1A_HTC3FDSXX_L2
2554	chr20	31231500	33921979	4	0	CN9R2_1_CKDN190048209-1A_HTC3FDSXX_L2
2555	chr20	33922300	34183642	5	2	CN9R2_1_CKDN190048209-1A_HTC3FDSXX_L2
2556	chr20	34184100	37162800	4	2	CN9R2_1_CKDN190048209-1A_HTC3FDSXX_L2
2557	chr20	37166135	37256900	5	2	CN9R2_1_CKDN190048209-1A_HTC3FDSXX_L2
2558	chr20	37257400	38641386	4	2	CN9R2_1_CKDN190048209-1A_HTC3FDSXX_L2
2559	chr20	38642495	39443000	3	1	CN9R2_1_CKDN190048209-1A_HTC3FDSXX_L2
2560	chr20	39445400	40763663	4	2	CN9R2_1_CKDN190048209-1A_HTC3FDSXX_L2
2561	chr20	40764000	40890241	4	2	CN9R2_1_CKDN190048209-1A_HTC3FDSXX_L2
2562	chr20	40891000	41862300	4	2	CN9R2_1_CKDN190048209-1A_HTC3FDSXX_L2
2563	chr20	41862700	43459912	5	0	CN9R2_1_CKDN190048209-1A_HTC3FDSXX_L2
2564	chr20	43459981	44821600	4	2	CN9R2_1_CKDN190048209-1A_HTC3FDSXX_L2
2565	chr20	44824000	45467919	4	2	CN9R2_1_CKDN190048209-1A_HTC3FDSXX_L2
2566	chr20	45468298	48743311	4	2	CN9R2_1_CKDN190048209-1A_HTC3FDSXX_L2
2567	chr20	48743999	49318700	5	2	CN9R2_1_CKDN190048209-1A_HTC3FDSXX_L2
2568	chr20	49319346	51789707	4	2	CN9R2_1_CKDN190048209-1A_HTC3FDSXX_L2
2569	chr20	51790623	53425900	4	2	CN9R2_1_CKDN190048209-1A_HTC3FDSXX_L2
2570	chr20	53426100	54180855	4	2	CN9R2_1_CKDN190048209-1A_HTC3FDSXX_L2
2571	chr20	54181348	56572342	4	2	CN9R2_1_CKDN190048209-1A_HTC3FDSXX_L2
2572	chr20	56575346	57936222	3	0	CN9R2_1_CKDN190048209-1A_HTC3FDSXX_L2
2573	chr20	57936864	59132500	4	2	CN9R2_1_CKDN190048209-1A_HTC3FDSXX_L2
2574	chr20	59132800	61938200	5	0	CN9R2_1_CKDN190048209-1A_HTC3FDSXX_L2
2575	chr20	61938800	63468752	4	2	CN9R2_1_CKDN190048209-1A_HTC3FDSXX_L2
2576	chr20	63468864	64333300	4	0	CN9R2_1_CKDN190048209-1A_HTC3FDSXX_L2
2577	chr21	5085900	5392100	2	NA	CN9R2_1_CKDN190048209-1A_HTC3FDSXX_L2
2578	chr21	6364200	8992253	3	NA	CN9R2_1_CKDN190048209-1A_HTC3FDSXX_L2
2579	chr21	8992779	9102700	6	3	CN9R2_1_CKDN190048209-1A_HTC3FDSXX_L2
2580	chr21	9131200	9981900	5	0	CN9R2_1_CKDN190048209-1A_HTC3FDSXX_L2
2581	chr21	9982300	10416562	4	2	CN9R2_1_CKDN190048209-1A_HTC3FDSXX_L2
2582	chr21	10416800	10519800	3	1	CN9R2_1_CKDN190048209-1A_HTC3FDSXX_L2
2583	chr21	10520225	10570200	3	NA	CN9R2_1_CKDN190048209-1A_HTC3FDSXX_L2
2584	chr21	10570672	10746600	2	0	CN9R2_1_CKDN190048209-1A_HTC3FDSXX_L2
2585	chr21	10747100	10795300	3	0	CN9R2_1_CKDN190048209-1A_HTC3FDSXX_L2
2586	chr21	10795690	13034100	3	1	CN9R2_1_CKDN190048209-1A_HTC3FDSXX_L2
2587	chr21	13035100	18295117	3	0	CN9R2_1_CKDN190048209-1A_HTC3FDSXX_L2
2588	chr21	18296400	25344530	3	0	CN9R2_1_CKDN190048209-1A_HTC3FDSXX_L2
2589	chr21	25347900	29869095	3	0	CN9R2_1_CKDN190048209-1A_HTC3FDSXX_L2
2590	chr21	29871100	32067331	3	0	CN9R2_1_CKDN190048209-1A_HTC3FDSXX_L2
2591	chr21	32067900	35074800	3	0	CN9R2_1_CKDN190048209-1A_HTC3FDSXX_L2
2592	chr21	35077225	36088382	5	0	CN9R2_1_CKDN190048209-1A_HTC3FDSXX_L2
2593	chr21	36088564	39566342	3	0	CN9R2_1_CKDN190048209-1A_HTC3FDSXX_L2
2594	chr21	39568905	42725149	3	0	CN9R2_1_CKDN190048209-1A_HTC3FDSXX_L2
2595	chr21	42728276	43376306	3	0	CN9R2_1_CKDN190048209-1A_HTC3FDSXX_L2
2596	chr21	43572100	43954238	4	2	CN9R2_1_CKDN190048209-1A_HTC3FDSXX_L2
2597	chr21	43954673	46290400	3	0	CN9R2_1_CKDN190048209-1A_HTC3FDSXX_L2
2598	chr21	46291495	46551300	2	NA	CN9R2_1_CKDN190048209-1A_HTC3FDSXX_L2
2599	chr21	46552700	46697400	3	NA	CN9R2_1_CKDN190048209-1A_HTC3FDSXX_L2
2600	chr22	10557900	10720200	2	NA	CN9R2_1_CKDN190048209-1A_HTC3FDSXX_L2
2601	chr22	10720400	11266400	3	NA	CN9R2_1_CKDN190048209-1A_HTC3FDSXX_L2
2602	chr22	11271200	11630500	2	NA	CN9R2_1_CKDN190048209-1A_HTC3FDSXX_L2
2603	chr22	11681800	11723000	1	0	CN9R2_1_CKDN190048209-1A_HTC3FDSXX_L2
2604	chr22	11790600	11974400	3	NA	CN9R2_1_CKDN190048209-1A_HTC3FDSXX_L2
2605	chr22	12029600	12077100	1	0	CN9R2_1_CKDN190048209-1A_HTC3FDSXX_L2
2606	chr22	12149300	12178700	3	NA	CN9R2_1_CKDN190048209-1A_HTC3FDSXX_L2
2607	chr22	12180000	12374300	5	NA	CN9R2_1_CKDN190048209-1A_HTC3FDSXX_L2
2608	chr22	12375500	12639700	2	NA	CN9R2_1_CKDN190048209-1A_HTC3FDSXX_L2
2609	chr22	12640100	15620530	4	NA	CN9R2_1_CKDN190048209-1A_HTC3FDSXX_L2
2610	chr22	15626100	15908000	7	NA	CN9R2_1_CKDN190048209-1A_HTC3FDSXX_L2
2611	chr22	15920900	16475146	5	0	CN9R2_1_CKDN190048209-1A_HTC3FDSXX_L2
2612	chr22	16477000	32589132	3	0	CN9R2_1_CKDN190048209-1A_HTC3FDSXX_L2
2613	chr22	32597788	34880500	2	0	CN9R2_1_CKDN190048209-1A_HTC3FDSXX_L2
2614	chr22	34882600	43293490	3	0	CN9R2_1_CKDN190048209-1A_HTC3FDSXX_L2
2615	chr22	43294676	45056500	2	0	CN9R2_1_CKDN190048209-1A_HTC3FDSXX_L2
2616	chr22	45064200	47280677	3	0	CN9R2_1_CKDN190048209-1A_HTC3FDSXX_L2
2617	chr22	47281100	49674700	2	0	CN9R2_1_CKDN190048209-1A_HTC3FDSXX_L2
2618	chr22	49679518	50801200	3	0	CN9R2_1_CKDN190048209-1A_HTC3FDSXX_L2
2619	chr23	98600	2192100	3	0	CN9R2_1_CKDN190048209-1A_HTC3FDSXX_L2
2620	chr23	2192800	156029565	2	0	CN9R2_1_CKDN190048209-1A_HTC3FDSXX_L2
