chrom	start.pos	end.pos	CNt	A	B	sample
54648	chr1	10109	666461	8	5	3	CN_1_1_CKDN200002992-1A_H57L2DSXY_L1
54649	chr1	673518	2551889	6	3	3	CN_1_1_CKDN200002992-1A_H57L2DSXY_L1
54650	chr1	2576904	2783189	6	3	3	CN_1_1_CKDN200002992-1A_H57L2DSXY_L1
54651	chr1	2790080	5793587	6	3	3	CN_1_1_CKDN200002992-1A_H57L2DSXY_L1
54652	chr1	5794547	5841010	6	4	2	CN_1_1_CKDN200002992-1A_H57L2DSXY_L1
54653	chr1	5841155	12802146	6	3	3	CN_1_1_CKDN200002992-1A_H57L2DSXY_L1
54654	chr1	12802186	12865000	9	5	4	CN_1_1_CKDN200002992-1A_H57L2DSXY_L1
54655	chr1	12865169	13367410	6	4	2	CN_1_1_CKDN200002992-1A_H57L2DSXY_L1
54656	chr1	13367518	16509578	6	3	3	CN_1_1_CKDN200002992-1A_H57L2DSXY_L1
54657	chr1	16509623	16896273	6	3	3	CN_1_1_CKDN200002992-1A_H57L2DSXY_L1
54658	chr1	16900413	58623042	6	3	3	CN_1_1_CKDN200002992-1A_H57L2DSXY_L1
54659	chr1	58630383	58630969	19	15	4	CN_1_1_CKDN200002992-1A_H57L2DSXY_L1
54660	chr1	58635570	80327855	6	3	3	CN_1_1_CKDN200002992-1A_H57L2DSXY_L1
54661	chr1	80330443	80331151	4	3	1	CN_1_1_CKDN200002992-1A_H57L2DSXY_L1
54662	chr1	80334359	108375890	6	3	3	CN_1_1_CKDN200002992-1A_H57L2DSXY_L1
54663	chr1	108378558	108489975	6	3	3	CN_1_1_CKDN200002992-1A_H57L2DSXY_L1
54664	chr1	108500351	120005067	6	3	3	CN_1_1_CKDN200002992-1A_H57L2DSXY_L1
54665	chr1	120031709	122107745	6	3	3	CN_1_1_CKDN200002992-1A_H57L2DSXY_L1
54666	chr1	122107757	123399649	6	4	2	CN_1_1_CKDN200002992-1A_H57L2DSXY_L1
54667	chr1	123400279	124933592	7	4	3	CN_1_1_CKDN200002992-1A_H57L2DSXY_L1
54668	chr1	124934431	248945670	6	4	2	CN_1_1_CKDN200002992-1A_H57L2DSXY_L1
54669	chr1	248945674	248945935	14	11	3	CN_1_1_CKDN200002992-1A_H57L2DSXY_L1
54670	chr2	30827	88998084	6	5	1	CN_1_1_CKDN200002992-1A_H57L2DSXY_L1
54671	chr2	88998104	89003629	7	6	1	CN_1_1_CKDN200002992-1A_H57L2DSXY_L1
54672	chr2	89006487	89008352	11	9	2	CN_1_1_CKDN200002992-1A_H57L2DSXY_L1
54673	chr2	89008363	90073194	7	4	3	CN_1_1_CKDN200002992-1A_H57L2DSXY_L1
54674	chr2	90075377	90077060	9	7	2	CN_1_1_CKDN200002992-1A_H57L2DSXY_L1
54675	chr2	90077101	91874239	6	4	2	CN_1_1_CKDN200002992-1A_H57L2DSXY_L1
54676	chr2	91875171	93898784	6	4	2	CN_1_1_CKDN200002992-1A_H57L2DSXY_L1
54677	chr2	93912001	94573978	6	3	3	CN_1_1_CKDN200002992-1A_H57L2DSXY_L1
54678	chr2	94578281	242183443	6	5	1	CN_1_1_CKDN200002992-1A_H57L2DSXY_L1
54679	chr3	11956	8616061	6	3	3	CN_1_1_CKDN200002992-1A_H57L2DSXY_L1
54680	chr3	8617460	8617472	0	0	0	CN_1_1_CKDN200002992-1A_H57L2DSXY_L1
54681	chr3	8618322	75525714	5	3	2	CN_1_1_CKDN200002992-1A_H57L2DSXY_L1
54682	chr3	75525834	75546342	5	4	1	CN_1_1_CKDN200002992-1A_H57L2DSXY_L1
54683	chr3	75546672	75676584	6	4	2	CN_1_1_CKDN200002992-1A_H57L2DSXY_L1
54684	chr3	75676669	75691419	6	3	3	CN_1_1_CKDN200002992-1A_H57L2DSXY_L1
54685	chr3	75691459	76002488	6	3	3	CN_1_1_CKDN200002992-1A_H57L2DSXY_L1
54686	chr3	76003181	90673620	6	3	3	CN_1_1_CKDN200002992-1A_H57L2DSXY_L1
54687	chr3	90673756	90702262	14	9	5	CN_1_1_CKDN200002992-1A_H57L2DSXY_L1
54688	chr3	90719589	90898997	7	5	2	CN_1_1_CKDN200002992-1A_H57L2DSXY_L1
54689	chr3	90902244	195477977	5	3	2	CN_1_1_CKDN200002992-1A_H57L2DSXY_L1
54690	chr3	195478305	198187600	6	3	3	CN_1_1_CKDN200002992-1A_H57L2DSXY_L1
54691	chr4	12333	64486	8	5	3	CN_1_1_CKDN200002992-1A_H57L2DSXY_L1
54692	chr4	65000	530085	5	5	0	CN_1_1_CKDN200002992-1A_H57L2DSXY_L1
54693	chr4	531271	706554	5	3	2	CN_1_1_CKDN200002992-1A_H57L2DSXY_L1
54694	chr4	706891	4013238	5	5	0	CN_1_1_CKDN200002992-1A_H57L2DSXY_L1
54695	chr4	4013497	4019280	6	3	3	CN_1_1_CKDN200002992-1A_H57L2DSXY_L1
54696	chr4	4028450	29635510	5	5	0	CN_1_1_CKDN200002992-1A_H57L2DSXY_L1
54697	chr4	29646064	29731609	5	5	0	CN_1_1_CKDN200002992-1A_H57L2DSXY_L1
54698	chr4	29758496	45012134	5	5	0	CN_1_1_CKDN200002992-1A_H57L2DSXY_L1
54699	chr4	45012813	45014432	8	5	3	CN_1_1_CKDN200002992-1A_H57L2DSXY_L1
54700	chr4	45014460	49085339	6	6	0	CN_1_1_CKDN200002992-1A_H57L2DSXY_L1
54701	chr4	49091321	49125247	8	4	4	CN_1_1_CKDN200002992-1A_H57L2DSXY_L1
54702	chr4	49125817	49127140	4	2	2	CN_1_1_CKDN200002992-1A_H57L2DSXY_L1
54703	chr4	49127181	49138333	11	6	5	CN_1_1_CKDN200002992-1A_H57L2DSXY_L1
54704	chr4	49138358	49139429	6	3	3	CN_1_1_CKDN200002992-1A_H57L2DSXY_L1
54705	chr4	49139498	49181117	8	4	4	CN_1_1_CKDN200002992-1A_H57L2DSXY_L1
54706	chr4	49181148	49219025	5	5	0	CN_1_1_CKDN200002992-1A_H57L2DSXY_L1
54707	chr4	49219172	49333156	7	4	3	CN_1_1_CKDN200002992-1A_H57L2DSXY_L1
54708	chr4	49333291	49708891	8	4	4	CN_1_1_CKDN200002992-1A_H57L2DSXY_L1
54709	chr4	49709141	49972228	6	4	2	CN_1_1_CKDN200002992-1A_H57L2DSXY_L1
54710	chr4	50003045	51701539	8	4	4	CN_1_1_CKDN200002992-1A_H57L2DSXY_L1
54711	chr4	51815341	62562006	6	6	0	CN_1_1_CKDN200002992-1A_H57L2DSXY_L1
54712	chr4	62566373	62578833	6	6	0	CN_1_1_CKDN200002992-1A_H57L2DSXY_L1
54713	chr4	62578890	69257896	6	6	0	CN_1_1_CKDN200002992-1A_H57L2DSXY_L1
54714	chr4	69272146	69274384	6	4	2	CN_1_1_CKDN200002992-1A_H57L2DSXY_L1
54715	chr4	69301487	69380076	7	7	0	CN_1_1_CKDN200002992-1A_H57L2DSXY_L1
54716	chr4	69381352	69383676	4	2	2	CN_1_1_CKDN200002992-1A_H57L2DSXY_L1
54717	chr4	69385329	78116010	5	5	0	CN_1_1_CKDN200002992-1A_H57L2DSXY_L1
54718	chr4	78117717	78117941	6	3	3	CN_1_1_CKDN200002992-1A_H57L2DSXY_L1
54719	chr4	78118017	118605026	5	5	0	CN_1_1_CKDN200002992-1A_H57L2DSXY_L1
54720	chr4	118609594	118633814	6	3	3	CN_1_1_CKDN200002992-1A_H57L2DSXY_L1
54721	chr4	118663263	123251962	5	5	0	CN_1_1_CKDN200002992-1A_H57L2DSXY_L1
54722	chr4	123253211	131732500	8	8	0	CN_1_1_CKDN200002992-1A_H57L2DSXY_L1
54723	chr4	131732796	131764212	8	4	4	CN_1_1_CKDN200002992-1A_H57L2DSXY_L1
54724	chr4	131764424	143824621	7	7	0	CN_1_1_CKDN200002992-1A_H57L2DSXY_L1
54725	chr4	143848951	144127840	8	4	4	CN_1_1_CKDN200002992-1A_H57L2DSXY_L1
54726	chr4	144128759	159962713	7	7	0	CN_1_1_CKDN200002992-1A_H57L2DSXY_L1
54727	chr4	159982696	165205430	3	3	0	CN_1_1_CKDN200002992-1A_H57L2DSXY_L1
54728	chr4	165213053	165281594	4	2	2	CN_1_1_CKDN200002992-1A_H57L2DSXY_L1
54729	chr4	165332773	174382179	3	3	0	CN_1_1_CKDN200002992-1A_H57L2DSXY_L1
54730	chr4	174383293	174383679	11	7	4	CN_1_1_CKDN200002992-1A_H57L2DSXY_L1
54731	chr4	174385319	177996578	3	3	0	CN_1_1_CKDN200002992-1A_H57L2DSXY_L1
54732	chr4	177999821	190120272	5	3	2	CN_1_1_CKDN200002992-1A_H57L2DSXY_L1
54733	chr4	190120900	190203842	7	5	2	CN_1_1_CKDN200002992-1A_H57L2DSXY_L1
54734	chr5	15890	47059741	6	5	1	CN_1_1_CKDN200002992-1A_H57L2DSXY_L1
54735	chr5	47059774	47066379	15	11	4	CN_1_1_CKDN200002992-1A_H57L2DSXY_L1
54736	chr5	47074225	47307723	7	5	2	CN_1_1_CKDN200002992-1A_H57L2DSXY_L1
54737	chr5	49591952	49676923	7	5	2	CN_1_1_CKDN200002992-1A_H57L2DSXY_L1
54738	chr5	49677467	175910286	5	4	1	CN_1_1_CKDN200002992-1A_H57L2DSXY_L1
54739	chr5	175913978	176118639	6	3	3	CN_1_1_CKDN200002992-1A_H57L2DSXY_L1
54740	chr5	176119548	181477761	5	4	1	CN_1_1_CKDN200002992-1A_H57L2DSXY_L1
54741	chr6	110300	31327736	6	4	2	CN_1_1_CKDN200002992-1A_H57L2DSXY_L1
54742	chr6	31327761	31334865	6	3	3	CN_1_1_CKDN200002992-1A_H57L2DSXY_L1
54743	chr6	31334941	31337107	8	5	3	CN_1_1_CKDN200002992-1A_H57L2DSXY_L1
54744	chr6	31337132	32482556	6	4	2	CN_1_1_CKDN200002992-1A_H57L2DSXY_L1
54745	chr6	32482675	32483327	7	4	3	CN_1_1_CKDN200002992-1A_H57L2DSXY_L1
54746	chr6	32483357	32505642	7	5	2	CN_1_1_CKDN200002992-1A_H57L2DSXY_L1
54747	chr6	32505710	32511108	10	7	3	CN_1_1_CKDN200002992-1A_H57L2DSXY_L1
54748	chr6	32511128	32512822	4	2	2	CN_1_1_CKDN200002992-1A_H57L2DSXY_L1
54749	chr6	32513490	32518906	6	3	3	CN_1_1_CKDN200002992-1A_H57L2DSXY_L1
54750	chr6	32518915	32519176	7	5	2	CN_1_1_CKDN200002992-1A_H57L2DSXY_L1
54751	chr6	32519193	32530780	8	5	3	CN_1_1_CKDN200002992-1A_H57L2DSXY_L1
54752	chr6	32530807	32531479	4	2	2	CN_1_1_CKDN200002992-1A_H57L2DSXY_L1
54753	chr6	32533066	32535721	6	3	3	CN_1_1_CKDN200002992-1A_H57L2DSXY_L1
54754	chr6	32535756	32536209	10	5	5	CN_1_1_CKDN200002992-1A_H57L2DSXY_L1
54755	chr6	32536238	32537067	4	3	1	CN_1_1_CKDN200002992-1A_H57L2DSXY_L1
54756	chr6	32537089	32538245	7	4	3	CN_1_1_CKDN200002992-1A_H57L2DSXY_L1
54757	chr6	32538849	32554409	7	5	2	CN_1_1_CKDN200002992-1A_H57L2DSXY_L1
54758	chr6	32554414	32554717	8	5	3	CN_1_1_CKDN200002992-1A_H57L2DSXY_L1
54759	chr6	32556843	32574260	7	5	2	CN_1_1_CKDN200002992-1A_H57L2DSXY_L1
54760	chr6	32574444	32579005	5	3	2	CN_1_1_CKDN200002992-1A_H57L2DSXY_L1
54761	chr6	32579018	32579209	5	3	2	CN_1_1_CKDN200002992-1A_H57L2DSXY_L1
54762	chr6	32580338	32582837	6	3	3	CN_1_1_CKDN200002992-1A_H57L2DSXY_L1
54763	chr6	32582902	32583141	19	15	4	CN_1_1_CKDN200002992-1A_H57L2DSXY_L1
54764	chr6	32583154	32598319	6	4	2	CN_1_1_CKDN200002992-1A_H57L2DSXY_L1
54765	chr6	32598372	32603266	4	3	1	CN_1_1_CKDN200002992-1A_H57L2DSXY_L1
54766	chr6	32603321	32603882	3	2	1	CN_1_1_CKDN200002992-1A_H57L2DSXY_L1
54767	chr6	32603913	32605074	11	7	4	CN_1_1_CKDN200002992-1A_H57L2DSXY_L1
54768	chr6	32605134	32606003	15	8	7	CN_1_1_CKDN200002992-1A_H57L2DSXY_L1
54769	chr6	32606132	32623909	4	2	2	CN_1_1_CKDN200002992-1A_H57L2DSXY_L1
54770	chr6	32623975	32628346	9	7	2	CN_1_1_CKDN200002992-1A_H57L2DSXY_L1
54771	chr6	32628354	32633556	6	4	2	CN_1_1_CKDN200002992-1A_H57L2DSXY_L1
54772	chr6	32633584	32634925	11	9	2	CN_1_1_CKDN200002992-1A_H57L2DSXY_L1
54773	chr6	32634974	32644909	6	4	2	CN_1_1_CKDN200002992-1A_H57L2DSXY_L1
54774	chr6	32644924	32645665	7	6	1	CN_1_1_CKDN200002992-1A_H57L2DSXY_L1
54775	chr6	32645749	32660729	6	4	2	CN_1_1_CKDN200002992-1A_H57L2DSXY_L1
54776	chr6	32660771	32661145	11	9	2	CN_1_1_CKDN200002992-1A_H57L2DSXY_L1
54777	chr6	32661162	32668213	6	4	2	CN_1_1_CKDN200002992-1A_H57L2DSXY_L1
54778	chr6	32668244	32668574	4	2	2	CN_1_1_CKDN200002992-1A_H57L2DSXY_L1
54779	chr6	32668587	32668979	11	8	3	CN_1_1_CKDN200002992-1A_H57L2DSXY_L1
54780	chr6	32669123	59780790	6	4	2	CN_1_1_CKDN200002992-1A_H57L2DSXY_L1
54781	chr6	59828833	60237312	8	7	1	CN_1_1_CKDN200002992-1A_H57L2DSXY_L1
54782	chr6	60237352	170743606	7	5	2	CN_1_1_CKDN200002992-1A_H57L2DSXY_L1
54783	chr7	20860	56923921	5	4	1	CN_1_1_CKDN200002992-1A_H57L2DSXY_L1
54784	chr7	56924700	57117226	6	3	3	CN_1_1_CKDN200002992-1A_H57L2DSXY_L1
54785	chr7	57117818	57487245	5	4	1	CN_1_1_CKDN200002992-1A_H57L2DSXY_L1
54786	chr7	57487487	57487673	12	6	6	CN_1_1_CKDN200002992-1A_H57L2DSXY_L1
54787	chr7	57487964	57524441	4	3	1	CN_1_1_CKDN200002992-1A_H57L2DSXY_L1
54788	chr7	57580598	58189174	5	3	2	CN_1_1_CKDN200002992-1A_H57L2DSXY_L1
54789	chr7	58434480	60084644	9	6	3	CN_1_1_CKDN200002992-1A_H57L2DSXY_L1
54790	chr7	60102497	60919403	6	3	3	CN_1_1_CKDN200002992-1A_H57L2DSXY_L1
54791	chr7	60920498	60951500	6	3	3	CN_1_1_CKDN200002992-1A_H57L2DSXY_L1
54792	chr7	60951699	61037251	6	3	3	CN_1_1_CKDN200002992-1A_H57L2DSXY_L1
54793	chr7	61037299	61042693	6	4	2	CN_1_1_CKDN200002992-1A_H57L2DSXY_L1
54794	chr7	61044224	61044440	20	19	1	CN_1_1_CKDN200002992-1A_H57L2DSXY_L1
54795	chr7	61046472	61049371	6	3	3	CN_1_1_CKDN200002992-1A_H57L2DSXY_L1
54796	chr7	61050243	63642348	6	3	3	CN_1_1_CKDN200002992-1A_H57L2DSXY_L1
54797	chr7	63642665	65779194	6	5	1	CN_1_1_CKDN200002992-1A_H57L2DSXY_L1
54798	chr7	65781013	65823264	7	6	1	CN_1_1_CKDN200002992-1A_H57L2DSXY_L1
54799	chr7	65824108	66972693	5	4	1	CN_1_1_CKDN200002992-1A_H57L2DSXY_L1
54800	chr7	66973737	66975679	13	7	6	CN_1_1_CKDN200002992-1A_H57L2DSXY_L1
54801	chr7	66976105	100929196	6	5	1	CN_1_1_CKDN200002992-1A_H57L2DSXY_L1
54802	chr7	100956464	101001512	9	5	4	CN_1_1_CKDN200002992-1A_H57L2DSXY_L1
54803	chr7	101015214	142449277	6	5	1	CN_1_1_CKDN200002992-1A_H57L2DSXY_L1
54804	chr7	142449718	142506584	6	3	3	CN_1_1_CKDN200002992-1A_H57L2DSXY_L1
54805	chr7	142507076	142508507	11	10	1	CN_1_1_CKDN200002992-1A_H57L2DSXY_L1
54806	chr7	142508982	142524602	6	3	3	CN_1_1_CKDN200002992-1A_H57L2DSXY_L1
54807	chr7	142524622	152190626	6	5	1	CN_1_1_CKDN200002992-1A_H57L2DSXY_L1
54808	chr7	152190917	152414210	6	4	2	CN_1_1_CKDN200002992-1A_H57L2DSXY_L1
54809	chr7	152415704	159335108	6	5	1	CN_1_1_CKDN200002992-1A_H57L2DSXY_L1
54810	chr8	61759	45187816	6	4	2	CN_1_1_CKDN200002992-1A_H57L2DSXY_L1
54811	chr8	45206662	145074901	5	3	2	CN_1_1_CKDN200002992-1A_H57L2DSXY_L1
54812	chr9	10452	141846	7	5	2	CN_1_1_CKDN200002992-1A_H57L2DSXY_L1
54813	chr9	177632	28188814	7	4	3	CN_1_1_CKDN200002992-1A_H57L2DSXY_L1
54814	chr9	28189309	28189485	18	16	2	CN_1_1_CKDN200002992-1A_H57L2DSXY_L1
54815	chr9	28189493	38789780	6	3	3	CN_1_1_CKDN200002992-1A_H57L2DSXY_L1
54816	chr9	38789890	39494487	7	4	3	CN_1_1_CKDN200002992-1A_H57L2DSXY_L1
54817	chr9	39495218	39500087	10	9	1	CN_1_1_CKDN200002992-1A_H57L2DSXY_L1
54818	chr9	39502250	42999853	6	4	2	CN_1_1_CKDN200002992-1A_H57L2DSXY_L1
54819	chr9	43000153	43533001	8	4	4	CN_1_1_CKDN200002992-1A_H57L2DSXY_L1
54820	chr9	43542198	60524709	8	4	4	CN_1_1_CKDN200002992-1A_H57L2DSXY_L1
54821	chr9	60526119	63364421	6	4	2	CN_1_1_CKDN200002992-1A_H57L2DSXY_L1
54822	chr9	63365603	63365867	9	8	1	CN_1_1_CKDN200002992-1A_H57L2DSXY_L1
54823	chr9	63368085	63760445	8	4	4	CN_1_1_CKDN200002992-1A_H57L2DSXY_L1
54824	chr9	63760520	63777550	7	5	2	CN_1_1_CKDN200002992-1A_H57L2DSXY_L1
54825	chr9	63777968	68397134	7	4	3	CN_1_1_CKDN200002992-1A_H57L2DSXY_L1
54826	chr9	68397242	86149776	6	3	3	CN_1_1_CKDN200002992-1A_H57L2DSXY_L1
54827	chr9	86157470	86174199	8	7	1	CN_1_1_CKDN200002992-1A_H57L2DSXY_L1
54828	chr9	86212219	108247933	6	3	3	CN_1_1_CKDN200002992-1A_H57L2DSXY_L1
54829	chr9	108247990	108248175	15	13	2	CN_1_1_CKDN200002992-1A_H57L2DSXY_L1
54830	chr9	108249164	129423826	6	3	3	CN_1_1_CKDN200002992-1A_H57L2DSXY_L1
54831	chr9	129424600	129433809	6	4	2	CN_1_1_CKDN200002992-1A_H57L2DSXY_L1
54832	chr9	129433863	129435183	6	4	2	CN_1_1_CKDN200002992-1A_H57L2DSXY_L1
54833	chr9	129435445	129436544	7	5	2	CN_1_1_CKDN200002992-1A_H57L2DSXY_L1
54834	chr9	129436590	129439436	6	4	2	CN_1_1_CKDN200002992-1A_H57L2DSXY_L1
54835	chr9	129439685	129446133	5	4	1	CN_1_1_CKDN200002992-1A_H57L2DSXY_L1
54836	chr9	129451019	134751164	6	3	3	CN_1_1_CKDN200002992-1A_H57L2DSXY_L1
54837	chr9	134760304	134852493	6	3	3	CN_1_1_CKDN200002992-1A_H57L2DSXY_L1
54838	chr9	134852555	138281424	6	3	3	CN_1_1_CKDN200002992-1A_H57L2DSXY_L1
54839	chr10	10374	1529235	6	3	3	CN_1_1_CKDN200002992-1A_H57L2DSXY_L1
54840	chr10	1529942	1592965	9	5	4	CN_1_1_CKDN200002992-1A_H57L2DSXY_L1
54841	chr10	1599188	26569931	6	3	3	CN_1_1_CKDN200002992-1A_H57L2DSXY_L1
54842	chr10	26570904	26579784	9	7	2	CN_1_1_CKDN200002992-1A_H57L2DSXY_L1
54843	chr10	26579854	26622039	9	5	4	CN_1_1_CKDN200002992-1A_H57L2DSXY_L1
54844	chr10	26624464	26641989	5	4	1	CN_1_1_CKDN200002992-1A_H57L2DSXY_L1
54845	chr10	26642520	26651335	6	3	3	CN_1_1_CKDN200002992-1A_H57L2DSXY_L1
54846	chr10	26651427	26651876	14	11	3	CN_1_1_CKDN200002992-1A_H57L2DSXY_L1
54847	chr10	26651898	27331856	7	4	3	CN_1_1_CKDN200002992-1A_H57L2DSXY_L1
54848	chr10	27332702	27332828	19	16	3	CN_1_1_CKDN200002992-1A_H57L2DSXY_L1
54849	chr10	27333170	28362128	6	3	3	CN_1_1_CKDN200002992-1A_H57L2DSXY_L1
54850	chr10	28362269	30337293	6	4	2	CN_1_1_CKDN200002992-1A_H57L2DSXY_L1
54851	chr10	30337873	37125267	6	3	3	CN_1_1_CKDN200002992-1A_H57L2DSXY_L1
54852	chr10	37145962	37147983	8	6	2	CN_1_1_CKDN200002992-1A_H57L2DSXY_L1
54853	chr10	37152272	38888796	6	3	3	CN_1_1_CKDN200002992-1A_H57L2DSXY_L1
54854	chr10	38889381	38898285	20	19	1	CN_1_1_CKDN200002992-1A_H57L2DSXY_L1
54855	chr10	38898286	38901693	6	4	2	CN_1_1_CKDN200002992-1A_H57L2DSXY_L1
54856	chr10	38901709	38904828	11	6	5	CN_1_1_CKDN200002992-1A_H57L2DSXY_L1
54857	chr10	38905164	38905956	7	4	3	CN_1_1_CKDN200002992-1A_H57L2DSXY_L1
54858	chr10	38912045	38968798	6	3	3	CN_1_1_CKDN200002992-1A_H57L2DSXY_L1
54859	chr10	38968960	39568133	6	3	3	CN_1_1_CKDN200002992-1A_H57L2DSXY_L1
54860	chr10	39568218	39691731	7	5	2	CN_1_1_CKDN200002992-1A_H57L2DSXY_L1
54861	chr10	39845044	41701749	8	4	4	CN_1_1_CKDN200002992-1A_H57L2DSXY_L1
54862	chr10	41704946	42102504	7	4	3	CN_1_1_CKDN200002992-1A_H57L2DSXY_L1
54863	chr10	42103112	42104301	10	7	3	CN_1_1_CKDN200002992-1A_H57L2DSXY_L1
54864	chr10	42104355	42172281	6	3	3	CN_1_1_CKDN200002992-1A_H57L2DSXY_L1
54865	chr10	42172451	42286107	7	5	2	CN_1_1_CKDN200002992-1A_H57L2DSXY_L1
54866	chr10	42286202	45678921	6	3	3	CN_1_1_CKDN200002992-1A_H57L2DSXY_L1
54867	chr10	45679155	49810164	6	3	3	CN_1_1_CKDN200002992-1A_H57L2DSXY_L1
54868	chr10	49828828	50759499	6	3	3	CN_1_1_CKDN200002992-1A_H57L2DSXY_L1
54869	chr10	50760272	50760731	12	10	2	CN_1_1_CKDN200002992-1A_H57L2DSXY_L1
54870	chr10	50760744	79872629	6	3	3	CN_1_1_CKDN200002992-1A_H57L2DSXY_L1
54871	chr10	79873283	82537643	6	3	3	CN_1_1_CKDN200002992-1A_H57L2DSXY_L1
54872	chr10	82540687	133786710	6	4	2	CN_1_1_CKDN200002992-1A_H57L2DSXY_L1
54873	chr11	70643	53372725	6	4	2	CN_1_1_CKDN200002992-1A_H57L2DSXY_L1
54874	chr11	53408771	54922909	6	3	3	CN_1_1_CKDN200002992-1A_H57L2DSXY_L1
54875	chr11	54926123	54963774	6	6	0	CN_1_1_CKDN200002992-1A_H57L2DSXY_L1
54876	chr11	54963815	56698411	6	3	3	CN_1_1_CKDN200002992-1A_H57L2DSXY_L1
54877	chr11	56698466	56701719	6	3	3	CN_1_1_CKDN200002992-1A_H57L2DSXY_L1
54878	chr11	56701735	56702141	6	4	2	CN_1_1_CKDN200002992-1A_H57L2DSXY_L1
54879	chr11	56702142	56703379	19	10	9	CN_1_1_CKDN200002992-1A_H57L2DSXY_L1
54880	chr11	56703403	56707148	6	3	3	CN_1_1_CKDN200002992-1A_H57L2DSXY_L1
54881	chr11	56707520	56707737	8	4	4	CN_1_1_CKDN200002992-1A_H57L2DSXY_L1
54882	chr11	56707745	98274384	6	4	2	CN_1_1_CKDN200002992-1A_H57L2DSXY_L1
54883	chr11	98275086	135074712	6	3	3	CN_1_1_CKDN200002992-1A_H57L2DSXY_L1
54884	chr12	10700	57145	6	4	2	CN_1_1_CKDN200002992-1A_H57L2DSXY_L1
54885	chr12	57318	2719598	7	4	3	CN_1_1_CKDN200002992-1A_H57L2DSXY_L1
54886	chr12	2720652	2720916	17	12	5	CN_1_1_CKDN200002992-1A_H57L2DSXY_L1
54887	chr12	2721111	2773084	6	4	2	CN_1_1_CKDN200002992-1A_H57L2DSXY_L1
54888	chr12	2773378	9283043	6	3	3	CN_1_1_CKDN200002992-1A_H57L2DSXY_L1
54889	chr12	9283172	9448028	7	4	3	CN_1_1_CKDN200002992-1A_H57L2DSXY_L1
54890	chr12	9452687	11069057	6	3	3	CN_1_1_CKDN200002992-1A_H57L2DSXY_L1
54891	chr12	11069061	11069218	8	7	1	CN_1_1_CKDN200002992-1A_H57L2DSXY_L1
54892	chr12	11069224	11078419	6	3	3	CN_1_1_CKDN200002992-1A_H57L2DSXY_L1
54893	chr12	11078453	11080045	8	5	3	CN_1_1_CKDN200002992-1A_H57L2DSXY_L1
54894	chr12	11080097	11080232	20	19	1	CN_1_1_CKDN200002992-1A_H57L2DSXY_L1
54895	chr12	11080923	11088430	5	3	2	CN_1_1_CKDN200002992-1A_H57L2DSXY_L1
54896	chr12	11088464	11092279	8	7	1	CN_1_1_CKDN200002992-1A_H57L2DSXY_L1
54897	chr12	11098294	20149403	6	3	3	CN_1_1_CKDN200002992-1A_H57L2DSXY_L1
54898	chr12	20156045	20156231	0	0	0	CN_1_1_CKDN200002992-1A_H57L2DSXY_L1
54899	chr12	20156894	34775031	6	3	3	CN_1_1_CKDN200002992-1A_H57L2DSXY_L1
54900	chr12	34775552	35475214	6	3	3	CN_1_1_CKDN200002992-1A_H57L2DSXY_L1
54901	chr12	35509742	37260613	6	4	2	CN_1_1_CKDN200002992-1A_H57L2DSXY_L1
54902	chr12	37260619	51489408	6	3	3	CN_1_1_CKDN200002992-1A_H57L2DSXY_L1
54903	chr12	51498787	51498843	2	2	0	CN_1_1_CKDN200002992-1A_H57L2DSXY_L1
54904	chr12	51533328	56550853	6	3	3	CN_1_1_CKDN200002992-1A_H57L2DSXY_L1
54905	chr12	56558236	56558292	12	11	1	CN_1_1_CKDN200002992-1A_H57L2DSXY_L1
54906	chr12	56570946	59543290	6	3	3	CN_1_1_CKDN200002992-1A_H57L2DSXY_L1
54907	chr12	59543410	59543496	11	10	1	CN_1_1_CKDN200002992-1A_H57L2DSXY_L1
54908	chr12	59556052	132240922	6	3	3	CN_1_1_CKDN200002992-1A_H57L2DSXY_L1
54909	chr12	132240982	132241779	19	15	4	CN_1_1_CKDN200002992-1A_H57L2DSXY_L1
54910	chr12	132243232	133264810	6	3	3	CN_1_1_CKDN200002992-1A_H57L2DSXY_L1
54911	chr13	16000272	16119385	10	6	4	CN_1_1_CKDN200002992-1A_H57L2DSXY_L1
54912	chr13	16119727	16165679	10	5	5	CN_1_1_CKDN200002992-1A_H57L2DSXY_L1
54913	chr13	16165683	16227189	20	17	3	CN_1_1_CKDN200002992-1A_H57L2DSXY_L1
54914	chr13	16229019	17692853	8	4	4	CN_1_1_CKDN200002992-1A_H57L2DSXY_L1
54915	chr13	17704349	18173051	9	6	3	CN_1_1_CKDN200002992-1A_H57L2DSXY_L1
54916	chr13	18173200	18759403	8	4	4	CN_1_1_CKDN200002992-1A_H57L2DSXY_L1
54917	chr13	18759639	18759964	15	13	2	CN_1_1_CKDN200002992-1A_H57L2DSXY_L1
54918	chr13	18759971	18767661	10	5	5	CN_1_1_CKDN200002992-1A_H57L2DSXY_L1
54919	chr13	18778808	18786999	1	1	0	CN_1_1_CKDN200002992-1A_H57L2DSXY_L1
54920	chr13	18787130	20529140	8	4	4	CN_1_1_CKDN200002992-1A_H57L2DSXY_L1
54921	chr13	20534354	20534556	10	9	1	CN_1_1_CKDN200002992-1A_H57L2DSXY_L1
54922	chr13	20537374	22962246	8	4	4	CN_1_1_CKDN200002992-1A_H57L2DSXY_L1
54923	chr13	22962262	22963867	11	9	2	CN_1_1_CKDN200002992-1A_H57L2DSXY_L1
54924	chr13	22964037	22966500	17	11	6	CN_1_1_CKDN200002992-1A_H57L2DSXY_L1
54925	chr13	22966587	22966815	3	2	1	CN_1_1_CKDN200002992-1A_H57L2DSXY_L1
54926	chr13	22966828	24388601	8	4	4	CN_1_1_CKDN200002992-1A_H57L2DSXY_L1
54927	chr13	24388767	24389811	13	11	2	CN_1_1_CKDN200002992-1A_H57L2DSXY_L1
54928	chr13	24389937	34540730	8	4	4	CN_1_1_CKDN200002992-1A_H57L2DSXY_L1
54929	chr13	34541065	34541329	1	1	0	CN_1_1_CKDN200002992-1A_H57L2DSXY_L1
54930	chr13	34541455	45377848	8	4	4	CN_1_1_CKDN200002992-1A_H57L2DSXY_L1
54931	chr13	45377854	45377983	20	17	3	CN_1_1_CKDN200002992-1A_H57L2DSXY_L1
54932	chr13	45393843	63028715	8	4	4	CN_1_1_CKDN200002992-1A_H57L2DSXY_L1
54933	chr13	63028737	63061634	9	5	4	CN_1_1_CKDN200002992-1A_H57L2DSXY_L1
54934	chr13	63061641	104238707	8	4	4	CN_1_1_CKDN200002992-1A_H57L2DSXY_L1
54935	chr13	104238743	104244937	1	1	0	CN_1_1_CKDN200002992-1A_H57L2DSXY_L1
54936	chr13	104245414	106776404	9	5	4	CN_1_1_CKDN200002992-1A_H57L2DSXY_L1
54937	chr13	106776799	106784197	8	6	2	CN_1_1_CKDN200002992-1A_H57L2DSXY_L1
54938	chr13	106784232	112149270	8	4	4	CN_1_1_CKDN200002992-1A_H57L2DSXY_L1
54939	chr13	112149294	112149508	7	6	1	CN_1_1_CKDN200002992-1A_H57L2DSXY_L1
54940	chr13	112152490	113346241	8	4	4	CN_1_1_CKDN200002992-1A_H57L2DSXY_L1
54941	chr13	113347063	113347712	11	9	2	CN_1_1_CKDN200002992-1A_H57L2DSXY_L1
54942	chr13	113347738	114353373	8	4	4	CN_1_1_CKDN200002992-1A_H57L2DSXY_L1
54943	chr14	16024678	16037638	8	4	4	CN_1_1_CKDN200002992-1A_H57L2DSXY_L1
54944	chr14	16076711	16076977	4	3	1	CN_1_1_CKDN200002992-1A_H57L2DSXY_L1
54945	chr14	16077630	16077821	7	6	1	CN_1_1_CKDN200002992-1A_H57L2DSXY_L1
54946	chr14	16096726	16115387	8	4	4	CN_1_1_CKDN200002992-1A_H57L2DSXY_L1
54947	chr14	16115833	16137963	5	4	1	CN_1_1_CKDN200002992-1A_H57L2DSXY_L1
54948	chr14	16138002	16140287	8	4	4	CN_1_1_CKDN200002992-1A_H57L2DSXY_L1
54949	chr14	16140441	16403718	6	5	1	CN_1_1_CKDN200002992-1A_H57L2DSXY_L1
54950	chr14	18224769	18348138	8	5	3	CN_1_1_CKDN200002992-1A_H57L2DSXY_L1
54951	chr14	18350550	35937679	6	5	1	CN_1_1_CKDN200002992-1A_H57L2DSXY_L1
54952	chr14	35948097	35948571	13	8	5	CN_1_1_CKDN200002992-1A_H57L2DSXY_L1
54953	chr14	35950062	72503879	6	5	1	CN_1_1_CKDN200002992-1A_H57L2DSXY_L1
54954	chr14	72504254	72881993	12	9	3	CN_1_1_CKDN200002992-1A_H57L2DSXY_L1
54955	chr14	72882612	74320299	8	4	4	CN_1_1_CKDN200002992-1A_H57L2DSXY_L1
54956	chr14	74322862	74781966	9	6	3	CN_1_1_CKDN200002992-1A_H57L2DSXY_L1
54957	chr14	74783852	76303573	8	4	4	CN_1_1_CKDN200002992-1A_H57L2DSXY_L1
54958	chr14	76305893	77105540	7	6	1	CN_1_1_CKDN200002992-1A_H57L2DSXY_L1
54959	chr14	77122820	77136134	8	4	4	CN_1_1_CKDN200002992-1A_H57L2DSXY_L1
54960	chr14	77155913	78476912	7	6	1	CN_1_1_CKDN200002992-1A_H57L2DSXY_L1
54961	chr14	78482517	78786831	8	4	4	CN_1_1_CKDN200002992-1A_H57L2DSXY_L1
54962	chr14	78895396	82015927	6	5	1	CN_1_1_CKDN200002992-1A_H57L2DSXY_L1
54963	chr14	82028756	82379021	8	4	4	CN_1_1_CKDN200002992-1A_H57L2DSXY_L1
54964	chr14	82383010	82558352	9	8	1	CN_1_1_CKDN200002992-1A_H57L2DSXY_L1
54965	chr14	82566330	82924980	10	6	4	CN_1_1_CKDN200002992-1A_H57L2DSXY_L1
54966	chr14	82964282	94360508	7	6	1	CN_1_1_CKDN200002992-1A_H57L2DSXY_L1
54967	chr14	94378644	94380244	12	7	5	CN_1_1_CKDN200002992-1A_H57L2DSXY_L1
54968	chr14	94380312	99927981	7	6	1	CN_1_1_CKDN200002992-1A_H57L2DSXY_L1
54969	chr14	99927990	99928088	14	7	7	CN_1_1_CKDN200002992-1A_H57L2DSXY_L1
54970	chr14	99930078	103882667	6	5	1	CN_1_1_CKDN200002992-1A_H57L2DSXY_L1
54971	chr14	103896562	103896910	17	9	8	CN_1_1_CKDN200002992-1A_H57L2DSXY_L1
54972	chr14	103896985	105580636	7	6	1	CN_1_1_CKDN200002992-1A_H57L2DSXY_L1
54973	chr14	105581232	105797975	9	5	4	CN_1_1_CKDN200002992-1A_H57L2DSXY_L1
54974	chr14	105823447	106263193	8	7	1	CN_1_1_CKDN200002992-1A_H57L2DSXY_L1
54975	chr14	106263247	106369427	8	5	3	CN_1_1_CKDN200002992-1A_H57L2DSXY_L1
54976	chr14	106371804	106832265	8	7	1	CN_1_1_CKDN200002992-1A_H57L2DSXY_L1
54977	chr15	17024642	18911412	7	4	3	CN_1_1_CKDN200002992-1A_H57L2DSXY_L1
54978	chr15	19043576	23039993	6	3	3	CN_1_1_CKDN200002992-1A_H57L2DSXY_L1
54979	chr15	23040567	23050500	8	5	3	CN_1_1_CKDN200002992-1A_H57L2DSXY_L1
54980	chr15	23050823	101980992	5	3	2	CN_1_1_CKDN200002992-1A_H57L2DSXY_L1
54981	chr16	16640	33071501	6	4	2	CN_1_1_CKDN200002992-1A_H57L2DSXY_L1
54982	chr16	33071575	34213146	7	4	3	CN_1_1_CKDN200002992-1A_H57L2DSXY_L1
54983	chr16	34213160	34236514	7	4	3	CN_1_1_CKDN200002992-1A_H57L2DSXY_L1
54984	chr16	34243057	36787992	6	3	3	CN_1_1_CKDN200002992-1A_H57L2DSXY_L1
54985	chr16	36901615	90151480	5	3	2	CN_1_1_CKDN200002992-1A_H57L2DSXY_L1
54986	chr17	72480	357171	6	3	3	CN_1_1_CKDN200002992-1A_H57L2DSXY_L1
54987	chr17	357317	21298051	6	3	3	CN_1_1_CKDN200002992-1A_H57L2DSXY_L1
54988	chr17	21298056	21305037	6	3	3	CN_1_1_CKDN200002992-1A_H57L2DSXY_L1
54989	chr17	21305548	21306555	6	3	3	CN_1_1_CKDN200002992-1A_H57L2DSXY_L1
54990	chr17	21306853	21674970	6	3	3	CN_1_1_CKDN200002992-1A_H57L2DSXY_L1
54991	chr17	21675095	21677227	8	4	4	CN_1_1_CKDN200002992-1A_H57L2DSXY_L1
54992	chr17	21677249	21686032	7	4	3	CN_1_1_CKDN200002992-1A_H57L2DSXY_L1
54993	chr17	21686665	21883742	6	3	3	CN_1_1_CKDN200002992-1A_H57L2DSXY_L1
54994	chr17	21887070	21894416	14	9	5	CN_1_1_CKDN200002992-1A_H57L2DSXY_L1
54995	chr17	21894895	21896578	11	8	3	CN_1_1_CKDN200002992-1A_H57L2DSXY_L1
54996	chr17	21904529	21935620	11	8	3	CN_1_1_CKDN200002992-1A_H57L2DSXY_L1
54997	chr17	21969236	21981409	13	7	6	CN_1_1_CKDN200002992-1A_H57L2DSXY_L1
54998	chr17	21983291	21985486	10	9	1	CN_1_1_CKDN200002992-1A_H57L2DSXY_L1
54999	chr17	21986813	23191648	7	5	2	CN_1_1_CKDN200002992-1A_H57L2DSXY_L1
55000	chr17	23411982	25074734	8	5	3	CN_1_1_CKDN200002992-1A_H57L2DSXY_L1
55001	chr17	25101189	26341964	10	5	5	CN_1_1_CKDN200002992-1A_H57L2DSXY_L1
55002	chr17	26460154	26788395	6	3	3	CN_1_1_CKDN200002992-1A_H57L2DSXY_L1
55003	chr17	26788401	26795503	7	5	2	CN_1_1_CKDN200002992-1A_H57L2DSXY_L1
55004	chr17	26795572	26810361	6	4	2	CN_1_1_CKDN200002992-1A_H57L2DSXY_L1
55005	chr17	26810508	26811597	16	15	1	CN_1_1_CKDN200002992-1A_H57L2DSXY_L1
55006	chr17	26811870	26825526	5	3	2	CN_1_1_CKDN200002992-1A_H57L2DSXY_L1
55007	chr17	26830247	27008338	7	4	3	CN_1_1_CKDN200002992-1A_H57L2DSXY_L1
55008	chr17	27008494	31925382	6	3	3	CN_1_1_CKDN200002992-1A_H57L2DSXY_L1
55009	chr17	31962140	32169795	5	4	1	CN_1_1_CKDN200002992-1A_H57L2DSXY_L1
55010	chr17	32179807	83243083	6	3	3	CN_1_1_CKDN200002992-1A_H57L2DSXY_L1
55011	chr18	10659	15410736	6	4	2	CN_1_1_CKDN200002992-1A_H57L2DSXY_L1
55012	chr18	15467190	18493534	6	4	2	CN_1_1_CKDN200002992-1A_H57L2DSXY_L1
55013	chr18	18518962	80261792	6	4	2	CN_1_1_CKDN200002992-1A_H57L2DSXY_L1
55014	chr19	75041	24321183	6	4	2	CN_1_1_CKDN200002992-1A_H57L2DSXY_L1
55015	chr19	24321387	24368969	6	3	3	CN_1_1_CKDN200002992-1A_H57L2DSXY_L1
55016	chr19	24369012	24436058	6	4	2	CN_1_1_CKDN200002992-1A_H57L2DSXY_L1
55017	chr19	24436636	24894523	5	4	1	CN_1_1_CKDN200002992-1A_H57L2DSXY_L1
55018	chr19	24895982	24896714	10	6	4	CN_1_1_CKDN200002992-1A_H57L2DSXY_L1
55019	chr19	24896809	24908226	5	3	2	CN_1_1_CKDN200002992-1A_H57L2DSXY_L1
55020	chr19	27241144	58607513	5	3	2	CN_1_1_CKDN200002992-1A_H57L2DSXY_L1
55021	chr20	60601	26369242	6	3	3	CN_1_1_CKDN200002992-1A_H57L2DSXY_L1
55022	chr20	26369689	26517003	8	4	4	CN_1_1_CKDN200002992-1A_H57L2DSXY_L1
55023	chr20	26523618	28045573	7	5	2	CN_1_1_CKDN200002992-1A_H57L2DSXY_L1
55024	chr20	28105847	28318793	10	8	2	CN_1_1_CKDN200002992-1A_H57L2DSXY_L1
55025	chr20	28336941	28554477	6	4	2	CN_1_1_CKDN200002992-1A_H57L2DSXY_L1
55026	chr20	28555790	28730416	7	4	3	CN_1_1_CKDN200002992-1A_H57L2DSXY_L1
55027	chr20	28730417	28772592	9	5	4	CN_1_1_CKDN200002992-1A_H57L2DSXY_L1
55028	chr20	28772736	28773516	5	3	2	CN_1_1_CKDN200002992-1A_H57L2DSXY_L1
55029	chr20	28773570	29257603	6	4	2	CN_1_1_CKDN200002992-1A_H57L2DSXY_L1
55030	chr20	29257688	29291415	6	3	3	CN_1_1_CKDN200002992-1A_H57L2DSXY_L1
55031	chr20	29291477	29291875	5	4	1	CN_1_1_CKDN200002992-1A_H57L2DSXY_L1
55032	chr20	29291908	29870723	5	3	2	CN_1_1_CKDN200002992-1A_H57L2DSXY_L1
55033	chr20	29870788	29878403	7	5	2	CN_1_1_CKDN200002992-1A_H57L2DSXY_L1
55034	chr20	29878445	29888466	6	4	2	CN_1_1_CKDN200002992-1A_H57L2DSXY_L1
55035	chr20	29888547	30021160	6	4	2	CN_1_1_CKDN200002992-1A_H57L2DSXY_L1
55036	chr20	30025838	30149050	6	5	1	CN_1_1_CKDN200002992-1A_H57L2DSXY_L1
55037	chr20	30152036	30944269	5	3	2	CN_1_1_CKDN200002992-1A_H57L2DSXY_L1
55038	chr20	30945758	64331538	5	3	2	CN_1_1_CKDN200002992-1A_H57L2DSXY_L1
55039	chr21	5030521	5306192	6	3	3	CN_1_1_CKDN200002992-1A_H57L2DSXY_L1
55040	chr21	5306638	5306908	4	2	2	CN_1_1_CKDN200002992-1A_H57L2DSXY_L1
55041	chr21	5306958	7235147	6	3	3	CN_1_1_CKDN200002992-1A_H57L2DSXY_L1
55042	chr21	7235287	7261814	8	4	4	CN_1_1_CKDN200002992-1A_H57L2DSXY_L1
55043	chr21	7262514	7285094	10	8	2	CN_1_1_CKDN200002992-1A_H57L2DSXY_L1
55044	chr21	7285181	8812292	7	5	2	CN_1_1_CKDN200002992-1A_H57L2DSXY_L1
55045	chr21	8813025	8819690	4	2	2	CN_1_1_CKDN200002992-1A_H57L2DSXY_L1
55046	chr21	8823605	9811969	8	5	3	CN_1_1_CKDN200002992-1A_H57L2DSXY_L1
55047	chr21	9812106	9814190	1	1	0	CN_1_1_CKDN200002992-1A_H57L2DSXY_L1
55048	chr21	9814639	9823921	8	6	2	CN_1_1_CKDN200002992-1A_H57L2DSXY_L1
55049	chr21	9824203	9837321	8	7	1	CN_1_1_CKDN200002992-1A_H57L2DSXY_L1
55050	chr21	9837327	10064895	6	5	1	CN_1_1_CKDN200002992-1A_H57L2DSXY_L1
55051	chr21	10069664	10564338	8	5	3	CN_1_1_CKDN200002992-1A_H57L2DSXY_L1
55052	chr21	10564985	10814535	7	4	3	CN_1_1_CKDN200002992-1A_H57L2DSXY_L1
55053	chr21	12966046	12977762	11	8	3	CN_1_1_CKDN200002992-1A_H57L2DSXY_L1
55054	chr21	12977805	12990236	10	8	2	CN_1_1_CKDN200002992-1A_H57L2DSXY_L1
55055	chr21	12991153	13344560	8	4	4	CN_1_1_CKDN200002992-1A_H57L2DSXY_L1
55056	chr21	13356534	13439493	7	5	2	CN_1_1_CKDN200002992-1A_H57L2DSXY_L1
55057	chr21	13460470	13870942	9	5	4	CN_1_1_CKDN200002992-1A_H57L2DSXY_L1
55058	chr21	13871239	13900742	10	7	3	CN_1_1_CKDN200002992-1A_H57L2DSXY_L1
55059	chr21	13900749	15030905	7	4	3	CN_1_1_CKDN200002992-1A_H57L2DSXY_L1
55060	chr21	15030925	15031098	12	10	2	CN_1_1_CKDN200002992-1A_H57L2DSXY_L1
55061	chr21	15031123	46699658	6	3	3	CN_1_1_CKDN200002992-1A_H57L2DSXY_L1
55062	chr22	10557962	10726270	7	5	2	CN_1_1_CKDN200002992-1A_H57L2DSXY_L1
55063	chr22	10726447	11027421	8	4	4	CN_1_1_CKDN200002992-1A_H57L2DSXY_L1
55064	chr22	11027817	11121087	7	4	3	CN_1_1_CKDN200002992-1A_H57L2DSXY_L1
55065	chr22	11128706	11152832	9	7	2	CN_1_1_CKDN200002992-1A_H57L2DSXY_L1
55066	chr22	11237494	11257918	2	2	0	CN_1_1_CKDN200002992-1A_H57L2DSXY_L1
55067	chr22	11261412	11290118	6	5	1	CN_1_1_CKDN200002992-1A_H57L2DSXY_L1
55068	chr22	11290561	12224004	8	4	4	CN_1_1_CKDN200002992-1A_H57L2DSXY_L1
55069	chr22	12224357	12369453	7	5	2	CN_1_1_CKDN200002992-1A_H57L2DSXY_L1
55070	chr22	12369568	12370689	5	4	1	CN_1_1_CKDN200002992-1A_H57L2DSXY_L1
55071	chr22	12370700	12374041	9	7	2	CN_1_1_CKDN200002992-1A_H57L2DSXY_L1
55072	chr22	12374094	12436677	6	5	1	CN_1_1_CKDN200002992-1A_H57L2DSXY_L1
55073	chr22	12489169	12692320	8	4	4	CN_1_1_CKDN200002992-1A_H57L2DSXY_L1
55074	chr22	12692396	12693914	9	8	1	CN_1_1_CKDN200002992-1A_H57L2DSXY_L1
55075	chr22	12693933	12710535	5	3	2	CN_1_1_CKDN200002992-1A_H57L2DSXY_L1
55076	chr22	12710554	12717777	3	3	0	CN_1_1_CKDN200002992-1A_H57L2DSXY_L1
55077	chr22	12718419	12900852	6	3	3	CN_1_1_CKDN200002992-1A_H57L2DSXY_L1
55078	chr22	15158909	15892678	8	4	4	CN_1_1_CKDN200002992-1A_H57L2DSXY_L1
55079	chr22	15896335	16260938	8	4	4	CN_1_1_CKDN200002992-1A_H57L2DSXY_L1
55080	chr22	16262054	16527718	8	4	4	CN_1_1_CKDN200002992-1A_H57L2DSXY_L1
55081	chr22	16527771	16879510	8	4	4	CN_1_1_CKDN200002992-1A_H57L2DSXY_L1
55082	chr22	16879536	16879870	20	19	1	CN_1_1_CKDN200002992-1A_H57L2DSXY_L1
55083	chr22	16880582	16895086	8	6	2	CN_1_1_CKDN200002992-1A_H57L2DSXY_L1
55084	chr22	16895482	17863112	8	4	4	CN_1_1_CKDN200002992-1A_H57L2DSXY_L1
55085	chr22	17876797	17877529	17	13	4	CN_1_1_CKDN200002992-1A_H57L2DSXY_L1
55086	chr22	17925036	18170226	6	3	3	CN_1_1_CKDN200002992-1A_H57L2DSXY_L1
55087	chr22	18172743	18942156	7	4	3	CN_1_1_CKDN200002992-1A_H57L2DSXY_L1
55088	chr22	18942709	19906997	6	3	3	CN_1_1_CKDN200002992-1A_H57L2DSXY_L1
55089	chr22	19907116	19907925	15	12	3	CN_1_1_CKDN200002992-1A_H57L2DSXY_L1
55090	chr22	19907945	20335250	6	3	3	CN_1_1_CKDN200002992-1A_H57L2DSXY_L1
55091	chr22	20336219	20359386	9	7	2	CN_1_1_CKDN200002992-1A_H57L2DSXY_L1
55092	chr22	20359570	21083483	6	3	3	CN_1_1_CKDN200002992-1A_H57L2DSXY_L1
55093	chr22	21083596	21381885	6	4	2	CN_1_1_CKDN200002992-1A_H57L2DSXY_L1
55094	chr22	21400654	23427599	7	4	3	CN_1_1_CKDN200002992-1A_H57L2DSXY_L1
55095	chr22	23428372	23431879	8	7	1	CN_1_1_CKDN200002992-1A_H57L2DSXY_L1
55096	chr22	23435318	28532680	7	4	3	CN_1_1_CKDN200002992-1A_H57L2DSXY_L1
55097	chr22	28537301	28553483	8	5	3	CN_1_1_CKDN200002992-1A_H57L2DSXY_L1
55098	chr22	28553739	37533096	6	3	3	CN_1_1_CKDN200002992-1A_H57L2DSXY_L1
55099	chr22	37566305	50807831	7	5	2	CN_1_1_CKDN200002992-1A_H57L2DSXY_L1
55100	chrX	29938	9302312	8	4	4	CN_1_1_CKDN200002992-1A_H57L2DSXY_L1
55101	chrX	9388915	9414345	5	3	2	CN_1_1_CKDN200002992-1A_H57L2DSXY_L1
55102	chrX	9486611	48671502	7	7	0	CN_1_1_CKDN200002992-1A_H57L2DSXY_L1
55103	chrX	48672742	60986088	7	4	3	CN_1_1_CKDN200002992-1A_H57L2DSXY_L1
55104	chrX	61067377	62514947	8	4	4	CN_1_1_CKDN200002992-1A_H57L2DSXY_L1
55105	chrX	62514955	119162182	7	7	0	CN_1_1_CKDN200002992-1A_H57L2DSXY_L1
55106	chrX	119457109	120463994	7	7	0	CN_1_1_CKDN200002992-1A_H57L2DSXY_L1
55107	chrX	120492799	136756536	7	7	0	CN_1_1_CKDN200002992-1A_H57L2DSXY_L1
55108	chrX	136873837	136880695	5	3	2	CN_1_1_CKDN200002992-1A_H57L2DSXY_L1
55109	chrX	136905115	140764424	7	7	0	CN_1_1_CKDN200002992-1A_H57L2DSXY_L1
55110	chrX	140996092	141906127	7	7	0	CN_1_1_CKDN200002992-1A_H57L2DSXY_L1
55111	chrX	141912933	155672893	7	7	0	CN_1_1_CKDN200002992-1A_H57L2DSXY_L1
55112	chrX	155702927	156029560	8	4	4	CN_1_1_CKDN200002992-1A_H57L2DSXY_L1
55113	chrY	2785817	3831119	8	6	2	CN_1_1_CKDN200002992-1A_H57L2DSXY_L1
55114	chrY	3844332	3854650	8	4	4	CN_1_1_CKDN200002992-1A_H57L2DSXY_L1
55115	chrY	3859427	6535237	8	5	3	CN_1_1_CKDN200002992-1A_H57L2DSXY_L1
55116	chrY	6535545	8978069	8	8	0	CN_1_1_CKDN200002992-1A_H57L2DSXY_L1
55117	chrY	9108589	10244495	8	4	4	CN_1_1_CKDN200002992-1A_H57L2DSXY_L1
55118	chrY	10624833	10660007	9	6	3	CN_1_1_CKDN200002992-1A_H57L2DSXY_L1
55119	chrY	10660054	10692334	9	6	3	CN_1_1_CKDN200002992-1A_H57L2DSXY_L1
55120	chrY	10692390	10765725	8	6	2	CN_1_1_CKDN200002992-1A_H57L2DSXY_L1
55121	chrY	10768576	10776089	10	9	1	CN_1_1_CKDN200002992-1A_H57L2DSXY_L1
55122	chrY	10776107	10921522	10	6	4	CN_1_1_CKDN200002992-1A_H57L2DSXY_L1
55123	chrY	10921665	10921838	19	10	9	CN_1_1_CKDN200002992-1A_H57L2DSXY_L1
55124	chrY	10921891	11103335	8	4	4	CN_1_1_CKDN200002992-1A_H57L2DSXY_L1
55125	chrY	11103456	11167443	8	4	4	CN_1_1_CKDN200002992-1A_H57L2DSXY_L1
55126	chrY	11167530	11281801	8	4	4	CN_1_1_CKDN200002992-1A_H57L2DSXY_L1
55127	chrY	11281887	11300134	6	3	3	CN_1_1_CKDN200002992-1A_H57L2DSXY_L1
55128	chrY	11300172	11305175	15	13	2	CN_1_1_CKDN200002992-1A_H57L2DSXY_L1
55129	chrY	11305197	11325734	10	7	3	CN_1_1_CKDN200002992-1A_H57L2DSXY_L1
55130	chrY	11325828	11331179	14	10	4	CN_1_1_CKDN200002992-1A_H57L2DSXY_L1
55131	chrY	11332067	11428213	8	5	3	CN_1_1_CKDN200002992-1A_H57L2DSXY_L1
55132	chrY	11431143	11748018	9	6	3	CN_1_1_CKDN200002992-1A_H57L2DSXY_L1
55133	chrY	11748220	11748323	20	19	1	CN_1_1_CKDN200002992-1A_H57L2DSXY_L1
55134	chrY	11748362	12321891	8	4	4	CN_1_1_CKDN200002992-1A_H57L2DSXY_L1
55135	chrY	12336599	20014929	8	8	0	CN_1_1_CKDN200002992-1A_H57L2DSXY_L1
55136	chrY	20062976	20348415	8	4	4	CN_1_1_CKDN200002992-1A_H57L2DSXY_L1
55137	chrY	20348945	22344896	8	8	0	CN_1_1_CKDN200002992-1A_H57L2DSXY_L1
55138	chrY	22815010	56738602	8	5	3	CN_1_1_CKDN200002992-1A_H57L2DSXY_L1
55139	chrY	56742459	56771421	17	9	8	CN_1_1_CKDN200002992-1A_H57L2DSXY_L1
55140	chrY	56822319	56823765	7	4	3	CN_1_1_CKDN200002992-1A_H57L2DSXY_L1
55141	chrY	56823830	56887228	6	4	2	CN_1_1_CKDN200002992-1A_H57L2DSXY_L1
55142	chr1	10109	13374254	5	3	2	CN_6_1_CKDN200002994-1A_H57L2DSXY_L1
55143	chr1	13374267	122074099	5	3	2	CN_6_1_CKDN200002994-1A_H57L2DSXY_L1
55144	chr1	122098012	123399649	6	4	2	CN_6_1_CKDN200002994-1A_H57L2DSXY_L1
55145	chr1	123400279	125168904	5	3	2	CN_6_1_CKDN200002994-1A_H57L2DSXY_L1
55146	chr1	125169341	143200482	5	3	2	CN_6_1_CKDN200002994-1A_H57L2DSXY_L1
55147	chr1	143200599	150665758	5	3	2	CN_6_1_CKDN200002994-1A_H57L2DSXY_L1
55148	chr1	150673330	248945932	5	3	2	CN_6_1_CKDN200002994-1A_H57L2DSXY_L1
55149	chr2	30827	86853538	6	3	3	CN_6_1_CKDN200002994-1A_H57L2DSXY_L1
55150	chr2	86855556	88998043	6	3	3	CN_6_1_CKDN200002994-1A_H57L2DSXY_L1
55151	chr2	88998056	89003629	4	3	1	CN_6_1_CKDN200002994-1A_H57L2DSXY_L1
55152	chr2	89006487	90204999	6	3	3	CN_6_1_CKDN200002994-1A_H57L2DSXY_L1
55153	chr2	90209495	90213759	18	17	1	CN_6_1_CKDN200002994-1A_H57L2DSXY_L1
55154	chr2	90214417	93898784	6	4	2	CN_6_1_CKDN200002994-1A_H57L2DSXY_L1
55155	chr2	93912001	132363896	6	3	3	CN_6_1_CKDN200002994-1A_H57L2DSXY_L1
55156	chr2	132363930	242183443	6	3	3	CN_6_1_CKDN200002994-1A_H57L2DSXY_L1
55157	chr3	11956	75519130	6	4	2	CN_6_1_CKDN200002994-1A_H57L2DSXY_L1
55158	chr3	75519176	75546342	8	7	1	CN_6_1_CKDN200002994-1A_H57L2DSXY_L1
55159	chr3	75546672	90898997	7	5	2	CN_6_1_CKDN200002994-1A_H57L2DSXY_L1
55160	chr3	90900928	97336125	6	4	2	CN_6_1_CKDN200002994-1A_H57L2DSXY_L1
55161	chr3	97336883	114418122	6	3	3	CN_6_1_CKDN200002994-1A_H57L2DSXY_L1
55162	chr3	114420954	114464765	6	4	2	CN_6_1_CKDN200002994-1A_H57L2DSXY_L1
55163	chr3	114465768	125717776	6	3	3	CN_6_1_CKDN200002994-1A_H57L2DSXY_L1
55164	chr3	125718113	125806195	6	3	3	CN_6_1_CKDN200002994-1A_H57L2DSXY_L1
55165	chr3	125813638	125817408	8	7	1	CN_6_1_CKDN200002994-1A_H57L2DSXY_L1
55166	chr3	125818828	130017921	6	3	3	CN_6_1_CKDN200002994-1A_H57L2DSXY_L1
55167	chr3	130027318	130027588	11	9	2	CN_6_1_CKDN200002994-1A_H57L2DSXY_L1
55168	chr3	130028813	145927671	6	3	3	CN_6_1_CKDN200002994-1A_H57L2DSXY_L1
55169	chr3	145928049	145932856	6	3	3	CN_6_1_CKDN200002994-1A_H57L2DSXY_L1
55170	chr3	145934371	169468505	6	3	3	CN_6_1_CKDN200002994-1A_H57L2DSXY_L1
55171	chr3	169471972	169472680	20	19	1	CN_6_1_CKDN200002994-1A_H57L2DSXY_L1
55172	chr3	169473398	170673177	6	3	3	CN_6_1_CKDN200002994-1A_H57L2DSXY_L1
55173	chr3	170673209	170673866	9	7	2	CN_6_1_CKDN200002994-1A_H57L2DSXY_L1
55174	chr3	170674119	174259014	6	3	3	CN_6_1_CKDN200002994-1A_H57L2DSXY_L1
55175	chr3	174260558	174265120	9	7	2	CN_6_1_CKDN200002994-1A_H57L2DSXY_L1
55176	chr3	174265214	184501882	6	3	3	CN_6_1_CKDN200002994-1A_H57L2DSXY_L1
55177	chr3	184502671	184530435	6	3	3	CN_6_1_CKDN200002994-1A_H57L2DSXY_L1
55178	chr3	184544343	195478416	6	3	3	CN_6_1_CKDN200002994-1A_H57L2DSXY_L1
55179	chr3	195478501	195505605	5	3	2	CN_6_1_CKDN200002994-1A_H57L2DSXY_L1
55180	chr3	195505643	195760596	7	4	3	CN_6_1_CKDN200002994-1A_H57L2DSXY_L1
55181	chr3	195762619	195780720	8	4	4	CN_6_1_CKDN200002994-1A_H57L2DSXY_L1
55182	chr3	195780823	195996786	6	3	3	CN_6_1_CKDN200002994-1A_H57L2DSXY_L1
55183	chr3	195996787	197354032	6	3	3	CN_6_1_CKDN200002994-1A_H57L2DSXY_L1
55184	chr3	197384441	198187600	6	3	3	CN_6_1_CKDN200002994-1A_H57L2DSXY_L1
55185	chr4	12333	64486	5	3	2	CN_6_1_CKDN200002994-1A_H57L2DSXY_L1
55186	chr4	66544	530085	5	5	0	CN_6_1_CKDN200002994-1A_H57L2DSXY_L1
55187	chr4	531271	661061	6	3	3	CN_6_1_CKDN200002994-1A_H57L2DSXY_L1
55188	chr4	666052	4007488	5	5	0	CN_6_1_CKDN200002994-1A_H57L2DSXY_L1
55189	chr4	4013238	4019280	5	3	2	CN_6_1_CKDN200002994-1A_H57L2DSXY_L1
55190	chr4	4028450	29635510	5	5	0	CN_6_1_CKDN200002994-1A_H57L2DSXY_L1
55191	chr4	29646064	29646184	20	13	7	CN_6_1_CKDN200002994-1A_H57L2DSXY_L1
55192	chr4	29646472	33378629	5	5	0	CN_6_1_CKDN200002994-1A_H57L2DSXY_L1
55193	chr4	33571426	33840394	5	5	0	CN_6_1_CKDN200002994-1A_H57L2DSXY_L1
55194	chr4	33901725	45012134	5	5	0	CN_6_1_CKDN200002994-1A_H57L2DSXY_L1
55195	chr4	45012813	45014432	11	6	5	CN_6_1_CKDN200002994-1A_H57L2DSXY_L1
55196	chr4	45014460	49091321	5	5	0	CN_6_1_CKDN200002994-1A_H57L2DSXY_L1
55197	chr4	49091325	49101202	11	6	5	CN_6_1_CKDN200002994-1A_H57L2DSXY_L1
55198	chr4	49101244	49111347	8	5	3	CN_6_1_CKDN200002994-1A_H57L2DSXY_L1
55199	chr4	49111375	49129351	6	4	2	CN_6_1_CKDN200002994-1A_H57L2DSXY_L1
55200	chr4	49129360	49131975	13	7	6	CN_6_1_CKDN200002994-1A_H57L2DSXY_L1
55201	chr4	49132229	49138016	6	4	2	CN_6_1_CKDN200002994-1A_H57L2DSXY_L1
55202	chr4	49138085	49139429	9	5	4	CN_6_1_CKDN200002994-1A_H57L2DSXY_L1
55203	chr4	49139498	49155561	8	5	3	CN_6_1_CKDN200002994-1A_H57L2DSXY_L1
55204	chr4	49155627	49320612	5	3	2	CN_6_1_CKDN200002994-1A_H57L2DSXY_L1
55205	chr4	49320856	49626604	8	4	4	CN_6_1_CKDN200002994-1A_H57L2DSXY_L1
55206	chr4	49626852	49657993	10	6	4	CN_6_1_CKDN200002994-1A_H57L2DSXY_L1
55207	chr4	49709141	49744371	6	3	3	CN_6_1_CKDN200002994-1A_H57L2DSXY_L1
55208	chr4	49750473	49972228	9	8	1	CN_6_1_CKDN200002994-1A_H57L2DSXY_L1
55209	chr4	50008956	51577776	8	5	3	CN_6_1_CKDN200002994-1A_H57L2DSXY_L1
55210	chr4	51639549	69272149	5	5	0	CN_6_1_CKDN200002994-1A_H57L2DSXY_L1
55211	chr4	69272165	69274384	6	3	3	CN_6_1_CKDN200002994-1A_H57L2DSXY_L1
55212	chr4	69301487	69380076	6	6	0	CN_6_1_CKDN200002994-1A_H57L2DSXY_L1
55213	chr4	69381352	69381682	17	10	7	CN_6_1_CKDN200002994-1A_H57L2DSXY_L1
55214	chr4	69381823	69383676	4	2	2	CN_6_1_CKDN200002994-1A_H57L2DSXY_L1
55215	chr4	69385329	87710279	5	5	0	CN_6_1_CKDN200002994-1A_H57L2DSXY_L1
55216	chr4	87711548	87712513	6	6	0	CN_6_1_CKDN200002994-1A_H57L2DSXY_L1
55217	chr4	87713102	109426605	5	5	0	CN_6_1_CKDN200002994-1A_H57L2DSXY_L1
55218	chr4	109466699	109597463	6	3	3	CN_6_1_CKDN200002994-1A_H57L2DSXY_L1
55219	chr4	109717887	113757630	5	5	0	CN_6_1_CKDN200002994-1A_H57L2DSXY_L1
55220	chr4	113758526	113924078	5	5	0	CN_6_1_CKDN200002994-1A_H57L2DSXY_L1
55221	chr4	113940938	118601263	5	5	0	CN_6_1_CKDN200002994-1A_H57L2DSXY_L1
55222	chr4	118605026	118670638	5	4	1	CN_6_1_CKDN200002994-1A_H57L2DSXY_L1
55223	chr4	118671408	131732202	5	5	0	CN_6_1_CKDN200002994-1A_H57L2DSXY_L1
55224	chr4	131732859	131751764	6	3	3	CN_6_1_CKDN200002994-1A_H57L2DSXY_L1
55225	chr4	131751981	143824621	5	5	0	CN_6_1_CKDN200002994-1A_H57L2DSXY_L1
55226	chr4	143848951	144127840	4	2	2	CN_6_1_CKDN200002994-1A_H57L2DSXY_L1
55227	chr4	144128865	159453275	5	5	0	CN_6_1_CKDN200002994-1A_H57L2DSXY_L1
55228	chr4	159454280	165205430	6	6	0	CN_6_1_CKDN200002994-1A_H57L2DSXY_L1
55229	chr4	165213053	165235263	7	5	2	CN_6_1_CKDN200002994-1A_H57L2DSXY_L1
55230	chr4	165235274	177999821	6	6	0	CN_6_1_CKDN200002994-1A_H57L2DSXY_L1
55231	chr4	178015315	189835825	7	5	2	CN_6_1_CKDN200002994-1A_H57L2DSXY_L1
55232	chr4	189836064	189849325	9	6	3	CN_6_1_CKDN200002994-1A_H57L2DSXY_L1
55233	chr4	189849414	190203842	6	4	2	CN_6_1_CKDN200002994-1A_H57L2DSXY_L1
55234	chr5	15890	47066210	6	5	1	CN_6_1_CKDN200002994-1A_H57L2DSXY_L1
55235	chr5	47066230	47066379	3	2	1	CN_6_1_CKDN200002994-1A_H57L2DSXY_L1
55236	chr5	47074225	47307601	6	3	3	CN_6_1_CKDN200002994-1A_H57L2DSXY_L1
55237	chr5	49591952	49676923	7	5	2	CN_6_1_CKDN200002994-1A_H57L2DSXY_L1
55238	chr5	49677467	49922819	6	4	2	CN_6_1_CKDN200002994-1A_H57L2DSXY_L1
55239	chr5	49925382	49929984	15	13	2	CN_6_1_CKDN200002994-1A_H57L2DSXY_L1
55240	chr5	49930030	175918998	5	4	1	CN_6_1_CKDN200002994-1A_H57L2DSXY_L1
55241	chr5	175919146	176118639	6	3	3	CN_6_1_CKDN200002994-1A_H57L2DSXY_L1
55242	chr5	176119548	181477761	5	4	1	CN_6_1_CKDN200002994-1A_H57L2DSXY_L1
55243	chr6	110300	31317919	5	3	2	CN_6_1_CKDN200002994-1A_H57L2DSXY_L1
55244	chr6	31317971	31318956	11	7	4	CN_6_1_CKDN200002994-1A_H57L2DSXY_L1
55245	chr6	31319044	31319697	4	2	2	CN_6_1_CKDN200002994-1A_H57L2DSXY_L1
55246	chr6	31319714	31322690	8	5	3	CN_6_1_CKDN200002994-1A_H57L2DSXY_L1
55247	chr6	31322716	31329995	4	2	2	CN_6_1_CKDN200002994-1A_H57L2DSXY_L1
55248	chr6	31330076	31334434	7	5	2	CN_6_1_CKDN200002994-1A_H57L2DSXY_L1
55249	chr6	31334459	31335531	6	5	1	CN_6_1_CKDN200002994-1A_H57L2DSXY_L1
55250	chr6	31335549	31336489	12	7	5	CN_6_1_CKDN200002994-1A_H57L2DSXY_L1
55251	chr6	31336507	32488562	6	4	2	CN_6_1_CKDN200002994-1A_H57L2DSXY_L1
55252	chr6	32488567	32489357	7	5	2	CN_6_1_CKDN200002994-1A_H57L2DSXY_L1
55253	chr6	32489378	32506115	5	3	2	CN_6_1_CKDN200002994-1A_H57L2DSXY_L1
55254	chr6	32506134	32511601	8	4	4	CN_6_1_CKDN200002994-1A_H57L2DSXY_L1
55255	chr6	32511613	32512781	4	2	2	CN_6_1_CKDN200002994-1A_H57L2DSXY_L1
55256	chr6	32512812	32517620	6	4	2	CN_6_1_CKDN200002994-1A_H57L2DSXY_L1
55257	chr6	32517633	32518038	8	7	1	CN_6_1_CKDN200002994-1A_H57L2DSXY_L1
55258	chr6	32518501	32518923	6	3	3	CN_6_1_CKDN200002994-1A_H57L2DSXY_L1
55259	chr6	32518936	32519707	4	2	2	CN_6_1_CKDN200002994-1A_H57L2DSXY_L1
55260	chr6	32519738	32535273	7	5	2	CN_6_1_CKDN200002994-1A_H57L2DSXY_L1
55261	chr6	32535294	32535994	13	8	5	CN_6_1_CKDN200002994-1A_H57L2DSXY_L1
55262	chr6	32536011	32552412	6	3	3	CN_6_1_CKDN200002994-1A_H57L2DSXY_L1
55263	chr6	32552437	32580612	6	4	2	CN_6_1_CKDN200002994-1A_H57L2DSXY_L1
55264	chr6	32580620	32582837	7	5	2	CN_6_1_CKDN200002994-1A_H57L2DSXY_L1
55265	chr6	32582902	32583171	14	10	4	CN_6_1_CKDN200002994-1A_H57L2DSXY_L1
55266	chr6	32584171	32584696	13	7	6	CN_6_1_CKDN200002994-1A_H57L2DSXY_L1
55267	chr6	32584750	32584865	18	11	7	CN_6_1_CKDN200002994-1A_H57L2DSXY_L1
55268	chr6	32584988	32585177	2	1	1	CN_6_1_CKDN200002994-1A_H57L2DSXY_L1
55269	chr6	32585206	32590005	6	3	3	CN_6_1_CKDN200002994-1A_H57L2DSXY_L1
55270	chr6	32590024	32590493	19	10	9	CN_6_1_CKDN200002994-1A_H57L2DSXY_L1
55271	chr6	32590508	32592837	15	8	7	CN_6_1_CKDN200002994-1A_H57L2DSXY_L1
55272	chr6	32592868	32593106	18	12	6	CN_6_1_CKDN200002994-1A_H57L2DSXY_L1
55273	chr6	32593122	32594179	4	2	2	CN_6_1_CKDN200002994-1A_H57L2DSXY_L1
55274	chr6	32596904	32600373	8	5	3	CN_6_1_CKDN200002994-1A_H57L2DSXY_L1
55275	chr6	32600416	32603928	8	5	3	CN_6_1_CKDN200002994-1A_H57L2DSXY_L1
55276	chr6	32603957	32604986	10	7	3	CN_6_1_CKDN200002994-1A_H57L2DSXY_L1
55277	chr6	32605029	32606132	4	3	1	CN_6_1_CKDN200002994-1A_H57L2DSXY_L1
55278	chr6	32606155	32631710	6	3	3	CN_6_1_CKDN200002994-1A_H57L2DSXY_L1
55279	chr6	32632000	32632141	1	1	0	CN_6_1_CKDN200002994-1A_H57L2DSXY_L1
55280	chr6	32632222	32637401	6	4	2	CN_6_1_CKDN200002994-1A_H57L2DSXY_L1
55281	chr6	32637420	32640492	7	5	2	CN_6_1_CKDN200002994-1A_H57L2DSXY_L1
55282	chr6	32640517	32642273	11	6	5	CN_6_1_CKDN200002994-1A_H57L2DSXY_L1
55283	chr6	32642594	32644018	4	3	1	CN_6_1_CKDN200002994-1A_H57L2DSXY_L1
55284	chr6	32644041	32666816	7	5	2	CN_6_1_CKDN200002994-1A_H57L2DSXY_L1
55285	chr6	32666837	59780790	5	3	2	CN_6_1_CKDN200002994-1A_H57L2DSXY_L1
55286	chr6	59828833	170743540	6	4	2	CN_6_1_CKDN200002994-1A_H57L2DSXY_L1
55287	chr7	23863	58054211	4	2	2	CN_6_1_CKDN200002994-1A_H57L2DSXY_L1
55288	chr7	58062698	59950702	5	3	2	CN_6_1_CKDN200002994-1A_H57L2DSXY_L1
55289	chr7	60102614	60925701	4	3	1	CN_6_1_CKDN200002994-1A_H57L2DSXY_L1
55290	chr7	60932025	60951500	5	3	2	CN_6_1_CKDN200002994-1A_H57L2DSXY_L1
55291	chr7	60951699	61027126	4	2	2	CN_6_1_CKDN200002994-1A_H57L2DSXY_L1
55292	chr7	61027129	62307992	4	2	2	CN_6_1_CKDN200002994-1A_H57L2DSXY_L1
55293	chr7	62308000	62308273	3	2	1	CN_6_1_CKDN200002994-1A_H57L2DSXY_L1
55294	chr7	62308951	62431385	3	2	1	CN_6_1_CKDN200002994-1A_H57L2DSXY_L1
55295	chr7	62431955	62442745	11	10	1	CN_6_1_CKDN200002994-1A_H57L2DSXY_L1
55296	chr7	62442770	62451977	4	2	2	CN_6_1_CKDN200002994-1A_H57L2DSXY_L1
55297	chr7	62454725	63013516	5	4	1	CN_6_1_CKDN200002994-1A_H57L2DSXY_L1
55298	chr7	63013569	65081303	4	2	2	CN_6_1_CKDN200002994-1A_H57L2DSXY_L1
55299	chr7	65081799	65845608	5	3	2	CN_6_1_CKDN200002994-1A_H57L2DSXY_L1
55300	chr7	65850112	142461503	5	3	2	CN_6_1_CKDN200002994-1A_H57L2DSXY_L1
55301	chr7	142461509	142521100	6	4	2	CN_6_1_CKDN200002994-1A_H57L2DSXY_L1
55302	chr7	142521136	157745860	4	2	2	CN_6_1_CKDN200002994-1A_H57L2DSXY_L1
55303	chr7	157746020	157749880	8	4	4	CN_6_1_CKDN200002994-1A_H57L2DSXY_L1
55304	chr7	157749914	159335108	4	2	2	CN_6_1_CKDN200002994-1A_H57L2DSXY_L1
55305	chr8	75802	1211513	8	4	4	CN_6_1_CKDN200002994-1A_H57L2DSXY_L1
55306	chr8	1211904	1360263	7	4	3	CN_6_1_CKDN200002994-1A_H57L2DSXY_L1
55307	chr8	1363320	2086309	7	4	3	CN_6_1_CKDN200002994-1A_H57L2DSXY_L1
55308	chr8	2086362	2086478	14	11	3	CN_6_1_CKDN200002994-1A_H57L2DSXY_L1
55309	chr8	2086488	2246658	6	3	3	CN_6_1_CKDN200002994-1A_H57L2DSXY_L1
55310	chr8	2246824	2471550	8	4	4	CN_6_1_CKDN200002994-1A_H57L2DSXY_L1
55311	chr8	2475613	7152663	6	3	3	CN_6_1_CKDN200002994-1A_H57L2DSXY_L1
55312	chr8	7152736	8181779	7	4	3	CN_6_1_CKDN200002994-1A_H57L2DSXY_L1
55313	chr8	8182178	12171996	6	3	3	CN_6_1_CKDN200002994-1A_H57L2DSXY_L1
55314	chr8	12172384	12611675	6	4	2	CN_6_1_CKDN200002994-1A_H57L2DSXY_L1
55315	chr8	12612545	43981788	6	3	3	CN_6_1_CKDN200002994-1A_H57L2DSXY_L1
55316	chr8	43981829	45187816	8	5	3	CN_6_1_CKDN200002994-1A_H57L2DSXY_L1
55317	chr8	45206662	63797489	6	3	3	CN_6_1_CKDN200002994-1A_H57L2DSXY_L1
55318	chr8	63797498	63803393	8	6	2	CN_6_1_CKDN200002994-1A_H57L2DSXY_L1
55319	chr8	63803591	138119723	6	3	3	CN_6_1_CKDN200002994-1A_H57L2DSXY_L1
55320	chr8	138119845	138122188	6	4	2	CN_6_1_CKDN200002994-1A_H57L2DSXY_L1
55321	chr8	138122574	142491793	6	3	3	CN_6_1_CKDN200002994-1A_H57L2DSXY_L1
55322	chr8	142502138	142502426	9	8	1	CN_6_1_CKDN200002994-1A_H57L2DSXY_L1
55323	chr8	142503271	143072226	6	3	3	CN_6_1_CKDN200002994-1A_H57L2DSXY_L1
55324	chr8	143072235	143073847	19	13	6	CN_6_1_CKDN200002994-1A_H57L2DSXY_L1
55325	chr8	143073941	145074901	6	3	3	CN_6_1_CKDN200002994-1A_H57L2DSXY_L1
55326	chr9	10452	116318	8	6	2	CN_6_1_CKDN200002994-1A_H57L2DSXY_L1
55327	chr9	116800	34181084	6	3	3	CN_6_1_CKDN200002994-1A_H57L2DSXY_L1
55328	chr9	34181526	34183649	8	7	1	CN_6_1_CKDN200002994-1A_H57L2DSXY_L1
55329	chr9	34187163	38792656	6	3	3	CN_6_1_CKDN200002994-1A_H57L2DSXY_L1
55330	chr9	38793022	40524526	5	3	2	CN_6_1_CKDN200002994-1A_H57L2DSXY_L1
55331	chr9	40526616	40562255	14	10	4	CN_6_1_CKDN200002994-1A_H57L2DSXY_L1
55332	chr9	40567789	41215386	6	4	2	CN_6_1_CKDN200002994-1A_H57L2DSXY_L1
55333	chr9	41215440	41224252	3	2	1	CN_6_1_CKDN200002994-1A_H57L2DSXY_L1
55334	chr9	41224352	42999853	6	3	3	CN_6_1_CKDN200002994-1A_H57L2DSXY_L1
55335	chr9	43000153	43717845	6	3	3	CN_6_1_CKDN200002994-1A_H57L2DSXY_L1
55336	chr9	43727409	60616884	6	3	3	CN_6_1_CKDN200002994-1A_H57L2DSXY_L1
55337	chr9	60617136	60680769	4	2	2	CN_6_1_CKDN200002994-1A_H57L2DSXY_L1
55338	chr9	60680951	63410102	6	4	2	CN_6_1_CKDN200002994-1A_H57L2DSXY_L1
55339	chr9	63413194	64776064	6	4	2	CN_6_1_CKDN200002994-1A_H57L2DSXY_L1
55340	chr9	64776414	65292199	6	3	3	CN_6_1_CKDN200002994-1A_H57L2DSXY_L1
55341	chr9	65292231	65385796	5	5	0	CN_6_1_CKDN200002994-1A_H57L2DSXY_L1
55342	chr9	65385901	96892700	5	3	2	CN_6_1_CKDN200002994-1A_H57L2DSXY_L1
55343	chr9	96893723	129427991	5	3	2	CN_6_1_CKDN200002994-1A_H57L2DSXY_L1
55344	chr9	129428000	129433787	5	4	1	CN_6_1_CKDN200002994-1A_H57L2DSXY_L1
55345	chr9	129433803	129434713	5	4	1	CN_6_1_CKDN200002994-1A_H57L2DSXY_L1
55346	chr9	129434731	129436352	9	7	2	CN_6_1_CKDN200002994-1A_H57L2DSXY_L1
55347	chr9	129436374	129436738	11	8	3	CN_6_1_CKDN200002994-1A_H57L2DSXY_L1
55348	chr9	129436766	129441012	5	4	1	CN_6_1_CKDN200002994-1A_H57L2DSXY_L1
55349	chr9	129441077	138269719	5	3	2	CN_6_1_CKDN200002994-1A_H57L2DSXY_L1
55350	chr10	10374	3427842	6	3	3	CN_6_1_CKDN200002994-1A_H57L2DSXY_L1
55351	chr10	3431136	3457246	6	3	3	CN_6_1_CKDN200002994-1A_H57L2DSXY_L1
55352	chr10	3458810	16243886	6	3	3	CN_6_1_CKDN200002994-1A_H57L2DSXY_L1
55353	chr10	16258880	16282546	8	7	1	CN_6_1_CKDN200002994-1A_H57L2DSXY_L1
55354	chr10	16282674	26569931	6	3	3	CN_6_1_CKDN200002994-1A_H57L2DSXY_L1
55355	chr10	26570904	26585327	9	7	2	CN_6_1_CKDN200002994-1A_H57L2DSXY_L1
55356	chr10	26585529	26624464	6	3	3	CN_6_1_CKDN200002994-1A_H57L2DSXY_L1
55357	chr10	26624834	26625404	19	15	4	CN_6_1_CKDN200002994-1A_H57L2DSXY_L1
55358	chr10	26625424	26652369	7	5	2	CN_6_1_CKDN200002994-1A_H57L2DSXY_L1
55359	chr10	26652635	27331856	6	3	3	CN_6_1_CKDN200002994-1A_H57L2DSXY_L1
55360	chr10	27332702	27332828	13	11	2	CN_6_1_CKDN200002994-1A_H57L2DSXY_L1
55361	chr10	27333170	28362128	6	3	3	CN_6_1_CKDN200002994-1A_H57L2DSXY_L1
55362	chr10	28362269	30337873	6	4	2	CN_6_1_CKDN200002994-1A_H57L2DSXY_L1
55363	chr10	30339085	37125267	6	3	3	CN_6_1_CKDN200002994-1A_H57L2DSXY_L1
55364	chr10	37145962	37147983	16	13	3	CN_6_1_CKDN200002994-1A_H57L2DSXY_L1
55365	chr10	37152272	38860574	6	3	3	CN_6_1_CKDN200002994-1A_H57L2DSXY_L1
55366	chr10	38879684	38889511	10	7	3	CN_6_1_CKDN200002994-1A_H57L2DSXY_L1
55367	chr10	38898285	38904519	6	3	3	CN_6_1_CKDN200002994-1A_H57L2DSXY_L1
55368	chr10	38904810	38978849	6	3	3	CN_6_1_CKDN200002994-1A_H57L2DSXY_L1
55369	chr10	38978984	39568606	6	3	3	CN_6_1_CKDN200002994-1A_H57L2DSXY_L1
55370	chr10	39568712	39691731	8	6	2	CN_6_1_CKDN200002994-1A_H57L2DSXY_L1
55371	chr10	39845044	41701749	8	4	4	CN_6_1_CKDN200002994-1A_H57L2DSXY_L1
55372	chr10	41704946	42172281	7	4	3	CN_6_1_CKDN200002994-1A_H57L2DSXY_L1
55373	chr10	42172451	42301407	7	5	2	CN_6_1_CKDN200002994-1A_H57L2DSXY_L1
55374	chr10	42301566	45674400	6	3	3	CN_6_1_CKDN200002994-1A_H57L2DSXY_L1
55375	chr10	45674522	82556003	6	3	3	CN_6_1_CKDN200002994-1A_H57L2DSXY_L1
55376	chr10	82557718	133786543	6	4	2	CN_6_1_CKDN200002994-1A_H57L2DSXY_L1
55377	chr11	119869	53372725	6	4	2	CN_6_1_CKDN200002994-1A_H57L2DSXY_L1
55378	chr11	53408771	54922909	6	3	3	CN_6_1_CKDN200002994-1A_H57L2DSXY_L1
55379	chr11	54926123	55030461	9	8	1	CN_6_1_CKDN200002994-1A_H57L2DSXY_L1
55380	chr11	55031388	56699558	6	3	3	CN_6_1_CKDN200002994-1A_H57L2DSXY_L1
55381	chr11	56699609	56702727	13	7	6	CN_6_1_CKDN200002994-1A_H57L2DSXY_L1
55382	chr11	56702741	56705853	4	2	2	CN_6_1_CKDN200002994-1A_H57L2DSXY_L1
55383	chr11	56705864	56706200	10	5	5	CN_6_1_CKDN200002994-1A_H57L2DSXY_L1
55384	chr11	56706211	56782537	6	3	3	CN_6_1_CKDN200002994-1A_H57L2DSXY_L1
55385	chr11	56784332	135076502	5	3	2	CN_6_1_CKDN200002994-1A_H57L2DSXY_L1
55386	chr12	10700	11025712	5	3	2	CN_6_1_CKDN200002994-1A_H57L2DSXY_L1
55387	chr12	11026107	11027505	8	7	1	CN_6_1_CKDN200002994-1A_H57L2DSXY_L1
55388	chr12	11027605	11030467	6	3	3	CN_6_1_CKDN200002994-1A_H57L2DSXY_L1
55389	chr12	11030618	11037867	4	3	1	CN_6_1_CKDN200002994-1A_H57L2DSXY_L1
55390	chr12	11037870	11072983	6	3	3	CN_6_1_CKDN200002994-1A_H57L2DSXY_L1
55391	chr12	11073009	11077635	6	3	3	CN_6_1_CKDN200002994-1A_H57L2DSXY_L1
55392	chr12	11077636	11079182	9	5	4	CN_6_1_CKDN200002994-1A_H57L2DSXY_L1
55393	chr12	11079854	11083322	10	8	2	CN_6_1_CKDN200002994-1A_H57L2DSXY_L1
55394	chr12	11083334	22320821	5	3	2	CN_6_1_CKDN200002994-1A_H57L2DSXY_L1
55395	chr12	22321536	34694940	6	3	3	CN_6_1_CKDN200002994-1A_H57L2DSXY_L1
55396	chr12	34699338	35475214	6	4	2	CN_6_1_CKDN200002994-1A_H57L2DSXY_L1
55397	chr12	35509742	37260526	6	4	2	CN_6_1_CKDN200002994-1A_H57L2DSXY_L1
55398	chr12	37260571	56550853	6	3	3	CN_6_1_CKDN200002994-1A_H57L2DSXY_L1
55399	chr12	56558236	56558297	10	9	1	CN_6_1_CKDN200002994-1A_H57L2DSXY_L1
55400	chr12	56570946	59539669	6	3	3	CN_6_1_CKDN200002994-1A_H57L2DSXY_L1
55401	chr12	59543050	59543496	8	7	1	CN_6_1_CKDN200002994-1A_H57L2DSXY_L1
55402	chr12	59556052	84615526	6	3	3	CN_6_1_CKDN200002994-1A_H57L2DSXY_L1
55403	chr12	84615528	84615689	10	9	1	CN_6_1_CKDN200002994-1A_H57L2DSXY_L1
55404	chr12	84616674	125088729	6	3	3	CN_6_1_CKDN200002994-1A_H57L2DSXY_L1
55405	chr12	125089963	125090384	10	9	1	CN_6_1_CKDN200002994-1A_H57L2DSXY_L1
55406	chr12	125094039	132240922	6	3	3	CN_6_1_CKDN200002994-1A_H57L2DSXY_L1
55407	chr12	132240982	132241779	18	12	6	CN_6_1_CKDN200002994-1A_H57L2DSXY_L1
55408	chr12	132243232	132381811	8	4	4	CN_6_1_CKDN200002994-1A_H57L2DSXY_L1
55409	chr12	132382317	132394526	6	5	1	CN_6_1_CKDN200002994-1A_H57L2DSXY_L1
55410	chr12	132397135	133264810	6	3	3	CN_6_1_CKDN200002994-1A_H57L2DSXY_L1
55411	chr13	16000272	16165679	8	4	4	CN_6_1_CKDN200002994-1A_H57L2DSXY_L1
55412	chr13	16165683	16227694	16	13	3	CN_6_1_CKDN200002994-1A_H57L2DSXY_L1
55413	chr13	16229019	17693049	7	4	3	CN_6_1_CKDN200002994-1A_H57L2DSXY_L1
55414	chr13	17704349	18046066	6	4	2	CN_6_1_CKDN200002994-1A_H57L2DSXY_L1
55415	chr13	18047578	22942241	5	3	2	CN_6_1_CKDN200002994-1A_H57L2DSXY_L1
55416	chr13	22942638	22964751	7	5	2	CN_6_1_CKDN200002994-1A_H57L2DSXY_L1
55417	chr13	22964782	24387687	6	3	3	CN_6_1_CKDN200002994-1A_H57L2DSXY_L1
55418	chr13	24387897	24389811	6	5	1	CN_6_1_CKDN200002994-1A_H57L2DSXY_L1
55419	chr13	24389937	63029172	5	3	2	CN_6_1_CKDN200002994-1A_H57L2DSXY_L1
55420	chr13	63029289	63071125	8	5	3	CN_6_1_CKDN200002994-1A_H57L2DSXY_L1
55421	chr13	63072870	114352755	5	3	2	CN_6_1_CKDN200002994-1A_H57L2DSXY_L1
55422	chr14	16024678	16403718	6	3	3	CN_6_1_CKDN200002994-1A_H57L2DSXY_L1
55423	chr14	18224769	72503879	6	4	2	CN_6_1_CKDN200002994-1A_H57L2DSXY_L1
55424	chr14	72504254	72881422	3	2	1	CN_6_1_CKDN200002994-1A_H57L2DSXY_L1
55425	chr14	72881993	73519196	4	3	1	CN_6_1_CKDN200002994-1A_H57L2DSXY_L1
55426	chr14	73528753	76334512	4	3	1	CN_6_1_CKDN200002994-1A_H57L2DSXY_L1
55427	chr14	76335577	78462680	6	5	1	CN_6_1_CKDN200002994-1A_H57L2DSXY_L1
55428	chr14	78463743	78727347	4	3	1	CN_6_1_CKDN200002994-1A_H57L2DSXY_L1
55429	chr14	78727665	82558352	6	5	1	CN_6_1_CKDN200002994-1A_H57L2DSXY_L1
55430	chr14	82566330	83026939	4	3	1	CN_6_1_CKDN200002994-1A_H57L2DSXY_L1
55431	chr14	83037998	105573828	6	5	1	CN_6_1_CKDN200002994-1A_H57L2DSXY_L1
55432	chr14	105574055	106259561	7	5	2	CN_6_1_CKDN200002994-1A_H57L2DSXY_L1
55433	chr14	106260266	106366485	8	5	3	CN_6_1_CKDN200002994-1A_H57L2DSXY_L1
55434	chr14	106366641	106832265	8	6	2	CN_6_1_CKDN200002994-1A_H57L2DSXY_L1
55435	chr15	17024642	18911412	7	4	3	CN_6_1_CKDN200002994-1A_H57L2DSXY_L1
55436	chr15	19043576	101980992	6	4	2	CN_6_1_CKDN200002994-1A_H57L2DSXY_L1
55437	chr16	17386	34064699	6	4	2	CN_6_1_CKDN200002994-1A_H57L2DSXY_L1
55438	chr16	34064724	34099294	8	5	3	CN_6_1_CKDN200002994-1A_H57L2DSXY_L1
55439	chr16	34102584	34574954	6	4	2	CN_6_1_CKDN200002994-1A_H57L2DSXY_L1
55440	chr16	34575351	36312204	6	3	3	CN_6_1_CKDN200002994-1A_H57L2DSXY_L1
55441	chr16	36314793	36317611	9	8	1	CN_6_1_CKDN200002994-1A_H57L2DSXY_L1
55442	chr16	36318286	36787992	8	5	3	CN_6_1_CKDN200002994-1A_H57L2DSXY_L1
55443	chr16	36901615	90201048	5	3	2	CN_6_1_CKDN200002994-1A_H57L2DSXY_L1
55444	chr17	117165	323050	8	4	4	CN_6_1_CKDN200002994-1A_H57L2DSXY_L1
55445	chr17	323506	21305005	6	3	3	CN_6_1_CKDN200002994-1A_H57L2DSXY_L1
55446	chr17	21305037	21308948	6	4	2	CN_6_1_CKDN200002994-1A_H57L2DSXY_L1
55447	chr17	21309002	21667667	6	3	3	CN_6_1_CKDN200002994-1A_H57L2DSXY_L1
55448	chr17	21667713	21682110	11	6	5	CN_6_1_CKDN200002994-1A_H57L2DSXY_L1
55449	chr17	21682113	21684363	18	17	1	CN_6_1_CKDN200002994-1A_H57L2DSXY_L1
55450	chr17	21684942	21841921	6	3	3	CN_6_1_CKDN200002994-1A_H57L2DSXY_L1
55451	chr17	21844130	21877041	5	3	2	CN_6_1_CKDN200002994-1A_H57L2DSXY_L1
55452	chr17	21877072	21878402	5	4	1	CN_6_1_CKDN200002994-1A_H57L2DSXY_L1
55453	chr17	21881476	21887240	10	7	3	CN_6_1_CKDN200002994-1A_H57L2DSXY_L1
55454	chr17	21894921	21896289	4	2	2	CN_6_1_CKDN200002994-1A_H57L2DSXY_L1
55455	chr17	21896295	21904529	8	7	1	CN_6_1_CKDN200002994-1A_H57L2DSXY_L1
55456	chr17	21906326	21906569	17	12	5	CN_6_1_CKDN200002994-1A_H57L2DSXY_L1
55457	chr17	21909744	21910324	4	2	2	CN_6_1_CKDN200002994-1A_H57L2DSXY_L1
55458	chr17	21917919	21921495	12	8	4	CN_6_1_CKDN200002994-1A_H57L2DSXY_L1
55459	chr17	21921499	21981409	8	4	4	CN_6_1_CKDN200002994-1A_H57L2DSXY_L1
55460	chr17	21981488	21985486	8	7	1	CN_6_1_CKDN200002994-1A_H57L2DSXY_L1
55461	chr17	21986813	22130486	6	4	2	CN_6_1_CKDN200002994-1A_H57L2DSXY_L1
55462	chr17	22130656	22744863	8	5	3	CN_6_1_CKDN200002994-1A_H57L2DSXY_L1
55463	chr17	22752885	23191648	7	4	3	CN_6_1_CKDN200002994-1A_H57L2DSXY_L1
55464	chr17	23411982	25074734	10	7	3	CN_6_1_CKDN200002994-1A_H57L2DSXY_L1
55465	chr17	25101189	26341964	12	6	6	CN_6_1_CKDN200002994-1A_H57L2DSXY_L1
55466	chr17	26460154	26788458	6	3	3	CN_6_1_CKDN200002994-1A_H57L2DSXY_L1
55467	chr17	26788461	26791211	7	6	1	CN_6_1_CKDN200002994-1A_H57L2DSXY_L1
55468	chr17	26792042	26806317	6	3	3	CN_6_1_CKDN200002994-1A_H57L2DSXY_L1
55469	chr17	26806458	26810361	7	4	3	CN_6_1_CKDN200002994-1A_H57L2DSXY_L1
55470	chr17	26810508	26811958	10	9	1	CN_6_1_CKDN200002994-1A_H57L2DSXY_L1
55471	chr17	26812042	26867399	7	4	3	CN_6_1_CKDN200002994-1A_H57L2DSXY_L1
55472	chr17	26867400	26940849	11	6	5	CN_6_1_CKDN200002994-1A_H57L2DSXY_L1
55473	chr17	26943764	27008338	7	4	3	CN_6_1_CKDN200002994-1A_H57L2DSXY_L1
55474	chr17	27008494	31925382	6	3	3	CN_6_1_CKDN200002994-1A_H57L2DSXY_L1
55475	chr17	31962140	32135641	5	4	1	CN_6_1_CKDN200002994-1A_H57L2DSXY_L1
55476	chr17	32169795	36154379	6	3	3	CN_6_1_CKDN200002994-1A_H57L2DSXY_L1
55477	chr17	36155739	36450016	5	3	2	CN_6_1_CKDN200002994-1A_H57L2DSXY_L1
55478	chr17	36450176	83243083	6	3	3	CN_6_1_CKDN200002994-1A_H57L2DSXY_L1
55479	chr18	10659	157966	6	4	2	CN_6_1_CKDN200002994-1A_H57L2DSXY_L1
55480	chr18	158795	15410736	7	4	3	CN_6_1_CKDN200002994-1A_H57L2DSXY_L1
55481	chr18	15467190	18493534	7	5	2	CN_6_1_CKDN200002994-1A_H57L2DSXY_L1
55482	chr18	18518962	20958872	8	5	3	CN_6_1_CKDN200002994-1A_H57L2DSXY_L1
55483	chr18	20960676	79771107	7	4	3	CN_6_1_CKDN200002994-1A_H57L2DSXY_L1
55484	chr18	79771177	79771447	8	7	1	CN_6_1_CKDN200002994-1A_H57L2DSXY_L1
55485	chr18	79771468	80261792	8	4	4	CN_6_1_CKDN200002994-1A_H57L2DSXY_L1
55486	chr19	75041	24908226	6	4	2	CN_6_1_CKDN200002994-1A_H57L2DSXY_L1
55487	chr19	27241144	58607249	5	3	2	CN_6_1_CKDN200002994-1A_H57L2DSXY_L1
55488	chr20	60601	144480	5	3	2	CN_6_1_CKDN200002994-1A_H57L2DSXY_L1
55489	chr20	147311	20281711	4	2	2	CN_6_1_CKDN200002994-1A_H57L2DSXY_L1
55490	chr20	20282895	26077360	4	2	2	CN_6_1_CKDN200002994-1A_H57L2DSXY_L1
55491	chr20	26078456	28045573	4	2	2	CN_6_1_CKDN200002994-1A_H57L2DSXY_L1
55492	chr20	28105847	28318793	12	10	2	CN_6_1_CKDN200002994-1A_H57L2DSXY_L1
55493	chr20	28336941	28555790	6	4	2	CN_6_1_CKDN200002994-1A_H57L2DSXY_L1
55494	chr20	28556042	28770769	6	3	3	CN_6_1_CKDN200002994-1A_H57L2DSXY_L1
55495	chr20	28771554	28793145	5	3	2	CN_6_1_CKDN200002994-1A_H57L2DSXY_L1
55496	chr20	28798751	29248661	5	3	2	CN_6_1_CKDN200002994-1A_H57L2DSXY_L1
55497	chr20	29256975	29268653	6	3	3	CN_6_1_CKDN200002994-1A_H57L2DSXY_L1
55498	chr20	29268735	29268816	12	11	1	CN_6_1_CKDN200002994-1A_H57L2DSXY_L1
55499	chr20	29268856	29288263	4	2	2	CN_6_1_CKDN200002994-1A_H57L2DSXY_L1
55500	chr20	29288384	29288489	7	5	2	CN_6_1_CKDN200002994-1A_H57L2DSXY_L1
55501	chr20	29288638	29738190	6	3	3	CN_6_1_CKDN200002994-1A_H57L2DSXY_L1
55502	chr20	29739165	29742057	3	2	1	CN_6_1_CKDN200002994-1A_H57L2DSXY_L1
55503	chr20	29742097	29880563	6	3	3	CN_6_1_CKDN200002994-1A_H57L2DSXY_L1
55504	chr20	29880834	29886351	8	5	3	CN_6_1_CKDN200002994-1A_H57L2DSXY_L1
55505	chr20	29886395	29889235	19	10	9	CN_6_1_CKDN200002994-1A_H57L2DSXY_L1
55506	chr20	29889824	30138360	4	3	1	CN_6_1_CKDN200002994-1A_H57L2DSXY_L1
55507	chr20	30148907	30186967	4	2	2	CN_6_1_CKDN200002994-1A_H57L2DSXY_L1
55508	chr20	30187381	30200328	3	2	1	CN_6_1_CKDN200002994-1A_H57L2DSXY_L1
55509	chr20	30200435	30750083	5	3	2	CN_6_1_CKDN200002994-1A_H57L2DSXY_L1
55510	chr20	30812014	30813573	13	9	4	CN_6_1_CKDN200002994-1A_H57L2DSXY_L1
55511	chr20	30813612	31001464	5	3	2	CN_6_1_CKDN200002994-1A_H57L2DSXY_L1
55512	chr20	31052001	64331538	4	3	1	CN_6_1_CKDN200002994-1A_H57L2DSXY_L1
55513	chr21	5030521	5273483	6	3	3	CN_6_1_CKDN200002994-1A_H57L2DSXY_L1
55514	chr21	5273529	5285252	7	7	0	CN_6_1_CKDN200002994-1A_H57L2DSXY_L1
55515	chr21	5289724	5327822	5	3	2	CN_6_1_CKDN200002994-1A_H57L2DSXY_L1
55516	chr21	5327949	5329333	8	5	3	CN_6_1_CKDN200002994-1A_H57L2DSXY_L1
55517	chr21	5329385	5393000	7	4	3	CN_6_1_CKDN200002994-1A_H57L2DSXY_L1
55518	chr21	6125365	7235470	8	5	3	CN_6_1_CKDN200002994-1A_H57L2DSXY_L1
55519	chr21	7235509	7261814	9	5	4	CN_6_1_CKDN200002994-1A_H57L2DSXY_L1
55520	chr21	7262514	7324128	5	4	1	CN_6_1_CKDN200002994-1A_H57L2DSXY_L1
55521	chr21	7324482	8812193	6	4	2	CN_6_1_CKDN200002994-1A_H57L2DSXY_L1
55522	chr21	8812292	8815602	11	7	4	CN_6_1_CKDN200002994-1A_H57L2DSXY_L1
55523	chr21	8816248	9037089	6	4	2	CN_6_1_CKDN200002994-1A_H57L2DSXY_L1
55524	chr21	9037648	9042013	7	5	2	CN_6_1_CKDN200002994-1A_H57L2DSXY_L1
55525	chr21	9042100	10043556	6	3	3	CN_6_1_CKDN200002994-1A_H57L2DSXY_L1
55526	chr21	10044264	10438294	6	4	2	CN_6_1_CKDN200002994-1A_H57L2DSXY_L1
55527	chr21	10438412	10467321	8	5	3	CN_6_1_CKDN200002994-1A_H57L2DSXY_L1
55528	chr21	10467458	10564985	6	4	2	CN_6_1_CKDN200002994-1A_H57L2DSXY_L1
55529	chr21	10565746	10814535	6	3	3	CN_6_1_CKDN200002994-1A_H57L2DSXY_L1
55530	chr21	12966046	13517090	9	6	3	CN_6_1_CKDN200002994-1A_H57L2DSXY_L1
55531	chr21	13518145	13917725	8	4	4	CN_6_1_CKDN200002994-1A_H57L2DSXY_L1
55532	chr21	13918091	46699658	8	4	4	CN_6_1_CKDN200002994-1A_H57L2DSXY_L1
55533	chr22	10557962	10775689	7	4	3	CN_6_1_CKDN200002994-1A_H57L2DSXY_L1
55534	chr22	10775691	11128943	6	3	3	CN_6_1_CKDN200002994-1A_H57L2DSXY_L1
55535	chr22	11128973	12282425	6	3	3	CN_6_1_CKDN200002994-1A_H57L2DSXY_L1
55536	chr22	12282485	12706465	6	3	3	CN_6_1_CKDN200002994-1A_H57L2DSXY_L1
55537	chr22	12706477	12900852	7	4	3	CN_6_1_CKDN200002994-1A_H57L2DSXY_L1
55538	chr22	15158909	50807831	5	3	2	CN_6_1_CKDN200002994-1A_H57L2DSXY_L1
55539	chrX	29938	3429621	8	4	4	CN_6_1_CKDN200002994-1A_H57L2DSXY_L1
55540	chrX	3524443	9302312	7	7	0	CN_6_1_CKDN200002994-1A_H57L2DSXY_L1
55541	chrX	9388915	9414345	6	3	3	CN_6_1_CKDN200002994-1A_H57L2DSXY_L1
55542	chrX	9486611	60986088	7	7	0	CN_6_1_CKDN200002994-1A_H57L2DSXY_L1
55543	chrX	61067377	62514955	7	5	2	CN_6_1_CKDN200002994-1A_H57L2DSXY_L1
55544	chrX	62611249	74167296	7	7	0	CN_6_1_CKDN200002994-1A_H57L2DSXY_L1
55545	chrX	74583034	74583402	14	9	5	CN_6_1_CKDN200002994-1A_H57L2DSXY_L1
55546	chrX	74687480	89204511	7	7	0	CN_6_1_CKDN200002994-1A_H57L2DSXY_L1
55547	chrX	89204633	89207501	7	4	3	CN_6_1_CKDN200002994-1A_H57L2DSXY_L1
55548	chrX	89229528	118295587	7	7	0	CN_6_1_CKDN200002994-1A_H57L2DSXY_L1
55549	chrX	118295602	120389539	6	3	3	CN_6_1_CKDN200002994-1A_H57L2DSXY_L1
55550	chrX	120463994	136787033	7	7	0	CN_6_1_CKDN200002994-1A_H57L2DSXY_L1
55551	chrX	136873837	136978782	8	5	3	CN_6_1_CKDN200002994-1A_H57L2DSXY_L1
55552	chrX	137223946	140136499	7	7	0	CN_6_1_CKDN200002994-1A_H57L2DSXY_L1
55553	chrX	140215588	141906091	7	7	0	CN_6_1_CKDN200002994-1A_H57L2DSXY_L1
55554	chrX	142019875	155672893	7	7	0	CN_6_1_CKDN200002994-1A_H57L2DSXY_L1
55555	chrX	155703852	156029560	8	4	4	CN_6_1_CKDN200002994-1A_H57L2DSXY_L1
55556	chrY	2785817	3852852	7	6	1	CN_6_1_CKDN200002994-1A_H57L2DSXY_L1
55557	chrY	3853113	6535237	8	4	4	CN_6_1_CKDN200002994-1A_H57L2DSXY_L1
55558	chrY	6535545	8978069	8	7	1	CN_6_1_CKDN200002994-1A_H57L2DSXY_L1
55559	chrY	9108589	10107865	8	4	4	CN_6_1_CKDN200002994-1A_H57L2DSXY_L1
55560	chrY	10108374	10114694	6	3	3	CN_6_1_CKDN200002994-1A_H57L2DSXY_L1
55561	chrY	10114709	10224335	9	5	4	CN_6_1_CKDN200002994-1A_H57L2DSXY_L1
55562	chrY	10224365	10244495	11	7	4	CN_6_1_CKDN200002994-1A_H57L2DSXY_L1
55563	chrY	10624833	10624986	14	9	5	CN_6_1_CKDN200002994-1A_H57L2DSXY_L1
55564	chrY	10625480	10625610	1	1	0	CN_6_1_CKDN200002994-1A_H57L2DSXY_L1
55565	chrY	10627616	10693991	11	7	4	CN_6_1_CKDN200002994-1A_H57L2DSXY_L1
55566	chrY	10744232	11086559	10	6	4	CN_6_1_CKDN200002994-1A_H57L2DSXY_L1
55567	chrY	11087782	11095492	6	5	1	CN_6_1_CKDN200002994-1A_H57L2DSXY_L1
55568	chrY	11095511	11186734	7	4	3	CN_6_1_CKDN200002994-1A_H57L2DSXY_L1
55569	chrY	11190145	11195274	7	6	1	CN_6_1_CKDN200002994-1A_H57L2DSXY_L1
55570	chrY	11196279	11325551	8	5	3	CN_6_1_CKDN200002994-1A_H57L2DSXY_L1
55571	chrY	11325594	11346635	12	8	4	CN_6_1_CKDN200002994-1A_H57L2DSXY_L1
55572	chrY	11346980	12369662	8	4	4	CN_6_1_CKDN200002994-1A_H57L2DSXY_L1
55573	chrY	12410061	20014929	7	7	0	CN_6_1_CKDN200002994-1A_H57L2DSXY_L1
55574	chrY	20062976	20349437	7	4	3	CN_6_1_CKDN200002994-1A_H57L2DSXY_L1
55575	chrY	20349585	26403100	7	7	0	CN_6_1_CKDN200002994-1A_H57L2DSXY_L1
55576	chrY	26403199	26563295	10	6	4	CN_6_1_CKDN200002994-1A_H57L2DSXY_L1
55577	chrY	26563334	26641366	7	6	1	CN_6_1_CKDN200002994-1A_H57L2DSXY_L1
55578	chrY	26641419	56682038	7	5	2	CN_6_1_CKDN200002994-1A_H57L2DSXY_L1
55579	chrY	56684099	56753141	8	4	4	CN_6_1_CKDN200002994-1A_H57L2DSXY_L1
55580	chrY	56753244	56828013	13	7	6	CN_6_1_CKDN200002994-1A_H57L2DSXY_L1
55581	chrY	56828075	56828334	14	10	4	CN_6_1_CKDN200002994-1A_H57L2DSXY_L1
55582	chrY	56828465	56848104	6	4	2	CN_6_1_CKDN200002994-1A_H57L2DSXY_L1
55583	chrY	56848302	56887228	8	5	3	CN_6_1_CKDN200002994-1A_H57L2DSXY_L1
55584	chr1	10109	13367551	7	4	3	CN_9_1_CKDN200002996-1A_H57L2DSXY_L1
55585	chr1	13367750	56581745	7	4	3	CN_9_1_CKDN200002996-1A_H57L2DSXY_L1
55586	chr1	56588208	57439292	6	3	3	CN_9_1_CKDN200002996-1A_H57L2DSXY_L1
55587	chr1	57439449	57441168	9	8	1	CN_9_1_CKDN200002996-1A_H57L2DSXY_L1
55588	chr1	57442022	120031709	6	3	3	CN_9_1_CKDN200002996-1A_H57L2DSXY_L1
55589	chr1	120047639	122397514	6	3	3	CN_9_1_CKDN200002996-1A_H57L2DSXY_L1
55590	chr1	122397711	123399649	7	5	2	CN_9_1_CKDN200002996-1A_H57L2DSXY_L1
55591	chr1	123400279	124927640	8	4	4	CN_9_1_CKDN200002996-1A_H57L2DSXY_L1
55592	chr1	124928234	124930958	14	8	6	CN_9_1_CKDN200002996-1A_H57L2DSXY_L1
55593	chr1	124930983	125147496	7	4	3	CN_9_1_CKDN200002996-1A_H57L2DSXY_L1
55594	chr1	125147670	125147962	19	15	4	CN_9_1_CKDN200002996-1A_H57L2DSXY_L1
55595	chr1	125149215	143195484	6	3	3	CN_9_1_CKDN200002996-1A_H57L2DSXY_L1
55596	chr1	143195586	143211536	7	4	3	CN_9_1_CKDN200002996-1A_H57L2DSXY_L1
55597	chr1	143211746	248945592	6	4	2	CN_9_1_CKDN200002996-1A_H57L2DSXY_L1
55598	chr1	248945663	248945935	14	11	3	CN_9_1_CKDN200002996-1A_H57L2DSXY_L1
55599	chr2	30827	88951601	8	5	3	CN_9_1_CKDN200002996-1A_H57L2DSXY_L1
55600	chr2	88951633	88953632	10	5	5	CN_9_1_CKDN200002996-1A_H57L2DSXY_L1
55601	chr2	88953640	88997478	7	6	1	CN_9_1_CKDN200002996-1A_H57L2DSXY_L1
55602	chr2	88997536	89003629	15	8	7	CN_9_1_CKDN200002996-1A_H57L2DSXY_L1
55603	chr2	89006487	89008363	8	7	1	CN_9_1_CKDN200002996-1A_H57L2DSXY_L1
55604	chr2	89008425	91493012	9	6	3	CN_9_1_CKDN200002996-1A_H57L2DSXY_L1
55605	chr2	91493321	91528733	10	8	2	CN_9_1_CKDN200002996-1A_H57L2DSXY_L1
55606	chr2	91528963	93898784	8	4	4	CN_9_1_CKDN200002996-1A_H57L2DSXY_L1
55607	chr2	93912001	94517798	8	4	4	CN_9_1_CKDN200002996-1A_H57L2DSXY_L1
55608	chr2	94517928	94569024	8	4	4	CN_9_1_CKDN200002996-1A_H57L2DSXY_L1
55609	chr2	94569051	95964047	10	5	5	CN_9_1_CKDN200002996-1A_H57L2DSXY_L1
55610	chr2	95964453	97143793	10	5	5	CN_9_1_CKDN200002996-1A_H57L2DSXY_L1
55611	chr2	97144053	242183443	8	5	3	CN_9_1_CKDN200002996-1A_H57L2DSXY_L1
55612	chr3	10646	75525714	6	4	2	CN_9_1_CKDN200002996-1A_H57L2DSXY_L1
55613	chr3	75525834	75535894	8	7	1	CN_9_1_CKDN200002996-1A_H57L2DSXY_L1
55614	chr3	75544421	90816846	6	4	2	CN_9_1_CKDN200002996-1A_H57L2DSXY_L1
55615	chr3	90817855	90898997	6	3	3	CN_9_1_CKDN200002996-1A_H57L2DSXY_L1
55616	chr3	90900928	97708154	6	4	2	CN_9_1_CKDN200002996-1A_H57L2DSXY_L1
55617	chr3	97708946	125806195	6	3	3	CN_9_1_CKDN200002996-1A_H57L2DSXY_L1
55618	chr3	125813638	125817408	7	6	1	CN_9_1_CKDN200002996-1A_H57L2DSXY_L1
55619	chr3	125818828	130027463	6	3	3	CN_9_1_CKDN200002996-1A_H57L2DSXY_L1
55620	chr3	130027467	130027588	14	13	1	CN_9_1_CKDN200002996-1A_H57L2DSXY_L1
55621	chr3	130028813	145928497	6	3	3	CN_9_1_CKDN200002996-1A_H57L2DSXY_L1
55622	chr3	145928769	145932856	6	3	3	CN_9_1_CKDN200002996-1A_H57L2DSXY_L1
55623	chr3	145934371	169465681	6	3	3	CN_9_1_CKDN200002996-1A_H57L2DSXY_L1
55624	chr3	169468505	169472680	6	5	1	CN_9_1_CKDN200002996-1A_H57L2DSXY_L1
55625	chr3	169473398	195484218	7	4	3	CN_9_1_CKDN200002996-1A_H57L2DSXY_L1
55626	chr3	195484469	195499487	7	4	3	CN_9_1_CKDN200002996-1A_H57L2DSXY_L1
55627	chr3	195499641	196007346	5	3	2	CN_9_1_CKDN200002996-1A_H57L2DSXY_L1
55628	chr3	196008500	197641331	6	3	3	CN_9_1_CKDN200002996-1A_H57L2DSXY_L1
55629	chr3	197641430	197645539	6	5	1	CN_9_1_CKDN200002996-1A_H57L2DSXY_L1
55630	chr3	197645578	198187600	6	3	3	CN_9_1_CKDN200002996-1A_H57L2DSXY_L1
55631	chr4	10165	66180	6	4	2	CN_9_1_CKDN200002996-1A_H57L2DSXY_L1
55632	chr4	66544	531271	5	5	0	CN_9_1_CKDN200002996-1A_H57L2DSXY_L1
55633	chr4	531307	565186	5	3	2	CN_9_1_CKDN200002996-1A_H57L2DSXY_L1
55634	chr4	587615	3290922	5	5	0	CN_9_1_CKDN200002996-1A_H57L2DSXY_L1
55635	chr4	3293958	3310282	6	3	3	CN_9_1_CKDN200002996-1A_H57L2DSXY_L1
55636	chr4	3311367	3810775	5	5	0	CN_9_1_CKDN200002996-1A_H57L2DSXY_L1
55637	chr4	3814847	3815375	6	3	3	CN_9_1_CKDN200002996-1A_H57L2DSXY_L1
55638	chr4	3815654	4007488	5	5	0	CN_9_1_CKDN200002996-1A_H57L2DSXY_L1
55639	chr4	4013238	4019280	6	3	3	CN_9_1_CKDN200002996-1A_H57L2DSXY_L1
55640	chr4	4028450	4072204	5	5	0	CN_9_1_CKDN200002996-1A_H57L2DSXY_L1
55641	chr4	4072442	4075001	7	5	2	CN_9_1_CKDN200002996-1A_H57L2DSXY_L1
55642	chr4	4075355	4333509	5	5	0	CN_9_1_CKDN200002996-1A_H57L2DSXY_L1
55643	chr4	4334462	4349057	4	2	2	CN_9_1_CKDN200002996-1A_H57L2DSXY_L1
55644	chr4	4353601	5485782	5	5	0	CN_9_1_CKDN200002996-1A_H57L2DSXY_L1
55645	chr4	5490728	5597541	5	4	1	CN_9_1_CKDN200002996-1A_H57L2DSXY_L1
55646	chr4	5615607	5759285	5	5	0	CN_9_1_CKDN200002996-1A_H57L2DSXY_L1
55647	chr4	5763376	5764619	20	13	7	CN_9_1_CKDN200002996-1A_H57L2DSXY_L1
55648	chr4	5767387	7165065	5	5	0	CN_9_1_CKDN200002996-1A_H57L2DSXY_L1
55649	chr4	7165212	7181962	6	5	1	CN_9_1_CKDN200002996-1A_H57L2DSXY_L1
55650	chr4	7220276	8605853	5	5	0	CN_9_1_CKDN200002996-1A_H57L2DSXY_L1
55651	chr4	8608649	8635779	7	5	2	CN_9_1_CKDN200002996-1A_H57L2DSXY_L1
55652	chr4	8645531	9640469	5	5	0	CN_9_1_CKDN200002996-1A_H57L2DSXY_L1
55653	chr4	9640837	9642256	4	2	2	CN_9_1_CKDN200002996-1A_H57L2DSXY_L1
55654	chr4	9643994	9981197	5	5	0	CN_9_1_CKDN200002996-1A_H57L2DSXY_L1
55655	chr4	9981213	9981310	13	7	6	CN_9_1_CKDN200002996-1A_H57L2DSXY_L1
55656	chr4	10042024	12879193	5	5	0	CN_9_1_CKDN200002996-1A_H57L2DSXY_L1
55657	chr4	12879376	12891372	6	6	0	CN_9_1_CKDN200002996-1A_H57L2DSXY_L1
55658	chr4	12893987	21517866	5	5	0	CN_9_1_CKDN200002996-1A_H57L2DSXY_L1
55659	chr4	21519440	21522699	10	8	2	CN_9_1_CKDN200002996-1A_H57L2DSXY_L1
55660	chr4	21525454	25802208	5	5	0	CN_9_1_CKDN200002996-1A_H57L2DSXY_L1
55661	chr4	25808836	25817812	6	3	3	CN_9_1_CKDN200002996-1A_H57L2DSXY_L1
55662	chr4	25820889	26200377	5	5	0	CN_9_1_CKDN200002996-1A_H57L2DSXY_L1
55663	chr4	26209603	26244339	6	3	3	CN_9_1_CKDN200002996-1A_H57L2DSXY_L1
55664	chr4	26265976	26882142	5	5	0	CN_9_1_CKDN200002996-1A_H57L2DSXY_L1
55665	chr4	26903603	26926329	7	5	2	CN_9_1_CKDN200002996-1A_H57L2DSXY_L1
55666	chr4	26937030	27898869	5	5	0	CN_9_1_CKDN200002996-1A_H57L2DSXY_L1
55667	chr4	27948132	28094320	5	4	1	CN_9_1_CKDN200002996-1A_H57L2DSXY_L1
55668	chr4	28116112	29635510	6	6	0	CN_9_1_CKDN200002996-1A_H57L2DSXY_L1
55669	chr4	29646064	29731609	5	3	2	CN_9_1_CKDN200002996-1A_H57L2DSXY_L1
55670	chr4	29758496	33378629	6	6	0	CN_9_1_CKDN200002996-1A_H57L2DSXY_L1
55671	chr4	33555117	33840394	6	6	0	CN_9_1_CKDN200002996-1A_H57L2DSXY_L1
55672	chr4	33901725	35561587	6	6	0	CN_9_1_CKDN200002996-1A_H57L2DSXY_L1
55673	chr4	35634795	35694791	12	11	1	CN_9_1_CKDN200002996-1A_H57L2DSXY_L1
55674	chr4	35697760	40291932	5	5	0	CN_9_1_CKDN200002996-1A_H57L2DSXY_L1
55675	chr4	40294624	40295523	11	7	4	CN_9_1_CKDN200002996-1A_H57L2DSXY_L1
55676	chr4	40295541	43810570	5	5	0	CN_9_1_CKDN200002996-1A_H57L2DSXY_L1
55677	chr4	43825184	43846748	6	3	3	CN_9_1_CKDN200002996-1A_H57L2DSXY_L1
55678	chr4	43847083	44681681	5	5	0	CN_9_1_CKDN200002996-1A_H57L2DSXY_L1
55679	chr4	44858113	44963925	6	3	3	CN_9_1_CKDN200002996-1A_H57L2DSXY_L1
55680	chr4	44986838	45012134	4	4	0	CN_9_1_CKDN200002996-1A_H57L2DSXY_L1
55681	chr4	45012813	45014056	17	11	6	CN_9_1_CKDN200002996-1A_H57L2DSXY_L1
55682	chr4	45014063	45014470	15	12	3	CN_9_1_CKDN200002996-1A_H57L2DSXY_L1
55683	chr4	45037580	49085339	5	5	0	CN_9_1_CKDN200002996-1A_H57L2DSXY_L1
55684	chr4	49091321	49126967	8	4	4	CN_9_1_CKDN200002996-1A_H57L2DSXY_L1
55685	chr4	49126977	49129810	11	6	5	CN_9_1_CKDN200002996-1A_H57L2DSXY_L1
55686	chr4	49129973	49131566	10	7	3	CN_9_1_CKDN200002996-1A_H57L2DSXY_L1
55687	chr4	49131636	49138178	9	6	3	CN_9_1_CKDN200002996-1A_H57L2DSXY_L1
55688	chr4	49138358	49138448	5	4	1	CN_9_1_CKDN200002996-1A_H57L2DSXY_L1
55689	chr4	49138976	49234303	8	4	4	CN_9_1_CKDN200002996-1A_H57L2DSXY_L1
55690	chr4	49234355	49234763	6	6	0	CN_9_1_CKDN200002996-1A_H57L2DSXY_L1
55691	chr4	49235096	49657993	7	4	3	CN_9_1_CKDN200002996-1A_H57L2DSXY_L1
55692	chr4	49709141	49731064	11	6	5	CN_9_1_CKDN200002996-1A_H57L2DSXY_L1
55693	chr4	49732509	49972228	6	4	2	CN_9_1_CKDN200002996-1A_H57L2DSXY_L1
55694	chr4	50008956	51701539	8	5	3	CN_9_1_CKDN200002996-1A_H57L2DSXY_L1
55695	chr4	51815341	53859850	5	5	0	CN_9_1_CKDN200002996-1A_H57L2DSXY_L1
55696	chr4	53865419	53878206	7	4	3	CN_9_1_CKDN200002996-1A_H57L2DSXY_L1
55697	chr4	53916362	64338106	6	6	0	CN_9_1_CKDN200002996-1A_H57L2DSXY_L1
55698	chr4	64345135	64350431	13	12	1	CN_9_1_CKDN200002996-1A_H57L2DSXY_L1
55699	chr4	64350912	69257896	6	6	0	CN_9_1_CKDN200002996-1A_H57L2DSXY_L1
55700	chr4	69272146	69273445	11	9	2	CN_9_1_CKDN200002996-1A_H57L2DSXY_L1
55701	chr4	69273450	69274384	6	3	3	CN_9_1_CKDN200002996-1A_H57L2DSXY_L1
55702	chr4	69301487	69380076	7	7	0	CN_9_1_CKDN200002996-1A_H57L2DSXY_L1
55703	chr4	69381352	69381835	11	7	4	CN_9_1_CKDN200002996-1A_H57L2DSXY_L1
55704	chr4	69381881	69383676	9	7	2	CN_9_1_CKDN200002996-1A_H57L2DSXY_L1
55705	chr4	69385329	69540705	6	6	0	CN_9_1_CKDN200002996-1A_H57L2DSXY_L1
55706	chr4	69542526	69543970	1	1	0	CN_9_1_CKDN200002996-1A_H57L2DSXY_L1
55707	chr4	69544034	69552367	5	5	0	CN_9_1_CKDN200002996-1A_H57L2DSXY_L1
55708	chr4	69552561	69555265	13	12	1	CN_9_1_CKDN200002996-1A_H57L2DSXY_L1
55709	chr4	69555509	76911969	5	5	0	CN_9_1_CKDN200002996-1A_H57L2DSXY_L1
55710	chr4	76911971	76933876	4	3	1	CN_9_1_CKDN200002996-1A_H57L2DSXY_L1
55711	chr4	76936952	78116010	5	5	0	CN_9_1_CKDN200002996-1A_H57L2DSXY_L1
55712	chr4	78117717	78117941	6	3	3	CN_9_1_CKDN200002996-1A_H57L2DSXY_L1
55713	chr4	78118017	87710279	5	5	0	CN_9_1_CKDN200002996-1A_H57L2DSXY_L1
55714	chr4	87711548	87712513	4	2	2	CN_9_1_CKDN200002996-1A_H57L2DSXY_L1
55715	chr4	87713289	93859450	5	5	0	CN_9_1_CKDN200002996-1A_H57L2DSXY_L1
55716	chr4	93867820	94087635	6	3	3	CN_9_1_CKDN200002996-1A_H57L2DSXY_L1
55717	chr4	94092446	96401733	5	5	0	CN_9_1_CKDN200002996-1A_H57L2DSXY_L1
55718	chr4	96402523	96413818	6	5	1	CN_9_1_CKDN200002996-1A_H57L2DSXY_L1
55719	chr4	96414237	102883037	6	6	0	CN_9_1_CKDN200002996-1A_H57L2DSXY_L1
55720	chr4	102884286	102900734	9	8	1	CN_9_1_CKDN200002996-1A_H57L2DSXY_L1
55721	chr4	102901141	102908922	5	3	2	CN_9_1_CKDN200002996-1A_H57L2DSXY_L1
55722	chr4	102913321	102957991	5	5	0	CN_9_1_CKDN200002996-1A_H57L2DSXY_L1
55723	chr4	102961321	102970317	6	3	3	CN_9_1_CKDN200002996-1A_H57L2DSXY_L1
55724	chr4	102971666	110262910	5	5	0	CN_9_1_CKDN200002996-1A_H57L2DSXY_L1
55725	chr4	110263403	110267019	8	7	1	CN_9_1_CKDN200002996-1A_H57L2DSXY_L1
55726	chr4	110267342	111332296	6	6	0	CN_9_1_CKDN200002996-1A_H57L2DSXY_L1
55727	chr4	111337140	111372777	7	4	3	CN_9_1_CKDN200002996-1A_H57L2DSXY_L1
55728	chr4	111372927	113755006	5	5	0	CN_9_1_CKDN200002996-1A_H57L2DSXY_L1
55729	chr4	113755403	113854480	6	3	3	CN_9_1_CKDN200002996-1A_H57L2DSXY_L1
55730	chr4	113888179	114515499	6	6	0	CN_9_1_CKDN200002996-1A_H57L2DSXY_L1
55731	chr4	114515888	114516884	12	11	1	CN_9_1_CKDN200002996-1A_H57L2DSXY_L1
55732	chr4	114517484	118601263	6	6	0	CN_9_1_CKDN200002996-1A_H57L2DSXY_L1
55733	chr4	118605026	118670604	5	4	1	CN_9_1_CKDN200002996-1A_H57L2DSXY_L1
55734	chr4	118670638	119141164	5	5	0	CN_9_1_CKDN200002996-1A_H57L2DSXY_L1
55735	chr4	119252098	119414421	6	3	3	CN_9_1_CKDN200002996-1A_H57L2DSXY_L1
55736	chr4	119471905	131689606	5	5	0	CN_9_1_CKDN200002996-1A_H57L2DSXY_L1
55737	chr4	131689613	131707959	6	4	2	CN_9_1_CKDN200002996-1A_H57L2DSXY_L1
55738	chr4	131708649	131734378	4	4	0	CN_9_1_CKDN200002996-1A_H57L2DSXY_L1
55739	chr4	131734496	131745750	6	3	3	CN_9_1_CKDN200002996-1A_H57L2DSXY_L1
55740	chr4	131747251	131749817	8	7	1	CN_9_1_CKDN200002996-1A_H57L2DSXY_L1
55741	chr4	131749914	131751987	13	9	4	CN_9_1_CKDN200002996-1A_H57L2DSXY_L1
55742	chr4	131763408	133866435	5	5	0	CN_9_1_CKDN200002996-1A_H57L2DSXY_L1
55743	chr4	133872906	133915996	4	4	0	CN_9_1_CKDN200002996-1A_H57L2DSXY_L1
55744	chr4	133936793	140182552	5	5	0	CN_9_1_CKDN200002996-1A_H57L2DSXY_L1
55745	chr4	140201736	140231503	7	4	3	CN_9_1_CKDN200002996-1A_H57L2DSXY_L1
55746	chr4	140245760	143824621	5	5	0	CN_9_1_CKDN200002996-1A_H57L2DSXY_L1
55747	chr4	143848951	144127840	5	3	2	CN_9_1_CKDN200002996-1A_H57L2DSXY_L1
55748	chr4	144128865	146217271	5	5	0	CN_9_1_CKDN200002996-1A_H57L2DSXY_L1
55749	chr4	146286174	146287038	7	5	2	CN_9_1_CKDN200002996-1A_H57L2DSXY_L1
55750	chr4	146405954	153643651	5	5	0	CN_9_1_CKDN200002996-1A_H57L2DSXY_L1
55751	chr4	153650513	153663556	6	5	1	CN_9_1_CKDN200002996-1A_H57L2DSXY_L1
55752	chr4	153663710	154208595	5	5	0	CN_9_1_CKDN200002996-1A_H57L2DSXY_L1
55753	chr4	154212636	154212905	13	9	4	CN_9_1_CKDN200002996-1A_H57L2DSXY_L1
55754	chr4	154278317	155951109	5	5	0	CN_9_1_CKDN200002996-1A_H57L2DSXY_L1
55755	chr4	155951481	155961854	5	4	1	CN_9_1_CKDN200002996-1A_H57L2DSXY_L1
55756	chr4	155962177	157635705	5	5	0	CN_9_1_CKDN200002996-1A_H57L2DSXY_L1
55757	chr4	157637255	157641320	4	2	2	CN_9_1_CKDN200002996-1A_H57L2DSXY_L1
55758	chr4	157642724	158303310	5	5	0	CN_9_1_CKDN200002996-1A_H57L2DSXY_L1
55759	chr4	158310986	158740205	5	5	0	CN_9_1_CKDN200002996-1A_H57L2DSXY_L1
55760	chr4	158805147	160654534	5	5	0	CN_9_1_CKDN200002996-1A_H57L2DSXY_L1
55761	chr4	160655162	160661963	14	13	1	CN_9_1_CKDN200002996-1A_H57L2DSXY_L1
55762	chr4	160662628	164594960	7	7	0	CN_9_1_CKDN200002996-1A_H57L2DSXY_L1
55763	chr4	164595014	164814009	9	8	1	CN_9_1_CKDN200002996-1A_H57L2DSXY_L1
55764	chr4	164814680	165205430	6	6	0	CN_9_1_CKDN200002996-1A_H57L2DSXY_L1
55765	chr4	165213053	165254955	5	3	2	CN_9_1_CKDN200002996-1A_H57L2DSXY_L1
55766	chr4	165260046	168830351	7	7	0	CN_9_1_CKDN200002996-1A_H57L2DSXY_L1
55767	chr4	168831773	169031570	6	3	3	CN_9_1_CKDN200002996-1A_H57L2DSXY_L1
55768	chr4	169048015	169346828	6	6	0	CN_9_1_CKDN200002996-1A_H57L2DSXY_L1
55769	chr4	169359971	169521088	6	6	0	CN_9_1_CKDN200002996-1A_H57L2DSXY_L1
55770	chr4	169531088	174382179	7	7	0	CN_9_1_CKDN200002996-1A_H57L2DSXY_L1
55771	chr4	174383293	174383679	7	4	3	CN_9_1_CKDN200002996-1A_H57L2DSXY_L1
55772	chr4	174383835	177967505	7	7	0	CN_9_1_CKDN200002996-1A_H57L2DSXY_L1
55773	chr4	177996578	190203842	7	5	2	CN_9_1_CKDN200002996-1A_H57L2DSXY_L1
55774	chr5	15890	46434443	5	4	1	CN_9_1_CKDN200002996-1A_H57L2DSXY_L1
55775	chr5	46434536	47307723	8	5	3	CN_9_1_CKDN200002996-1A_H57L2DSXY_L1
55776	chr5	49592054	50059008	7	5	2	CN_9_1_CKDN200002996-1A_H57L2DSXY_L1
55777	chr5	50059252	59395548	6	3	3	CN_9_1_CKDN200002996-1A_H57L2DSXY_L1
55778	chr5	59395642	59398984	6	5	1	CN_9_1_CKDN200002996-1A_H57L2DSXY_L1
55779	chr5	59399312	69446578	6	3	3	CN_9_1_CKDN200002996-1A_H57L2DSXY_L1
55780	chr5	69449365	70996595	5	3	2	CN_9_1_CKDN200002996-1A_H57L2DSXY_L1
55781	chr5	71016439	82501003	5	3	2	CN_9_1_CKDN200002996-1A_H57L2DSXY_L1
55782	chr5	82502703	82504183	6	5	1	CN_9_1_CKDN200002996-1A_H57L2DSXY_L1
55783	chr5	82507190	181477761	5	3	2	CN_9_1_CKDN200002996-1A_H57L2DSXY_L1
55784	chr6	64356	955745	6	3	3	CN_9_1_CKDN200002996-1A_H57L2DSXY_L1
55785	chr6	958903	3204445	6	3	3	CN_9_1_CKDN200002996-1A_H57L2DSXY_L1
55786	chr6	3222000	3222288	9	8	1	CN_9_1_CKDN200002996-1A_H57L2DSXY_L1
55787	chr6	3225536	19938991	7	4	3	CN_9_1_CKDN200002996-1A_H57L2DSXY_L1
55788	chr6	19939336	19940515	15	12	3	CN_9_1_CKDN200002996-1A_H57L2DSXY_L1
55789	chr6	19940545	29887634	7	4	3	CN_9_1_CKDN200002996-1A_H57L2DSXY_L1
55790	chr6	29887644	29945921	6	4	2	CN_9_1_CKDN200002996-1A_H57L2DSXY_L1
55791	chr6	29945982	31335150	6	3	3	CN_9_1_CKDN200002996-1A_H57L2DSXY_L1
55792	chr6	31335171	31336489	10	5	5	CN_9_1_CKDN200002996-1A_H57L2DSXY_L1
55793	chr6	31336507	31344195	6	3	3	CN_9_1_CKDN200002996-1A_H57L2DSXY_L1
55794	chr6	31344317	31344846	7	6	1	CN_9_1_CKDN200002996-1A_H57L2DSXY_L1
55795	chr6	31344887	32477742	6	3	3	CN_9_1_CKDN200002996-1A_H57L2DSXY_L1
55796	chr6	32477823	32479377	13	7	6	CN_9_1_CKDN200002996-1A_H57L2DSXY_L1
55797	chr6	32479439	32488549	8	5	3	CN_9_1_CKDN200002996-1A_H57L2DSXY_L1
55798	chr6	32488552	32489488	13	10	3	CN_9_1_CKDN200002996-1A_H57L2DSXY_L1
55799	chr6	32489528	32489994	11	6	5	CN_9_1_CKDN200002996-1A_H57L2DSXY_L1
55800	chr6	32490024	32490556	9	7	2	CN_9_1_CKDN200002996-1A_H57L2DSXY_L1
55801	chr6	32490598	32492208	4	3	1	CN_9_1_CKDN200002996-1A_H57L2DSXY_L1
55802	chr6	32492222	32502361	10	7	3	CN_9_1_CKDN200002996-1A_H57L2DSXY_L1
55803	chr6	32502392	32504959	10	7	3	CN_9_1_CKDN200002996-1A_H57L2DSXY_L1
55804	chr6	32504983	32511570	8	4	4	CN_9_1_CKDN200002996-1A_H57L2DSXY_L1
55805	chr6	32511586	32514004	6	3	3	CN_9_1_CKDN200002996-1A_H57L2DSXY_L1
55806	chr6	32514399	32514568	6	4	2	CN_9_1_CKDN200002996-1A_H57L2DSXY_L1
55807	chr6	32514666	32518890	9	5	4	CN_9_1_CKDN200002996-1A_H57L2DSXY_L1
55808	chr6	32518905	32530538	5	3	2	CN_9_1_CKDN200002996-1A_H57L2DSXY_L1
55809	chr6	32530606	32535485	6	3	3	CN_9_1_CKDN200002996-1A_H57L2DSXY_L1
55810	chr6	32535498	32536467	8	4	4	CN_9_1_CKDN200002996-1A_H57L2DSXY_L1
55811	chr6	32536532	32537067	4	2	2	CN_9_1_CKDN200002996-1A_H57L2DSXY_L1
55812	chr6	32537089	32539216	11	6	5	CN_9_1_CKDN200002996-1A_H57L2DSXY_L1
55813	chr6	32539270	32540889	10	7	3	CN_9_1_CKDN200002996-1A_H57L2DSXY_L1
55814	chr6	32540906	32571037	6	3	3	CN_9_1_CKDN200002996-1A_H57L2DSXY_L1
55815	chr6	32571081	32572828	11	9	2	CN_9_1_CKDN200002996-1A_H57L2DSXY_L1
55816	chr6	32572850	32573294	8	7	1	CN_9_1_CKDN200002996-1A_H57L2DSXY_L1
55817	chr6	32573779	32574675	16	9	7	CN_9_1_CKDN200002996-1A_H57L2DSXY_L1
55818	chr6	32575028	32575352	10	8	2	CN_9_1_CKDN200002996-1A_H57L2DSXY_L1
55819	chr6	32575595	32577827	8	4	4	CN_9_1_CKDN200002996-1A_H57L2DSXY_L1
55820	chr6	32578456	32580510	6	4	2	CN_9_1_CKDN200002996-1A_H57L2DSXY_L1
55821	chr6	32580519	32582837	7	5	2	CN_9_1_CKDN200002996-1A_H57L2DSXY_L1
55822	chr6	32582902	32583733	17	9	8	CN_9_1_CKDN200002996-1A_H57L2DSXY_L1
55823	chr6	32584171	32586710	8	5	3	CN_9_1_CKDN200002996-1A_H57L2DSXY_L1
55824	chr6	32586718	32587272	4	3	1	CN_9_1_CKDN200002996-1A_H57L2DSXY_L1
55825	chr6	32587459	32590047	8	4	4	CN_9_1_CKDN200002996-1A_H57L2DSXY_L1
55826	chr6	32590102	32590493	16	9	7	CN_9_1_CKDN200002996-1A_H57L2DSXY_L1
55827	chr6	32590508	32591807	11	6	5	CN_9_1_CKDN200002996-1A_H57L2DSXY_L1
55828	chr6	32591843	32593031	5	3	2	CN_9_1_CKDN200002996-1A_H57L2DSXY_L1
55829	chr6	32593052	32601350	6	3	3	CN_9_1_CKDN200002996-1A_H57L2DSXY_L1
55830	chr6	32601380	32601541	18	14	4	CN_9_1_CKDN200002996-1A_H57L2DSXY_L1
55831	chr6	32601558	32603913	6	4	2	CN_9_1_CKDN200002996-1A_H57L2DSXY_L1
55832	chr6	32603928	32605029	8	4	4	CN_9_1_CKDN200002996-1A_H57L2DSXY_L1
55833	chr6	32605073	32607767	4	2	2	CN_9_1_CKDN200002996-1A_H57L2DSXY_L1
55834	chr6	32607798	32610789	8	4	4	CN_9_1_CKDN200002996-1A_H57L2DSXY_L1
55835	chr6	32610835	32611992	6	4	2	CN_9_1_CKDN200002996-1A_H57L2DSXY_L1
55836	chr6	32612056	32628271	6	3	3	CN_9_1_CKDN200002996-1A_H57L2DSXY_L1
55837	chr6	32628346	32639210	6	3	3	CN_9_1_CKDN200002996-1A_H57L2DSXY_L1
55838	chr6	32639249	32640517	4	2	2	CN_9_1_CKDN200002996-1A_H57L2DSXY_L1
55839	chr6	32640531	32643350	6	3	3	CN_9_1_CKDN200002996-1A_H57L2DSXY_L1
55840	chr6	32643351	32643760	4	2	2	CN_9_1_CKDN200002996-1A_H57L2DSXY_L1
55841	chr6	32643795	32667113	8	4	4	CN_9_1_CKDN200002996-1A_H57L2DSXY_L1
55842	chr6	32667116	32778817	7	4	3	CN_9_1_CKDN200002996-1A_H57L2DSXY_L1
55843	chr6	32778897	51122244	7	4	3	CN_9_1_CKDN200002996-1A_H57L2DSXY_L1
55844	chr6	51126265	51227426	8	7	1	CN_9_1_CKDN200002996-1A_H57L2DSXY_L1
55845	chr6	51227857	57311141	8	4	4	CN_9_1_CKDN200002996-1A_H57L2DSXY_L1
55846	chr6	57311200	59780790	8	4	4	CN_9_1_CKDN200002996-1A_H57L2DSXY_L1
55847	chr6	59828833	170743540	6	4	2	CN_9_1_CKDN200002996-1A_H57L2DSXY_L1
55848	chr7	20860	6860376	6	3	3	CN_9_1_CKDN200002996-1A_H57L2DSXY_L1
55849	chr7	6860533	6872017	12	11	1	CN_9_1_CKDN200002996-1A_H57L2DSXY_L1
55850	chr7	6877789	35927605	7	4	3	CN_9_1_CKDN200002996-1A_H57L2DSXY_L1
55851	chr7	35928362	35928665	10	8	2	CN_9_1_CKDN200002996-1A_H57L2DSXY_L1
55852	chr7	35932051	57492621	7	4	3	CN_9_1_CKDN200002996-1A_H57L2DSXY_L1
55853	chr7	57493484	58189174	8	4	4	CN_9_1_CKDN200002996-1A_H57L2DSXY_L1
55854	chr7	58386046	60084644	13	9	4	CN_9_1_CKDN200002996-1A_H57L2DSXY_L1
55855	chr7	60102614	60165451	8	4	4	CN_9_1_CKDN200002996-1A_H57L2DSXY_L1
55856	chr7	60165606	60437269	12	6	6	CN_9_1_CKDN200002996-1A_H57L2DSXY_L1
55857	chr7	60443186	60955306	6	4	2	CN_9_1_CKDN200002996-1A_H57L2DSXY_L1
55858	chr7	60955309	61042498	8	4	4	CN_9_1_CKDN200002996-1A_H57L2DSXY_L1
55859	chr7	61042601	61042693	9	7	2	CN_9_1_CKDN200002996-1A_H57L2DSXY_L1
55860	chr7	61044224	61044440	15	13	2	CN_9_1_CKDN200002996-1A_H57L2DSXY_L1
55861	chr7	61046472	62307851	7	4	3	CN_9_1_CKDN200002996-1A_H57L2DSXY_L1
55862	chr7	62307873	62309099	4	2	2	CN_9_1_CKDN200002996-1A_H57L2DSXY_L1
55863	chr7	62309104	62431385	8	4	4	CN_9_1_CKDN200002996-1A_H57L2DSXY_L1
55864	chr7	62431955	62442745	6	5	1	CN_9_1_CKDN200002996-1A_H57L2DSXY_L1
55865	chr7	62442770	62451875	6	3	3	CN_9_1_CKDN200002996-1A_H57L2DSXY_L1
55866	chr7	62451900	63013061	7	4	3	CN_9_1_CKDN200002996-1A_H57L2DSXY_L1
55867	chr7	63013399	63521553	6	3	3	CN_9_1_CKDN200002996-1A_H57L2DSXY_L1
55868	chr7	63521976	63646016	8	4	4	CN_9_1_CKDN200002996-1A_H57L2DSXY_L1
55869	chr7	63647616	142472157	6	4	2	CN_9_1_CKDN200002996-1A_H57L2DSXY_L1
55870	chr7	142472201	142473840	6	3	3	CN_9_1_CKDN200002996-1A_H57L2DSXY_L1
55871	chr7	142474955	156149187	6	4	2	CN_9_1_CKDN200002996-1A_H57L2DSXY_L1
55872	chr7	156149492	159335108	8	6	2	CN_9_1_CKDN200002996-1A_H57L2DSXY_L1
55873	chr8	75802	1350953	6	3	3	CN_9_1_CKDN200002996-1A_H57L2DSXY_L1
55874	chr8	1351050	1352183	12	10	2	CN_9_1_CKDN200002996-1A_H57L2DSXY_L1
55875	chr8	1353272	7166643	6	3	3	CN_9_1_CKDN200002996-1A_H57L2DSXY_L1
55876	chr8	7167044	8182178	5	3	2	CN_9_1_CKDN200002996-1A_H57L2DSXY_L1
55877	chr8	8182182	12177002	6	3	3	CN_9_1_CKDN200002996-1A_H57L2DSXY_L1
55878	chr8	12177073	12612545	5	3	2	CN_9_1_CKDN200002996-1A_H57L2DSXY_L1
55879	chr8	12612630	45187816	6	3	3	CN_9_1_CKDN200002996-1A_H57L2DSXY_L1
55880	chr8	45206662	130022435	6	3	3	CN_9_1_CKDN200002996-1A_H57L2DSXY_L1
55881	chr8	130040454	131234005	5	3	2	CN_9_1_CKDN200002996-1A_H57L2DSXY_L1
55882	chr8	131235529	143072237	6	3	3	CN_9_1_CKDN200002996-1A_H57L2DSXY_L1
55883	chr8	143072254	143073262	14	10	4	CN_9_1_CKDN200002996-1A_H57L2DSXY_L1
55884	chr8	143073269	145074901	6	3	3	CN_9_1_CKDN200002996-1A_H57L2DSXY_L1
55885	chr9	10446	177632	7	4	3	CN_9_1_CKDN200002996-1A_H57L2DSXY_L1
55886	chr9	215269	34176976	6	3	3	CN_9_1_CKDN200002996-1A_H57L2DSXY_L1
55887	chr9	34181084	34183569	12	11	1	CN_9_1_CKDN200002996-1A_H57L2DSXY_L1
55888	chr9	34183649	38779888	6	3	3	CN_9_1_CKDN200002996-1A_H57L2DSXY_L1
55889	chr9	38784166	40524526	6	3	3	CN_9_1_CKDN200002996-1A_H57L2DSXY_L1
55890	chr9	40526616	40544845	11	7	4	CN_9_1_CKDN200002996-1A_H57L2DSXY_L1
55891	chr9	40548311	42999853	6	3	3	CN_9_1_CKDN200002996-1A_H57L2DSXY_L1
55892	chr9	43000153	43717845	6	3	3	CN_9_1_CKDN200002996-1A_H57L2DSXY_L1
55893	chr9	43727409	60524709	8	4	4	CN_9_1_CKDN200002996-1A_H57L2DSXY_L1
55894	chr9	60526119	63765179	7	4	3	CN_9_1_CKDN200002996-1A_H57L2DSXY_L1
55895	chr9	63765369	63778842	9	7	2	CN_9_1_CKDN200002996-1A_H57L2DSXY_L1
55896	chr9	63779460	65384078	7	4	3	CN_9_1_CKDN200002996-1A_H57L2DSXY_L1
55897	chr9	65385188	65385796	8	7	1	CN_9_1_CKDN200002996-1A_H57L2DSXY_L1
55898	chr9	65385901	68405558	6	4	2	CN_9_1_CKDN200002996-1A_H57L2DSXY_L1
55899	chr9	68405593	86149776	6	3	3	CN_9_1_CKDN200002996-1A_H57L2DSXY_L1
55900	chr9	86157470	86174199	12	11	1	CN_9_1_CKDN200002996-1A_H57L2DSXY_L1
55901	chr9	86212219	94542550	6	3	3	CN_9_1_CKDN200002996-1A_H57L2DSXY_L1
55902	chr9	94542644	94543291	9	8	1	CN_9_1_CKDN200002996-1A_H57L2DSXY_L1
55903	chr9	94543471	97222372	6	3	3	CN_9_1_CKDN200002996-1A_H57L2DSXY_L1
55904	chr9	97222519	97222880	6	5	1	CN_9_1_CKDN200002996-1A_H57L2DSXY_L1
55905	chr9	97223769	129407806	6	3	3	CN_9_1_CKDN200002996-1A_H57L2DSXY_L1
55906	chr9	129410496	129512826	6	4	2	CN_9_1_CKDN200002996-1A_H57L2DSXY_L1
55907	chr9	129513732	134849019	6	3	3	CN_9_1_CKDN200002996-1A_H57L2DSXY_L1
55908	chr9	134849091	134850699	16	12	4	CN_9_1_CKDN200002996-1A_H57L2DSXY_L1
55909	chr9	134850751	138269719	6	3	3	CN_9_1_CKDN200002996-1A_H57L2DSXY_L1
55910	chr10	10374	1529235	6	3	3	CN_9_1_CKDN200002996-1A_H57L2DSXY_L1
55911	chr10	1529942	1592965	6	4	2	CN_9_1_CKDN200002996-1A_H57L2DSXY_L1
55912	chr10	1599188	26571758	6	3	3	CN_9_1_CKDN200002996-1A_H57L2DSXY_L1
55913	chr10	26571765	26585327	9	7	2	CN_9_1_CKDN200002996-1A_H57L2DSXY_L1
55914	chr10	26585529	26641365	5	3	2	CN_9_1_CKDN200002996-1A_H57L2DSXY_L1
55915	chr10	26641383	26641989	8	7	1	CN_9_1_CKDN200002996-1A_H57L2DSXY_L1
55916	chr10	26642520	26652130	7	5	2	CN_9_1_CKDN200002996-1A_H57L2DSXY_L1
55917	chr10	26652321	26837761	7	4	3	CN_9_1_CKDN200002996-1A_H57L2DSXY_L1
55918	chr10	26837791	26837842	0	0	0	CN_9_1_CKDN200002996-1A_H57L2DSXY_L1
55919	chr10	26837884	28362128	6	3	3	CN_9_1_CKDN200002996-1A_H57L2DSXY_L1
55920	chr10	28362269	30339411	6	4	2	CN_9_1_CKDN200002996-1A_H57L2DSXY_L1
55921	chr10	30343299	37125267	6	3	3	CN_9_1_CKDN200002996-1A_H57L2DSXY_L1
55922	chr10	37145962	37147983	9	8	1	CN_9_1_CKDN200002996-1A_H57L2DSXY_L1
55923	chr10	37152272	38857228	6	3	3	CN_9_1_CKDN200002996-1A_H57L2DSXY_L1
55924	chr10	38857287	38899875	9	6	3	CN_9_1_CKDN200002996-1A_H57L2DSXY_L1
55925	chr10	38901572	38901709	5	5	0	CN_9_1_CKDN200002996-1A_H57L2DSXY_L1
55926	chr10	38901726	38904828	19	10	9	CN_9_1_CKDN200002996-1A_H57L2DSXY_L1
55927	chr10	38905164	38905956	12	6	6	CN_9_1_CKDN200002996-1A_H57L2DSXY_L1
55928	chr10	38912045	38976076	8	5	3	CN_9_1_CKDN200002996-1A_H57L2DSXY_L1
55929	chr10	38976194	39556508	6	3	3	CN_9_1_CKDN200002996-1A_H57L2DSXY_L1
55930	chr10	39556710	39691731	6	3	3	CN_9_1_CKDN200002996-1A_H57L2DSXY_L1
55931	chr10	39845044	41701749	8	4	4	CN_9_1_CKDN200002996-1A_H57L2DSXY_L1
55932	chr10	41704946	42215554	7	4	3	CN_9_1_CKDN200002996-1A_H57L2DSXY_L1
55933	chr10	42221232	42279754	6	4	2	CN_9_1_CKDN200002996-1A_H57L2DSXY_L1
55934	chr10	42279785	45677175	6	3	3	CN_9_1_CKDN200002996-1A_H57L2DSXY_L1
55935	chr10	45677291	45958671	6	3	3	CN_9_1_CKDN200002996-1A_H57L2DSXY_L1
55936	chr10	45960487	47498298	6	3	3	CN_9_1_CKDN200002996-1A_H57L2DSXY_L1
55937	chr10	47498805	47552591	5	4	1	CN_9_1_CKDN200002996-1A_H57L2DSXY_L1
55938	chr10	47553391	79657589	6	3	3	CN_9_1_CKDN200002996-1A_H57L2DSXY_L1
55939	chr10	79657795	79869037	6	3	3	CN_9_1_CKDN200002996-1A_H57L2DSXY_L1
55940	chr10	79870424	82541828	6	3	3	CN_9_1_CKDN200002996-1A_H57L2DSXY_L1
55941	chr10	82546811	133786710	6	4	2	CN_9_1_CKDN200002996-1A_H57L2DSXY_L1
55942	chr11	70643	53372725	6	4	2	CN_9_1_CKDN200002996-1A_H57L2DSXY_L1
55943	chr11	53408771	54424984	6	3	3	CN_9_1_CKDN200002996-1A_H57L2DSXY_L1
55944	chr11	54536448	54922909	6	3	3	CN_9_1_CKDN200002996-1A_H57L2DSXY_L1
55945	chr11	54926123	54926167	6	5	1	CN_9_1_CKDN200002996-1A_H57L2DSXY_L1
55946	chr11	54926192	56698040	5	3	2	CN_9_1_CKDN200002996-1A_H57L2DSXY_L1
55947	chr11	56698088	56702741	6	3	3	CN_9_1_CKDN200002996-1A_H57L2DSXY_L1
55948	chr11	56702778	56707148	6	3	3	CN_9_1_CKDN200002996-1A_H57L2DSXY_L1
55949	chr11	56707520	56707619	8	7	1	CN_9_1_CKDN200002996-1A_H57L2DSXY_L1
55950	chr11	56707631	135074712	6	3	3	CN_9_1_CKDN200002996-1A_H57L2DSXY_L1
55951	chr12	10700	39111	7	5	2	CN_9_1_CKDN200002996-1A_H57L2DSXY_L1
55952	chr12	40392	61480	9	5	4	CN_9_1_CKDN200002996-1A_H57L2DSXY_L1
55953	chr12	61838	11026711	5	3	2	CN_9_1_CKDN200002996-1A_H57L2DSXY_L1
55954	chr12	11027328	11027505	8	7	1	CN_9_1_CKDN200002996-1A_H57L2DSXY_L1
55955	chr12	11027605	11029349	6	3	3	CN_9_1_CKDN200002996-1A_H57L2DSXY_L1
55956	chr12	11029366	11050767	5	3	2	CN_9_1_CKDN200002996-1A_H57L2DSXY_L1
55957	chr12	11050782	11051169	17	13	4	CN_9_1_CKDN200002996-1A_H57L2DSXY_L1
55958	chr12	11051392	11061793	7	5	2	CN_9_1_CKDN200002996-1A_H57L2DSXY_L1
55959	chr12	11064024	11069090	7	4	3	CN_9_1_CKDN200002996-1A_H57L2DSXY_L1
55960	chr12	11069111	11069660	5	4	1	CN_9_1_CKDN200002996-1A_H57L2DSXY_L1
55961	chr12	11069707	11077770	6	3	3	CN_9_1_CKDN200002996-1A_H57L2DSXY_L1
55962	chr12	11077804	11080045	4	2	2	CN_9_1_CKDN200002996-1A_H57L2DSXY_L1
55963	chr12	11080097	11083560	8	4	4	CN_9_1_CKDN200002996-1A_H57L2DSXY_L1
55964	chr12	11083605	11084682	5	3	2	CN_9_1_CKDN200002996-1A_H57L2DSXY_L1
55965	chr12	11084695	11084779	7	6	1	CN_9_1_CKDN200002996-1A_H57L2DSXY_L1
55966	chr12	11085160	11088322	5	3	2	CN_9_1_CKDN200002996-1A_H57L2DSXY_L1
55967	chr12	11088373	11092250	9	8	1	CN_9_1_CKDN200002996-1A_H57L2DSXY_L1
55968	chr12	11092256	35475214	5	3	2	CN_9_1_CKDN200002996-1A_H57L2DSXY_L1
55969	chr12	35512427	133264810	5	3	2	CN_9_1_CKDN200002996-1A_H57L2DSXY_L1
55970	chr13	16000272	16010506	13	7	6	CN_9_1_CKDN200002996-1A_H57L2DSXY_L1
55971	chr13	16010914	16011250	6	5	1	CN_9_1_CKDN200002996-1A_H57L2DSXY_L1
55972	chr13	16011268	16098580	10	5	5	CN_9_1_CKDN200002996-1A_H57L2DSXY_L1
55973	chr13	16098861	16164787	8	5	3	CN_9_1_CKDN200002996-1A_H57L2DSXY_L1
55974	chr13	16170662	16197177	17	15	2	CN_9_1_CKDN200002996-1A_H57L2DSXY_L1
55975	chr13	16197689	17692853	8	4	4	CN_9_1_CKDN200002996-1A_H57L2DSXY_L1
55976	chr13	17704349	18046066	6	4	2	CN_9_1_CKDN200002996-1A_H57L2DSXY_L1
55977	chr13	18047578	18543253	6	3	3	CN_9_1_CKDN200002996-1A_H57L2DSXY_L1
55978	chr13	18543705	22966500	5	4	1	CN_9_1_CKDN200002996-1A_H57L2DSXY_L1
55979	chr13	22966587	22966782	12	6	6	CN_9_1_CKDN200002996-1A_H57L2DSXY_L1
55980	chr13	22966790	63024201	5	4	1	CN_9_1_CKDN200002996-1A_H57L2DSXY_L1
55981	chr13	63024773	63062547	7	5	2	CN_9_1_CKDN200002996-1A_H57L2DSXY_L1
55982	chr13	63062810	114352755	5	4	1	CN_9_1_CKDN200002996-1A_H57L2DSXY_L1
55983	chr14	16024678	16076977	8	4	4	CN_9_1_CKDN200002996-1A_H57L2DSXY_L1
55984	chr14	16077555	16096726	12	9	3	CN_9_1_CKDN200002996-1A_H57L2DSXY_L1
55985	chr14	16096799	16403718	8	4	4	CN_9_1_CKDN200002996-1A_H57L2DSXY_L1
55986	chr14	18224769	19488336	6	3	3	CN_9_1_CKDN200002996-1A_H57L2DSXY_L1
55987	chr14	19489067	48445071	5	3	2	CN_9_1_CKDN200002996-1A_H57L2DSXY_L1
55988	chr14	48445312	72503879	6	4	2	CN_9_1_CKDN200002996-1A_H57L2DSXY_L1
55989	chr14	72504254	72879392	3	2	1	CN_9_1_CKDN200002996-1A_H57L2DSXY_L1
55990	chr14	72881422	73184682	4	2	2	CN_9_1_CKDN200002996-1A_H57L2DSXY_L1
55991	chr14	73190486	73665557	6	3	3	CN_9_1_CKDN200002996-1A_H57L2DSXY_L1
55992	chr14	73690052	73907131	5	5	0	CN_9_1_CKDN200002996-1A_H57L2DSXY_L1
55993	chr14	73910752	76287251	4	2	2	CN_9_1_CKDN200002996-1A_H57L2DSXY_L1
55994	chr14	76287624	78462680	6	3	3	CN_9_1_CKDN200002996-1A_H57L2DSXY_L1
55995	chr14	78463743	78728694	4	2	2	CN_9_1_CKDN200002996-1A_H57L2DSXY_L1
55996	chr14	78728858	82568761	6	3	3	CN_9_1_CKDN200002996-1A_H57L2DSXY_L1
55997	chr14	82569021	83092424	6	3	3	CN_9_1_CKDN200002996-1A_H57L2DSXY_L1
55998	chr14	83100725	86467946	7	4	3	CN_9_1_CKDN200002996-1A_H57L2DSXY_L1
55999	chr14	86470437	105449872	5	3	2	CN_9_1_CKDN200002996-1A_H57L2DSXY_L1
56000	chr14	105450028	106832265	5	3	2	CN_9_1_CKDN200002996-1A_H57L2DSXY_L1
56001	chr15	17024642	18911412	10	6	4	CN_9_1_CKDN200002996-1A_H57L2DSXY_L1
56002	chr15	19043576	22359792	8	5	3	CN_9_1_CKDN200002996-1A_H57L2DSXY_L1
56003	chr15	22365104	22618416	9	7	2	CN_9_1_CKDN200002996-1A_H57L2DSXY_L1
56004	chr15	22639473	23040567	8	4	4	CN_9_1_CKDN200002996-1A_H57L2DSXY_L1
56005	chr15	23040680	23050500	12	7	5	CN_9_1_CKDN200002996-1A_H57L2DSXY_L1
56006	chr15	23050823	28465166	8	4	4	CN_9_1_CKDN200002996-1A_H57L2DSXY_L1
56007	chr15	28471779	28692636	8	5	3	CN_9_1_CKDN200002996-1A_H57L2DSXY_L1
56008	chr15	28692925	29948251	8	4	4	CN_9_1_CKDN200002996-1A_H57L2DSXY_L1
56009	chr15	29948952	29949718	7	6	1	CN_9_1_CKDN200002996-1A_H57L2DSXY_L1
56010	chr15	29950550	30091622	9	5	4	CN_9_1_CKDN200002996-1A_H57L2DSXY_L1
56011	chr15	30091880	30742337	8	5	3	CN_9_1_CKDN200002996-1A_H57L2DSXY_L1
56012	chr15	30756251	34309222	8	4	4	CN_9_1_CKDN200002996-1A_H57L2DSXY_L1
56013	chr15	34310740	34576353	7	4	3	CN_9_1_CKDN200002996-1A_H57L2DSXY_L1
56014	chr15	34609759	44751228	7	4	3	CN_9_1_CKDN200002996-1A_H57L2DSXY_L1
56015	chr15	44784791	44785070	6	5	1	CN_9_1_CKDN200002996-1A_H57L2DSXY_L1
56016	chr15	44803892	45027109	9	5	4	CN_9_1_CKDN200002996-1A_H57L2DSXY_L1
56017	chr15	45027124	45030179	8	6	2	CN_9_1_CKDN200002996-1A_H57L2DSXY_L1
56018	chr15	45030214	81871019	7	4	3	CN_9_1_CKDN200002996-1A_H57L2DSXY_L1
56019	chr15	81871131	81874983	17	13	4	CN_9_1_CKDN200002996-1A_H57L2DSXY_L1
56020	chr15	81875501	82452719	8	4	4	CN_9_1_CKDN200002996-1A_H57L2DSXY_L1
56021	chr15	82453119	82524115	8	6	2	CN_9_1_CKDN200002996-1A_H57L2DSXY_L1
56022	chr15	82525443	101947441	7	4	3	CN_9_1_CKDN200002996-1A_H57L2DSXY_L1
56023	chr15	101947564	101980992	7	5	2	CN_9_1_CKDN200002996-1A_H57L2DSXY_L1
56024	chr16	16513	33746773	6	4	2	CN_9_1_CKDN200002996-1A_H57L2DSXY_L1
56025	chr16	33747935	34165035	7	4	3	CN_9_1_CKDN200002996-1A_H57L2DSXY_L1
56026	chr16	34165086	34213632	9	5	4	CN_9_1_CKDN200002996-1A_H57L2DSXY_L1
56027	chr16	34236235	34767237	8	4	4	CN_9_1_CKDN200002996-1A_H57L2DSXY_L1
56028	chr16	34767238	34907843	9	7	2	CN_9_1_CKDN200002996-1A_H57L2DSXY_L1
56029	chr16	34910185	36787992	9	6	3	CN_9_1_CKDN200002996-1A_H57L2DSXY_L1
56030	chr16	36901615	46999856	6	3	3	CN_9_1_CKDN200002996-1A_H57L2DSXY_L1
56031	chr16	47027271	85155120	7	4	3	CN_9_1_CKDN200002996-1A_H57L2DSXY_L1
56032	chr16	85155131	85163372	8	7	1	CN_9_1_CKDN200002996-1A_H57L2DSXY_L1
56033	chr16	85167176	88216579	6	3	3	CN_9_1_CKDN200002996-1A_H57L2DSXY_L1
56034	chr16	88218146	88220119	9	8	1	CN_9_1_CKDN200002996-1A_H57L2DSXY_L1
56035	chr16	88220149	90175279	6	3	3	CN_9_1_CKDN200002996-1A_H57L2DSXY_L1
56036	chr17	72480	316459	6	3	3	CN_9_1_CKDN200002996-1A_H57L2DSXY_L1
56037	chr17	316519	317035	7	6	1	CN_9_1_CKDN200002996-1A_H57L2DSXY_L1
56038	chr17	317393	21297801	6	3	3	CN_9_1_CKDN200002996-1A_H57L2DSXY_L1
56039	chr17	21297848	21305037	8	4	4	CN_9_1_CKDN200002996-1A_H57L2DSXY_L1
56040	chr17	21305548	21321221	7	4	3	CN_9_1_CKDN200002996-1A_H57L2DSXY_L1
56041	chr17	21321274	21682126	7	4	3	CN_9_1_CKDN200002996-1A_H57L2DSXY_L1
56042	chr17	21682135	21684943	3	3	0	CN_9_1_CKDN200002996-1A_H57L2DSXY_L1
56043	chr17	21686032	21863321	6	3	3	CN_9_1_CKDN200002996-1A_H57L2DSXY_L1
56044	chr17	21863949	21864127	3	3	0	CN_9_1_CKDN200002996-1A_H57L2DSXY_L1
56045	chr17	21864555	21876317	6	3	3	CN_9_1_CKDN200002996-1A_H57L2DSXY_L1
56046	chr17	21876467	21882161	6	5	1	CN_9_1_CKDN200002996-1A_H57L2DSXY_L1
56047	chr17	21883742	21895399	8	5	3	CN_9_1_CKDN200002996-1A_H57L2DSXY_L1
56048	chr17	21896211	21896433	19	13	6	CN_9_1_CKDN200002996-1A_H57L2DSXY_L1
56049	chr17	21896435	21896561	10	9	1	CN_9_1_CKDN200002996-1A_H57L2DSXY_L1
56050	chr17	21904529	21906512	13	7	6	CN_9_1_CKDN200002996-1A_H57L2DSXY_L1
56051	chr17	21906554	21910309	6	4	2	CN_9_1_CKDN200002996-1A_H57L2DSXY_L1
56052	chr17	21917919	21949772	20	10	10	CN_9_1_CKDN200002996-1A_H57L2DSXY_L1
56053	chr17	21969236	21985294	8	4	4	CN_9_1_CKDN200002996-1A_H57L2DSXY_L1
56054	chr17	21985309	21985491	20	19	1	CN_9_1_CKDN200002996-1A_H57L2DSXY_L1
56055	chr17	21986813	23006831	7	5	2	CN_9_1_CKDN200002996-1A_H57L2DSXY_L1
56056	chr17	23007201	25074734	7	4	3	CN_9_1_CKDN200002996-1A_H57L2DSXY_L1
56057	chr17	25101189	26341964	12	6	6	CN_9_1_CKDN200002996-1A_H57L2DSXY_L1
56058	chr17	26460154	26788489	6	3	3	CN_9_1_CKDN200002996-1A_H57L2DSXY_L1
56059	chr17	26788501	26811958	6	3	3	CN_9_1_CKDN200002996-1A_H57L2DSXY_L1
56060	chr17	26812042	26819948	7	4	3	CN_9_1_CKDN200002996-1A_H57L2DSXY_L1
56061	chr17	26820378	26821844	8	5	3	CN_9_1_CKDN200002996-1A_H57L2DSXY_L1
56062	chr17	26822965	26866359	6	4	2	CN_9_1_CKDN200002996-1A_H57L2DSXY_L1
56063	chr17	26866381	26867194	4	2	2	CN_9_1_CKDN200002996-1A_H57L2DSXY_L1
56064	chr17	26867399	27006946	7	4	3	CN_9_1_CKDN200002996-1A_H57L2DSXY_L1
56065	chr17	27007165	31925382	6	3	3	CN_9_1_CKDN200002996-1A_H57L2DSXY_L1
56066	chr17	31962140	32135641	5	4	1	CN_9_1_CKDN200002996-1A_H57L2DSXY_L1
56067	chr17	32169795	36101154	6	3	3	CN_9_1_CKDN200002996-1A_H57L2DSXY_L1
56068	chr17	36101430	36450016	6	4	2	CN_9_1_CKDN200002996-1A_H57L2DSXY_L1
56069	chr17	36450176	83243083	6	3	3	CN_9_1_CKDN200002996-1A_H57L2DSXY_L1
56070	chr18	10659	112477	6	4	2	CN_9_1_CKDN200002996-1A_H57L2DSXY_L1
56071	chr18	112535	12174766	6	3	3	CN_9_1_CKDN200002996-1A_H57L2DSXY_L1
56072	chr18	12175380	15410736	6	3	3	CN_9_1_CKDN200002996-1A_H57L2DSXY_L1
56073	chr18	15467190	18493534	7	5	2	CN_9_1_CKDN200002996-1A_H57L2DSXY_L1
56074	chr18	18519094	20832783	8	5	3	CN_9_1_CKDN200002996-1A_H57L2DSXY_L1
56075	chr18	20833080	80261792	7	4	3	CN_9_1_CKDN200002996-1A_H57L2DSXY_L1
56076	chr19	75041	24168126	6	4	2	CN_9_1_CKDN200002996-1A_H57L2DSXY_L1
56077	chr19	24169780	24310085	8	4	4	CN_9_1_CKDN200002996-1A_H57L2DSXY_L1
56078	chr19	24314525	24367762	6	3	3	CN_9_1_CKDN200002996-1A_H57L2DSXY_L1
56079	chr19	24367778	24908226	7	5	2	CN_9_1_CKDN200002996-1A_H57L2DSXY_L1
56080	chr19	27241144	27338815	9	5	4	CN_9_1_CKDN200002996-1A_H57L2DSXY_L1
56081	chr19	27338832	27400193	7	5	2	CN_9_1_CKDN200002996-1A_H57L2DSXY_L1
56082	chr19	27410783	41102610	7	4	3	CN_9_1_CKDN200002996-1A_H57L2DSXY_L1
56083	chr19	41103566	41103597	8	7	1	CN_9_1_CKDN200002996-1A_H57L2DSXY_L1
56084	chr19	41104242	41359738	6	3	3	CN_9_1_CKDN200002996-1A_H57L2DSXY_L1
56085	chr19	41360368	43278963	6	4	2	CN_9_1_CKDN200002996-1A_H57L2DSXY_L1
56086	chr19	43279843	44709425	7	4	3	CN_9_1_CKDN200002996-1A_H57L2DSXY_L1
56087	chr19	44709472	44709578	17	15	2	CN_9_1_CKDN200002996-1A_H57L2DSXY_L1
56088	chr19	44713260	46297376	6	3	3	CN_9_1_CKDN200002996-1A_H57L2DSXY_L1
56089	chr19	46300618	49566960	5	3	2	CN_9_1_CKDN200002996-1A_H57L2DSXY_L1
56090	chr19	49568440	54221659	6	3	3	CN_9_1_CKDN200002996-1A_H57L2DSXY_L1
56091	chr19	54222365	58606915	6	4	2	CN_9_1_CKDN200002996-1A_H57L2DSXY_L1
56092	chr20	60601	65146	6	3	3	CN_9_1_CKDN200002996-1A_H57L2DSXY_L1
56093	chr20	65497	15674405	5	3	2	CN_9_1_CKDN200002996-1A_H57L2DSXY_L1
56094	chr20	15674668	25760512	4	2	2	CN_9_1_CKDN200002996-1A_H57L2DSXY_L1
56095	chr20	25761031	25930152	4	2	2	CN_9_1_CKDN200002996-1A_H57L2DSXY_L1
56096	chr20	25930172	26079767	4	2	2	CN_9_1_CKDN200002996-1A_H57L2DSXY_L1
56097	chr20	26079809	26093826	6	5	1	CN_9_1_CKDN200002996-1A_H57L2DSXY_L1
56098	chr20	26096387	26626379	4	2	2	CN_9_1_CKDN200002996-1A_H57L2DSXY_L1
56099	chr20	26631690	28045573	8	6	2	CN_9_1_CKDN200002996-1A_H57L2DSXY_L1
56100	chr20	28105847	28318793	9	7	2	CN_9_1_CKDN200002996-1A_H57L2DSXY_L1
56101	chr20	28336941	28512575	7	5	2	CN_9_1_CKDN200002996-1A_H57L2DSXY_L1
56102	chr20	28513072	28556042	11	7	4	CN_9_1_CKDN200002996-1A_H57L2DSXY_L1
56103	chr20	28556085	28743914	8	4	4	CN_9_1_CKDN200002996-1A_H57L2DSXY_L1
56104	chr20	28743937	28744690	9	8	1	CN_9_1_CKDN200002996-1A_H57L2DSXY_L1
56105	chr20	28744820	28898079	8	5	3	CN_9_1_CKDN200002996-1A_H57L2DSXY_L1
56106	chr20	28898190	29130142	8	5	3	CN_9_1_CKDN200002996-1A_H57L2DSXY_L1
56107	chr20	29130317	29200235	19	15	4	CN_9_1_CKDN200002996-1A_H57L2DSXY_L1
56108	chr20	29204811	29264044	9	6	3	CN_9_1_CKDN200002996-1A_H57L2DSXY_L1
56109	chr20	29264077	29270653	6	3	3	CN_9_1_CKDN200002996-1A_H57L2DSXY_L1
56110	chr20	29270686	29291415	7	4	3	CN_9_1_CKDN200002996-1A_H57L2DSXY_L1
56111	chr20	29291477	29291908	10	8	2	CN_9_1_CKDN200002996-1A_H57L2DSXY_L1
56112	chr20	29291995	29328932	8	4	4	CN_9_1_CKDN200002996-1A_H57L2DSXY_L1
56113	chr20	29328943	29650351	8	5	3	CN_9_1_CKDN200002996-1A_H57L2DSXY_L1
56114	chr20	29650451	29652706	16	11	5	CN_9_1_CKDN200002996-1A_H57L2DSXY_L1
56115	chr20	29652828	29874118	8	5	3	CN_9_1_CKDN200002996-1A_H57L2DSXY_L1
56116	chr20	29874121	29876941	19	13	6	CN_9_1_CKDN200002996-1A_H57L2DSXY_L1
56117	chr20	29876942	29894214	8	5	3	CN_9_1_CKDN200002996-1A_H57L2DSXY_L1
56118	chr20	29896568	30420190	8	4	4	CN_9_1_CKDN200002996-1A_H57L2DSXY_L1
56119	chr20	30420212	30632561	6	4	2	CN_9_1_CKDN200002996-1A_H57L2DSXY_L1
56120	chr20	30632608	30740857	8	6	2	CN_9_1_CKDN200002996-1A_H57L2DSXY_L1
56121	chr20	30750083	30838986	8	4	4	CN_9_1_CKDN200002996-1A_H57L2DSXY_L1
56122	chr20	30838996	30923105	8	4	4	CN_9_1_CKDN200002996-1A_H57L2DSXY_L1
56123	chr20	30923172	30943700	6	3	3	CN_9_1_CKDN200002996-1A_H57L2DSXY_L1
56124	chr20	30943983	30969581	6	5	1	CN_9_1_CKDN200002996-1A_H57L2DSXY_L1
56125	chr20	30975853	31190884	7	5	2	CN_9_1_CKDN200002996-1A_H57L2DSXY_L1
56126	chr20	31190893	64331538	7	6	1	CN_9_1_CKDN200002996-1A_H57L2DSXY_L1
56127	chr21	5030521	8466992	7	5	2	CN_9_1_CKDN200002996-1A_H57L2DSXY_L1
56128	chr21	8530640	8655691	15	14	1	CN_9_1_CKDN200002996-1A_H57L2DSXY_L1
56129	chr21	8682722	9141537	7	5	2	CN_9_1_CKDN200002996-1A_H57L2DSXY_L1
56130	chr21	9145105	9150107	5	3	2	CN_9_1_CKDN200002996-1A_H57L2DSXY_L1
56131	chr21	9150912	10514371	8	5	3	CN_9_1_CKDN200002996-1A_H57L2DSXY_L1
56132	chr21	10514657	10808483	7	4	3	CN_9_1_CKDN200002996-1A_H57L2DSXY_L1
56133	chr21	10808552	10814535	6	4	2	CN_9_1_CKDN200002996-1A_H57L2DSXY_L1
56134	chr21	12966046	13413378	6	4	2	CN_9_1_CKDN200002996-1A_H57L2DSXY_L1
56135	chr21	13430765	13439493	11	9	2	CN_9_1_CKDN200002996-1A_H57L2DSXY_L1
56136	chr21	13460470	15030905	8	4	4	CN_9_1_CKDN200002996-1A_H57L2DSXY_L1
56137	chr21	15030925	15031098	17	15	2	CN_9_1_CKDN200002996-1A_H57L2DSXY_L1
56138	chr21	15031123	20142484	6	3	3	CN_9_1_CKDN200002996-1A_H57L2DSXY_L1
56139	chr21	20142743	20144938	6	4	2	CN_9_1_CKDN200002996-1A_H57L2DSXY_L1
56140	chr21	20145138	33321312	7	4	3	CN_9_1_CKDN200002996-1A_H57L2DSXY_L1
56141	chr21	33321411	33323746	5	4	1	CN_9_1_CKDN200002996-1A_H57L2DSXY_L1
56142	chr21	33323759	43369304	6	3	3	CN_9_1_CKDN200002996-1A_H57L2DSXY_L1
56143	chr21	43372826	46699658	6	5	1	CN_9_1_CKDN200002996-1A_H57L2DSXY_L1
56144	chr22	10557962	10725840	7	4	3	CN_9_1_CKDN200002996-1A_H57L2DSXY_L1
56145	chr22	10726270	11237533	6	3	3	CN_9_1_CKDN200002996-1A_H57L2DSXY_L1
56146	chr22	11237557	11262353	9	7	2	CN_9_1_CKDN200002996-1A_H57L2DSXY_L1
56147	chr22	11266236	12422125	6	3	3	CN_9_1_CKDN200002996-1A_H57L2DSXY_L1
56148	chr22	12422165	12629391	6	3	3	CN_9_1_CKDN200002996-1A_H57L2DSXY_L1
56149	chr22	12629464	12722129	8	5	3	CN_9_1_CKDN200002996-1A_H57L2DSXY_L1
56150	chr22	12722174	12900852	11	8	3	CN_9_1_CKDN200002996-1A_H57L2DSXY_L1
56151	chr22	15158909	49880577	5	3	2	CN_9_1_CKDN200002996-1A_H57L2DSXY_L1
56152	chr22	49884250	50791289	6	3	3	CN_9_1_CKDN200002996-1A_H57L2DSXY_L1
56153	chr22	50791877	50807831	7	5	2	CN_9_1_CKDN200002996-1A_H57L2DSXY_L1
56154	chrX	29938	3277744	5	3	2	CN_9_1_CKDN200002996-1A_H57L2DSXY_L1
56155	chrX	3277781	3278039	18	17	1	CN_9_1_CKDN200002996-1A_H57L2DSXY_L1
56156	chrX	3354207	9302312	7	7	0	CN_9_1_CKDN200002996-1A_H57L2DSXY_L1
56157	chrX	9388915	9414345	6	3	3	CN_9_1_CKDN200002996-1A_H57L2DSXY_L1
56158	chrX	9796175	60986088	7	7	0	CN_9_1_CKDN200002996-1A_H57L2DSXY_L1
56159	chrX	61067377	62514935	8	4	4	CN_9_1_CKDN200002996-1A_H57L2DSXY_L1
56160	chrX	62514944	119469784	7	7	0	CN_9_1_CKDN200002996-1A_H57L2DSXY_L1
56161	chrX	119469810	120074167	6	3	3	CN_9_1_CKDN200002996-1A_H57L2DSXY_L1
56162	chrX	120220154	155672893	7	7	0	CN_9_1_CKDN200002996-1A_H57L2DSXY_L1
56163	chrX	155703852	156029560	5	3	2	CN_9_1_CKDN200002996-1A_H57L2DSXY_L1
56164	chrY	3051189	6540211	4	2	2	CN_9_1_CKDN200002996-1A_H57L2DSXY_L1
56165	chrY	6615594	7135093	4	2	2	CN_9_1_CKDN200002996-1A_H57L2DSXY_L1
56166	chrY	7229409	10244495	4	3	1	CN_9_1_CKDN200002996-1A_H57L2DSXY_L1
56167	chrY	10624833	10660007	7	5	2	CN_9_1_CKDN200002996-1A_H57L2DSXY_L1
56168	chrY	10660054	10683153	7	5	2	CN_9_1_CKDN200002996-1A_H57L2DSXY_L1
56169	chrY	10683265	10684275	10	5	5	CN_9_1_CKDN200002996-1A_H57L2DSXY_L1
56170	chrY	10686252	10693991	8	5	3	CN_9_1_CKDN200002996-1A_H57L2DSXY_L1
56171	chrY	10744232	10826246	6	3	3	CN_9_1_CKDN200002996-1A_H57L2DSXY_L1
56172	chrY	10826492	10860902	5	3	2	CN_9_1_CKDN200002996-1A_H57L2DSXY_L1
56173	chrY	10866023	11151129	6	3	3	CN_9_1_CKDN200002996-1A_H57L2DSXY_L1
56174	chrY	11151642	11272265	3	2	1	CN_9_1_CKDN200002996-1A_H57L2DSXY_L1
56175	chrY	11272349	11493039	9	6	3	CN_9_1_CKDN200002996-1A_H57L2DSXY_L1
56176	chrY	11529126	11689916	5	3	2	CN_9_1_CKDN200002996-1A_H57L2DSXY_L1
56177	chrY	11689931	11856342	5	3	2	CN_9_1_CKDN200002996-1A_H57L2DSXY_L1
56178	chrY	12321689	20349081	4	2	2	CN_9_1_CKDN200002996-1A_H57L2DSXY_L1
56179	chrY	20349164	26644262	4	3	1	CN_9_1_CKDN200002996-1A_H57L2DSXY_L1
56180	chrY	26644457	26663860	3	2	1	CN_9_1_CKDN200002996-1A_H57L2DSXY_L1
56181	chrY	26663872	26664161	2	1	1	CN_9_1_CKDN200002996-1A_H57L2DSXY_L1
56182	chrY	26664244	56682038	3	2	1	CN_9_1_CKDN200002996-1A_H57L2DSXY_L1
56183	chrY	56684099	56822999	4	2	2	CN_9_1_CKDN200002996-1A_H57L2DSXY_L1
56184	chrY	56823162	56887228	7	5	2	CN_9_1_CKDN200002996-1A_H57L2DSXY_L1
