Unique Name	Descriptor	Wide Peak Limits	Peak Limits	Region Limits	q values	Residual q values after removing segments shared with higher peaks	Broad or Focal	Amplitude Threshold	TCGA-G9-A9S7-01A-11D-A41J-01	TCGA-EJ-5542-01A-01D-1574-01	TCGA-V1-A9OT-01A-11D-A41J-01	TCGA-CH-5743-01A-21D-1574-01	TCGA-EJ-A65E-01A-11D-A323-01	TCGA-J4-A67T-01A-11D-A30W-01	TCGA-KC-A7F5-01A-11D-A33S-01	TCGA-EJ-A8FU-01A-11D-A363-01	TCGA-EJ-7792-01A-11D-2112-01	TCGA-HC-7079-01A-11D-1959-01	TCGA-YL-A9WI-01A-11D-A376-01	TCGA-EJ-A46H-01A-31D-A26L-01	TCGA-KK-A7AW-01A-11D-A32A-01	TCGA-EJ-7315-01A-31D-2112-01	TCGA-V1-A8MG-01A-11D-A363-01	TCGA-EJ-5522-01A-01D-1574-01	TCGA-KK-A8I8-01A-11D-A363-01	TCGA-KC-A4BR-01A-32D-A256-01	TCGA-2A-AAYF-01A-11D-A41J-01	TCGA-ZG-A9ND-01A-11D-A41J-01	TCGA-HC-7081-01A-11D-1959-01	TCGA-EJ-5519-01A-01D-1574-01	TCGA-2A-A8W3-01A-11D-A376-01	TCGA-HC-A76W-01A-11D-A33S-01	TCGA-J9-A8CP-01A-11D-A34T-01	TCGA-EJ-5502-01A-01D-1574-01	TCGA-EJ-5507-01A-01D-1574-01	TCGA-X4-A8KQ-01A-12D-A363-01	TCGA-YL-A8HJ-01A-11D-A363-01	TCGA-XK-AAJP-01A-11D-A41J-01	TCGA-J9-A8CN-01A-11D-A34T-01	TCGA-YL-A8SA-01A-21D-A376-01	TCGA-J9-A52C-01A-11D-A26L-01	TCGA-FC-7708-01A-11D-2112-01	TCGA-YL-A9WH-01A-11D-A376-01	TCGA-EJ-7781-01A-11D-2112-01	TCGA-YL-A8SC-01A-11D-A376-01	TCGA-KK-A7AU-01A-11D-A32A-01	TCGA-KC-A7FA-01A-21D-A33S-01	TCGA-KK-A8IF-01A-11D-A363-01	TCGA-2A-A8VL-01A-21D-A376-01	TCGA-CH-5744-01A-11D-1574-01	TCGA-HC-A6AO-01A-11D-A30D-01	TCGA-EJ-5510-01A-01D-1574-01	TCGA-TK-A8OK-01A-22D-A363-01	TCGA-G9-6343-01A-21D-1959-01	TCGA-VP-A87H-01A-11D-A34T-01	TCGA-HC-7210-01A-11D-2112-01	TCGA-CH-5738-01A-11D-1574-01	TCGA-EJ-A46E-01A-31D-A256-01	TCGA-HC-7748-01A-11D-2112-01	TCGA-VP-A87K-01A-11D-A34T-01	TCGA-KK-A6E7-01A-11D-A31K-01	TCGA-EJ-7785-01A-11D-2112-01	TCGA-EJ-5518-01A-01D-1574-01	TCGA-KK-A8I9-01A-11D-A363-01	TCGA-J9-A52B-01A-11D-A26L-01	TCGA-G9-6364-01A-21D-1785-01	TCGA-J9-A52E-01A-11D-A26L-01	TCGA-XJ-A9DI-01A-11D-A376-01	TCGA-HC-A8D1-01A-11D-A363-01	TCGA-YL-A8S8-01A-11D-A376-01	TCGA-EJ-5517-01A-01D-1574-01	TCGA-EJ-5524-01A-01D-1574-01	TCGA-KK-A59Y-01A-11D-A26L-01	TCGA-XJ-A9DQ-01A-11D-A376-01	TCGA-QU-A6IO-01A-11D-A31K-01	TCGA-HC-7209-01A-11D-2112-01	TCGA-XA-A8JR-01A-11D-A363-01	TCGA-V1-A9OH-01A-11D-A41J-01	TCGA-EJ-5505-01A-01D-1574-01	TCGA-J4-A67L-01A-11D-A30D-01	TCGA-KK-A8IL-01A-11D-A363-01	TCGA-HC-7213-01A-11D-2112-01	TCGA-VP-A878-01A-31D-A34T-01	TCGA-HC-A8D0-01A-11D-A363-01	TCGA-KK-A8IG-01A-11D-A363-01	TCGA-EJ-5515-01A-01D-1574-01	TCGA-G9-6338-01A-12D-1959-01	TCGA-EJ-8470-01A-11D-2391-01	TCGA-CH-5753-01A-11D-1574-01	TCGA-V1-A9ZR-01A-11D-A41J-01	TCGA-V1-A9Z7-01A-11D-A41J-01	TCGA-CH-5737-01A-11D-1574-01	TCGA-VN-A88M-01A-11D-A34T-01	TCGA-ZG-A9LY-01A-11D-A41J-01	TCGA-KK-A6E2-01A-11D-A30W-01	TCGA-EJ-A7NG-01A-31D-A33S-01	TCGA-EJ-A46B-01A-31D-A256-01	TCGA-HI-7170-01A-11D-2112-01	TCGA-M7-A721-01A-12D-A32A-01	TCGA-G9-6333-01A-12D-1959-01	TCGA-G9-6365-01A-11D-1785-01	TCGA-VP-A876-01A-11D-A34T-01	TCGA-TP-A8TV-01A-11D-A41J-01	TCGA-J4-AATZ-01A-11D-A41J-01	TCGA-KK-A7B0-01A-11D-A32A-01	TCGA-EJ-7330-01A-11D-2112-01	TCGA-VP-A872-01A-11D-A34T-01	TCGA-H9-A6BY-01A-11D-A30D-01	TCGA-KK-A8IH-01A-11D-A363-01	TCGA-KC-A7FE-01A-12D-A33S-01	TCGA-EJ-A65J-01A-11D-A30W-01	TCGA-EJ-7314-01A-31D-2112-01	TCGA-EJ-A8FS-01A-11D-A34T-01	TCGA-HC-8256-01A-11D-2259-01	TCGA-HI-7171-01A-12D-2112-01	TCGA-ZG-A9LM-01A-11D-A41J-01	TCGA-EJ-A46D-01A-21D-A256-01	TCGA-2A-A8VX-01A-11D-A376-01	TCGA-V1-A8MK-01A-11D-A363-01	TCGA-KK-A8I4-01A-11D-A363-01	TCGA-EJ-A46G-01A-31D-A26L-01	TCGA-J4-A83J-01A-11D-A363-01	TCGA-EJ-A46I-01A-12D-A26L-01	TCGA-EJ-7786-01A-11D-2112-01	TCGA-V1-A9Z8-01A-11D-A41J-01	TCGA-VN-A88K-01A-11D-A34T-01	TCGA-EJ-A6RC-01A-11D-A32A-01	TCGA-KK-A7B3-01A-11D-A33S-01	TCGA-ZG-A8QY-01A-11D-A376-01	TCGA-ZG-A8QX-01A-11D-A376-01	TCGA-EJ-7125-01A-11D-1959-01	TCGA-EJ-7794-01A-11D-2112-01	TCGA-YL-A8S9-01A-11D-A376-01	TCGA-EJ-5531-01A-01D-1574-01	TCGA-HC-7231-01A-11D-2112-01	TCGA-G9-6347-01A-11D-A31K-01	TCGA-KK-A6DY-01A-12D-A30W-01	TCGA-EJ-7331-01A-11D-2112-01	TCGA-YL-A8HO-01A-11D-A363-01	TCGA-EJ-A7NK-01A-12D-A34T-01	TCGA-G9-6373-01A-11D-1785-01	TCGA-KK-A7AV-01A-11D-A32A-01	TCGA-HC-A4ZV-01A-11D-A26L-01	TCGA-G9-6332-01A-11D-1785-01	TCGA-YL-A8SI-01A-11D-A41J-01	TCGA-J4-A67K-01A-21D-A30D-01	TCGA-EJ-7115-01A-11D-2112-01	TCGA-KK-A7AQ-01A-11D-A33S-01	TCGA-G9-6379-01A-11D-A31K-01	TCGA-QU-A6IN-01A-11D-A31K-01	TCGA-QU-A6IM-01A-11D-A31K-01	TCGA-V1-A9OF-01A-11D-A41J-01	TCGA-KK-A8IK-01A-11D-A363-01	TCGA-V1-A8WW-01A-11D-A376-01	TCGA-EJ-A65M-01A-11D-A323-01	TCGA-CH-5752-01A-11D-1574-01	TCGA-EJ-8474-01A-11D-2391-01	TCGA-HC-8258-01A-11D-2259-01	TCGA-CH-5750-01A-11D-1574-01	TCGA-KK-A6E1-01A-11D-A30W-01	TCGA-KK-A59Z-01A-12D-A26L-01	TCGA-J4-A67R-01A-21D-A30D-01	TCGA-J9-A8CM-01A-11D-A34T-01	TCGA-EJ-5506-01A-01D-1574-01	TCGA-EJ-5494-01A-01D-1574-01	TCGA-G9-6385-01A-11D-1785-01	TCGA-EJ-7788-01A-11D-2112-01	TCGA-VP-AA1N-01A-31D-A41J-01	TCGA-EJ-5530-01A-01D-1574-01	TCGA-HC-7818-01A-11D-2112-01	TCGA-HC-7211-01A-11D-2112-01	TCGA-H9-7775-01A-11D-2112-01	TCGA-HC-8261-01A-11D-2259-01	TCGA-HC-A6HX-01A-11D-A31K-01	TCGA-G9-7510-01A-11D-2259-01	TCGA-EJ-A7NF-01A-11D-A33S-01	TCGA-KK-A7AY-01A-11D-A33S-01	TCGA-FC-A5OB-01A-11D-A323-01	TCGA-J4-AATV-01A-11D-A41J-01	TCGA-EJ-5511-01A-01D-1574-01	TCGA-HC-8262-01A-11D-2259-01	TCGA-KC-A7F6-01A-11D-A33S-01	TCGA-M7-A725-01A-12D-A32A-01	TCGA-V1-A9OL-01A-11D-A41J-01	TCGA-G9-6336-01A-11D-1785-01	TCGA-XJ-A9DK-01A-11D-A376-01	TCGA-ZG-A9L2-01A-31D-A41J-01	TCGA-V1-A8ML-01A-11D-A376-01	TCGA-V1-A8X3-01A-11D-A376-01	TCGA-EJ-5498-01A-01D-1574-01	TCGA-VP-A87C-01A-11D-A34T-01	TCGA-KK-A8I5-01A-11D-A363-01	TCGA-KK-A8IB-01A-11D-A363-01	TCGA-FC-A66V-01A-21D-A30D-01	TCGA-G9-7509-01A-11D-A41J-01	TCGA-G9-6348-01A-11D-1785-01	TCGA-V1-A8WV-01A-11D-A376-01	TCGA-KK-A6E8-01A-11D-A31K-01	TCGA-EJ-A65G-01A-21D-A323-01	TCGA-2A-AAYO-01A-11D-A41J-01	TCGA-CH-5767-01A-11D-1785-01	TCGA-EJ-A65D-01A-11D-A30D-01	TCGA-KK-A8IJ-01A-11D-A34T-01	TCGA-2A-A8VT-01A-11D-A376-01	TCGA-EJ-5495-01A-01D-1574-01	TCGA-MG-AAMC-01A-11D-A41J-01	TCGA-QU-A6IP-01A-11D-A31K-01	TCGA-ZG-A9M4-01A-11D-A41J-01	TCGA-HC-7078-01A-11D-2112-01	TCGA-HC-7752-01A-11D-2112-01	TCGA-G9-6384-01A-11D-1785-01	TCGA-G9-6329-01A-13D-1959-01	TCGA-HC-7820-01A-11D-2112-01	TCGA-CH-5769-01A-11D-1574-01	TCGA-CH-5794-01A-11D-1574-01	TCGA-V1-A8MU-01A-11D-A376-01	TCGA-FC-7961-01A-11D-A323-01	TCGA-2A-AAYU-01A-11D-A41J-01	TCGA-VN-A88Q-01A-11D-A34T-01	TCGA-EJ-5503-01A-01D-1574-01	TCGA-G9-6353-01A-11D-1959-01	TCGA-EJ-5508-01A-02D-1574-01	TCGA-EJ-5512-01A-01D-1574-01	TCGA-XJ-A83G-01A-11D-A34T-01	TCGA-EJ-5527-01A-01D-1574-01	TCGA-VN-A88I-01A-11D-A34T-01	TCGA-ZG-A9L4-01A-11D-A41J-01	TCGA-G9-7521-01A-11D-2259-01	TCGA-YL-A9WL-01A-11D-A41J-01	TCGA-EJ-5521-01A-01D-1574-01	TCGA-HC-7232-01A-11D-2112-01	TCGA-YL-A9WY-01A-11D-A41J-01	TCGA-V1-A8WN-01A-11D-A376-01	TCGA-EJ-7793-01A-31D-2259-01	TCGA-VP-A87E-01A-31D-A34T-01	TCGA-HC-A631-01A-11D-A323-01	TCGA-QU-A6IL-01A-11D-A31K-01	TCGA-EJ-5504-01A-01D-1574-01	TCGA-EJ-A65B-01A-12D-A30D-01	TCGA-EJ-7327-01A-11D-2112-01	TCGA-VN-A88N-01A-11D-A363-01	TCGA-J4-A6M7-01A-11D-A31K-01	TCGA-XK-AAJU-01A-11D-A41J-01	TCGA-EJ-5526-01A-01D-1574-01	TCGA-ZG-A9LB-01A-11D-A41J-01	TCGA-G9-7525-01A-31D-2259-01	TCGA-V1-A8MJ-01A-11D-A363-01	TCGA-FC-A6HD-01A-11D-A31K-01	TCGA-EJ-7797-01A-11D-2259-01	TCGA-VN-A88R-01A-11D-A363-01	TCGA-HC-8266-01A-11D-2259-01	TCGA-G9-6370-01A-11D-1785-01	TCGA-XK-AAJT-01A-11D-A41J-01	TCGA-EJ-5497-01A-02D-1574-01	TCGA-CH-5763-01A-11D-1574-01	TCGA-HC-8265-01A-11D-2259-01	TCGA-KK-A8IA-01A-11D-A363-01	TCGA-HC-7230-01A-11D-2112-01	TCGA-J4-A83K-01A-11D-A34T-01	TCGA-KK-A8IM-01A-11D-A363-01	TCGA-EJ-A7NJ-01A-22D-A34T-01	TCGA-J4-A83M-01A-11D-A34T-01	TCGA-KK-A7B2-01A-12D-A32A-01	TCGA-EJ-5501-01A-01D-1574-01	TCGA-G9-7519-01A-11D-2259-01	TCGA-2A-A8VO-01A-11D-A376-01	TCGA-CH-5762-01A-11D-1574-01	TCGA-EJ-7791-01A-11D-2112-01	TCGA-KC-A4BL-01A-31D-A256-01	TCGA-HC-8259-01A-11D-2259-01	TCGA-CH-5772-01A-11D-1574-01	TCGA-KC-A4BN-01A-61D-A256-01	TCGA-V1-A9O7-01A-21D-A41J-01	TCGA-V1-A9OY-01A-11D-A41J-01	TCGA-V1-A9O5-01A-11D-A41J-01	TCGA-EJ-A7NM-01A-21D-A33S-01	TCGA-KK-A6E6-01A-11D-A30W-01	TCGA-CH-5790-01A-11D-1574-01	TCGA-HC-8213-01A-11D-A323-01	TCGA-ZG-A9LS-01A-12D-A41J-01	TCGA-ZG-A9L6-01A-11D-A41J-01	TCGA-J4-8200-01A-11D-A323-01	TCGA-VN-A88P-01A-11D-A34T-01	TCGA-H9-A6BX-01A-31D-A30W-01	TCGA-V1-A8WS-01A-11D-A376-01	TCGA-SU-A7E7-01A-22D-A33S-01	TCGA-KK-A6E3-01A-21D-A30D-01	TCGA-G9-6377-01A-11D-1959-01	TCGA-G9-6361-01A-21D-1959-01	TCGA-EJ-A65F-01A-21D-A30W-01	TCGA-ZG-A9MC-01A-31D-A41J-01	TCGA-G9-7522-01A-11D-2259-01	TCGA-KC-A7F3-01A-21D-A33S-01	TCGA-KC-A7FD-01A-11D-A33S-01	TCGA-VN-A88L-01A-11D-A34T-01	TCGA-HC-7077-01A-11D-1959-01	TCGA-G9-7523-01A-11D-2259-01	TCGA-VN-A943-01A-11D-A41J-01	TCGA-V1-A8MM-01A-11D-A376-01	TCGA-KC-A4BO-01A-61D-A256-01	TCGA-KK-A59V-01A-11D-A323-01	TCGA-G9-6367-01A-11D-1785-01	TCGA-J4-8198-01A-11D-2259-01	TCGA-J4-A67S-01A-11D-A30D-01	TCGA-TP-A8TT-01A-12D-A41J-01	TCGA-XK-AAJR-01A-11D-A41J-01	TCGA-YL-A9WX-01A-21D-A41J-01	TCGA-V1-A9OA-01A-11D-A41J-01	TCGA-Y6-A8TL-01A-21D-A376-01	TCGA-KC-A4BV-01A-31D-A26L-01	TCGA-CH-5745-01A-11D-1574-01	TCGA-EJ-5532-01A-01D-1574-01	TCGA-YL-A9WK-01A-11D-A376-01	TCGA-G9-6363-01A-21D-1785-01	TCGA-HC-A8CY-01A-11D-A363-01	TCGA-EJ-AB27-01A-11D-A41J-01	TCGA-G9-6498-01A-12D-A30W-01	TCGA-Y6-A9XI-01A-11D-A41J-01	TCGA-HC-A9TE-01A-11D-A41J-01	TCGA-KK-A8II-01A-11D-A363-01	TCGA-G9-6339-01A-12D-A30W-01	TCGA-KK-A6E0-01A-11D-A30W-01	TCGA-G9-6496-01A-11D-1785-01	TCGA-J4-A67M-01A-11D-A30D-01	TCGA-KK-A7AZ-01A-12D-A32A-01	TCGA-EJ-7317-01A-31D-2112-01	TCGA-V1-A9ZK-01A-11D-A41J-01	TCGA-KK-A7B1-01A-11D-A32A-01	TCGA-FC-A8O0-01A-41D-A376-01	TCGA-EJ-7321-01A-31D-2259-01	TCGA-VP-A879-01A-11D-A34T-01	TCGA-G9-6378-01A-11D-1785-01	TCGA-M7-A71Y-01A-22D-A32A-01	TCGA-CH-5748-01A-11D-1574-01	TCGA-EJ-7123-01A-11D-1959-01	TCGA-CH-5764-01A-21D-1574-01	TCGA-J4-A6G3-01A-11D-A30W-01	TCGA-J4-A83N-01A-11D-A34T-01	TCGA-G9-6499-01A-12D-1959-01	TCGA-YL-A8SB-01A-31D-A376-01	TCGA-HC-A632-01A-11D-A323-01	TCGA-XK-AAIR-01A-11D-A41J-01	TCGA-HC-A6AS-01A-11D-A30D-01	TCGA-EJ-A7NH-01A-12D-A33S-01	TCGA-G9-6342-01A-11D-1959-01	TCGA-HC-A6AP-01A-11D-A30D-01	TCGA-ZG-A9NI-01A-11D-A41J-01	TCGA-ZG-A9LN-01A-11D-A41J-01	TCGA-G9-A9S0-01A-11D-A41J-01	TCGA-EJ-7782-01A-11D-2112-01	TCGA-EJ-A8FO-01A-21D-A363-01	TCGA-J4-A67Q-01A-21D-A30D-01	TCGA-VP-A87B-01A-11D-A34T-01	TCGA-XK-AAIW-01A-11D-A41J-01	TCGA-G9-6494-01A-11D-1785-01	TCGA-EJ-8468-01A-21D-2391-01	TCGA-ZG-A9L1-01A-11D-A41J-01	TCGA-EJ-A8FP-01A-21D-A363-01	TCGA-EJ-A46F-01A-31D-A256-01	TCGA-V1-A9OX-01A-11D-A41J-01	TCGA-KK-A6E5-01A-11D-A30W-01	TCGA-HC-A76X-01A-11D-A33S-01	TCGA-EJ-7783-01A-11D-2112-01	TCGA-G9-6356-01A-11D-1785-01	TCGA-HC-8260-01A-11D-2259-01	TCGA-V1-A9Z9-01A-21D-A41J-01	TCGA-XK-AAIV-01A-11D-A41J-01	TCGA-V1-A9OQ-01A-11D-A41J-01	TCGA-KK-A8I7-01A-21D-A363-01	TCGA-YL-A9WJ-01A-11D-A376-01	TCGA-HI-7169-01A-11D-2112-01	TCGA-EJ-5509-01A-01D-1574-01	TCGA-2A-A8VV-01A-11D-A376-01	TCGA-CH-5739-01A-11D-1574-01	TCGA-HC-7737-01A-11D-2112-01	TCGA-EJ-AB20-01A-12D-A41J-01	TCGA-CH-5792-01A-11D-1574-01	TCGA-HC-A6HY-01A-11D-A31K-01	TCGA-YL-A8HK-01A-11D-A363-01	TCGA-V1-A9ZI-01A-11D-A41J-01	TCGA-M7-A720-01A-12D-A32A-01	TCGA-XQ-A8TB-01A-11D-A363-01	TCGA-4L-AA1F-01A-11D-A41J-01	TCGA-VP-A87J-01A-11D-A34T-01	TCGA-ZG-A9LU-01A-11D-A41J-01	TCGA-G9-6354-01A-11D-A30W-01	TCGA-EJ-5496-01A-01D-1574-01	TCGA-M7-A722-01A-12D-A363-01	TCGA-HC-A6AQ-01A-11D-A30D-01	TCGA-HC-A6AN-01A-11D-A30D-01	TCGA-J4-A67O-01A-11D-A30D-01	TCGA-EJ-A6RA-01A-11D-A33S-01	TCGA-HC-A9TH-01A-11D-A41J-01	TCGA-CH-5771-01A-21D-1574-01	TCGA-EJ-7328-01A-31D-2112-01	TCGA-EJ-7784-01A-11D-2112-01	TCGA-X4-A8KS-01A-12D-A363-01	TCGA-V1-A8MF-01A-11D-A363-01	TCGA-J4-A83I-01A-11D-A363-01	TCGA-HC-7075-01A-11D-1959-01	TCGA-CH-5746-01A-11D-1574-01	TCGA-XJ-A83H-01A-11D-A34T-01	TCGA-KK-A8I6-01A-11D-A363-01	TCGA-KK-A8IC-01A-11D-A363-01	TCGA-CH-5765-01A-11D-1574-01	TCGA-J4-A83L-01A-11D-A34T-01	TCGA-HC-7819-01A-11D-2112-01	TCGA-G9-6371-01A-11D-1785-01	TCGA-ZG-A8QZ-01A-11D-A376-01	TCGA-V1-A9ZG-01A-11D-A41J-01	TCGA-G9-6369-01A-21D-1959-01	TCGA-G9-6366-01A-11D-2112-01	TCGA-M7-A723-01A-12D-A32A-01	TCGA-HC-A6AL-01A-11D-A30D-01	TCGA-HC-7233-01A-11D-2112-01	TCGA-VN-A88O-01A-11D-A34T-01	TCGA-ZG-A9L5-01A-12D-A41J-01	TCGA-J9-A8CK-01A-11D-A34T-01	TCGA-YL-A8HM-01A-11D-A363-01	TCGA-ZG-A8QW-01A-11D-A376-01	TCGA-EJ-A8FN-01A-11D-A34T-01	TCGA-J4-AAU2-01A-11D-A41J-01	TCGA-G9-6362-01A-11D-1785-01	TCGA-V1-A9O9-01A-11D-A41J-01	TCGA-KK-A7AP-01A-12D-A33S-01	TCGA-CH-5768-01A-11D-1574-01	TCGA-V1-A8WL-01A-11D-A376-01	TCGA-G9-6351-01A-21D-1959-01	TCGA-J4-A6G1-01A-11D-A30W-01	TCGA-EJ-5499-01A-01D-1574-01	TCGA-YL-A8SF-01A-11D-A376-01	TCGA-YL-A8HL-01A-11D-A363-01	
Amplification Peak  1	1q22    	chr1:155159139-155317730(probes 71335:71405)  	chr1:155159198-155269669(probes 71336:71372)  	chr1:153028503-155590144(probes 70240:71512)  	0.0034928	  0.0034928		0: t<0.1; 1: 0.1<t< 0.9; 2: t>0.9	0	0	0	0	0	0	0	0	0	0	0	0	0	0	0	0	0	0	0	0	0	1	0	0	0	0	0	0	0	0	0	0	0	0	0	0	0	0	0	0	0	0	0	0	0	0	0	0	0	0	0	1	0	0	1	0	1	0	1	0	0	0	0	1	0	0	0	0	0	0	0	0	0	0	0	0	0	0	0	0	0	0	0	0	0	1	0	0	0	0	0	0	0	0	0	1	0	0	0	0	0	0	0	0	0	0	0	0	0	0	0	1	2	0	0	0	0	1	0	0	0	0	0	0	0	0	0	0	0	0	0	0	0	0	0	0	0	0	0	0	0	0	0	0	0	1	0	0	1	0	0	0	0	0	1	0	0	0	1	0	0	0	0	0	0	1	0	0	0	0	0	0	0	0	1	0	0	0	0	0	0	0	0	0	0	0	0	0	0	0	0	0	0	0	0	0	0	0	0	0	0	0	0	0	0	0	0	0	1	0	1	0	0	0	0	0	0	0	0	1	0	0	1	0	0	0	0	0	0	0	0	0	0	0	0	0	0	0	0	0	0	0	0	0	0	0	0	1	0	0	0	0	0	0	0	0	0	0	0	0	0	0	0	0	1	0	2	1	0	0	0	2	0	0	0	0	0	0	0	0	0	0	0	0	0	0	0	0	0	0	0	0	0	0	0	0	0	0	0	0	0	0	0	0	0	1	0	0	0	0	1	0	0	0	0	0	0	0	0	0	0	0	0	0	0	0	0	0	0	0	1	0	0	0	0	0	0	0	1	1	0	0	0	0	0	0	0	0	0	0	0	0	0	0	0	0	0	0	1	0	0	0	0	0	0	0	0	0	0	0	0	0	0	0	0	0	1	0	0	0	0	0	0	0	0	0	0	1	0	0	0	0	0	0	0	0	0	0	0	0	0	0	0	1	0	0	0	0	1	0	1	0	0	0	1	0	0	0	0	0	0	0	0	0	
Amplification Peak  2	1q44    	chr1:241696251-244691748(probes 127899:129637)	chr1:243862698-243960088(probes 129221:129272)	chr1:243396022-243995249(probes 128852:129294)	0.096084	   0.096084		0: t<0.1; 1: 0.1<t< 0.9; 2: t>0.9	0	0	0	0	0	0	0	0	0	0	0	0	0	0	0	0	2	0	0	0	0	0	0	0	0	0	0	0	0	0	0	0	0	0	0	0	0	0	0	0	0	0	0	0	0	0	0	0	0	0	0	0	0	0	0	0	0	0	1	0	0	0	0	0	0	0	0	0	0	0	0	0	0	0	0	0	0	0	0	0	0	0	0	0	0	0	0	0	0	0	0	0	0	0	0	1	0	0	0	0	0	0	0	0	0	0	0	0	0	0	0	1	0	0	0	0	0	1	0	0	0	0	0	0	0	0	0	0	0	0	0	0	0	0	1	0	0	0	0	0	0	0	0	0	0	1	0	0	0	0	0	0	0	0	0	0	0	0	1	0	0	0	0	0	0	0	0	0	0	0	0	0	0	0	1	0	0	0	0	0	0	0	0	0	0	0	0	0	1	0	0	0	0	0	0	0	0	0	0	1	0	0	0	0	0	0	0	0	1	0	1	0	0	0	0	0	0	0	0	0	0	0	0	0	0	0	0	0	0	0	0	0	0	0	0	0	0	0	0	0	0	0	0	0	0	0	0	2	0	0	0	0	0	0	0	0	0	0	0	0	0	0	0	0	1	0	1	1	0	0	0	0	0	0	0	0	0	0	0	0	0	1	0	0	0	0	0	0	0	0	0	0	0	0	0	0	1	0	0	0	0	0	0	0	0	0	0	0	0	0	0	0	0	0	0	0	0	0	0	0	0	0	0	0	0	0	0	0	0	0	0	0	0	2	0	0	0	0	1	1	0	0	0	0	0	0	0	0	0	0	0	0	0	0	0	0	0	0	1	0	0	0	0	0	0	0	0	0	0	0	0	0	0	0	0	0	1	0	0	0	0	0	0	0	0	0	0	1	0	0	0	0	0	0	0	0	0	0	0	0	0	0	0	0	0	0	0	0	1	0	1	0	0	0	1	0	0	0	0	0	0	0	0	0	
Amplification Peak  3	3q11.2  	chr3:97790018-98272199(probes 317968:318243)    	chr3:97823228-98068100(probes 317981:318138)    	chr3:97823228-98069004(probes 317981:318141)    	0.24211	    0.24211		0: t<0.1; 1: 0.1<t< 0.9; 2: t>0.9	0	0	0	0	0	0	0	0	0	0	1	0	0	0	0	0	0	0	0	0	0	0	0	0	0	0	0	0	0	0	0	0	0	0	1	0	0	0	0	1	0	0	0	0	0	0	1	0	0	0	0	0	0	0	1	0	0	0	0	0	0	0	0	0	0	0	0	0	0	0	0	0	0	0	0	0	0	1	0	0	0	0	0	0	0	0	0	0	0	0	0	0	0	0	0	0	0	1	1	0	0	0	0	0	0	0	0	0	0	0	0	0	0	0	0	0	1	0	0	1	1	0	0	0	0	1	0	0	0	0	0	0	0	0	0	0	0	0	0	0	0	0	0	0	0	1	2	0	0	0	0	0	2	0	0	0	0	0	0	0	0	0	0	0	0	0	0	0	0	0	0	0	0	0	0	0	0	0	0	0	0	0	0	0	1	0	0	0	0	0	0	0	0	0	0	0	0	0	0	0	0	0	0	0	0	0	0	0	1	0	0	0	0	0	0	1	0	0	0	0	0	0	0	0	0	0	0	1	0	0	0	0	0	0	0	0	1	0	0	0	0	0	0	0	0	0	0	1	1	0	0	0	0	0	0	0	0	0	0	0	0	0	0	0	0	0	0	0	0	0	0	0	0	0	0	0	0	0	0	0	0	0	0	0	0	0	0	0	0	0	0	0	0	0	0	0	0	0	0	0	0	0	0	0	0	1	0	0	0	0	1	1	0	0	1	0	0	0	0	0	0	0	0	0	0	0	0	0	0	0	1	0	1	0	1	0	0	0	0	1	1	1	0	0	0	0	0	0	0	0	0	0	0	0	0	0	0	0	1	0	0	0	0	0	0	0	0	0	0	0	0	1	0	0	1	0	0	0	0	1	0	0	0	0	0	1	0	0	0	0	0	0	0	0	0	0	0	0	0	0	0	0	0	0	0	0	0	0	1	0	0	0	0	0	0	0	0	0	0	0	0	0	0	0	
Amplification Peak  4	3q21.3  	chr3:128156179-128632210(probes 335654:335918)	chr3:128156532-128532690(probes 335655:335904)	chr3:127988373-128706905(probes 335571:335934)	0.014424	    0.08001		0: t<0.1; 1: 0.1<t< 0.9; 2: t>0.9	0	0	0	0	0	0	0	0	0	0	1	0	0	0	0	0	0	0	0	0	0	0	0	0	0	0	0	0	0	0	0	0	0	0	1	0	0	0	0	1	0	0	0	0	1	0	1	1	0	0	0	0	1	0	1	0	0	0	0	0	0	1	0	0	1	0	0	0	0	0	0	0	0	0	0	0	0	0	1	0	0	0	0	0	0	0	0	0	0	0	0	1	0	0	0	1	0	1	1	0	0	0	2	0	0	0	0	0	0	0	0	0	0	0	0	0	1	0	0	1	0	0	0	0	1	1	0	0	0	0	0	0	0	0	1	0	0	0	0	0	0	0	0	0	1	1	1	0	0	0	0	2	0	0	0	0	0	0	0	0	0	0	0	0	0	0	0	0	0	0	0	0	0	0	0	0	0	0	1	0	0	0	0	0	1	0	0	0	1	0	0	0	0	0	0	0	0	0	0	0	0	0	0	0	0	0	0	0	1	0	0	0	0	0	0	1	1	0	0	1	0	1	0	0	0	0	0	1	0	0	0	0	0	0	0	0	1	0	0	0	0	2	0	0	0	0	0	2	1	0	0	0	0	0	0	0	0	0	0	0	0	0	0	0	1	0	0	0	0	0	0	0	0	1	0	0	0	0	0	0	0	1	1	0	0	0	0	0	0	0	0	0	0	0	0	0	0	0	0	0	0	0	0	0	0	1	1	0	0	0	1	1	0	0	0	0	0	0	0	0	0	0	0	0	0	0	0	0	0	0	1	0	1	0	1	0	0	1	1	1	1	1	0	0	0	0	0	1	0	0	0	0	0	0	0	0	0	0	1	0	0	1	0	0	0	0	0	0	0	0	0	0	0	0	1	0	0	0	0	0	0	0	0	0	0	1	0	0	1	0	0	0	0	0	0	1	0	0	1	0	0	0	0	0	0	0	0	0	1	0	2	0	0	0	0	0	0	0	0	0	0	0	0	0	
Amplification Peak  5	3q21.3  	chr3:129424235-129447533(probes 336254:336266)	chr3:129424467-129445678(probes 336255:336265)	chr3:128990656-130166831(probes 336095:336538)	0.017124	   0.096907		0: t<0.1; 1: 0.1<t< 0.9; 2: t>0.9	0	0	0	0	0	0	0	0	0	0	1	0	0	0	0	0	0	0	0	0	0	0	0	0	0	0	0	0	0	0	0	0	0	0	1	0	0	0	0	1	0	0	0	0	1	0	1	1	0	0	0	0	1	0	1	0	0	0	0	0	0	1	0	0	1	0	0	0	0	0	0	0	0	0	0	0	0	1	1	0	0	0	0	0	0	0	0	0	0	0	0	1	0	0	0	1	0	1	1	0	0	0	2	0	0	0	0	0	0	0	0	0	0	0	0	0	1	0	0	1	0	0	0	0	1	1	0	0	0	0	0	0	0	0	1	0	0	0	0	0	0	0	0	0	1	1	1	0	0	0	0	2	0	0	0	0	0	0	0	0	0	0	0	0	0	0	0	0	0	0	0	0	0	0	0	1	0	0	1	0	0	0	0	0	1	0	0	0	1	0	0	0	0	0	0	0	0	0	0	0	0	0	0	0	0	0	0	0	1	0	0	0	0	0	0	1	1	0	0	1	0	1	0	0	0	0	0	1	0	0	0	0	0	0	0	0	1	0	0	0	0	1	0	0	0	0	0	1	1	0	0	0	0	0	0	0	0	0	0	0	0	0	0	0	1	0	0	0	0	0	0	0	0	1	0	0	0	0	0	0	0	1	1	0	0	0	0	0	0	0	0	0	0	0	0	0	0	0	0	0	0	0	0	0	0	1	1	0	0	0	1	1	0	0	0	0	0	0	0	0	0	0	0	0	0	0	0	0	0	0	1	0	1	0	1	0	0	1	1	1	1	1	0	0	0	0	0	1	0	0	0	0	0	0	0	0	0	0	1	0	0	1	0	0	0	0	0	0	0	0	0	0	0	0	1	0	0	0	0	0	0	0	0	0	0	1	0	0	1	0	0	0	0	0	0	1	0	0	1	0	0	0	0	0	0	0	0	0	1	0	0	0	0	0	0	0	0	0	0	0	0	0	0	0	
Amplification Peak  6	3q26.2  	chr3:169915972-170050612(probes 357825:357912)	chr3:169917129-169965483(probes 357826:357858)	chr3:168591470-172794743(probes 356966:359418)	0.00035773	 0.00054885		0: t<0.1; 1: 0.1<t< 0.9; 2: t>0.9	1	1	0	0	0	0	0	0	2	0	1	0	0	0	0	0	0	0	0	0	0	0	0	0	0	0	0	0	0	0	0	0	0	0	1	0	0	0	0	1	0	0	0	1	1	0	1	0	0	0	0	0	1	0	1	0	0	0	0	0	0	1	0	0	1	0	0	0	0	0	1	0	0	0	0	0	0	0	1	0	0	0	1	0	0	0	0	0	0	0	0	1	0	0	0	1	0	1	1	0	0	0	2	0	0	0	0	0	0	0	0	0	2	0	0	0	1	0	0	1	0	0	0	0	1	1	0	0	0	0	0	0	0	0	1	0	0	0	0	0	0	0	0	0	1	1	1	0	0	0	0	1	0	0	1	0	0	0	0	0	0	0	2	0	0	0	0	0	0	0	0	0	0	0	0	0	0	0	1	0	0	0	0	0	0	0	0	0	0	0	0	0	0	0	0	0	0	0	0	0	0	0	0	0	0	0	0	1	1	0	0	0	0	0	0	1	1	0	0	1	0	1	0	0	0	0	0	1	0	0	0	0	0	0	0	0	1	0	0	0	0	1	0	0	1	2	0	0	1	0	0	0	0	0	0	0	0	0	0	0	0	0	0	0	1	0	1	0	0	0	0	0	0	2	0	0	0	0	0	0	0	0	1	0	0	0	0	0	0	0	0	0	0	0	0	0	0	0	0	0	0	0	0	0	0	1	1	0	0	0	1	1	0	0	0	0	0	0	0	0	0	0	0	0	1	0	0	0	0	0	1	0	0	0	1	0	0	1	1	1	1	1	0	0	0	0	0	1	0	0	0	0	0	0	0	0	0	0	1	0	0	1	0	1	0	1	0	0	0	0	0	0	0	0	1	0	0	0	0	0	0	0	0	0	0	1	0	0	1	0	0	0	0	0	0	1	0	0	2	0	0	0	0	1	0	0	0	0	1	0	0	0	0	0	0	0	0	0	0	0	0	0	0	0	
Amplification Peak  7	4q13.3  	chr4:73026719-73353524(probes 412772:412899)    	chr4:73027521-73212734(probes 412773:412845)    	chr4:72524293-73367647(probes 412423:412901)    	0.039568	    0.10452		0: t<0.1; 1: 0.1<t< 0.9; 2: t>0.9	0	0	0	0	0	0	0	0	0	0	1	0	0	0	0	0	0	0	0	0	0	0	0	0	0	0	0	0	0	0	0	0	0	0	0	0	0	0	0	0	0	0	0	0	0	0	0	0	0	0	0	0	0	0	0	0	0	0	0	0	0	1	0	0	0	0	0	0	0	0	0	0	0	0	0	0	0	0	0	0	0	0	0	0	0	1	0	0	0	0	0	0	0	0	0	0	0	0	0	0	0	0	0	0	0	0	0	0	0	0	0	1	1	0	0	0	0	0	0	0	0	0	0	0	0	0	0	0	0	0	0	0	0	0	0	0	0	0	0	0	0	0	0	0	0	0	0	0	0	0	0	2	0	0	0	0	0	0	0	0	0	0	0	0	0	1	0	0	0	0	0	0	0	0	0	0	0	0	0	0	0	0	0	0	0	0	0	0	1	0	0	0	0	0	0	0	0	0	0	0	0	0	0	0	0	0	0	0	0	0	0	0	0	0	0	0	0	0	0	0	0	0	0	0	0	0	0	0	0	0	0	0	1	0	0	0	0	0	0	0	0	0	1	0	2	0	0	1	1	0	0	0	0	0	0	0	0	0	0	0	0	0	0	0	0	0	0	0	0	0	0	1	0	0	0	0	0	0	0	0	0	0	0	0	0	0	0	0	0	0	0	0	0	0	0	0	0	0	0	0	0	0	0	0	0	0	0	0	0	0	0	0	0	0	0	0	0	0	0	0	0	0	0	0	0	0	0	0	0	0	0	0	0	0	0	0	0	0	0	1	0	0	0	0	0	0	0	0	0	0	0	0	0	0	0	0	0	0	0	0	0	0	0	0	0	0	0	0	0	0	1	0	0	0	1	0	0	0	0	0	0	0	0	0	0	0	0	0	0	0	0	0	0	0	0	0	0	0	0	0	0	0	0	0	0	1	0	0	0	0	0	0	0	0	0	0	0	0	0	0	0	0	0	0	
Amplification Peak  8	4q22.1  	chr4:90046016-90373266(probes 423118:423324)    	chr4:90222577-90300301(probes 423206:423274)    	chr4:89655813-90727483(probes 422940:423494)    	0.014793	   0.037738		0: t<0.1; 1: 0.1<t< 0.9; 2: t>0.9	0	0	0	0	0	0	0	0	0	0	1	0	0	0	0	0	0	0	0	0	0	0	0	0	0	0	0	0	0	0	0	0	0	0	0	0	0	0	0	1	0	0	0	0	1	0	0	0	0	0	0	0	1	0	0	0	0	1	0	0	0	1	0	0	0	0	0	0	0	0	0	0	0	0	0	0	0	0	1	0	0	0	1	0	0	1	0	0	0	0	0	0	0	0	0	0	0	0	0	0	1	0	1	0	0	0	0	0	0	0	0	1	0	0	0	0	0	0	0	0	0	0	0	0	0	0	0	0	0	0	0	0	0	0	0	0	0	0	0	0	0	0	0	0	0	0	0	0	0	0	0	0	1	0	0	0	0	0	0	0	0	0	0	0	0	0	0	0	0	0	0	0	0	0	0	0	0	0	0	0	0	0	0	0	0	0	0	0	1	0	0	0	0	0	0	0	0	0	0	0	0	1	0	0	0	0	0	0	0	1	0	0	0	0	0	0	0	0	0	0	0	0	0	0	0	0	0	0	0	0	0	0	0	0	0	0	0	0	0	0	0	0	0	0	2	0	0	0	1	0	0	0	0	0	0	0	0	0	0	0	0	0	0	0	0	0	0	0	0	0	0	1	0	0	0	0	0	0	0	0	0	0	0	0	0	0	0	0	0	0	0	0	0	0	0	0	0	0	0	0	1	0	0	0	0	0	0	0	0	0	0	0	0	0	0	0	0	0	0	0	0	0	0	0	0	0	0	0	0	0	0	0	0	0	0	0	0	0	0	0	0	0	0	0	0	0	0	0	1	0	0	0	0	0	0	0	0	0	0	0	0	0	0	0	0	0	0	0	0	0	0	0	0	0	1	0	0	0	0	0	0	0	0	0	1	0	0	0	0	0	0	0	0	0	0	0	0	0	0	0	0	0	0	0	0	1	0	0	1	0	0	0	0	0	0	0	0	0	0	0	0	0	0	0	
Amplification Peak  9	5q35.3  	chr5:156146527-181538259(probes 563322:578670)	chr5:180267179-180299392(probes 578408:578425)	chr5:180081183-180334768(probes 578307:578456)	0.12441	    0.12441		0: t<0.1; 1: 0.1<t< 0.9; 2: t>0.9	0	0	0	0	0	0	0	0	0	0	0	0	0	0	0	0	0	0	0	0	0	0	0	0	0	0	0	0	0	0	0	0	0	0	0	0	0	0	0	0	0	0	0	0	0	0	1	0	0	0	0	0	0	0	1	0	0	0	1	0	0	1	0	0	0	0	0	0	0	2	0	0	0	0	0	0	0	0	0	0	0	0	0	0	0	0	0	0	0	0	0	0	0	0	0	0	0	0	0	0	0	0	0	0	0	0	0	0	0	0	0	1	2	0	0	0	0	1	0	0	0	0	0	0	0	0	0	0	0	0	1	0	0	0	0	0	0	0	0	0	0	0	0	0	0	0	0	0	0	0	0	0	1	0	1	0	0	0	0	0	0	0	0	0	0	0	0	0	0	0	0	0	0	0	0	0	0	0	0	0	0	0	0	0	1	0	0	0	0	0	0	0	0	0	0	0	0	0	0	0	0	0	0	0	0	0	0	0	0	0	0	0	0	0	0	0	0	0	0	0	0	1	0	0	0	0	0	0	0	0	0	0	0	0	0	0	0	0	1	0	0	0	0	0	0	0	0	1	0	0	0	0	0	0	1	0	0	0	0	0	0	0	0	0	0	0	0	0	0	0	0	0	0	0	0	0	0	0	0	0	0	0	0	0	0	0	0	0	0	0	0	0	0	0	0	0	0	0	0	0	0	0	0	0	0	0	0	0	0	0	0	0	0	0	0	0	0	0	0	0	0	0	0	0	0	0	0	0	0	0	1	0	0	0	0	0	0	0	1	0	0	0	0	0	0	0	0	0	0	0	0	0	0	0	0	0	0	0	0	0	0	0	0	0	0	0	0	0	0	0	0	0	0	0	0	0	0	0	0	0	0	0	0	0	0	0	0	0	0	0	0	0	0	0	0	0	0	0	0	0	1	0	0	0	0	0	0	0	0	0	0	0	0	0	0	0	1	0	0	0	0	0	0	0	
Amplification Peak 10	7p15.3  	chr7:18618819-38414054(probes 685865:698865)    	chr7:24939785-25015928(probes 689978:690038)    	chr7:24939785-25021620(probes 689978:690041)    	0.24211	    0.24211		0: t<0.1; 1: 0.1<t< 0.9; 2: t>0.9	0	1	0	0	0	0	0	0	0	0	2	0	0	0	1	0	0	0	0	0	0	0	0	1	0	0	0	1	0	0	1	0	0	0	1	0	0	0	0	1	0	0	0	0	0	0	1	0	0	0	0	0	0	0	0	0	0	0	2	0	0	2	0	0	0	0	0	0	0	0	0	0	0	2	0	0	1	0	1	0	0	0	0	0	0	0	0	0	0	0	1	0	0	0	1	0	1	1	1	0	0	0	0	1	0	0	1	2	0	0	0	1	0	0	0	0	0	0	0	0	0	1	1	0	0	1	0	0	0	0	2	0	0	0	1	0	0	0	0	0	0	0	1	0	2	1	1	0	0	0	0	0	2	0	0	0	1	0	0	1	0	0	0	0	1	0	0	0	1	0	0	0	0	1	0	0	0	0	0	0	0	0	0	0	1	0	0	0	1	1	0	0	0	0	0	0	2	0	0	0	1	0	0	0	0	0	0	0	1	0	0	0	0	0	0	0	0	0	0	0	0	0	0	0	0	0	0	1	0	0	0	0	0	0	0	0	1	0	0	0	0	0	0	0	0	0	0	1	1	0	0	0	0	0	0	0	0	0	1	0	0	0	1	0	1	0	0	0	0	0	0	0	0	0	1	0	0	0	0	1	0	0	0	0	0	0	0	0	1	0	0	0	0	0	1	0	0	0	0	0	0	0	0	0	1	0	0	0	1	0	1	0	0	0	2	0	0	0	0	0	0	0	0	0	0	0	0	0	0	0	1	1	0	0	0	1	0	1	1	0	0	0	0	0	2	0	0	0	1	0	1	1	0	0	0	0	1	0	0	0	0	0	0	1	0	0	0	1	0	0	0	1	0	0	1	0	0	0	0	0	0	0	0	0	0	1	0	2	0	0	0	0	0	1	0	0	0	0	0	1	0	0	0	1	0	1	0	0	0	0	1	0	1	0	0	0	1	1	1	0	0	0	1	0	
Amplification Peak 11	7q34    	chr7:142554532-142768622(probes 751085:751097)	chr7:142554631-142581255(probes 751086:751096)	chr7:142544397-142810691(probes 751084:751099)	0.00025725	 0.00025725		0: t<0.1; 1: 0.1<t< 0.9; 2: t>0.9	0	1	0	0	0	0	0	0	0	2	0	0	0	0	1	0	0	0	0	0	0	0	2	1	0	0	0	1	0	0	1	0	0	0	1	0	0	0	0	1	0	0	0	0	0	0	1	0	0	0	0	0	0	0	0	2	0	0	2	0	0	2	0	0	0	0	0	0	0	0	0	0	0	0	0	0	1	0	1	0	0	0	1	0	0	0	0	0	0	0	0	0	0	0	1	0	1	1	1	0	0	0	0	1	0	0	0	2	0	0	0	0	0	0	0	0	0	0	0	0	0	1	1	0	1	0	0	0	0	0	2	0	0	0	1	0	0	0	0	0	0	0	0	0	2	1	1	1	0	0	0	0	2	0	0	0	1	0	0	0	0	0	0	0	1	1	0	0	2	0	0	0	0	0	0	0	0	0	0	0	0	0	0	0	1	0	0	0	1	1	0	0	0	0	0	0	1	0	0	1	1	0	0	0	0	0	0	0	1	0	0	0	0	0	0	0	0	0	0	0	0	0	0	0	0	0	0	1	0	0	0	0	0	0	0	0	1	0	0	0	0	0	0	0	0	0	0	1	1	0	0	0	0	0	0	0	0	0	0	0	0	0	1	0	1	0	0	0	0	0	0	0	0	0	1	0	0	0	0	1	0	0	0	0	0	0	0	0	1	0	0	0	0	0	1	0	0	0	0	0	0	0	0	0	1	0	1	0	1	0	1	0	0	0	2	0	1	0	2	0	0	0	0	0	0	0	0	0	0	0	1	1	0	0	0	1	0	1	1	0	0	0	0	0	1	0	0	0	1	0	1	1	0	0	0	0	1	0	1	0	0	0	0	1	0	0	0	1	0	0	0	1	0	0	1	0	0	0	0	0	0	0	0	0	0	1	0	2	0	0	0	0	0	1	0	0	0	0	1	1	0	0	0	0	0	0	0	0	0	0	1	0	1	0	0	0	1	1	0	0	0	0	1	0	
Amplification Peak 12	8p12    	chr8:34830188-36708734(probes 780275:781084)    	chr8:35633357-36220822(probes 780642:780920)    	chr8:35325638-36713694(probes 780472:781086)    	0.12619	    0.16056		0: t<0.1; 1: 0.1<t< 0.9; 2: t>0.9	0	0	0	0	0	0	1	0	0	0	1	0	0	0	1	0	0	0	0	0	0	0	0	1	0	0	0	0	0	0	0	0	0	0	0	0	0	0	0	0	0	0	0	0	0	0	1	1	0	0	0	0	0	0	0	0	0	0	0	0	0	1	0	0	0	0	0	0	0	0	0	0	0	2	0	0	0	0	0	0	0	0	0	0	0	0	0	0	0	0	0	0	0	0	0	0	0	0	0	0	0	0	0	0	0	0	0	0	0	0	0	0	0	1	0	0	0	0	0	0	0	0	1	0	0	0	0	0	1	0	1	0	0	1	0	0	0	0	0	0	0	0	0	0	0	0	1	0	0	0	0	0	2	0	0	0	0	0	0	1	0	0	0	0	0	0	0	0	0	0	0	0	0	0	2	1	0	0	0	0	0	0	0	0	1	0	0	0	0	0	0	0	1	0	0	0	0	0	0	0	1	0	0	0	0	0	0	0	0	0	0	0	0	0	0	0	0	0	0	0	0	0	0	0	0	0	0	0	0	0	0	0	0	0	0	1	0	0	0	0	0	0	0	0	1	0	0	0	0	0	0	0	0	0	0	0	0	0	0	0	0	0	0	0	0	0	1	0	0	0	0	0	1	0	0	0	0	0	0	0	0	0	0	0	0	0	0	0	0	1	2	0	1	0	0	0	0	0	0	1	0	0	0	0	1	0	0	0	0	0	0	0	0	0	0	0	0	0	0	0	0	0	0	0	0	0	0	0	0	0	1	0	0	0	0	0	0	0	1	0	0	0	0	0	0	0	0	0	2	0	0	0	0	0	0	0	0	0	0	0	1	0	0	1	0	0	0	0	0	0	0	0	0	0	0	0	0	0	0	0	0	0	0	0	0	0	0	1	0	2	0	0	0	0	0	0	0	0	0	0	0	0	0	1	0	0	0	0	1	0	1	0	0	0	0	0	0	0	0	0	0	0	0	0	
Amplification Peak 13	8p11.22 	chr8:39194383-39280311(probes 782358:782395)    	chr8:39198189-39279031(probes 782359:782394)    	chr8:39198189-39540469(probes 782359:782435)    	0.045496	   0.063244		0: t<0.1; 1: 0.1<t< 0.9; 2: t>0.9	0	0	0	0	0	0	1	0	0	0	1	0	0	0	1	0	2	0	0	1	0	0	0	1	0	0	0	0	0	0	0	0	0	0	0	0	0	0	0	0	0	0	0	0	0	0	1	0	0	0	0	0	0	0	0	0	0	0	0	0	0	1	0	0	0	0	0	0	0	0	0	0	0	1	0	0	0	0	0	0	0	0	2	0	0	0	0	0	0	0	0	0	0	0	0	0	0	0	0	0	0	0	0	0	0	0	0	1	0	0	0	1	0	0	0	0	0	0	0	0	0	0	1	0	0	0	0	0	0	0	1	0	1	1	0	0	0	0	0	1	0	0	0	0	0	0	1	0	0	0	0	0	2	0	0	0	0	0	0	1	0	0	0	0	0	0	0	0	0	0	0	2	0	0	0	1	0	0	0	0	0	0	0	0	1	0	0	0	0	0	0	0	1	0	0	0	0	0	0	0	0	0	0	0	0	0	0	0	1	0	0	0	0	0	0	1	0	0	0	0	0	0	0	0	0	0	0	0	0	1	0	0	0	0	0	0	2	0	0	0	0	0	1	0	1	0	0	1	2	0	0	0	0	0	0	0	0	0	0	0	0	0	0	0	0	0	1	0	0	0	0	0	0	0	0	0	0	0	0	0	0	0	0	0	0	0	0	0	0	1	2	0	1	0	0	0	0	0	0	1	0	0	0	0	2	0	0	0	0	0	0	0	0	0	0	0	0	0	0	0	0	0	0	0	0	0	0	0	0	0	1	0	0	0	0	0	0	0	1	0	0	0	0	0	0	0	0	0	2	0	0	0	0	0	0	0	0	0	1	0	1	0	0	1	0	0	0	0	0	0	0	0	0	0	0	0	0	0	0	0	0	0	0	0	0	0	0	1	0	2	0	0	0	0	0	0	0	0	0	0	0	0	0	1	0	0	0	0	1	0	1	0	0	0	0	0	0	0	0	0	0	0	0	0	
Amplification Peak 14	8q11.21 	chr8:51268574-51294223(probes 786985:786995)    	chr8:51269285-51290319(probes 786986:786994)    	chr8:51269285-51375997(probes 786986:787048)    	0.13116	    0.16698		0: t<0.1; 1: 0.1<t< 0.9; 2: t>0.9	0	0	0	0	0	0	1	0	0	0	1	0	0	0	1	0	2	0	0	1	0	0	0	1	0	0	0	0	0	0	2	0	0	0	1	1	0	1	0	2	0	0	2	0	0	0	2	0	0	0	0	0	0	0	0	0	0	0	0	1	0	1	1	0	1	0	1	0	0	0	0	0	0	1	0	0	1	0	0	0	1	0	2	0	1	0	1	0	0	0	0	0	0	0	0	0	0	0	0	0	0	0	0	0	0	0	0	1	0	2	0	1	0	0	0	0	1	0	0	0	0	0	1	0	2	0	0	0	1	0	1	0	1	1	0	1	0	0	0	1	0	0	0	0	0	0	1	0	0	0	0	0	2	0	0	0	0	0	0	1	0	0	0	0	0	0	1	0	0	0	0	0	0	0	2	0	0	0	0	0	0	0	0	0	0	0	1	0	2	2	0	0	1	0	0	1	0	0	0	0	2	0	0	0	0	0	0	0	1	0	0	0	0	0	0	1	0	0	0	1	0	1	0	0	0	0	0	0	0	1	0	0	0	0	0	1	2	0	0	0	0	0	1	0	1	0	0	1	2	0	0	0	0	0	0	0	0	0	0	0	1	0	0	0	1	0	2	0	0	0	0	0	1	0	0	0	0	0	0	1	0	0	0	0	0	0	0	0	0	1	1	0	1	0	0	0	0	0	0	1	0	1	0	1	2	0	2	1	0	0	1	0	0	0	0	1	1	0	1	0	0	0	0	0	0	0	1	0	0	0	1	0	1	0	0	0	0	0	1	0	1	0	0	0	0	0	1	0	2	0	0	0	0	0	0	0	0	0	1	0	1	1	0	1	0	1	0	0	0	0	0	2	0	0	0	0	1	0	0	0	0	0	0	0	0	0	0	1	0	0	0	0	0	1	0	0	0	0	0	0	0	0	0	0	0	1	0	0	1	0	1	0	0	0	0	0	0	0	0	0	0	0	0	0	
Amplification Peak 15	8q11.23 	chr8:52825384-52896895(probes 787924:787971)    	chr8:52825474-52896541(probes 787925:787970)    	chr8:52825474-52897197(probes 787925:787973)    	0.17843	    0.21318		0: t<0.1; 1: 0.1<t< 0.9; 2: t>0.9	0	0	0	0	0	0	1	0	0	0	1	0	1	0	1	0	2	0	0	1	0	0	0	1	0	0	0	0	0	0	2	0	0	0	1	1	0	1	0	2	0	0	2	0	0	0	2	0	0	0	0	0	0	0	0	0	0	0	0	1	0	1	1	0	1	0	1	0	0	0	0	0	0	1	0	0	1	0	0	0	1	0	2	0	1	1	1	0	0	0	0	0	0	0	0	0	0	0	0	0	0	0	0	0	0	0	0	1	0	2	0	1	1	0	0	0	1	0	0	0	0	0	1	0	2	0	0	0	1	0	1	0	1	1	0	1	0	0	0	0	0	0	0	0	0	0	1	0	0	0	0	0	2	0	0	0	0	0	0	1	0	0	0	0	0	0	1	0	0	0	0	0	0	0	2	0	0	0	0	0	0	0	0	0	1	0	1	0	2	2	0	0	1	0	0	1	0	0	0	0	2	0	0	0	0	0	0	0	1	0	0	0	0	0	0	1	1	0	0	1	0	1	0	0	0	0	0	0	0	1	0	0	0	0	0	1	2	0	0	0	0	0	1	0	1	0	0	1	2	0	0	0	0	0	0	0	0	0	0	0	1	0	0	0	1	0	2	0	0	0	0	0	1	0	0	0	0	0	0	1	0	0	0	0	0	0	0	0	0	1	1	0	1	0	0	0	0	0	0	1	0	1	0	1	2	0	2	1	0	0	1	0	0	0	0	1	1	0	1	0	0	0	0	0	0	0	1	0	0	0	1	0	1	0	0	0	0	0	1	0	1	0	0	0	0	0	1	0	2	0	0	0	0	0	0	0	0	0	1	0	1	1	0	1	0	1	0	0	0	0	0	2	0	0	0	0	1	0	0	0	0	0	0	0	0	0	0	1	0	0	0	0	0	1	0	0	0	0	0	0	0	0	0	0	0	1	0	0	1	0	1	0	0	0	0	0	0	0	0	0	0	0	0	0	
Amplification Peak 16	8q21.13 	chr8:65927532-83062215(probes 795820:805784)    	chr8:75170587-75252899(probes 801449:801492)    	chr8:73226346-76595519(probes 800281:802266)    	0.061258	    0.12441		0: t<0.1; 1: 0.1<t< 0.9; 2: t>0.9	0	0	0	0	0	0	1	0	0	0	1	0	1	0	2	0	2	0	0	2	0	0	0	1	0	0	0	0	0	0	0	0	0	0	1	1	0	1	0	2	0	0	2	0	0	0	2	0	0	0	0	0	0	0	1	1	0	0	1	1	0	1	1	0	1	0	1	0	0	1	0	0	0	1	0	0	1	0	0	0	1	0	2	0	1	1	1	0	0	0	0	0	0	0	0	1	0	0	0	0	0	0	1	0	0	0	1	1	0	0	0	1	2	1	0	0	1	0	0	0	0	0	1	0	2	0	0	0	1	0	1	0	1	1	1	1	0	0	0	1	0	0	0	0	2	1	0	0	0	0	0	0	2	0	1	0	0	0	0	1	0	0	0	0	0	1	1	0	0	0	0	1	0	0	2	2	0	0	0	0	0	0	0	0	1	0	1	0	2	2	0	0	0	0	0	1	0	0	0	0	2	0	0	0	0	0	0	0	1	0	0	0	0	0	0	1	1	0	0	2	0	1	0	2	0	0	0	0	2	1	0	0	0	0	0	1	2	0	0	0	0	0	1	0	1	0	0	1	2	0	0	0	0	0	0	0	0	0	0	0	1	0	0	0	1	0	2	1	0	0	0	1	1	0	1	0	0	0	0	1	0	0	0	0	0	0	0	0	0	1	2	0	1	0	0	0	0	0	0	1	0	1	0	1	2	0	2	1	0	0	1	0	0	0	0	1	1	0	0	0	0	0	0	0	0	0	1	0	0	0	1	0	1	0	0	0	0	0	2	0	1	0	0	0	1	0	1	0	2	0	1	0	0	0	0	0	0	0	2	0	1	1	0	1	0	1	0	0	0	0	0	2	0	0	0	0	1	0	0	1	0	0	0	0	0	1	0	1	0	2	0	0	0	1	0	0	0	0	0	0	0	0	0	2	0	1	0	0	1	0	2	0	0	0	0	0	1	0	0	0	0	0	0	0	
Amplification Peak 17	8q21.3  	chr8:89150984-89940507(probes 808928:809408)    	chr8:89321629-89372779(probes 809102:809130)    	chr8:89046994-91311595(probes 808836:810161)    	0.042231	   0.086724		0: t<0.1; 1: 0.1<t< 0.9; 2: t>0.9	1	0	0	0	0	0	1	0	0	0	1	0	1	0	2	0	2	0	0	1	0	0	0	1	0	0	0	1	0	0	0	0	0	0	1	1	0	1	0	2	0	0	2	0	0	0	2	0	0	0	0	0	0	0	1	1	0	0	1	1	0	1	1	0	1	0	1	0	0	1	0	0	0	1	0	0	1	0	0	0	1	0	1	0	1	1	1	0	0	0	0	0	0	0	0	1	0	0	0	0	0	0	1	0	0	0	1	1	0	1	0	1	2	0	0	0	1	0	0	0	0	0	1	0	2	0	0	0	1	0	1	0	1	1	2	1	0	0	0	0	0	0	0	0	2	1	1	0	0	0	1	0	2	0	1	0	0	0	0	1	0	0	0	0	0	1	1	0	0	0	0	1	0	0	2	2	0	0	0	0	0	0	0	0	1	0	1	0	2	2	0	0	2	0	0	1	0	0	0	0	2	0	0	0	0	0	0	0	1	0	0	0	0	0	0	1	1	0	0	2	0	1	0	1	0	0	0	0	2	1	0	0	0	0	0	1	2	0	0	0	0	0	1	0	1	0	0	1	2	0	0	0	0	0	0	0	0	0	0	0	1	0	0	0	1	0	2	1	0	0	0	1	1	0	1	0	0	0	0	1	1	0	0	0	0	0	0	0	0	1	2	0	1	0	0	0	0	0	0	1	0	1	0	1	2	0	2	1	0	0	1	0	0	0	0	1	1	0	0	0	0	0	0	0	0	0	1	0	0	0	1	0	1	0	0	0	0	0	2	0	1	0	0	0	0	0	1	0	2	0	1	1	0	0	0	0	0	0	1	0	1	1	0	1	1	1	0	0	0	0	0	2	0	0	1	0	1	0	0	0	0	0	0	0	0	1	0	1	0	2	0	0	0	1	0	0	0	0	0	0	0	0	0	2	0	1	0	0	1	0	0	0	0	0	0	0	1	0	0	0	0	0	0	0	
Amplification Peak 18	8q24.21 	chr8:126978685-127645285(probes 831523:832009)	chr8:127016929-127133804(probes 831557:831630)	chr8:125067728-134238630(probes 830131:836904)	0.0090192	  0.0090192		0: t<0.1; 1: 0.1<t< 0.9; 2: t>0.9	1	0	0	0	0	0	1	0	0	0	1	0	1	0	2	0	2	0	0	1	0	1	0	1	0	0	1	1	0	0	0	0	0	0	1	1	0	1	0	2	0	0	2	0	0	0	2	0	0	0	0	0	0	0	0	1	0	0	1	1	0	1	1	0	1	0	1	0	0	1	0	0	0	1	0	0	1	0	0	0	1	0	2	0	1	1	1	0	0	0	0	0	0	0	0	1	0	0	0	0	0	0	0	0	0	0	1	1	0	1	0	1	2	0	0	0	1	0	0	0	0	0	1	0	2	0	0	0	1	0	1	0	1	1	1	0	0	0	0	1	0	0	0	0	2	1	1	0	0	0	0	0	2	0	2	0	0	0	0	1	0	0	0	0	0	0	1	0	0	0	0	1	0	0	2	1	0	0	0	0	0	0	0	0	1	0	1	0	2	2	0	0	2	0	0	1	0	0	0	0	1	0	0	0	0	0	0	0	1	0	0	0	0	0	0	1	1	0	0	2	0	1	0	0	0	0	0	0	2	1	0	0	0	0	0	1	2	0	0	0	0	0	1	0	1	0	0	1	2	0	0	0	0	0	0	0	0	0	1	0	1	0	0	0	1	0	2	0	0	0	0	0	1	0	1	0	0	0	0	1	0	1	0	0	0	0	0	0	0	1	2	0	1	0	0	0	0	0	0	1	0	1	0	1	2	0	2	1	0	0	1	0	0	0	0	1	1	0	1	0	0	0	0	0	0	0	1	0	0	0	1	0	1	0	0	0	0	0	2	1	2	0	0	0	0	0	1	0	2	0	1	1	0	0	0	0	0	0	2	0	1	0	0	1	1	1	0	0	0	0	0	2	0	0	1	0	0	0	0	0	0	0	0	0	0	1	0	1	0	2	0	0	0	1	0	0	0	0	0	0	0	0	0	1	0	1	0	0	1	0	2	0	0	0	0	0	1	0	1	0	0	0	0	0	
Amplification Peak 19	11q13.2 	chr11:66775641-67148925(probes 1029360:1029491)	chr11:67016476-67143848(probes 1029446:1029490)	chr11:66461876-70547767(probes 1029262:1030998)	0.022663	   0.022663		0: t<0.1; 1: 0.1<t< 0.9; 2: t>0.9	0	0	0	0	0	0	0	0	0	0	1	0	0	0	0	0	0	0	0	0	0	0	0	0	0	0	0	0	0	0	0	0	0	0	1	0	0	0	1	0	0	0	0	0	0	0	0	0	0	0	0	0	0	0	0	0	0	0	0	0	0	0	0	1	0	0	0	0	0	1	0	0	0	0	0	0	0	0	0	0	0	0	0	0	0	0	0	0	0	0	0	0	0	0	0	0	0	0	0	0	0	0	0	0	1	0	0	0	0	0	0	1	2	0	0	0	0	1	0	0	0	0	0	0	2	0	0	0	0	0	0	0	0	0	0	0	0	0	0	0	0	0	0	0	1	0	0	0	0	0	0	0	0	0	1	0	0	0	0	0	0	0	0	0	0	1	0	0	0	0	0	0	0	0	0	0	0	0	0	0	0	0	0	0	0	0	0	0	1	1	0	0	0	0	0	0	0	0	0	1	0	0	0	0	0	0	0	0	0	0	0	0	0	0	0	0	0	0	0	0	0	0	0	0	0	0	0	0	0	0	0	0	0	0	0	0	1	0	0	0	0	0	0	0	0	0	0	2	1	0	0	0	0	0	0	0	0	0	0	0	0	0	0	0	1	0	0	0	0	0	0	1	0	0	0	0	0	0	0	0	0	0	0	0	0	0	0	0	1	0	0	0	0	0	0	0	0	0	0	0	0	0	0	0	0	0	0	0	0	0	0	0	0	0	0	1	0	0	0	0	0	0	0	0	0	0	0	0	0	0	1	1	0	0	0	0	0	0	0	1	0	0	0	0	0	0	0	0	1	0	0	0	0	0	0	0	0	0	0	0	0	0	0	0	0	0	0	0	0	0	0	0	0	0	1	0	0	0	0	0	0	0	0	0	0	0	0	1	1	0	0	0	0	0	0	0	0	0	0	0	0	0	0	0	0	0	0	0	1	0	1	0	0	0	0	0	0	0	0	0	0	0	0	0	
Amplification Peak 20	14q13.3 	chr14:35810719-37194937(probes 1213109:1214150)	chr14:36437624-36475440(probes 1213544:1213563)	chr14:35221773-37882499(probes 1212863:1214468)	0.011483	    0.17843		0: t<0.1; 1: 0.1<t< 0.9; 2: t>0.9	0	0	1	0	0	0	0	0	0	0	0	0	0	0	0	0	0	0	0	0	0	0	0	0	0	0	0	0	0	0	0	0	0	0	0	0	0	0	0	0	0	0	0	0	0	0	0	1	0	0	0	0	0	0	0	0	0	0	0	0	0	0	0	0	0	0	0	0	0	0	0	0	0	0	0	1	0	0	0	0	0	0	0	0	0	0	0	0	0	0	0	0	0	0	0	0	0	0	1	0	0	0	0	0	0	0	0	0	0	0	0	1	2	0	0	0	0	0	0	0	0	0	0	0	0	0	0	0	0	0	0	0	0	0	0	0	0	0	0	0	0	0	0	0	0	0	0	1	0	0	0	0	1	0	0	0	0	0	0	0	0	0	0	0	0	0	0	0	0	0	0	0	0	0	0	0	0	0	0	0	0	0	0	0	0	0	0	0	0	0	0	0	0	0	0	0	0	0	0	0	0	0	0	0	0	0	0	0	0	0	0	0	0	0	1	0	0	0	0	0	0	0	0	0	0	0	0	1	0	0	0	0	0	0	0	0	1	0	0	0	0	0	0	0	0	0	0	2	0	0	0	0	0	0	0	0	0	0	0	0	0	0	1	0	0	0	0	0	0	0	0	0	0	0	0	0	0	0	0	0	0	0	0	0	0	0	0	0	0	0	0	0	0	0	0	0	0	0	0	0	0	0	0	0	1	0	0	0	0	0	0	0	0	0	0	0	0	0	0	0	0	0	0	0	0	0	0	0	0	0	0	0	0	0	0	0	0	0	1	0	0	0	0	0	0	0	0	0	2	0	0	0	0	0	0	0	0	0	1	0	0	0	0	0	0	0	0	0	0	0	0	0	0	0	0	0	1	0	0	0	0	0	0	0	1	0	0	0	0	1	0	0	0	0	0	0	0	0	0	0	0	0	0	0	0	0	0	0	0	0	0	0	0	0	0	0	0	0	0	0	0	0	0	0	
Amplification Peak 21	14q21.1 	chr14:37513596-37543758(probes 1214304:1214314)	chr14:37514046-37540092(probes 1214305:1214313)	chr14:35221773-37882499(probes 1212863:1214468)	0.00011607	 0.00012764		0: t<0.1; 1: 0.1<t< 0.9; 2: t>0.9	0	0	0	0	0	0	1	0	0	0	0	0	0	0	0	0	0	0	0	0	0	0	0	0	0	0	0	0	0	0	0	0	0	0	0	0	0	0	1	0	0	0	0	0	0	0	0	0	0	0	0	0	0	0	0	0	0	0	0	0	0	0	0	0	0	0	0	0	0	0	0	0	0	0	0	0	0	0	0	0	0	0	0	0	0	0	0	0	0	0	0	0	0	0	0	1	0	0	1	0	0	0	1	0	0	0	0	0	0	0	0	1	2	0	0	0	0	0	0	0	0	0	0	0	0	0	0	0	0	1	0	0	0	0	0	0	0	0	0	0	1	0	0	0	0	1	0	1	0	0	0	0	1	0	0	0	0	0	0	0	0	0	0	0	1	0	0	0	0	0	0	0	0	0	0	0	0	0	0	0	0	0	0	0	0	0	0	0	0	0	0	0	0	0	0	0	1	0	0	0	0	0	0	0	0	0	0	0	0	0	0	0	0	0	0	0	0	0	0	0	0	0	0	0	0	0	0	1	0	0	0	0	0	0	0	0	2	0	0	0	0	0	0	0	0	0	0	1	0	0	0	0	0	0	0	0	0	0	0	0	0	0	1	0	0	0	0	0	0	0	0	0	0	0	0	0	0	0	0	0	0	0	0	0	0	0	0	0	0	0	0	0	0	0	0	0	0	0	0	0	0	0	0	0	0	0	0	0	0	0	0	0	0	0	0	0	0	0	0	0	0	0	0	0	0	0	0	0	0	0	0	0	0	0	0	0	0	0	1	1	2	0	0	0	0	0	0	0	2	0	0	0	1	0	0	0	0	0	1	0	0	0	0	0	0	0	0	0	0	0	0	0	0	0	0	0	1	0	0	0	0	0	0	0	2	0	0	0	0	1	0	0	0	1	0	0	0	0	0	0	0	0	0	2	0	0	0	0	0	0	0	0	0	0	0	0	0	0	0	0	0	0	0	0	
Amplification Peak 22	15q11.2 	chr15:1-25768151(probes 1254815:1256063)       	chr15:25190922-25205629(probes 1255643:1255651)	chr15:1-25772395(probes 1254815:1256065)       	0.053208	   0.053208		0: t<0.1; 1: 0.1<t< 0.9; 2: t>0.9	0	0	0	0	0	0	0	0	0	0	0	0	0	0	0	0	0	0	0	0	0	0	0	0	0	0	0	0	0	0	0	0	0	0	1	0	0	1	0	0	0	0	2	0	0	0	0	0	0	0	0	0	0	0	0	0	0	0	0	0	0	0	0	0	0	0	0	0	0	1	0	0	0	0	0	0	0	0	0	0	0	0	0	0	0	0	0	0	0	0	0	0	0	0	0	0	0	0	0	0	0	0	0	0	0	0	0	0	0	0	0	0	0	0	0	0	0	0	0	0	0	0	0	0	0	0	0	0	0	0	0	0	0	0	0	0	0	0	0	0	0	0	0	0	0	0	0	0	0	0	0	0	0	0	0	0	0	0	0	0	0	0	0	0	0	0	0	0	0	0	0	0	0	0	0	0	0	0	0	0	0	0	0	0	0	0	0	0	0	0	0	0	0	0	0	0	0	0	0	0	0	0	0	0	0	0	0	0	0	0	0	0	0	0	0	0	0	0	0	0	0	0	0	0	0	0	0	0	0	0	0	0	0	0	0	0	0	1	0	0	0	0	0	0	0	0	0	0	0	0	0	0	0	0	0	0	0	0	0	0	0	0	0	0	0	0	0	0	0	0	0	0	0	0	0	0	0	0	0	0	0	0	0	0	0	0	0	0	0	0	0	0	0	0	0	0	0	0	0	0	0	0	0	0	0	0	0	0	0	0	1	0	0	0	0	0	0	0	0	0	0	0	0	0	0	0	0	0	0	0	0	0	0	0	0	0	0	0	0	0	0	0	0	0	0	0	0	0	0	0	0	0	0	0	0	0	0	0	1	0	0	2	0	0	0	0	0	0	0	0	0	0	0	0	0	0	0	0	0	0	0	0	0	0	0	0	2	0	0	0	0	0	0	0	0	0	0	0	0	0	0	0	0	0	0	0	0	0	0	0	0	0	0	0	0	0	1	0	0	0	0	0	0	0	
Amplification Peak 23	16q12.1 	chr16:46606784-47354061(probes 1314284:1314594)	chr16:46890746-47353264(probes 1314403:1314593)	chr16:31841586-48441223(probes 1314257:1315110)	0.0015961	  0.0015961		0: t<0.1; 1: 0.1<t< 0.9; 2: t>0.9	0	0	0	0	0	0	0	0	0	0	0	0	0	0	0	0	0	0	0	0	0	0	0	0	0	0	0	0	0	0	0	0	0	0	1	0	0	0	0	2	0	0	0	0	0	0	0	1	0	0	0	0	0	0	0	0	0	0	0	0	0	0	0	0	0	0	0	0	0	0	0	0	0	0	0	0	0	0	0	0	0	0	0	0	0	0	0	0	0	0	0	0	0	0	0	0	0	0	0	0	0	0	0	0	0	0	0	0	0	0	0	0	0	0	0	0	0	0	0	0	0	0	0	0	2	0	0	0	0	0	0	0	0	0	1	0	0	0	0	0	0	0	0	0	0	0	0	0	0	0	0	0	0	0	0	0	0	0	0	0	0	0	0	0	0	0	0	0	0	0	0	0	0	0	0	0	0	0	0	0	0	0	0	0	0	0	0	0	0	0	0	0	0	0	0	0	0	0	0	0	0	0	0	0	0	0	0	0	0	0	0	0	0	0	0	0	0	0	0	0	0	0	1	0	0	0	0	0	1	0	0	0	0	0	0	0	0	0	0	0	0	0	0	0	0	0	0	1	0	0	0	0	0	0	0	0	0	0	0	0	0	0	0	0	1	0	0	0	0	0	0	0	0	0	0	0	0	0	0	0	0	0	0	0	0	0	0	0	0	0	0	0	0	0	0	0	0	0	1	1	0	0	0	0	0	0	2	0	0	0	0	0	0	0	0	0	0	0	0	0	0	0	0	0	0	0	0	0	0	0	0	0	0	0	0	0	0	0	1	1	0	0	0	0	0	0	0	0	1	0	0	0	0	0	1	0	0	0	0	0	1	0	0	0	0	1	0	0	0	0	0	2	0	0	0	0	0	0	0	0	0	0	0	0	0	0	1	0	0	0	0	0	0	0	0	0	0	0	0	0	0	0	0	0	0	0	0	0	0	0	0	0	0	0	0	0	1	0	0	0	0	0	0	0	
Amplification Peak 24	17p11.2 	chr17:18957451-19361418(probes 1350774:1350831)	chr17:19248790-19273749(probes 1350777:1350787)	chr17:18957998-19367133(probes 1350775:1350833)	0.11647	    0.11647		0: t<0.1; 1: 0.1<t< 0.9; 2: t>0.9	0	0	0	0	0	0	0	0	0	0	0	0	0	1	0	0	0	0	0	0	0	0	0	0	0	0	0	0	0	0	0	0	0	0	0	0	0	0	0	0	0	0	0	0	0	0	0	0	0	0	0	0	0	0	0	0	0	0	0	0	0	0	0	0	0	0	0	0	0	0	0	0	0	1	0	0	0	0	0	0	0	0	0	0	0	0	0	0	0	0	0	0	0	0	0	0	0	0	0	0	0	0	0	0	0	0	0	0	0	0	0	0	1	0	0	0	0	0	0	0	0	0	0	0	0	0	0	0	0	0	0	0	0	0	0	0	0	0	0	0	0	0	0	0	0	0	0	0	0	0	0	0	0	0	0	0	0	0	0	0	0	0	0	0	0	0	0	0	0	0	0	0	0	0	0	0	0	0	0	0	0	0	0	0	0	0	1	0	1	0	0	0	0	0	0	1	0	0	0	0	0	0	0	0	0	0	0	0	0	0	0	0	0	0	0	0	1	0	0	0	0	0	0	2	0	0	0	0	0	0	0	0	0	0	0	0	0	0	0	0	0	0	0	0	0	0	0	0	0	0	0	0	0	0	0	0	0	0	0	0	0	0	0	0	0	0	0	0	0	0	0	0	0	0	0	0	0	0	0	0	0	0	0	0	0	0	0	0	0	0	0	0	0	0	0	0	0	0	0	0	0	0	0	0	0	0	0	0	0	0	0	0	0	0	0	0	0	0	0	0	0	0	0	0	0	0	0	0	0	0	0	1	0	0	0	1	0	0	0	1	0	0	0	0	0	0	0	0	0	0	0	0	0	0	0	0	0	0	0	0	0	0	0	0	1	0	0	0	0	0	0	0	0	0	0	0	0	0	0	0	0	0	0	0	0	1	0	0	0	0	0	0	0	0	0	0	0	0	0	0	0	0	0	0	0	0	0	0	0	0	0	0	0	0	0	0	1	0	0	0	0	0	0	0	
Amplification Peak 25	17q23.2 	chr17:61711457-62216884(probes 1368451:1368668)	chr17:61711535-62111247(probes 1368452:1368622)	chr17:61711535-62226083(probes 1368452:1368670)	0.033887	   0.039568		0: t<0.1; 1: 0.1<t< 0.9; 2: t>0.9	0	0	0	0	0	0	0	0	0	0	0	0	0	0	0	0	0	0	0	0	0	0	0	0	0	0	1	0	0	0	0	0	0	1	2	1	0	0	0	0	0	0	0	0	0	0	0	0	0	0	0	0	0	0	0	0	0	0	0	0	0	0	0	0	0	0	0	0	0	0	0	1	0	0	0	0	0	0	0	0	0	0	0	0	0	1	0	0	0	0	0	0	0	0	0	0	0	0	0	0	0	0	0	0	0	0	0	0	0	0	0	0	2	0	0	0	0	0	0	0	0	0	0	0	0	0	0	0	0	0	0	0	0	0	0	0	0	0	0	0	0	0	0	0	0	0	0	0	0	0	0	0	0	0	0	0	0	0	0	0	0	0	0	0	0	0	0	0	0	0	0	0	0	0	0	0	0	0	0	0	0	0	0	0	0	0	0	0	0	0	0	0	0	0	0	1	0	0	0	1	0	0	0	0	0	0	0	0	0	0	0	0	0	0	0	0	1	0	0	0	0	0	0	0	0	0	0	0	0	0	0	0	0	0	0	0	0	0	0	0	0	0	0	0	0	0	0	0	0	0	0	0	0	0	0	0	0	0	0	0	0	0	0	0	0	0	0	0	0	0	0	0	0	0	0	0	0	0	0	0	0	1	1	0	0	0	0	0	0	0	0	0	0	0	0	0	1	0	0	0	0	0	0	0	0	0	0	0	0	0	0	0	0	0	0	0	0	0	0	0	0	0	0	0	0	0	0	0	0	0	0	0	0	0	0	0	0	0	1	0	0	0	0	0	0	0	0	0	0	0	0	0	0	0	0	0	0	0	0	0	0	0	0	0	0	0	0	0	0	0	0	0	0	0	0	0	0	0	0	0	0	0	0	0	0	0	0	0	0	0	0	0	0	0	1	0	0	0	0	0	0	0	0	0	0	0	0	0	0	0	0	0	0	0	0	0	1	0	0	0	0	0	0	0	
Amplification Peak 26	17q25.3 	chr17:82277020-83257441(probes 1379079:1379425)	chr17:82382649-83257441(probes 1379109:1379425)	chr17:82278185-83257441(probes 1379080:1379425)	0.13116	    0.16478		0: t<0.1; 1: 0.1<t< 0.9; 2: t>0.9	0	0	0	0	0	0	0	0	0	0	0	0	0	0	0	0	0	0	0	0	0	0	0	0	0	0	0	0	0	0	0	0	0	0	0	1	0	0	0	0	0	0	0	0	0	0	0	0	0	0	0	0	0	0	0	0	0	0	0	0	0	0	0	1	0	0	0	0	0	1	0	1	0	0	0	0	0	0	0	0	0	0	0	0	0	1	0	0	0	0	0	0	0	0	0	0	0	0	0	0	0	0	0	0	0	0	0	0	0	0	0	0	1	0	0	0	0	0	0	0	0	0	0	0	0	0	0	0	0	0	0	0	0	1	0	0	0	0	0	0	0	0	0	0	0	0	0	0	0	0	0	0	0	0	1	0	0	0	0	0	0	0	0	0	0	0	0	0	0	0	0	0	0	0	0	0	0	0	0	0	0	0	0	0	0	0	0	0	0	0	0	0	0	0	0	1	0	0	0	2	0	0	0	0	0	0	0	0	0	0	0	0	0	0	0	0	1	0	0	0	0	0	0	0	0	0	0	0	0	0	0	0	0	0	0	0	0	0	0	0	0	0	0	0	0	0	0	0	0	0	0	0	0	0	0	0	0	0	0	0	0	0	0	0	0	0	0	0	0	0	0	0	0	0	0	0	0	0	0	0	0	1	1	0	0	0	0	0	0	0	0	0	0	0	0	0	1	0	0	0	0	0	0	0	0	0	0	0	0	0	0	0	0	0	0	0	0	0	0	0	0	0	0	0	0	0	0	0	0	0	0	0	0	0	0	0	0	0	1	0	0	0	0	0	0	0	0	0	0	0	0	0	0	0	0	0	0	0	0	0	0	0	0	0	0	0	0	0	0	0	0	0	0	0	0	0	0	0	0	0	0	0	0	0	0	0	0	0	0	0	0	0	0	0	1	0	0	0	0	0	0	0	0	0	0	0	0	0	0	0	0	0	0	0	0	0	1	0	0	0	0	0	0	0	
Amplification Peak 27	18p11.31	chr18:3287108-3645404(probes 1380628:1380833)    	chr18:3457247-3548750(probes 1380737:1380788)    	chr18:3457247-3556235(probes 1380737:1380791)    	0.21318	    0.21318		0: t<0.1; 1: 0.1<t< 0.9; 2: t>0.9	0	0	0	0	0	0	0	0	0	0	0	0	0	0	0	0	0	0	0	0	0	0	0	0	0	0	1	0	0	0	0	0	0	0	0	0	0	0	0	0	0	0	0	0	0	0	0	0	0	0	0	0	0	0	0	0	0	0	1	0	0	0	1	0	0	0	0	0	0	0	0	0	0	0	0	0	0	0	0	0	0	0	0	0	1	0	0	0	0	0	0	0	0	0	0	0	0	0	0	0	0	0	0	0	0	0	1	0	0	0	0	1	0	0	0	0	0	0	0	0	0	0	0	0	0	0	0	0	0	0	0	0	0	0	0	0	0	0	0	0	0	0	0	0	0	0	0	0	0	0	0	0	0	0	0	0	1	0	0	1	0	0	0	0	0	0	0	0	0	0	0	0	0	0	0	0	0	0	0	0	0	0	0	0	0	0	0	0	0	0	0	0	0	0	0	0	1	0	0	0	0	0	0	1	0	0	0	0	0	0	0	0	0	0	0	0	1	0	0	0	0	0	0	1	0	0	0	0	0	0	0	0	0	0	0	0	0	0	0	1	0	0	0	0	1	0	0	1	0	0	0	0	0	0	0	0	0	0	0	0	0	0	0	0	0	0	0	0	0	0	0	0	0	0	0	0	0	0	0	0	0	0	0	0	0	0	0	1	0	0	0	0	0	0	0	0	0	0	1	0	0	0	0	0	0	0	1	0	0	0	0	0	0	0	0	0	0	0	0	0	0	0	0	0	0	0	0	0	0	0	1	0	0	0	0	0	0	0	0	0	0	0	0	0	0	0	0	0	1	0	0	0	0	0	0	0	0	0	0	0	0	0	0	0	0	0	0	0	0	0	0	0	0	0	1	0	0	0	0	0	0	0	0	0	0	0	0	0	0	0	0	0	0	0	0	0	0	0	0	0	0	0	1	0	0	0	0	0	0	0	0	0	0	0	0	0	0	0	1	0	0	0	0	0	
Amplification Peak 28	19q13.42	chr19:53399441-53847930(probes 1445066:1445088)	chr19:53404860-53847512(probes 1445067:1445087)	chr19:53404860-53871272(probes 1445067:1445090)	0.19436	    0.19436		0: t<0.1; 1: 0.1<t< 0.9; 2: t>0.9	0	0	0	0	0	0	0	0	0	0	0	0	0	0	0	0	0	0	0	0	0	0	0	0	0	0	0	0	0	0	0	0	0	0	0	0	0	0	0	0	0	0	0	0	0	0	0	0	0	0	0	0	0	0	1	0	0	0	0	0	0	0	0	0	0	0	0	0	0	0	0	0	0	0	0	0	0	0	0	0	0	0	0	0	0	0	0	0	0	0	0	0	0	0	0	0	0	0	0	0	0	0	0	0	0	0	0	0	0	0	0	0	1	0	0	0	0	0	0	0	0	0	0	0	0	0	0	0	0	0	1	0	0	0	0	0	0	0	0	0	0	0	0	0	0	1	0	0	0	0	0	0	0	0	0	0	0	0	0	0	0	0	0	0	0	0	0	0	0	0	0	0	0	0	0	0	0	0	0	0	0	0	0	0	0	0	0	0	1	0	0	0	0	0	0	0	0	0	0	0	1	0	0	0	0	0	0	0	0	0	0	0	0	0	0	0	0	0	0	0	0	0	0	0	0	0	0	0	0	0	0	0	0	0	0	0	2	0	0	0	0	0	0	0	0	0	0	0	0	0	0	0	0	0	0	0	0	0	0	0	0	0	0	0	1	0	0	0	0	0	0	0	0	0	0	0	0	0	0	0	0	0	0	0	0	0	0	0	0	0	0	0	0	0	0	0	0	0	0	0	0	0	0	0	0	0	0	0	0	0	1	0	0	0	0	0	0	0	0	0	0	0	0	0	0	0	0	0	0	0	0	1	0	0	0	0	0	0	0	1	0	0	0	0	0	0	0	0	0	0	0	0	0	0	0	0	0	0	0	0	0	0	0	0	0	0	0	0	0	0	0	0	0	0	0	0	1	0	0	0	0	0	0	0	0	0	0	0	0	0	0	0	0	0	0	0	0	0	0	0	0	0	0	0	0	0	0	0	0	0	0	0	0	0	0	0	0	0	0	0	0	0	0	0	
Deletion Peak  1	1p31.3  	chr1:63566116-64979858(probes 34317:35501)          	chr1:64577916-64592684(probes 35064:35065)          	chr1:63546211-65279283(probes 34308:35681)          	0.0022649	  0.0023687		0: t>-0.1; 1: -0.1>t> -1.3; 2: t< -1.3	0	0	1	0	0	0	0	0	0	0	0	0	0	0	0	0	0	1	0	0	1	0	0	0	0	0	0	0	0	0	0	0	0	0	1	0	0	0	0	0	0	0	0	0	0	0	0	0	0	0	0	0	0	0	0	0	0	0	1	0	0	0	0	0	0	0	0	0	0	0	0	0	0	1	0	0	1	0	0	0	1	0	1	0	0	0	1	0	0	0	0	0	0	0	0	0	0	0	0	0	0	0	0	0	0	0	1	1	0	0	0	0	0	0	0	0	0	0	0	0	0	0	0	0	0	0	1	0	0	0	0	1	0	0	1	1	0	0	0	0	1	0	0	0	1	1	0	0	0	0	0	1	1	0	0	0	0	0	1	1	0	0	0	0	0	0	0	0	0	0	0	0	0	1	1	0	0	0	0	0	0	0	0	0	0	0	0	0	1	0	0	0	0	0	0	0	0	0	0	1	1	0	0	0	0	1	1	0	1	1	0	0	0	0	0	0	0	0	0	0	1	0	0	1	0	0	0	0	0	1	0	0	0	0	0	0	0	1	0	0	0	0	0	0	0	0	0	0	1	0	0	0	0	0	0	0	0	0	0	0	0	0	0	0	1	0	0	0	1	0	0	0	0	0	0	0	0	0	0	0	1	0	0	0	0	0	1	1	0	0	0	0	0	0	0	0	0	0	0	0	0	0	0	0	0	0	0	0	0	0	1	1	0	1	0	1	0	0	1	0	0	0	0	0	0	0	0	0	0	0	1	0	1	0	0	0	1	0	0	0	0	0	0	0	0	0	0	1	0	0	0	0	0	0	0	0	0	0	0	0	0	0	0	0	0	0	0	0	0	0	0	0	0	1	0	0	0	0	0	0	0	0	0	0	0	0	0	1	0	0	0	0	0	0	0	0	0	0	0	0	0	0	0	1	0	0	0	0	1	0	0	0	0	0	0	0	0	0	0	1	1	1	0	0	
Deletion Peak  2	1p22.1  	chr1:71065759-116569337(probes 39366:66724)        	chr1:92824237-93590721(probes 52486:52850)          	chr1:92805520-92857027(probes 52477:52498)          	0.21942	    0.21909		0: t>-0.1; 1: -0.1>t> -1.3; 2: t< -1.3	0	0	0	0	0	0	0	0	0	0	0	0	0	0	1	0	0	0	0	1	0	0	0	0	0	0	0	0	0	0	0	0	0	0	1	0	0	0	0	0	0	0	0	0	0	0	0	0	0	0	0	0	0	0	0	1	0	0	0	0	0	0	0	0	0	0	0	0	0	0	0	0	0	1	1	0	1	0	1	1	1	0	0	0	0	0	0	0	0	0	0	0	0	0	0	0	0	0	0	0	0	0	0	0	0	0	0	1	0	0	0	0	0	0	0	0	0	0	0	0	1	0	0	0	0	0	0	0	0	0	0	0	0	0	0	1	0	0	0	0	0	0	0	0	1	1	0	0	0	0	0	0	1	0	0	0	0	0	1	1	0	0	0	0	0	0	0	0	0	0	0	0	0	0	1	0	0	0	0	0	0	0	0	1	1	0	0	0	1	0	0	0	0	0	1	0	0	0	0	0	1	0	0	0	1	0	0	0	1	0	0	0	0	0	0	1	0	0	0	0	1	0	0	1	0	0	0	0	0	1	0	0	0	0	0	0	0	0	0	0	0	0	0	0	1	0	0	0	1	0	0	0	0	0	0	0	0	0	0	0	0	0	0	0	1	0	0	0	1	0	0	0	0	0	0	0	0	0	0	0	1	0	0	0	0	0	1	0	0	0	0	0	0	0	0	0	0	0	0	0	0	0	0	0	0	0	0	0	0	1	0	0	0	1	0	0	0	0	0	0	0	0	0	1	1	0	0	0	0	0	0	0	0	0	0	0	1	0	0	0	0	0	0	0	0	0	0	0	0	0	0	0	0	0	0	1	0	0	0	0	0	0	0	0	0	0	0	0	0	1	0	0	0	1	0	0	0	0	0	0	0	0	0	1	0	0	0	1	0	0	0	0	0	0	0	0	0	0	0	0	0	0	1	0	0	0	0	0	1	0	1	0	0	0	0	1	0	0	0	1	0	0	0	0	
Deletion Peak  3	1q23.1  	chr1:156344837-174121760(probes 71832:84134)      	chr1:157742516-157779792(probes 72672:72689)      	chr1:157754895-157757099(probes 72681:72682)      	0.19689	    0.19689		0: t>-0.1; 1: -0.1>t> -1.3; 2: t< -1.3	0	0	0	0	1	0	0	0	0	0	0	0	0	1	0	0	0	0	0	1	0	0	0	0	0	0	0	0	0	1	0	0	0	0	0	0	0	0	1	0	0	0	0	0	0	0	0	0	0	0	0	0	0	0	0	1	0	0	0	0	0	0	0	0	0	0	0	0	1	0	0	0	0	0	0	0	1	0	0	0	0	0	0	0	0	0	0	0	0	0	0	0	0	0	0	0	0	0	0	0	0	0	0	0	1	0	0	1	0	0	0	0	0	0	0	1	1	0	0	0	0	0	0	0	0	0	0	0	0	0	0	0	0	0	0	0	0	0	1	0	0	0	0	0	0	0	1	0	0	0	0	0	0	0	0	0	0	0	0	0	0	0	0	0	0	0	0	0	0	0	0	0	0	0	0	0	0	0	0	0	1	0	0	0	0	0	0	0	0	0	0	0	0	0	0	0	0	0	0	0	0	1	0	0	0	0	0	0	1	0	0	0	0	0	0	0	0	0	0	0	0	0	0	0	0	0	0	0	0	0	0	0	0	0	0	0	0	0	0	0	0	0	0	0	0	0	0	0	0	0	0	0	0	0	0	0	0	0	0	0	0	0	0	0	0	0	0	0	0	0	0	0	1	0	0	0	0	0	1	0	0	0	1	0	0	0	0	0	0	1	0	0	0	0	0	0	0	0	0	0	0	0	0	0	0	0	0	0	0	0	0	0	0	1	0	1	0	0	0	0	0	0	0	0	0	0	0	0	0	0	0	0	0	0	0	0	0	0	0	0	0	0	0	1	1	0	0	0	0	0	0	0	0	0	0	0	0	0	0	0	0	0	0	0	0	0	0	0	0	0	0	0	0	0	0	0	0	0	0	0	0	0	0	0	0	0	0	0	0	0	0	1	0	0	0	0	0	0	0	0	0	0	0	1	0	0	0	0	0	0	0	0	0	0	0	0	0	0	0	0	0	0	0	0	
Deletion Peak  4	1q42.3  	chr1:214663994-240094612(probes 109658:126659)    	chr1:234598910-234616557(probes 122659:122665)    	chr1:220640922-237560278(probes 113747:124676)    	0.00022399	 0.00022399		0: t>-0.1; 1: -0.1>t> -1.3; 2: t< -1.3	0	0	0	0	0	0	0	0	0	0	0	0	0	0	1	0	0	0	0	0	0	1	0	0	0	0	0	0	0	0	0	0	0	0	0	0	0	0	1	0	0	0	0	0	0	0	0	1	0	0	0	0	0	0	1	0	0	1	0	0	0	0	0	0	0	0	1	0	0	0	0	0	1	0	1	0	1	0	0	1	0	1	0	1	0	0	1	0	0	0	0	0	0	0	0	1	0	1	0	0	1	0	0	0	0	0	1	0	0	0	0	0	0	0	0	0	0	0	0	0	1	0	0	0	0	0	0	0	0	0	0	0	0	1	0	0	0	0	0	1	1	0	0	0	0	0	0	0	1	0	0	0	0	0	0	0	0	0	0	0	0	0	0	0	0	0	1	0	0	0	0	0	0	0	0	1	0	0	0	0	0	0	0	1	0	0	0	0	0	0	0	0	0	0	1	0	0	0	0	0	0	0	0	0	0	0	0	0	0	0	0	0	0	0	0	0	0	0	0	0	0	0	0	0	0	0	0	1	0	0	0	0	0	0	0	0	0	0	0	0	0	0	0	0	0	0	0	0	1	0	0	0	0	0	0	0	0	0	0	0	0	0	0	0	0	0	0	0	0	0	0	0	0	0	0	0	0	0	0	0	0	0	0	0	0	0	0	0	0	0	1	0	0	0	0	1	0	1	0	0	0	0	0	0	0	0	0	0	0	1	0	1	0	0	0	0	0	0	1	0	0	0	0	0	0	0	1	1	0	0	0	0	0	0	0	0	0	0	0	0	1	0	0	0	0	0	0	0	0	0	0	0	1	0	0	1	0	0	0	0	0	0	0	0	0	0	1	0	0	0	0	0	0	0	0	0	0	0	0	0	0	0	0	0	0	0	0	0	0	0	0	0	0	0	0	0	0	0	0	0	0	0	0	0	0	0	0	0	0	0	0	1	0	0	0	0	0	0	0	0	0	0	0	0	
Deletion Peak  5	2p21    	chr2:36814297-45652982(probes 153291:158403)        	chr2:43026421-43230132(probes 156745:156882)        	chr2:42638949-43657917(probes 156477:157094)        	0.043522	   0.043867		0: t>-0.1; 1: -0.1>t> -1.3; 2: t< -1.3	0	1	0	0	0	0	0	0	0	0	0	0	0	0	1	0	1	0	0	1	0	0	0	1	0	0	0	0	0	0	0	1	1	0	0	0	1	0	0	0	0	0	0	0	0	0	0	0	0	0	0	0	0	0	0	1	0	0	0	1	0	0	0	1	0	0	0	0	0	0	0	0	1	1	0	0	0	0	1	0	1	1	0	0	0	0	0	0	0	0	0	0	0	0	1	0	0	0	0	0	0	0	0	0	0	0	0	0	1	0	0	0	0	0	0	0	0	0	0	0	1	0	0	0	0	0	0	0	0	0	1	0	0	0	0	0	0	0	0	0	0	0	0	0	0	0	0	0	0	0	0	0	0	0	1	0	0	0	0	0	0	0	0	0	0	0	0	0	0	0	0	0	0	0	0	1	0	0	0	1	0	0	0	0	0	0	0	0	0	0	0	0	0	0	0	0	0	0	0	1	0	0	0	0	0	0	0	1	1	0	0	0	0	0	0	1	0	0	0	0	0	0	0	0	0	0	0	0	0	1	0	0	0	0	0	0	0	0	0	1	0	0	0	0	1	0	0	0	0	0	0	0	0	0	0	0	0	0	0	0	1	0	0	0	0	0	0	1	1	0	0	0	0	0	0	0	1	0	0	0	0	0	0	0	0	0	0	0	0	0	0	0	1	0	1	0	0	0	0	0	0	0	1	0	1	0	0	0	0	0	1	0	0	0	0	1	1	0	0	1	0	0	0	0	0	0	0	0	0	0	0	0	0	0	0	0	0	0	0	0	0	0	0	0	0	0	0	0	0	0	1	0	0	0	0	0	0	0	0	0	0	0	0	0	0	0	0	0	0	0	0	0	0	0	0	0	0	0	0	0	0	0	0	0	0	0	0	0	0	0	0	0	0	0	0	0	0	0	1	0	0	0	0	0	0	0	1	0	1	0	0	0	0	0	0	0	0	0	0	0	0	0	0	0	
Deletion Peak  6	2q21.2  	chr2:119681121-138311045(probes 194924:204074)    	chr2:132668288-133571123(probes 200851:201435)    	chr2:115579272-184089272(probes 192759:231481)    	4.9746e-17	 0.00092509		0: t>-0.1; 1: -0.1>t> -1.3; 2: t< -1.3	0	0	0	0	0	0	1	0	0	0	1	0	0	0	1	0	0	0	0	1	0	0	0	1	1	0	0	0	0	0	0	0	0	0	0	0	0	0	0	1	0	0	1	0	0	0	0	0	0	0	0	1	0	0	1	0	0	0	0	0	0	0	0	0	0	0	0	0	1	0	0	0	0	1	1	0	1	0	0	0	0	0	1	0	0	0	0	0	0	0	1	0	0	0	1	1	1	1	1	0	0	0	0	0	0	0	1	1	0	1	0	0	0	1	1	0	0	0	0	1	1	0	0	0	0	1	0	0	0	0	1	0	0	0	0	0	0	0	0	1	0	0	1	0	1	0	1	0	0	1	0	0	1	0	0	0	0	0	0	1	0	0	0	0	0	0	1	0	0	0	0	0	0	0	0	1	0	0	0	0	0	0	0	0	1	0	0	0	0	1	0	0	1	0	0	0	0	0	0	1	0	0	0	0	0	0	0	0	1	0	0	0	0	0	0	1	0	0	0	0	0	1	0	1	0	0	0	0	0	1	0	0	0	0	0	0	1	0	0	0	0	1	1	0	1	0	0	0	0	0	0	0	0	0	0	0	0	0	0	0	0	0	0	0	1	0	0	0	0	0	0	0	0	0	0	0	1	0	0	0	1	1	0	0	1	0	0	0	0	0	1	0	0	0	0	0	0	0	0	0	0	0	0	0	1	1	0	0	0	0	1	0	0	1	0	0	0	0	0	0	0	0	0	0	0	0	1	0	0	0	1	0	1	1	0	0	0	1	0	0	0	1	0	0	0	0	0	1	0	0	0	1	1	0	0	0	0	1	1	1	0	0	0	0	0	0	0	0	0	0	0	0	0	0	0	0	1	0	0	0	0	0	0	0	0	0	0	1	0	0	0	0	0	0	0	0	0	0	0	0	0	0	1	0	1	0	0	0	1	0	1	0	0	0	1	0	0	0	0	0	0	0	0	0	
Deletion Peak  7	2q22.1  	chr2:134956405-140242732(probes 202433:205151)    	chr2:138499232-138574257(probes 204155:204186)    	chr2:115579272-184089272(probes 192759:231481)    	1.6117e-22	    0.21109		0: t>-0.1; 1: -0.1>t> -1.3; 2: t< -1.3	0	0	0	0	0	0	1	0	0	0	1	0	0	1	0	0	0	0	0	1	0	0	0	1	1	0	0	0	0	1	1	0	0	0	0	0	0	0	0	1	0	0	1	0	0	0	0	0	0	0	0	1	0	0	1	0	0	0	0	1	0	0	0	0	0	0	0	0	1	0	0	0	0	1	1	0	1	0	0	0	0	0	0	0	0	0	0	0	0	0	1	0	0	0	1	1	1	1	1	0	0	0	0	0	0	0	1	1	0	1	0	0	0	1	1	0	0	0	0	1	1	1	0	0	0	1	1	0	0	0	1	0	0	0	0	0	0	0	0	1	0	0	1	0	1	0	1	0	0	0	0	0	1	0	0	0	0	0	0	1	0	0	0	0	0	0	1	0	0	0	0	0	0	0	0	1	0	0	0	0	0	0	0	0	0	0	0	0	0	1	0	0	1	0	0	0	0	0	0	1	0	0	0	0	0	0	0	0	1	0	0	0	0	0	0	1	0	0	0	0	0	1	0	1	1	0	0	0	0	1	1	0	0	0	0	0	1	1	0	0	0	1	1	0	1	0	0	0	1	0	0	0	0	0	0	0	0	0	0	0	0	0	0	0	1	0	0	0	0	0	0	0	0	0	0	0	1	0	0	0	1	1	0	0	1	0	0	0	0	0	1	0	0	0	0	0	0	0	0	0	1	0	0	0	1	0	0	0	0	0	1	0	0	1	0	0	0	0	0	0	0	0	0	0	0	0	1	0	0	0	1	0	1	0	0	0	0	1	0	0	0	1	0	0	1	0	0	0	0	0	0	1	1	0	0	0	0	1	1	1	0	0	0	0	0	0	1	0	0	0	0	0	0	0	0	0	1	0	0	0	0	0	0	0	0	0	0	1	0	0	0	0	0	0	0	0	0	0	0	0	1	0	1	0	1	0	0	0	1	0	1	0	0	0	0	1	0	0	0	0	0	0	0	0	
Deletion Peak  8	2q22.1  	chr2:138774622-144385168(probes 204334:207726)    	chr2:140223496-142136706(probes 205151:206447)    	chr2:115579272-184089272(probes 192759:231481)    	5.1851e-16	 3.5728e-06		0: t>-0.1; 1: -0.1>t> -1.3; 2: t< -1.3	0	0	0	0	0	0	1	0	0	0	0	0	0	0	0	0	0	0	0	1	0	0	0	1	0	0	0	0	0	1	0	0	0	0	0	0	1	0	0	0	0	0	1	0	0	0	0	1	0	0	0	1	0	0	1	0	0	0	0	1	0	0	0	0	0	0	0	0	1	0	0	0	0	1	1	0	1	0	0	0	0	0	0	0	0	0	0	0	0	0	1	0	0	0	1	1	1	1	1	0	0	0	0	0	0	0	1	1	0	0	0	0	0	1	1	0	0	0	0	1	0	0	0	0	0	1	1	0	0	0	1	0	0	0	0	0	1	0	0	1	0	0	1	0	1	0	1	0	0	0	0	0	1	0	0	0	0	0	0	1	0	0	0	0	0	0	1	0	0	0	0	0	0	0	0	1	0	0	0	0	0	0	0	0	0	0	0	0	0	1	0	0	1	0	0	0	0	0	0	1	0	0	0	0	0	0	0	0	1	0	0	0	0	0	0	1	0	0	0	0	0	1	0	1	0	0	0	0	0	1	1	0	0	0	0	0	1	0	0	0	0	1	1	0	1	0	0	0	1	0	0	0	0	0	0	0	0	0	0	1	0	0	0	0	1	0	0	0	0	0	0	0	0	0	0	0	1	0	0	0	1	1	0	0	0	0	0	0	0	0	1	0	0	0	0	0	0	0	0	0	0	0	0	0	1	0	0	0	0	0	1	0	0	1	1	0	0	0	0	0	0	0	0	0	0	0	1	0	0	0	1	0	1	0	0	0	0	1	0	0	0	1	0	0	1	0	0	0	0	0	0	1	1	0	0	0	0	1	1	1	0	0	0	1	0	0	0	0	0	0	0	0	0	0	0	0	0	0	0	0	0	0	0	0	0	0	0	1	0	0	0	0	0	0	0	0	0	0	0	0	1	0	1	0	1	0	0	0	1	0	1	0	0	0	0	0	0	0	0	0	0	0	0	0	
Deletion Peak  9	2q22.3  	chr2:144575254-151249196(probes 207857:211667)    	chr2:147839270-147940886(probes 209589:209627)    	chr2:115579272-184089272(probes 192759:231481)    	4.3051e-14	   0.035574		0: t>-0.1; 1: -0.1>t> -1.3; 2: t< -1.3	0	0	0	0	0	0	0	0	0	0	1	0	0	0	0	0	0	0	0	1	0	0	0	1	1	0	1	0	0	1	0	0	0	0	0	0	0	0	0	0	0	0	0	0	0	1	0	1	0	0	0	1	0	0	0	0	0	0	0	1	0	0	0	0	0	0	1	0	1	0	0	0	0	1	1	0	1	0	0	1	0	0	0	0	0	1	0	0	0	0	1	1	0	0	1	1	0	1	1	0	1	0	0	0	0	0	1	1	0	0	0	0	0	1	1	0	0	0	0	1	0	1	0	1	0	1	1	0	0	0	1	0	0	1	0	0	0	0	0	1	0	0	1	1	1	0	1	0	0	0	0	0	0	0	0	0	0	0	0	0	0	0	0	0	1	0	1	0	0	0	0	0	0	0	0	0	0	0	0	0	0	0	0	0	1	0	0	0	0	1	0	0	0	0	0	0	0	0	0	1	1	0	0	0	0	0	0	0	0	0	0	0	0	0	0	1	0	0	0	0	0	1	0	1	1	0	0	0	0	0	1	0	0	0	0	0	1	0	0	0	0	0	1	0	1	0	0	0	1	0	0	0	0	0	0	0	0	0	0	1	0	0	0	0	0	0	0	0	0	0	0	0	0	0	0	0	1	0	0	0	1	1	0	0	0	0	0	0	0	0	1	0	0	0	0	0	0	0	0	0	1	0	0	0	1	0	0	0	0	0	1	0	0	1	1	0	0	0	0	0	0	0	0	0	0	1	1	0	0	0	1	0	1	0	0	0	0	1	0	0	0	0	0	0	1	0	0	0	0	0	0	1	1	0	0	0	0	1	1	1	0	0	0	1	0	0	0	0	0	0	0	0	0	0	0	0	0	0	0	0	0	0	0	0	0	0	0	1	0	0	0	0	0	0	0	0	0	0	0	0	1	1	0	0	0	0	0	0	1	0	1	0	1	0	0	0	0	0	0	0	0	0	0	0	
Deletion Peak 10	2q31.1  	chr2:161420791-181305678(probes 217744:229935)    	chr2:173903442-173968238(probes 225356:225377)    	chr2:115579272-184089272(probes 192759:231481)    	2.0097e-05	   0.093684		0: t>-0.1; 1: -0.1>t> -1.3; 2: t< -1.3	0	0	1	0	0	0	0	0	0	0	0	0	0	1	0	0	0	0	0	1	1	0	0	1	0	0	0	0	0	0	0	1	0	0	0	0	0	0	0	0	0	0	0	0	0	0	0	0	0	0	0	1	0	0	0	0	0	1	0	1	0	0	0	0	0	0	0	0	1	0	0	0	0	1	0	0	1	0	0	0	0	0	0	0	0	1	0	0	0	0	0	0	0	0	0	0	0	1	0	0	0	0	0	0	0	0	1	1	0	0	0	0	0	0	0	0	0	0	0	1	0	1	0	0	0	0	0	0	0	0	1	0	0	0	0	0	0	0	0	0	0	0	0	0	1	0	1	0	1	0	0	0	0	0	1	0	0	0	0	0	0	0	0	0	0	0	1	0	0	0	0	0	0	0	0	0	0	0	0	0	0	0	0	0	0	0	0	0	1	0	0	0	0	0	0	0	0	0	0	0	0	0	0	0	0	0	1	0	0	1	0	0	0	0	0	0	0	0	0	0	0	0	0	1	0	0	0	0	0	0	0	0	0	0	0	0	1	0	0	0	0	0	1	0	1	0	0	0	1	0	0	0	0	0	0	0	0	0	0	0	0	0	0	0	0	0	0	0	0	0	0	0	0	1	0	0	1	0	0	0	1	1	0	0	0	0	0	0	0	0	0	0	0	0	0	0	0	0	0	0	0	0	0	0	1	0	0	0	0	0	0	0	0	1	0	0	0	0	0	0	0	0	0	0	0	0	0	0	0	0	1	0	1	0	0	0	0	0	0	0	0	1	0	0	0	0	0	0	1	0	0	0	1	0	0	0	0	0	1	1	0	0	1	1	0	0	0	0	1	0	0	0	0	0	0	0	0	0	0	0	0	0	0	0	0	0	0	1	0	0	0	0	0	0	0	0	0	0	0	0	1	1	1	0	0	0	0	0	1	1	0	0	1	0	0	1	0	0	0	0	0	1	0	0	
Deletion Peak 11	3p25.3  	chr3:8963395-12005732(probes 268328:270310)          	chr3:9699625-9733305(probes 268812:268822)            	chr3:9308484-10722006(probes 268635:269391)          	0.024576	    0.02453		0: t>-0.1; 1: -0.1>t> -1.3; 2: t< -1.3	0	0	0	0	0	0	0	0	1	0	0	0	0	0	0	0	0	0	0	0	1	0	0	0	0	0	0	0	0	0	0	0	0	0	0	1	0	0	0	0	1	0	0	0	0	0	0	0	0	0	1	0	0	1	0	0	1	0	0	0	0	0	0	0	0	0	0	0	0	0	0	0	0	0	0	0	0	0	0	0	1	0	0	0	0	0	0	0	0	0	0	0	0	1	0	0	0	0	0	0	1	0	0	0	0	0	0	0	0	0	0	0	0	0	0	0	0	0	0	0	0	0	0	0	0	0	0	0	0	0	0	1	0	0	0	0	0	0	0	0	0	0	0	0	0	0	0	0	0	0	0	1	0	0	0	0	0	0	0	0	0	0	0	1	0	0	0	0	0	0	0	0	0	1	0	0	0	0	1	0	0	1	0	0	0	0	0	1	0	0	0	0	0	0	0	0	0	0	0	1	0	0	0	0	0	0	0	0	0	0	1	0	0	0	0	1	1	0	0	0	0	1	0	1	0	0	0	0	0	0	0	0	0	0	0	0	0	0	0	0	0	0	0	0	0	1	0	0	0	0	1	0	0	1	0	0	0	1	0	0	0	1	0	0	1	0	0	0	1	0	0	0	0	0	0	0	1	0	0	0	0	0	0	0	0	0	0	0	1	0	0	0	0	0	0	0	0	0	0	0	0	0	0	0	0	1	0	0	0	0	0	0	1	0	0	0	0	0	0	1	0	0	0	0	0	0	0	0	0	0	0	0	0	0	0	0	0	0	0	0	0	0	0	0	0	0	0	0	0	0	1	0	0	1	0	0	0	0	0	0	0	0	0	0	0	0	0	0	0	0	0	0	0	0	1	0	0	0	0	0	0	0	0	0	0	1	0	0	0	0	1	0	0	0	1	0	0	0	0	0	1	0	0	0	0	0	0	0	0	0	0	0	0	0	0	0	0	0	0	1	0	0	0	0	
Deletion Peak 12	3p13    	chr3:72100067-72665008(probes 306449:306910)        	chr3:72372981-72452842(probes 306698:306750)        	chr3:69056464-79728749(probes 304252:310806)        	1.5644e-25	 1.5644e-25		0: t>-0.1; 1: -0.1>t> -1.3; 2: t< -1.3	1	1	0	0	0	0	0	0	0	0	0	0	0	0	0	0	0	1	0	0	0	0	0	1	0	0	0	0	0	0	0	0	0	0	0	1	0	0	0	0	0	0	0	1	1	0	0	0	1	0	0	1	0	0	0	0	0	1	0	0	1	0	1	1	1	1	0	0	0	0	1	0	0	0	0	1	0	0	0	0	1	0	0	0	1	0	1	0	0	0	0	0	0	1	0	1	0	0	0	1	0	0	0	0	0	0	0	1	1	0	0	0	0	0	0	0	0	0	0	1	0	0	0	0	0	0	0	0	0	0	0	0	0	0	0	1	0	0	0	0	0	0	1	0	0	0	0	1	0	0	0	1	0	1	0	0	0	0	1	0	0	1	0	0	0	0	0	0	0	0	0	0	0	0	1	0	1	0	0	0	0	0	0	0	0	0	1	0	0	0	0	0	0	1	1	0	0	0	0	0	0	0	1	0	0	0	0	1	0	1	1	0	0	0	0	0	0	0	0	0	1	1	0	0	1	0	0	0	0	0	0	1	0	1	0	0	0	0	0	1	1	0	0	0	0	1	0	0	0	1	0	1	0	1	1	1	0	0	0	0	0	1	0	1	1	0	0	0	1	0	1	0	0	0	0	0	1	0	0	0	0	0	0	0	0	0	1	1	1	1	0	0	0	0	0	1	0	0	1	1	0	0	0	0	0	1	0	0	0	0	0	1	0	0	0	0	1	0	0	1	0	1	0	0	0	0	0	1	0	0	0	0	0	0	0	0	0	0	0	0	0	0	1	0	0	0	0	0	0	0	0	0	0	1	0	0	1	0	0	0	0	0	0	0	1	1	0	0	0	1	1	0	0	0	0	0	0	1	0	0	1	0	0	0	0	0	0	0	0	0	0	0	1	0	0	0	0	0	0	0	0	0	0	0	0	1	0	0	0	0	0	0	0	0	1	0	0	0	0	0	0	0	0	0	
Deletion Peak 13	3q29    	chr3:195428693-197510486(probes 371936:372311)    	chr3:196640530-197243253(probes 372231:372233)    	chr3:194671424-198295559(probes 371528:372384)    	0.0034854	  0.0035864		0: t>-0.1; 1: -0.1>t> -1.3; 2: t< -1.3	0	1	0	0	0	0	0	0	1	0	0	0	0	0	0	0	0	0	0	0	0	0	0	0	0	0	0	0	0	0	0	0	0	0	0	0	0	0	0	0	1	0	0	0	0	0	0	0	0	0	0	0	0	0	0	0	0	0	0	0	0	0	0	1	1	0	0	0	0	1	0	1	0	0	0	0	0	0	0	0	0	1	0	0	0	0	0	0	0	0	0	0	0	1	0	0	0	0	0	0	0	0	0	0	0	0	0	0	1	0	0	0	1	0	0	0	0	0	0	0	0	0	0	0	0	0	0	0	0	0	0	0	0	0	0	1	0	0	0	0	0	0	0	0	0	0	0	0	1	0	0	0	0	0	0	0	0	0	0	0	0	0	0	0	0	0	0	0	0	0	0	0	0	0	0	0	0	0	1	0	0	0	0	0	0	0	0	0	0	0	0	0	0	0	0	0	0	0	0	0	0	0	0	0	0	0	0	0	0	0	0	0	0	0	0	0	0	0	0	0	0	0	0	0	0	0	0	0	0	0	0	0	0	0	0	0	1	1	0	0	1	1	0	0	0	1	0	0	0	0	0	0	0	0	0	0	0	0	0	0	0	0	0	0	0	1	0	0	1	0	0	0	0	1	0	0	0	0	0	0	0	1	0	0	0	0	0	0	1	0	0	0	0	0	0	0	0	0	0	0	0	0	0	0	0	1	0	0	0	0	0	0	0	0	0	0	0	0	0	0	0	0	0	0	0	0	0	0	0	0	0	0	0	0	0	0	0	0	0	0	0	0	0	0	0	0	0	0	0	0	0	0	0	0	0	1	0	0	0	0	0	0	0	0	0	0	0	0	0	0	1	0	0	0	0	0	0	0	0	0	0	0	0	0	0	0	0	0	0	0	0	0	0	0	0	0	0	0	1	0	1	0	0	0	0	0	0	0	1	0	0	0	0	0	0	0	0	1	0	1	0	0	0	0	
Deletion Peak 14	4q28.2  	chr4:114676955-133099621(probes 437043:446883)    	chr4:129723091-129774626(probes 445374:445387)    	chr4:116014931-133069549(probes 437734:446869)    	0.00040854	 0.00041591		0: t>-0.1; 1: -0.1>t> -1.3; 2: t< -1.3	0	0	0	0	0	0	0	0	0	0	0	0	0	0	0	0	0	0	0	0	0	0	0	0	1	0	0	0	0	0	0	0	0	0	1	0	0	0	0	0	0	0	1	0	0	1	0	0	0	0	0	1	0	0	1	1	1	0	0	0	0	0	0	0	0	0	0	0	0	0	0	0	0	0	0	0	0	0	0	0	0	0	1	0	0	0	0	0	0	0	1	0	0	0	0	0	0	1	0	0	0	0	0	0	0	0	0	1	0	0	0	0	0	0	0	0	0	0	0	0	0	1	0	0	0	0	0	0	0	1	0	0	0	0	0	0	0	0	0	0	0	0	0	0	1	0	0	0	0	0	0	0	1	0	0	0	0	0	0	1	0	0	0	0	0	0	0	0	0	0	0	0	0	0	0	0	0	0	0	0	0	0	0	0	1	0	0	0	0	1	0	0	0	0	0	1	0	0	0	1	0	0	0	0	0	0	0	0	1	0	0	0	0	0	0	1	0	0	0	0	1	1	0	0	0	0	0	1	0	0	1	0	0	0	0	0	0	0	0	0	0	0	0	0	0	0	0	0	0	0	0	0	0	0	0	0	0	0	0	0	0	0	0	0	0	0	1	0	0	0	0	0	0	0	1	0	1	0	0	0	1	0	0	0	0	0	0	0	0	0	0	0	0	0	0	0	0	0	0	0	0	0	0	0	0	0	0	0	0	0	1	0	0	1	0	0	0	0	1	0	0	0	0	0	0	1	1	1	0	0	1	0	0	0	0	0	0	1	0	0	0	1	0	0	0	0	0	0	0	0	0	0	0	0	0	0	0	1	0	0	0	0	0	1	0	0	1	0	0	0	0	0	0	0	0	0	0	0	0	1	0	0	0	0	0	0	0	0	0	0	0	0	0	0	0	0	0	0	0	0	0	0	0	0	0	0	0	0	0	0	1	0	0	0	0	0	0	0	0	0	0	0	0	0	
Deletion Peak 15	5q11.2  	chr5:55422195-58454168(probes 506015:508005)        	chr5:55933750-56001757(probes 506266:506296)        	chr5:45383301-81759009(probes 503144:520784)        	1.0417e-20	 8.1447e-12		0: t>-0.1; 1: -0.1>t> -1.3; 2: t< -1.3	0	0	1	0	0	0	0	0	0	0	0	0	0	0	1	0	0	1	0	1	0	1	0	0	0	0	1	0	0	1	0	1	0	0	0	0	0	1	1	1	0	0	0	0	1	0	1	0	0	0	0	0	0	0	0	1	1	0	0	1	1	1	0	0	1	0	0	0	0	0	0	0	0	0	1	0	0	0	1	0	0	1	0	0	0	0	0	0	0	0	0	0	0	1	1	0	1	0	1	0	1	0	0	0	0	0	0	1	0	0	0	0	0	1	0	0	0	1	0	0	0	0	0	0	0	0	0	0	0	0	0	0	0	0	0	0	0	0	1	1	0	1	0	0	1	0	1	0	1	0	0	1	1	0	1	0	0	0	0	1	0	0	0	1	0	0	1	0	0	0	0	0	0	0	0	0	0	0	1	0	0	0	0	1	1	0	0	0	1	0	0	0	0	0	1	1	0	0	0	0	1	0	0	1	0	0	0	0	0	1	0	0	0	0	0	0	0	0	1	1	1	1	0	0	0	0	0	0	0	0	0	0	0	0	0	1	1	0	0	0	0	1	1	0	1	0	0	0	1	0	1	0	0	0	0	1	0	0	1	0	0	0	0	0	1	0	1	0	0	0	0	0	0	0	0	0	0	0	0	1	0	0	1	0	0	0	0	1	0	0	0	0	0	0	0	0	0	0	0	1	0	0	0	0	0	1	0	0	0	0	1	1	0	1	0	0	0	0	0	0	0	0	0	0	0	0	0	0	0	0	1	0	0	0	1	0	0	1	0	0	0	0	0	0	0	0	0	1	0	0	0	0	0	0	1	0	0	0	0	0	1	0	0	1	0	0	1	0	1	0	0	1	0	0	1	0	1	0	0	0	0	0	0	0	1	1	0	0	0	0	0	0	0	0	0	0	1	0	0	0	0	0	0	0	0	0	0	0	0	0	1	0	0	0	0	0	0	1	0	0	0	0	0	0	
Deletion Peak 16	5q13.2  	chr5:65018245-75401787(probes 511507:516931)        	chr5:69444827-71454769(probes 514401:514442)        	chr5:45383301-81759009(probes 503144:520784)        	2.4483e-17	 6.1419e-07		0: t>-0.1; 1: -0.1>t> -1.3; 2: t< -1.3	0	0	1	0	0	0	0	0	0	0	0	0	0	0	1	0	0	1	0	1	0	1	0	0	0	0	1	1	0	1	0	1	0	0	0	0	1	0	1	1	0	0	0	0	0	0	1	0	0	0	0	0	0	0	0	1	1	0	0	1	0	1	0	1	0	0	1	0	0	0	0	0	0	0	0	0	0	0	1	0	0	1	0	0	0	0	0	0	0	0	0	0	0	0	1	0	1	0	1	0	1	0	0	0	0	0	0	1	0	0	0	0	0	1	0	0	0	1	0	0	0	0	0	0	0	0	0	0	0	0	0	0	0	0	0	0	0	0	1	1	0	0	0	0	1	0	1	0	0	0	0	1	1	0	0	0	0	0	0	1	0	0	1	0	0	0	1	0	0	0	0	0	0	1	0	0	0	0	0	0	0	0	0	0	1	0	0	0	1	0	0	0	0	0	1	1	0	0	0	0	0	0	0	0	0	0	0	1	1	0	0	0	0	0	0	1	0	0	0	1	1	1	0	1	0	0	0	0	0	0	0	0	1	0	0	1	1	0	0	0	0	1	1	0	1	0	0	0	1	0	0	0	0	0	0	0	0	0	1	0	0	0	0	0	0	0	1	0	0	0	0	0	0	0	0	0	0	0	0	1	0	0	1	0	0	0	0	0	0	0	0	0	0	0	0	0	0	0	0	1	0	0	1	0	0	1	0	0	0	0	1	1	0	1	0	0	0	0	0	1	0	0	0	0	0	0	0	1	0	0	1	0	1	0	1	0	0	1	1	0	0	0	0	0	0	0	0	0	0	0	0	1	0	0	1	0	0	0	0	0	1	0	0	1	0	0	1	0	1	0	0	1	0	1	1	0	1	0	0	0	0	0	0	0	1	1	0	1	0	0	0	0	0	0	1	0	1	0	0	0	1	0	0	0	0	0	0	0	0	0	1	0	0	0	0	1	0	1	0	0	0	1	0	0	
Deletion Peak 17	5q15    	chr5:98795802-98934559(probes 529829:529893)        	chr5:98847647-98934559(probes 529844:529893)        	chr5:84632611-120600890(probes 522413:541755)      	6.8769e-32	 1.7817e-27		0: t>-0.1; 1: -0.1>t> -1.3; 2: t< -1.3	0	0	0	0	1	0	1	0	0	0	1	0	0	1	1	0	0	0	0	1	0	0	0	0	1	0	1	0	0	1	0	1	0	0	0	0	1	0	1	1	0	0	0	0	0	1	0	0	0	0	0	0	0	0	0	1	1	0	0	1	0	0	0	0	0	0	1	0	0	0	1	0	0	0	1	0	1	0	1	1	0	0	1	1	0	0	0	0	0	0	1	0	0	0	1	0	1	1	0	0	1	0	0	0	1	0	0	0	0	1	0	0	0	0	0	0	0	0	0	0	1	1	0	0	0	1	0	0	0	1	0	0	0	0	0	0	0	0	0	1	1	1	1	0	1	0	1	0	0	1	0	1	1	0	0	0	0	0	0	1	0	1	0	0	1	0	1	0	0	0	0	0	0	0	0	0	0	0	0	0	0	0	0	0	1	0	0	0	1	0	0	0	0	0	1	1	0	0	0	0	0	0	0	0	0	0	0	0	1	0	0	0	0	0	0	1	0	0	0	0	1	1	0	0	0	0	0	0	0	1	0	1	0	0	0	0	1	0	0	0	0	1	1	0	1	0	0	0	1	0	0	0	0	0	0	1	0	0	0	0	0	0	0	0	1	0	0	0	0	0	0	0	1	0	0	0	0	0	0	0	0	0	0	0	0	0	0	0	0	1	1	0	0	0	0	0	1	1	0	0	1	0	0	0	0	0	0	0	0	0	1	1	0	1	1	0	0	0	1	0	0	0	0	0	0	1	1	0	0	0	1	0	0	1	0	0	0	1	1	0	0	1	0	0	1	0	0	1	0	0	0	1	1	0	0	0	0	0	0	0	0	0	0	1	0	0	1	0	1	0	0	1	0	0	1	0	1	0	0	0	0	0	0	0	1	0	0	1	1	0	0	0	0	0	1	0	0	0	0	0	0	0	1	0	0	0	0	0	0	0	1	0	0	0	0	1	0	0	0	0	0	0	0	0	
Deletion Peak 18	5q22.1  	chr5:99167138-122584206(probes 530031:542828)     	chr5:111223150-111501748(probes 535757:535924)    	chr5:84632611-120600890(probes 522413:541755)      	4.3627e-07	    0.06891		0: t>-0.1; 1: -0.1>t> -1.3; 2: t< -1.3	0	0	0	0	0	0	0	0	0	0	1	0	0	1	1	0	0	0	0	0	0	0	0	0	1	0	1	0	0	0	0	0	0	0	0	0	1	1	1	1	0	0	0	0	0	0	0	0	0	0	0	0	0	0	0	1	1	0	0	1	0	1	0	0	0	0	0	0	0	0	0	0	0	0	0	0	0	0	0	1	0	0	1	0	0	0	0	0	0	0	1	0	0	0	0	0	1	1	0	0	0	0	0	0	1	0	0	0	0	1	0	0	0	0	0	0	0	0	0	0	1	0	0	1	0	1	0	0	0	0	0	0	0	0	0	1	0	0	0	1	1	0	0	0	1	0	0	0	0	0	0	0	0	0	0	0	0	0	0	1	0	1	0	0	1	0	0	0	0	0	0	0	0	0	0	0	0	0	0	0	0	0	0	0	1	0	0	0	1	0	0	0	0	0	1	1	0	0	0	0	0	0	0	0	0	0	0	0	1	0	0	0	0	0	0	0	0	0	0	0	1	1	0	0	0	0	0	0	1	1	0	1	0	0	0	0	1	0	0	0	0	0	1	0	0	0	0	0	1	0	0	0	0	0	0	1	0	0	0	0	0	0	0	0	0	0	0	0	0	0	0	0	0	0	0	0	0	0	1	0	0	0	0	0	1	0	0	0	0	0	1	0	0	0	0	0	0	1	0	0	1	0	0	0	0	0	0	0	0	0	0	1	0	1	0	0	0	0	0	0	0	0	0	0	0	0	0	0	0	0	0	0	0	0	0	0	0	0	1	0	0	1	0	1	1	0	0	1	0	0	0	1	0	0	0	0	0	0	0	0	0	0	0	0	0	0	1	0	0	0	0	1	0	0	1	0	1	0	0	0	0	0	0	0	1	0	0	1	0	0	0	0	0	0	0	0	0	0	0	0	0	0	1	0	0	0	0	0	0	0	0	0	0	0	0	1	0	0	0	0	0	0	0	0	
Deletion Peak 19	6p24.3  	chr6:4064866-10418336(probes 580999:585621)          	chr6:7099544-7254035(probes 583254:583351)            	chr6:5520637-7553762(probes 581953:583521)            	0.030333	   0.030574		0: t>-0.1; 1: -0.1>t> -1.3; 2: t< -1.3	0	0	0	0	0	0	0	0	0	0	0	0	0	0	0	0	0	0	0	0	0	0	0	0	0	0	1	0	0	0	0	0	0	1	1	0	0	0	1	0	0	0	0	0	0	0	1	0	0	0	0	0	0	0	0	0	1	0	0	0	0	0	0	1	0	0	0	0	0	0	0	0	0	1	0	0	0	0	0	0	0	1	0	0	0	0	0	0	0	0	0	0	0	0	0	0	0	0	0	0	0	0	0	0	0	0	0	1	0	0	0	0	0	0	0	1	0	0	0	0	0	0	0	0	1	0	0	0	0	0	1	0	0	0	0	0	0	0	0	0	0	0	0	0	0	1	0	0	0	0	0	0	0	0	0	0	0	0	0	1	0	0	0	0	0	0	0	0	0	0	0	0	0	1	0	0	0	0	0	0	0	1	1	0	0	0	0	0	0	0	0	0	0	0	0	1	0	0	0	1	0	0	0	0	0	0	0	0	0	0	0	0	0	0	0	0	0	0	0	0	1	0	0	0	0	0	0	0	0	1	0	0	0	0	0	0	0	0	1	0	0	0	0	0	0	0	0	0	0	0	0	1	0	0	0	0	0	0	0	0	0	0	0	0	0	0	0	0	1	0	0	0	0	0	1	0	0	0	0	1	0	0	0	0	0	0	0	0	0	0	0	0	0	0	0	0	0	0	0	1	0	0	0	0	0	0	0	0	0	1	0	1	0	0	0	0	0	0	0	0	0	0	0	0	0	0	0	0	0	0	0	0	1	0	0	0	0	0	0	0	0	0	0	0	0	0	0	0	0	0	0	0	0	0	0	0	0	0	0	0	0	0	0	0	0	0	0	0	0	0	0	1	0	0	0	0	0	0	0	0	0	0	0	0	0	0	0	1	0	0	0	0	0	0	0	1	0	0	0	0	0	0	0	0	0	0	0	0	1	1	0	1	0	0	1	0	0	0	0	0	0	1	0	0	
Deletion Peak 20	6q14.3  	chr6:87090342-87291345(probes 627407:627523)        	chr6:87145513-87264648(probes 627440:627499)        	chr6:67551269-124820304(probes 616360:648666)      	8.0999e-57	 1.1408e-47		0: t>-0.1; 1: -0.1>t> -1.3; 2: t< -1.3	0	0	1	0	1	0	0	0	0	0	1	0	0	0	1	0	0	0	0	1	0	1	0	0	1	0	1	1	0	1	1	0	0	0	1	0	0	0	1	0	0	0	1	0	1	1	1	1	0	0	0	1	0	0	1	1	1	0	1	1	0	1	1	0	0	0	1	0	1	1	1	0	0	1	1	0	1	0	1	1	1	0	0	1	1	0	0	0	0	0	1	1	0	0	1	1	1	1	1	1	0	0	1	0	1	1	0	1	0	1	0	1	0	1	1	1	0	0	1	0	1	1	0	1	0	1	0	0	0	1	1	0	0	1	1	0	1	0	1	0	1	0	0	1	1	1	1	0	1	0	0	1	1	0	0	0	0	0	1	1	0	0	0	0	1	0	1	0	0	1	0	1	1	1	0	0	0	0	0	0	0	1	0	0	1	0	0	0	0	1	1	0	1	1	1	1	0	0	0	1	1	0	1	0	0	0	0	1	1	0	0	0	0	0	0	1	0	0	0	0	0	0	0	0	0	0	0	0	1	1	0	0	0	0	0	0	1	0	1	0	1	1	1	0	1	0	0	0	1	0	0	0	0	1	0	0	0	0	0	1	0	1	0	0	0	0	1	0	0	0	0	1	1	0	0	0	1	0	0	0	1	1	1	0	1	0	1	0	0	0	1	0	0	0	0	0	0	1	0	0	1	0	0	0	1	0	0	1	1	1	1	1	0	0	1	0	0	1	1	0	0	0	0	0	0	1	1	1	1	0	1	0	1	1	1	0	0	1	0	0	1	1	0	0	1	0	0	1	0	0	1	1	1	0	0	0	0	1	1	1	1	1	0	1	0	0	1	0	1	0	1	0	0	1	1	1	1	0	0	1	1	0	0	1	0	1	0	1	1	0	0	0	0	1	1	1	0	0	0	0	0	1	0	0	0	1	0	1	1	0	1	1	1	0	1	1	1	0	0	1	0	0	0	1	
Deletion Peak 21	6q22.1  	chr6:112348886-116754468(probes 641820:644348)    	chr6:116089843-116247609(probes 643993:644066)    	chr6:67551269-124820304(probes 616360:648666)      	1.7157e-26	 1.1779e-10		0: t>-0.1; 1: -0.1>t> -1.3; 2: t< -1.3	0	0	1	0	1	0	0	0	0	0	1	0	0	0	1	0	0	0	0	1	0	1	0	0	1	0	1	1	0	1	0	0	0	0	1	0	0	0	1	0	0	1	1	0	0	1	1	0	0	0	0	1	0	0	1	1	1	0	1	1	0	1	1	0	0	0	1	0	1	0	1	0	0	1	0	0	1	0	1	1	1	0	0	0	1	0	0	0	1	0	1	1	0	0	0	0	1	1	0	1	0	0	1	0	1	0	0	1	0	0	0	0	0	1	1	1	0	0	1	1	1	1	0	1	0	1	0	0	0	1	1	0	0	1	1	0	1	0	1	1	1	0	0	1	1	1	0	0	1	0	0	1	1	0	0	0	0	0	0	1	0	0	0	0	0	0	1	0	0	0	0	1	0	1	0	0	0	0	0	0	0	0	0	0	0	0	0	0	0	1	0	0	0	0	1	1	0	0	0	1	1	0	0	0	0	0	0	1	1	0	0	0	0	0	0	1	1	0	0	0	0	0	0	0	0	0	0	0	1	1	0	1	0	0	0	0	1	1	0	0	1	1	0	0	1	0	0	0	1	0	0	0	0	1	0	0	0	0	0	0	0	1	0	0	0	1	0	0	0	0	0	1	1	0	0	0	0	0	0	0	1	0	0	0	0	0	1	0	0	0	1	0	0	0	0	0	0	1	0	0	1	1	0	0	1	0	0	0	0	1	1	1	0	1	1	0	0	0	1	0	0	0	0	0	0	1	1	0	1	0	0	0	1	1	1	0	0	0	1	0	1	1	0	0	1	0	0	1	0	0	0	1	0	0	0	0	0	1	1	0	1	1	0	1	0	0	1	0	0	0	0	0	0	0	0	0	1	0	0	1	0	0	0	1	0	0	0	1	1	0	0	0	0	0	1	1	0	0	0	0	0	0	0	0	0	0	0	1	1	0	1	1	0	0	1	0	1	0	0	0	0	0	1	0	
Deletion Peak 22	8p23.2  	chr8:2166023-6404670(probes 760131:762071)            	chr8:2926897-4996752(probes 760167:761667)            	chr8:3689291-3690727(probes 760918:760919)            	0.03429	   0.034152		0: t>-0.1; 1: -0.1>t> -1.3; 2: t< -1.3	1	1	0	0	1	0	0	0	0	0	0	0	1	0	1	0	1	0	0	1	1	1	1	0	0	0	1	0	0	1	1	0	0	1	1	1	1	1	1	0	0	1	1	1	1	1	0	0	0	0	0	1	0	0	1	1	0	1	1	1	0	0	0	1	1	1	1	0	0	1	0	0	0	1	0	0	1	0	0	0	1	0	1	0	1	1	1	0	0	1	0	1	0	1	1	1	0	0	0	0	0	1	0	1	1	1	1	1	0	1	0	1	0	0	1	0	0	1	0	0	0	0	0	0	1	0	1	1	0	0	0	0	1	1	1	1	0	0	1	1	0	0	0	0	1	1	0	0	1	0	0	1	0	0	1	0	0	0	0	0	1	0	0	1	0	0	1	0	0	0	0	1	1	1	1	1	0	0	0	0	1	0	1	1	1	0	1	0	1	1	0	1	1	1	1	1	0	1	0	1	1	1	1	1	0	0	0	0	1	1	0	0	0	0	0	1	0	0	0	1	1	1	0	0	0	0	0	0	1	1	1	0	0	0	0	1	1	0	1	0	0	0	1	0	0	0	0	1	1	0	1	1	0	1	1	1	0	0	0	0	1	0	0	0	1	0	0	0	0	0	0	1	1	1	1	0	1	1	0	1	1	1	1	1	0	1	0	1	0	0	1	0	0	0	0	1	1	1	0	1	0	0	0	1	1	1	1	1	0	0	1	1	1	0	1	1	1	0	1	0	0	1	0	0	0	0	1	1	1	1	0	0	1	1	0	0	1	1	1	0	1	0	0	0	0	0	1	0	0	0	1	0	0	0	1	1	0	0	1	0	1	1	0	0	1	1	0	0	0	0	1	1	0	0	1	1	1	1	0	0	1	0	1	0	1	1	1	0	0	1	1	0	0	1	1	0	1	1	1	1	0	0	1	1	0	1	1	1	0	0	0	0	0	0	0	0	1	0	1	0	1	1	1	0	
Deletion Peak 23	8p21.3  	chr8:22345922-23137715(probes 772135:772499)        	chr8:22680872-22698068(probes 772224:772225)        	chr8:17605493-28179116(probes 768269:776122)        	3.1643e-12	 3.1332e-12		0: t>-0.1; 1: -0.1>t> -1.3; 2: t< -1.3	1	1	0	0	1	1	0	0	0	0	0	0	1	0	1	0	1	0	1	1	1	1	1	1	1	0	1	0	0	1	1	1	0	1	1	1	1	1	1	1	0	1	1	1	1	1	0	0	0	0	1	1	0	0	1	1	0	1	1	1	0	1	1	1	1	1	1	0	1	1	0	0	0	1	1	0	1	0	1	1	1	1	1	0	1	1	1	0	0	1	0	1	0	1	1	1	1	1	0	0	0	1	0	1	1	1	1	1	1	1	0	1	0	0	0	0	1	1	0	1	1	1	0	0	1	1	1	1	1	0	0	0	1	1	1	1	0	0	1	1	1	1	0	0	1	1	1	1	1	0	1	1	0	0	1	0	0	0	1	1	1	0	1	1	0	0	1	0	0	0	0	1	1	1	1	1	0	0	1	0	1	0	1	1	0	0	1	0	1	1	0	1	1	1	1	1	1	1	1	1	1	1	1	1	1	0	0	0	1	1	1	0	0	1	1	1	1	1	0	1	1	1	0	1	0	0	0	0	1	1	1	0	0	0	0	1	1	0	1	0	1	1	1	0	1	1	0	1	1	0	1	1	0	1	1	1	0	1	1	0	1	0	0	0	1	0	0	0	0	1	0	1	1	1	1	0	1	1	0	1	1	1	1	1	0	1	0	1	0	1	1	0	0	0	1	1	1	1	1	1	0	1	0	1	1	1	1	1	0	1	1	1	1	0	1	1	1	0	1	0	0	1	0	1	1	1	1	1	1	1	0	0	1	1	1	1	1	1	1	0	1	0	0	1	1	0	1	0	0	0	0	0	1	0	1	1	0	0	1	0	1	1	0	0	1	1	0	0	1	0	1	1	0	1	1	1	1	1	1	0	1	1	1	0	1	1	1	0	0	1	1	0	0	1	1	1	1	1	1	1	1	1	1	1	0	1	1	1	1	1	1	0	0	0	1	1	1	1	1	0	1	1	1	1	
Deletion Peak 24	8p11.21 	chr8:41894191-42158596(probes 784054:784175)        	chr8:42046571-42112251(probes 784128:784150)        	chr8:39902092-42788717(probes 782643:784594)        	0.0001671	 0.00016771		0: t>-0.1; 1: -0.1>t> -1.3; 2: t< -1.3	1	1	0	0	1	0	0	0	0	0	0	0	0	0	0	1	0	0	0	0	0	0	0	0	0	0	1	0	0	0	1	1	0	1	1	0	1	0	1	1	0	1	1	1	1	1	0	0	0	0	1	1	0	0	0	0	0	1	1	1	0	0	1	0	1	1	1	0	1	0	0	0	0	0	0	0	1	0	0	1	1	0	0	0	1	0	1	0	0	1	0	1	0	1	0	1	0	1	0	0	1	1	0	0	0	1	1	0	0	1	0	1	0	0	0	0	1	1	0	0	0	0	0	0	1	0	1	0	0	0	0	0	0	0	0	1	0	0	1	0	0	1	0	0	1	1	0	0	1	0	1	1	0	0	0	0	0	0	0	0	1	0	0	0	0	0	1	0	0	0	0	0	1	1	0	0	0	0	0	0	1	0	1	0	0	0	1	0	1	1	0	0	0	1	1	1	0	1	0	1	1	1	0	0	0	0	1	0	0	1	0	0	0	0	0	0	1	1	0	1	1	1	0	0	0	0	0	0	1	0	1	0	0	0	0	1	0	0	1	1	0	1	0	0	0	0	0	0	0	0	1	1	0	1	0	1	0	0	0	0	0	0	0	0	1	0	0	0	0	1	0	1	1	0	1	0	1	0	0	1	1	0	1	1	0	1	0	1	0	0	0	0	0	0	0	1	0	1	1	0	0	1	0	1	0	1	1	0	0	0	1	1	1	0	0	0	1	0	1	1	0	1	0	0	1	1	1	1	0	1	0	0	1	1	0	1	1	0	0	0	1	0	0	0	0	0	1	0	0	0	0	0	0	0	1	0	0	0	1	0	0	1	0	0	1	1	0	0	0	0	0	1	0	0	1	1	1	1	0	0	1	1	1	0	1	1	0	0	0	0	0	0	0	0	1	0	1	0	1	1	0	0	1	0	0	1	1	1	0	0	0	0	0	0	0	1	1	1	0	0	1	1	1	0	
Deletion Peak 25	9p23    	chr9:7799607-10619051(probes 846554:848259)          	chr9:8310705-10619051(probes 846886:848259)          	chr9:9224377-9225918(probes 847573:847574)            	5.0653e-05	 5.2261e-05		0: t>-0.1; 1: -0.1>t> -1.3; 2: t< -1.3	0	0	0	0	0	0	0	0	0	0	0	0	0	0	0	0	0	0	0	0	0	1	0	0	0	0	1	0	0	0	0	0	0	0	1	1	0	0	0	0	0	0	0	0	0	0	0	0	0	0	0	0	0	0	0	0	1	0	0	0	0	1	1	0	0	0	0	0	0	1	0	1	0	1	0	0	0	0	0	0	1	0	0	0	0	1	0	0	0	0	0	0	0	0	0	0	0	1	0	0	1	0	0	0	0	0	0	0	0	1	0	0	0	1	0	0	1	0	0	0	0	0	0	0	0	0	0	0	1	0	0	0	0	0	0	0	0	0	0	0	0	0	0	0	0	1	0	0	0	0	0	0	0	0	0	0	0	0	1	0	0	0	0	0	0	0	0	0	0	0	0	0	0	1	1	0	0	0	1	0	0	0	0	0	0	0	0	0	1	0	0	0	0	0	0	0	0	0	0	0	0	0	0	0	0	0	0	0	1	0	0	0	0	0	0	0	0	0	0	1	0	1	0	1	0	0	0	1	0	0	0	0	0	0	0	0	0	0	0	0	0	0	0	0	0	0	0	0	0	0	0	0	0	0	0	0	0	0	0	0	0	0	0	0	0	0	1	0	0	0	0	0	0	0	0	0	1	0	0	1	0	0	0	0	0	0	0	0	0	0	0	0	0	0	0	0	0	0	0	0	0	0	0	0	0	0	0	0	0	0	0	0	0	0	0	0	0	0	0	0	0	0	0	0	0	0	0	0	0	0	1	1	0	0	0	0	0	0	0	0	0	0	0	0	0	0	0	0	1	0	0	0	0	0	0	0	0	0	1	0	0	0	0	0	0	0	0	0	0	0	0	0	0	0	1	0	0	0	0	0	0	0	0	0	0	0	0	1	0	0	0	0	1	0	0	1	0	0	0	0	0	0	0	0	0	0	0	0	0	0	0	0	0	0	0	1	0	0	0	0	0	0	0	0	
Deletion Peak 26	10q11.22	chr10:38694110-66895657(probes 937942:951497)      	chr10:47321756-48189188(probes 940178:940183)      	chr10:47324793-48188463(probes 940181:940182)      	0.09363	    0.18934		0: t>-0.1; 1: -0.1>t> -1.3; 2: t< -1.3	0	1	0	0	0	0	0	0	0	0	0	0	0	0	0	0	0	0	0	0	0	0	0	0	0	0	0	0	0	0	0	0	0	0	0	0	0	0	0	0	0	0	1	0	0	0	0	1	0	0	0	1	1	0	1	0	1	0	0	0	0	0	0	0	0	0	0	0	0	0	0	0	0	1	0	1	0	0	0	0	0	0	1	0	0	0	0	0	0	0	0	0	0	0	0	0	0	0	0	0	1	0	1	0	0	0	1	0	0	0	0	0	0	0	0	0	0	0	0	0	0	0	0	0	0	0	0	0	0	0	1	0	0	0	0	1	0	0	0	0	0	0	0	0	0	0	0	0	0	0	0	0	1	0	0	0	0	0	0	1	0	0	0	0	0	0	0	0	0	0	0	0	0	0	0	0	0	0	0	0	0	0	0	1	0	0	0	0	0	0	0	0	0	0	0	1	0	0	0	1	0	0	0	0	0	0	0	0	1	0	0	0	0	0	0	0	0	0	0	1	0	0	1	1	0	0	0	0	0	1	0	0	0	0	0	0	0	0	1	0	0	0	1	0	1	0	0	0	0	1	0	0	0	0	1	0	0	0	0	0	0	0	0	0	0	0	1	0	1	1	0	0	0	0	0	0	0	0	0	1	0	0	0	0	0	0	0	1	0	0	1	0	0	0	0	0	1	0	0	0	0	1	0	0	1	0	0	0	0	0	0	0	0	0	0	0	0	0	1	0	0	1	0	0	0	0	0	0	0	0	1	0	0	0	0	0	0	1	0	0	0	0	0	0	0	0	0	0	0	0	0	0	0	0	0	1	0	0	1	0	0	0	0	0	0	0	1	0	0	0	0	0	0	1	0	0	0	0	0	0	0	0	0	0	0	0	0	0	0	0	0	0	0	0	0	0	0	0	0	0	0	0	0	0	0	0	0	0	0	0	0	0	0	0	0	0	0	0	0	0	0	0	1	0	
Deletion Peak 27	10q23.31	chr10:87746731-87819888(probes 964353:964395)      	chr10:87750473-87819888(probes 964355:964395)      	chr10:78718745-106076229(probes 958761:975350)    	1.2489e-74	 1.0647e-06		0: t>-0.1; 1: -0.1>t> -1.3; 2: t< -1.3	1	1	0	0	0	0	0	0	0	0	0	0	0	1	0	1	0	0	0	0	1	1	0	0	0	0	1	0	0	0	0	1	0	1	1	0	1	1	0	0	0	1	0	1	0	0	0	1	0	0	1	1	1	0	1	0	1	1	0	1	0	0	0	1	1	0	0	1	0	0	0	0	0	1	0	1	0	0	0	0	0	0	1	1	1	1	0	0	0	0	1	0	0	1	0	1	0	0	1	0	1	0	1	1	0	0	1	1	0	0	0	0	0	1	0	0	1	0	0	1	0	0	0	0	0	0	1	0	1	0	0	0	1	0	0	1	0	1	0	1	0	0	0	0	1	1	0	1	0	0	0	1	1	1	1	0	0	0	1	1	0	0	0	0	0	0	0	0	1	0	0	0	0	0	0	1	0	0	1	0	0	0	0	1	0	0	0	1	0	0	0	0	0	0	0	1	1	1	0	1	0	0	0	0	0	1	1	0	1	1	0	0	0	0	0	0	1	0	1	1	0	1	1	1	0	0	0	1	0	1	0	1	0	0	0	0	1	1	1	0	0	0	1	0	1	0	0	1	1	1	0	1	0	0	1	0	0	0	0	1	0	0	0	0	0	1	1	1	1	1	0	0	0	0	0	0	0	0	0	1	1	0	1	1	0	0	1	1	0	0	0	0	0	0	0	1	1	0	0	0	0	1	0	0	1	1	0	0	0	0	1	1	1	1	0	0	0	0	1	1	0	0	0	0	0	0	0	0	0	0	1	0	0	0	1	0	1	0	0	0	0	0	0	0	0	0	0	0	0	0	1	0	0	0	0	1	0	1	1	0	0	0	0	0	0	0	1	0	0	0	1	0	0	1	0	1	0	0	0	0	1	1	1	0	1	0	0	0	0	0	1	0	0	0	1	1	0	0	0	0	1	1	0	0	0	1	0	0	0	0	0	0	0	0	0	1	0	0	0	0	1	1	1	1	
Deletion Peak 28	10q23.31	chr10:87857401-88274281(probes 964420:964850)      	chr10:87857645-87976150(probes 964421:964608)      	chr10:78718745-106076229(probes 958761:975350)    	2.7685e-96	 6.7244e-46		0: t>-0.1; 1: -0.1>t> -1.3; 2: t< -1.3	1	1	0	0	0	0	0	0	0	0	0	0	0	1	0	1	0	0	0	0	1	1	0	0	0	0	1	0	0	0	0	1	0	1	1	0	1	1	1	0	0	1	0	1	0	0	0	1	0	0	1	1	1	0	1	0	1	1	0	1	0	0	0	1	1	0	0	1	0	0	0	0	0	1	0	1	0	0	0	0	0	0	1	1	1	1	0	0	0	0	1	0	0	1	0	1	0	0	1	0	1	0	1	1	0	0	1	1	0	0	0	0	0	1	0	0	1	0	0	1	0	0	0	0	0	0	1	0	1	0	0	0	1	0	0	1	0	1	0	1	0	0	0	0	1	1	0	1	0	0	0	1	1	1	1	0	0	0	1	1	0	0	0	0	0	0	0	0	1	0	0	0	0	0	0	1	0	0	1	0	0	0	0	1	0	0	0	1	0	0	0	0	0	0	0	1	1	1	0	1	0	0	0	0	0	1	1	0	1	1	1	0	0	0	0	0	1	0	1	1	1	1	1	1	0	0	0	1	0	1	0	1	0	0	0	0	1	1	1	0	0	0	1	0	1	0	0	1	1	1	0	1	0	0	1	1	0	0	0	1	0	0	0	0	0	1	1	1	1	1	0	0	0	0	0	0	0	1	0	1	1	0	1	1	0	0	1	1	0	0	0	0	0	0	0	1	1	0	0	0	0	1	0	0	1	1	0	0	0	0	1	1	1	1	0	0	0	0	1	1	0	0	0	0	0	0	0	0	0	0	1	0	0	0	1	0	1	0	0	0	0	0	0	0	0	0	0	0	0	0	1	0	0	0	0	1	0	1	1	0	0	0	0	0	0	0	1	0	0	0	1	0	0	1	1	1	0	0	0	0	1	1	0	0	1	0	0	0	0	0	1	0	0	1	1	1	0	0	0	0	1	1	0	0	0	1	0	0	0	0	0	1	0	0	0	1	0	0	0	0	1	1	1	1	
Deletion Peak 29	10q23.31	chr10:87970891-88590152(probes 964608:964996)      	chr10:88281559-88590152(probes 964859:964996)      	chr10:78718745-106076229(probes 958761:975350)    	1.4953e-89	 2.6853e-19		0: t>-0.1; 1: -0.1>t> -1.3; 2: t< -1.3	1	1	0	0	0	0	0	0	0	0	0	0	0	1	0	1	0	0	0	0	1	1	0	0	0	0	1	0	0	0	0	1	1	1	1	0	1	1	1	0	0	1	0	1	0	0	0	1	0	0	1	1	1	0	1	0	1	1	0	1	0	0	0	1	0	0	0	1	0	0	0	0	0	1	0	1	0	0	0	0	0	0	1	1	1	0	0	0	0	0	1	0	0	1	0	1	0	0	1	0	1	0	1	1	0	0	1	1	0	0	0	0	0	1	0	0	1	0	0	1	0	0	0	0	0	0	1	0	1	0	0	0	1	0	0	1	0	1	0	1	0	0	0	0	1	1	0	1	0	0	0	1	1	1	1	0	0	0	1	1	0	0	0	0	0	0	0	0	1	0	0	0	0	0	0	1	0	0	1	0	0	0	0	1	0	0	0	1	0	0	0	0	0	0	0	1	1	1	0	1	0	0	0	0	0	1	1	0	1	1	1	0	0	0	0	0	1	0	1	1	1	1	1	1	0	0	0	1	0	1	0	1	0	0	0	0	1	1	1	0	0	0	1	0	1	0	0	1	1	1	0	1	0	0	1	1	0	0	0	1	0	0	0	0	0	1	1	1	1	1	0	0	0	0	0	0	0	1	0	1	1	0	1	1	0	0	1	1	0	0	0	0	0	0	0	1	1	0	0	0	0	1	0	0	1	1	0	0	0	0	1	1	0	1	0	0	0	0	1	1	0	0	0	0	0	0	0	0	0	0	1	0	0	0	1	0	1	0	0	0	0	0	0	0	0	0	0	0	0	0	1	0	0	0	0	1	0	1	1	0	0	0	0	0	0	0	1	0	0	0	1	0	0	1	1	1	0	0	0	0	1	1	0	0	1	0	0	0	0	0	1	0	0	1	1	1	0	0	0	0	1	1	0	0	0	1	0	0	0	0	0	1	0	0	0	1	0	0	0	0	1	1	1	1	
Deletion Peak 30	11p11.2 	chr11:34617954-49955814(probes 1015712:1024457)    	chr11:47159195-47203691(probes 1023489:1023491)    	chr11:43368825-48966836(probes 1021179:1024039)    	0.015394	   0.015322		0: t>-0.1; 1: -0.1>t> -1.3; 2: t< -1.3	0	0	0	0	0	0	0	0	0	0	1	0	0	0	1	0	0	0	0	0	0	0	0	0	0	0	0	1	0	1	0	0	0	1	0	0	0	1	0	0	0	0	0	0	0	0	0	0	0	0	0	0	0	0	0	0	0	0	0	0	0	1	0	0	0	0	0	0	0	0	0	0	0	0	0	0	1	0	0	0	0	0	1	1	0	0	0	0	0	0	0	0	0	0	0	0	0	0	0	0	0	0	0	0	0	0	0	0	0	0	0	0	0	1	0	0	0	0	0	0	0	0	0	0	0	1	0	0	0	0	0	0	0	0	0	0	0	0	0	0	1	0	1	0	1	0	0	0	0	0	0	0	0	0	0	0	0	0	0	1	0	0	0	0	0	0	1	0	0	0	0	0	0	0	0	0	0	0	0	0	0	0	0	0	1	0	0	0	0	0	0	0	0	0	0	0	0	0	0	0	0	0	0	0	0	0	0	0	0	0	0	0	0	0	0	1	1	0	0	0	0	0	0	0	0	0	0	0	0	0	0	0	0	0	0	0	0	0	0	0	0	0	0	0	0	0	0	0	0	0	0	0	0	0	0	0	0	0	0	0	0	0	0	0	1	0	0	0	1	0	0	0	0	0	0	0	0	0	0	1	0	0	1	0	0	0	0	0	0	0	0	0	0	0	0	0	0	0	0	0	1	0	0	0	1	0	0	0	0	0	0	0	0	0	0	0	0	0	1	0	0	0	0	0	0	0	0	0	0	0	0	0	0	0	0	0	0	0	0	0	0	0	0	0	0	0	0	0	0	0	0	0	1	0	0	0	0	0	0	1	0	0	0	0	0	0	1	0	0	0	0	0	0	0	0	0	1	0	0	0	0	0	0	0	0	0	0	0	0	0	0	0	0	0	0	0	0	0	0	0	0	0	0	0	0	0	0	1	0	0	0	0	0	0	0	0	0	0	0	0	0	0	0	0	
Deletion Peak 31	11q23.2 	chr11:113778340-114443404(probes 1057402:1057916)	chr11:113972756-113991026(probes 1057533:1057542)	chr11:113237666-116560231(probes 1057002:1059498)	6.7443e-08	 6.5551e-08		0: t>-0.1; 1: -0.1>t> -1.3; 2: t< -1.3	0	0	0	0	0	0	0	0	0	0	0	0	0	0	1	0	1	0	0	0	0	0	0	0	0	0	0	1	0	0	0	0	1	0	0	0	0	0	0	0	0	0	0	0	0	0	0	1	0	0	0	0	0	0	1	0	0	0	1	1	0	0	0	0	1	0	0	0	0	0	0	0	0	1	0	0	0	0	0	0	0	0	0	0	0	0	0	0	0	0	1	0	0	0	0	0	0	1	0	0	0	0	1	0	0	0	0	0	0	0	0	0	0	0	0	0	1	0	1	0	0	0	0	0	0	0	0	0	0	0	0	0	0	0	0	0	0	0	0	0	0	0	0	0	1	0	0	0	1	0	0	0	0	0	0	0	0	0	0	1	0	0	0	0	0	0	1	0	0	0	0	0	0	0	0	0	0	0	0	0	0	0	0	1	1	0	0	0	0	1	0	0	0	0	0	0	0	0	0	0	0	0	0	0	0	1	0	0	0	0	0	0	0	0	0	0	1	0	0	0	1	1	1	0	0	0	0	0	0	1	1	0	0	0	0	0	0	0	0	0	0	0	0	0	1	0	0	0	0	0	0	0	0	0	0	0	0	0	0	0	0	0	0	0	1	1	0	0	1	1	0	1	0	0	0	0	0	1	0	1	0	0	0	1	0	0	0	1	0	0	0	0	0	0	0	0	0	1	0	0	0	0	0	0	0	1	0	0	0	0	0	1	0	0	0	0	0	0	1	0	0	0	0	0	0	0	0	0	0	0	0	0	0	0	0	0	0	0	1	0	0	0	0	0	0	0	1	0	0	0	0	0	0	0	0	0	0	0	0	0	0	0	0	1	0	0	0	0	1	1	0	0	0	1	0	0	1	0	0	0	0	0	0	0	0	0	0	0	0	0	0	0	0	0	0	0	0	0	0	0	0	1	0	0	0	0	0	0	0	0	0	1	0	0	0	0	0	0	0	0	0	0	0	0	
Deletion Peak 32	12p13.1 	chr12:12691300-12799496(probes 1078560:1078616)    	chr12:12715519-12799496(probes 1078578:1078616)    	chr12:9593183-14644688(probes 1076650:1079786)      	2.671e-15	  2.671e-15		0: t>-0.1; 1: -0.1>t> -1.3; 2: t< -1.3	0	0	0	0	1	0	0	0	0	0	0	0	1	1	1	1	1	0	0	0	1	1	1	0	1	0	1	1	0	1	0	1	0	0	0	1	1	0	1	0	0	1	0	1	1	1	0	0	0	0	0	1	0	0	0	1	1	1	0	1	0	0	0	0	0	1	1	1	0	0	0	1	0	0	0	0	1	0	0	1	0	0	0	0	1	0	0	0	0	0	0	1	0	1	0	1	0	0	1	0	0	1	0	1	1	0	0	1	0	0	0	1	0	1	0	0	0	0	0	1	0	0	0	0	0	1	0	0	0	0	0	0	0	0	0	0	0	0	0	0	1	0	0	0	0	1	0	1	0	0	0	1	0	0	0	0	0	0	1	1	0	0	0	0	0	0	0	0	0	0	0	0	1	0	1	0	0	0	1	0	0	0	0	1	0	0	0	0	1	0	0	0	0	1	0	1	0	1	0	1	0	0	1	0	0	0	0	0	0	1	0	0	0	0	0	0	0	0	0	1	0	0	0	1	0	0	0	0	0	0	0	0	0	0	0	1	0	1	0	0	0	1	0	0	1	0	0	0	1	1	1	0	0	0	1	1	0	0	0	0	0	1	0	0	1	0	0	0	1	0	0	1	1	0	0	0	0	0	0	0	0	1	1	0	1	0	0	1	0	0	0	0	0	0	0	0	0	0	0	0	0	1	0	0	1	0	0	0	0	0	0	1	0	0	0	1	1	0	1	1	0	0	0	0	1	1	1	0	0	0	1	0	1	0	0	1	0	0	0	0	1	0	1	0	0	0	0	1	0	0	0	1	1	0	0	0	0	0	1	0	1	1	0	0	0	0	0	0	1	0	0	0	0	0	0	1	1	1	0	0	1	0	0	1	0	0	0	0	0	1	0	0	0	1	1	1	0	0	0	0	0	0	0	0	0	1	0	0	1	0	1	0	1	0	1	1	0	1	0	0	1	0	0	1	
Deletion Peak 33	12q24.31	chr12:123932066-133275309(probes 1142624:1146881)	chr12:124318093-124570388(probes 1142908:1143018)	chr12:123981686-133275309(probes 1142652:1146881)	0.0021744	  0.0021454		0: t>-0.1; 1: -0.1>t> -1.3; 2: t< -1.3	0	0	0	0	0	0	0	0	1	0	0	0	0	0	0	0	0	0	0	0	0	0	1	0	1	0	0	0	0	0	1	0	0	0	0	1	0	0	1	0	0	0	0	0	0	0	0	0	0	0	0	1	0	0	0	0	1	0	0	0	0	0	0	0	0	0	0	0	0	0	0	0	0	1	0	0	0	0	0	0	0	0	0	0	0	0	1	0	0	0	0	0	0	0	0	0	0	0	1	0	0	0	0	0	0	0	0	0	0	0	0	0	0	0	0	0	0	1	0	0	0	1	0	0	0	1	0	1	0	0	0	0	0	0	1	0	0	0	0	0	0	0	0	0	1	1	0	0	0	0	0	1	0	0	0	0	0	0	0	1	0	0	0	0	0	0	0	0	0	0	0	0	0	1	0	0	0	0	0	0	0	0	0	0	0	0	0	0	0	0	0	0	0	1	0	1	1	0	0	1	0	0	0	0	0	0	0	0	0	0	0	0	0	0	0	1	0	0	0	1	1	1	0	0	0	0	0	0	0	0	0	0	0	0	0	1	0	0	0	0	0	0	0	0	0	0	0	1	1	0	0	0	0	0	0	0	0	0	0	0	0	0	0	0	0	0	0	0	0	1	0	0	0	0	0	0	1	0	0	1	0	0	0	0	0	0	0	0	0	0	0	0	0	0	0	0	0	0	0	0	0	1	0	0	0	0	0	0	0	0	0	0	0	0	1	0	0	0	0	0	0	0	0	0	0	1	0	0	0	0	0	0	0	0	0	0	0	0	0	0	0	0	0	0	0	0	1	0	0	0	0	1	0	0	0	0	0	0	0	0	1	1	0	0	0	0	0	0	0	0	1	0	0	0	0	0	0	1	0	0	0	0	0	0	0	0	0	1	0	1	0	0	0	0	0	0	0	0	0	0	0	0	0	0	0	0	0	0	0	0	0	0	0	0	0	1	0	0	0	0	0	0	0	1	
Deletion Peak 34	13q13.1 	chr13:31798979-37566176(probes 1154847:1158766)    	chr13:33013515-33067878(probes 1155661:1155702)    	chr13:31123122-85189174(probes 1154507:1185764)    	5.0082e-11	   0.069772		0: t>-0.1; 1: -0.1>t> -1.3; 2: t< -1.3	0	0	0	0	0	0	0	0	0	0	0	0	1	0	0	0	0	0	1	1	0	0	0	0	0	0	1	0	0	0	0	1	0	0	1	1	1	0	0	1	0	0	0	0	0	0	0	1	0	0	0	0	1	0	1	1	1	0	0	1	0	1	0	0	0	0	0	0	0	1	0	1	0	1	0	0	0	0	1	0	0	1	0	1	0	0	0	0	0	0	0	0	0	1	0	0	0	0	0	0	1	0	0	0	0	0	0	1	0	0	0	0	0	1	0	1	1	1	0	0	0	0	0	1	0	0	0	0	1	0	1	0	0	0	0	0	0	0	1	0	0	1	0	0	0	1	1	1	0	0	0	1	0	0	1	0	0	0	0	0	0	0	0	0	0	0	1	0	0	0	0	0	0	0	0	1	0	0	1	0	0	0	0	0	1	0	0	0	1	1	0	1	0	0	1	0	1	0	0	0	0	0	0	1	0	0	0	0	1	0	1	0	0	0	0	0	1	0	1	1	1	1	1	0	0	0	0	0	0	1	0	0	0	0	0	0	1	0	0	0	0	1	1	0	0	0	0	0	0	0	0	0	0	1	0	0	1	0	1	0	0	0	0	0	1	1	1	1	0	0	0	1	0	0	1	0	0	0	0	0	0	1	0	0	1	0	0	0	0	0	1	0	0	0	0	0	0	0	1	0	0	0	0	0	1	0	0	0	0	0	0	0	0	0	0	1	0	0	0	0	0	0	0	0	0	1	1	0	0	0	0	0	1	0	0	1	0	0	1	0	0	0	0	0	0	0	0	0	0	0	0	1	0	0	1	0	0	1	1	1	0	1	0	0	0	0	1	0	0	0	0	0	0	0	1	0	1	0	0	0	0	1	0	0	0	1	0	0	0	1	0	0	0	0	0	0	0	0	1	0	0	0	1	0	0	0	0	0	0	0	0	0	0	1	0	1	1	0	0	0	0	1	0	0	
Deletion Peak 35	13q14.13	chr13:44578715-46772305(probes 1163426:1164764)    	chr13:46043234-46104705(probes 1164283:1164320)    	chr13:31123122-85189174(probes 1154507:1185764)    	5.7621e-54	 1.1508e-44		0: t>-0.1; 1: -0.1>t> -1.3; 2: t< -1.3	0	0	0	0	0	0	1	0	0	0	1	0	1	1	1	0	0	1	1	1	0	0	0	0	1	1	1	0	0	1	0	1	0	0	1	1	1	0	0	1	0	0	1	1	0	0	0	1	0	0	0	0	1	0	1	1	1	0	1	1	0	1	0	0	1	0	1	1	0	1	0	1	0	1	0	0	1	0	1	0	1	1	0	1	0	1	1	0	0	0	1	0	1	1	1	0	0	1	0	1	1	0	0	0	1	0	1	1	1	0	0	0	0	1	1	1	1	0	0	0	1	0	0	1	1	1	1	0	1	1	1	0	0	0	1	0	1	1	1	0	1	0	1	0	0	1	1	1	1	1	0	1	1	0	1	0	0	0	0	1	0	0	0	1	1	0	1	1	0	1	0	1	0	0	1	1	0	0	1	0	1	0	0	0	1	0	1	1	1	1	1	1	0	0	0	0	1	0	0	0	1	0	0	1	0	0	1	0	1	0	0	0	0	0	1	1	1	0	1	1	1	1	1	1	0	0	0	0	1	1	1	0	0	0	0	1	1	0	0	0	0	1	1	0	1	1	0	0	1	0	1	0	0	1	0	0	1	0	1	0	0	0	1	0	1	1	1	1	1	0	0	1	0	0	0	0	0	0	0	0	1	1	0	0	1	0	0	1	0	1	1	0	0	0	1	1	0	1	1	1	1	1	0	0	1	0	0	0	0	1	0	1	0	1	0	1	0	1	1	1	0	1	0	1	0	1	1	1	0	0	0	1	1	0	1	1	0	1	1	0	0	1	1	0	1	0	1	0	0	0	0	1	1	0	1	0	0	1	1	1	0	1	0	1	0	1	1	0	1	0	1	0	0	0	1	0	1	0	1	1	0	1	0	1	1	1	0	1	0	1	1	0	0	1	1	0	1	0	1	0	1	0	1	0	0	1	1	0	1	1	1	0	0	1	0	1	1	1	0	0	0	1	1	0	
Deletion Peak 36	13q22.1 	chr13:58230678-81226205(probes 1170137:1183583)    	chr13:72773954-73021001(probes 1177907:1178027)    	chr13:31123122-85189174(probes 1154507:1185764)    	1.7e-19	 0.00017059		0: t>-0.1; 1: -0.1>t> -1.3; 2: t< -1.3	0	0	0	0	0	0	1	0	0	0	1	0	0	1	0	0	0	1	0	0	0	0	0	0	1	1	1	0	0	1	0	0	0	0	1	1	1	0	0	1	0	0	0	1	0	1	0	0	0	0	0	0	1	0	1	1	1	0	1	1	0	0	0	1	0	0	0	0	0	1	0	0	0	1	0	0	1	0	1	0	1	1	1	1	0	0	0	0	0	0	1	1	1	1	1	0	1	1	0	1	1	0	1	0	1	0	0	1	1	1	0	0	0	1	0	1	0	0	0	1	0	0	0	1	1	1	1	0	1	0	0	0	0	0	1	0	1	0	0	0	0	0	1	0	0	1	0	1	1	1	0	1	1	0	1	0	0	0	0	1	0	0	0	0	0	0	1	1	0	0	0	1	0	0	0	1	0	0	1	0	0	0	0	1	1	0	0	1	1	1	0	0	0	0	0	0	1	0	0	0	1	0	1	1	0	0	1	0	1	0	0	0	0	0	0	0	0	0	1	1	1	1	1	1	0	0	0	0	0	1	0	0	0	0	0	1	1	0	0	0	0	0	1	0	1	0	0	0	1	0	1	1	0	0	0	0	1	0	1	0	0	0	0	0	1	0	1	1	1	0	0	1	0	0	0	0	0	0	0	0	1	0	0	0	0	0	1	0	0	0	0	0	0	0	1	1	0	0	0	1	0	0	0	0	1	0	0	0	0	1	0	0	0	0	0	1	0	1	1	0	0	1	0	1	0	1	1	1	0	0	0	1	1	0	0	1	0	1	1	0	0	1	1	0	1	1	1	0	1	0	0	1	0	0	1	0	0	0	1	1	0	0	0	1	0	0	1	0	0	0	1	1	0	0	1	0	0	0	1	1	0	1	0	0	1	0	0	1	0	0	0	0	0	0	1	0	1	0	1	0	0	0	0	0	0	0	1	0	1	1	1	0	0	1	0	1	0	1	0	0	0	0	1	0	
Deletion Peak 37	13q31.1 	chr13:81226644-84856026(probes 1183586:1185519)    	chr13:84135244-84607894(probes 1185175:1185460)    	chr13:31123122-85189174(probes 1154507:1185764)    	7.7794e-07	  0.0016919		0: t>-0.1; 1: -0.1>t> -1.3; 2: t< -1.3	0	0	0	0	0	0	0	0	0	0	0	0	0	1	0	0	0	1	0	0	0	0	0	0	1	0	1	0	0	0	0	0	0	0	0	1	1	0	0	0	0	0	0	1	0	0	0	0	0	0	0	0	1	0	1	0	1	0	1	1	0	0	0	1	0	0	0	0	0	0	0	0	0	1	0	0	1	0	0	1	1	0	1	1	0	0	0	0	0	0	1	0	0	1	0	0	1	0	0	1	1	0	0	0	0	0	0	1	1	0	0	0	0	1	0	1	0	0	0	1	1	1	0	1	1	1	0	0	1	0	0	0	0	0	1	0	1	0	0	0	0	0	1	0	0	1	0	0	0	1	0	1	1	0	0	0	0	0	0	0	0	0	0	0	0	0	1	1	0	0	0	0	0	0	0	1	0	0	1	0	0	0	0	0	1	0	0	1	1	1	0	0	0	0	0	0	1	0	0	0	1	0	0	1	0	0	1	0	1	0	0	0	0	0	0	0	0	0	1	1	0	1	1	1	0	0	0	0	0	1	0	0	0	0	0	1	1	0	0	0	0	0	1	0	0	0	0	0	1	0	0	0	0	0	0	0	1	0	0	0	0	0	0	0	1	0	1	1	1	0	0	0	0	0	0	0	0	0	0	0	0	0	0	0	0	0	0	1	0	0	0	0	0	0	0	0	0	0	0	1	0	0	0	0	1	0	0	0	0	1	0	0	0	0	0	1	0	1	1	0	0	0	0	1	0	1	1	0	0	0	0	1	1	0	0	1	0	0	1	0	0	1	1	0	1	1	0	0	0	0	0	1	1	0	1	0	0	0	1	0	0	0	0	0	0	0	0	0	0	0	0	0	0	0	1	0	1	0	1	1	0	1	0	0	1	0	0	0	0	0	0	0	0	0	1	0	1	0	0	0	0	0	0	0	0	0	1	0	0	1	0	0	0	1	0	1	1	0	0	0	0	0	1	0	
Deletion Peak 38	15q21.3 	chr15:25859096-59644289(probes 1256155:1274797)    	chr15:56883252-56927693(probes 1272967:1272986)    	chr15:56760588-57078889(probes 1272907:1273060)    	0.1847	     0.1881		0: t>-0.1; 1: -0.1>t> -1.3; 2: t< -1.3	1	0	0	0	0	0	0	0	0	0	0	0	0	0	0	0	0	0	0	0	1	0	0	0	0	0	1	0	0	0	0	0	0	0	1	0	0	0	1	0	0	0	1	0	0	0	0	0	0	0	0	0	0	0	0	0	0	0	1	0	0	0	0	0	0	0	0	0	0	0	0	0	0	1	0	0	0	0	0	0	1	1	0	0	0	0	0	0	0	0	0	0	0	1	0	0	0	0	1	0	0	0	0	0	0	1	1	1	0	0	0	0	0	0	0	0	0	0	0	1	0	0	0	0	0	0	1	0	0	0	1	0	1	0	0	0	0	0	0	0	0	0	0	0	0	0	0	1	0	0	0	0	1	0	0	0	0	0	0	0	0	0	0	0	0	0	0	0	0	0	0	0	0	0	0	1	0	0	0	0	0	0	0	0	0	0	0	0	1	0	0	0	0	0	0	0	0	0	0	1	0	1	0	0	0	0	0	0	0	0	1	0	0	0	0	0	0	0	0	1	1	0	0	0	0	0	0	1	0	0	0	0	0	0	0	0	0	0	0	0	0	0	0	0	1	0	0	0	1	0	0	0	0	0	0	0	0	1	0	0	0	0	0	0	1	0	1	0	1	0	0	0	0	0	0	0	1	0	0	0	0	0	0	0	0	0	1	1	0	0	0	0	0	0	0	0	0	0	0	0	0	0	0	0	0	0	0	0	0	0	1	1	0	1	0	0	0	0	0	0	0	0	0	0	0	0	0	0	0	0	0	1	0	0	1	0	0	0	0	0	0	0	0	0	0	0	0	0	0	0	0	0	0	0	1	0	0	0	1	0	0	0	0	0	0	0	0	0	0	0	0	0	0	0	1	0	0	0	0	0	0	0	0	0	0	0	0	0	0	0	0	0	0	0	0	0	0	0	0	0	0	0	1	0	0	0	0	0	1	0	0	0	0	0	0	0	1	0	0	0	0	0	0	0	
Deletion Peak 39	16q12.1 	chr16:49851598-55483249(probes 1316158:1320386)    	chr16:52543993-52612463(probes 1318047:1318105)    	chr16:52509697-52617450(probes 1318026:1318110)    	0.021188	   0.021142		0: t>-0.1; 1: -0.1>t> -1.3; 2: t< -1.3	1	0	0	0	0	0	0	0	0	0	0	0	0	0	1	0	1	0	0	0	0	0	0	1	1	0	0	1	0	1	0	0	0	0	0	1	1	0	1	0	1	0	0	0	1	0	0	0	0	0	0	0	1	0	0	0	1	0	0	1	0	0	0	0	0	0	1	0	0	0	0	0	0	1	0	1	1	0	0	0	0	0	0	0	1	0	0	0	0	0	0	0	0	0	0	1	0	0	0	0	0	0	0	0	0	0	1	0	0	0	0	1	0	0	0	0	0	0	0	0	0	0	0	0	1	0	0	0	1	0	1	0	0	0	1	0	0	0	0	0	0	0	0	0	1	0	0	0	0	0	0	0	1	0	0	0	0	0	0	1	0	0	0	0	0	0	1	0	0	1	0	1	0	0	1	1	0	0	0	0	1	1	0	0	1	0	0	0	1	0	0	0	0	1	0	1	1	0	0	1	0	0	1	1	0	0	0	0	1	0	1	0	0	0	0	1	1	0	0	1	0	1	0	0	0	0	0	0	1	0	0	0	0	0	0	0	1	0	0	1	0	1	0	0	0	0	0	0	1	0	0	1	0	1	1	0	0	0	0	0	1	0	1	0	1	0	0	1	1	0	0	0	0	0	1	0	0	0	0	0	0	0	1	0	0	0	1	1	1	0	0	0	0	0	0	0	0	1	1	0	0	1	0	0	1	0	1	0	0	1	1	1	0	0	1	0	0	0	0	0	0	0	0	0	0	0	1	0	0	0	0	1	1	1	0	1	0	0	0	0	0	0	0	0	0	0	0	0	0	0	1	0	1	0	1	0	0	0	0	0	1	0	1	0	0	1	0	0	0	0	0	1	0	0	1	0	1	0	0	0	0	0	0	0	1	0	0	1	0	0	1	0	0	1	1	0	0	0	1	0	1	1	0	0	0	0	0	0	0	1	1	0	0	0	1	0	1	1	0	1	1	0	0	0	
Deletion Peak 40	16q22.3 	chr16:72662248-73092559(probes 1330180:1330418)    	chr16:72773515-73063763(probes 1330233:1330404)    	chr16:69463301-90338345(probes 1328884:1341717)    	3.2659e-26	 3.5121e-11		0: t>-0.1; 1: -0.1>t> -1.3; 2: t< -1.3	1	0	0	0	0	0	0	0	0	0	0	0	1	0	1	0	1	0	0	1	0	0	1	1	1	0	0	1	1	1	0	0	0	0	0	1	1	1	1	1	0	1	1	0	1	1	1	0	0	0	1	1	1	1	0	0	1	0	0	1	0	0	0	1	0	0	1	1	0	0	0	0	0	1	0	1	1	0	0	1	1	1	0	0	1	0	1	0	0	0	0	0	0	1	0	1	0	0	0	1	0	0	0	0	0	0	1	1	0	0	0	1	0	1	0	0	0	1	0	0	0	0	0	1	1	0	0	0	1	0	1	0	1	1	1	0	0	0	0	0	1	0	0	0	1	0	0	0	1	0	0	0	1	0	1	0	0	0	0	1	0	1	1	0	0	1	1	1	1	1	0	1	0	0	0	1	0	0	0	0	1	1	0	1	0	0	0	0	1	0	0	0	0	1	0	1	1	1	0	1	0	0	1	1	0	0	0	1	1	0	1	0	0	1	0	1	1	0	1	1	1	1	1	0	0	0	0	1	1	0	1	1	1	0	0	0	1	0	0	1	0	0	1	0	0	0	0	0	1	0	0	1	0	0	1	0	0	0	0	0	1	0	0	0	0	0	1	1	1	0	0	0	0	0	0	0	1	1	0	0	1	1	1	0	1	0	1	0	1	0	0	0	1	0	0	0	0	1	1	1	0	1	0	0	1	0	1	1	0	1	1	1	0	0	1	0	0	0	1	0	0	1	1	0	1	0	1	1	0	1	1	1	1	1	0	1	1	0	0	0	0	0	0	0	0	0	0	0	1	0	1	0	1	0	1	0	0	0	0	0	1	0	0	0	0	1	0	0	0	1	1	1	0	0	1	0	1	1	1	0	0	0	0	0	1	0	1	1	0	0	1	0	0	1	1	0	0	0	1	0	0	1	1	0	0	0	0	0	1	1	1	0	0	0	1	0	1	0	0	0	1	0	0	1	
Deletion Peak 41	16q24.1 	chr16:84142166-86580068(probes 1339190:1340492)    	chr16:85047567-85103662(probes 1339318:1339326)    	chr16:69463301-90338345(probes 1328884:1341717)    	1.0611e-35	 3.4937e-22		0: t>-0.1; 1: -0.1>t> -1.3; 2: t< -1.3	1	0	0	0	0	0	0	0	0	0	0	0	1	0	1	0	1	0	0	1	0	0	1	1	1	0	0	1	1	1	0	1	0	0	0	1	1	1	1	1	0	1	1	1	1	1	1	0	0	0	1	1	1	1	0	0	1	0	0	1	0	0	0	1	0	0	1	1	0	1	0	0	0	1	0	1	1	0	0	1	1	1	1	0	1	1	1	0	0	0	0	0	0	1	1	0	0	0	0	1	0	0	0	1	0	0	1	1	0	0	0	1	0	1	0	0	0	1	0	0	0	0	0	0	1	0	0	0	1	0	1	0	1	1	1	0	0	0	0	0	0	0	0	0	1	0	0	0	1	0	0	0	1	0	1	0	0	0	0	1	0	1	1	0	0	1	0	1	1	0	0	1	0	0	0	1	0	0	1	0	1	1	0	0	0	0	0	0	1	0	0	0	0	1	1	1	1	1	0	1	1	1	1	0	0	0	0	1	1	0	1	0	0	1	0	1	1	1	1	1	1	0	1	1	0	0	0	0	1	0	1	1	1	0	0	1	1	0	0	1	0	0	1	0	0	0	0	1	1	0	0	1	0	0	1	1	0	0	1	0	1	0	1	0	1	0	1	1	1	1	0	0	0	0	1	0	0	1	0	1	1	1	1	0	0	0	0	1	1	0	0	0	1	0	0	0	0	1	1	1	0	1	0	0	1	0	0	1	0	1	1	1	0	0	1	0	1	0	1	0	0	1	1	0	1	0	1	1	0	1	1	1	1	1	0	1	1	0	1	0	0	0	0	0	0	0	0	0	1	0	1	0	1	0	1	0	0	0	0	0	1	0	0	0	0	1	0	0	1	1	1	1	0	0	1	1	1	1	1	0	0	1	0	0	1	1	1	1	0	0	1	0	0	1	1	0	0	0	1	0	0	1	0	0	0	0	1	0	1	1	1	0	0	0	1	1	1	0	1	0	1	1	0	1	
Deletion Peak 42	17p13.1 	chr17:7576375-8006762(probes 1344930:1345098)        	chr17:7851143-7937360(probes 1345037:1345064)        	chr17:5075748-8941358(probes 1343484:1345639)        	6.7762e-24	  6.759e-24		0: t>-0.1; 1: -0.1>t> -1.3; 2: t< -1.3	1	0	1	0	0	0	0	0	0	0	0	0	1	1	1	1	1	1	0	0	0	1	1	1	0	0	1	1	1	0	0	1	0	1	1	1	1	1	1	0	1	0	0	0	1	0	0	0	0	0	0	1	0	0	0	0	1	0	1	1	0	0	0	1	1	0	0	0	0	0	0	1	1	1	0	1	1	0	0	0	0	1	1	0	0	0	1	0	0	0	0	0	0	1	0	0	0	0	1	0	1	0	1	1	0	0	1	1	0	0	0	0	0	0	0	0	1	0	0	0	0	0	0	0	0	0	1	0	1	0	1	0	1	0	1	0	0	1	0	0	0	1	0	0	1	1	0	0	1	0	0	1	1	0	0	0	0	0	0	1	1	0	0	0	0	0	1	0	1	0	0	0	0	1	1	1	1	0	0	1	0	1	1	0	0	0	1	0	1	0	0	0	0	0	0	1	0	1	1	1	1	0	1	1	0	0	1	0	0	0	1	0	0	0	0	0	1	0	1	1	1	1	0	1	1	0	0	1	0	0	0	1	0	0	0	1	1	0	0	0	1	0	1	0	0	0	0	0	1	1	0	1	0	0	0	0	0	0	1	0	0	0	0	0	1	0	1	0	1	1	0	0	0	0	0	0	1	1	0	1	0	0	0	0	0	0	1	0	0	0	0	0	0	0	0	0	0	0	1	0	0	1	0	0	1	0	1	0	0	1	1	1	1	0	0	0	0	0	0	0	0	1	0	0	0	0	0	1	1	0	1	1	1	0	0	1	1	0	1	0	1	0	1	0	0	0	1	0	1	0	1	0	0	0	1	0	0	0	1	0	0	0	0	0	0	0	0	0	0	1	1	1	0	1	1	0	1	1	0	0	0	0	0	0	1	0	1	0	0	1	1	0	0	0	1	1	0	0	0	0	0	0	0	0	0	0	0	0	1	1	1	0	0	0	0	1	1	0	0	0	1	0	1	1	
Deletion Peak 43	17q21.31	chr17:44022779-44562358(probes 1359349:1359554)    	chr17:44182031-44312259(probes 1359409:1359460)    	chr17:41832900-47177973(probes 1358326:1360180)    	8.4491e-21	 8.4491e-21		0: t>-0.1; 1: -0.1>t> -1.3; 2: t< -1.3	0	1	0	0	0	1	0	0	0	0	0	0	0	0	0	0	0	0	0	0	1	0	0	0	0	0	1	1	1	0	0	1	0	0	0	1	1	0	0	0	1	1	0	0	1	0	0	0	1	0	1	0	0	0	0	0	1	0	1	0	1	0	0	1	0	1	0	1	1	0	0	1	0	1	0	0	1	0	0	0	0	1	0	0	1	0	0	0	0	0	0	0	0	0	1	0	0	0	1	0	0	0	0	1	0	0	1	1	0	0	0	0	0	0	0	0	0	0	0	0	0	0	0	0	0	0	0	0	0	0	1	0	0	0	0	0	0	1	0	0	0	0	0	0	0	1	0	1	1	0	1	0	0	0	1	0	0	0	1	1	1	0	0	0	0	0	0	1	0	0	0	1	1	0	1	1	1	0	0	0	0	1	1	1	0	0	1	1	0	0	0	0	0	0	0	1	0	1	1	1	0	0	0	1	1	0	0	0	0	0	0	0	0	1	0	0	0	0	1	0	1	1	0	0	0	1	0	0	0	0	0	0	0	0	0	0	0	0	0	0	0	0	0	0	1	0	0	0	1	0	0	0	0	1	1	0	0	1	0	0	0	0	0	0	0	0	0	0	1	0	1	0	0	0	0	0	0	0	0	1	0	0	0	0	0	0	0	1	0	0	0	0	0	0	1	1	0	0	0	0	0	1	0	0	0	0	1	0	0	0	0	1	1	0	0	0	0	0	1	0	0	1	0	0	0	0	0	0	0	0	1	1	0	0	1	0	0	0	0	0	0	0	0	0	0	0	0	0	0	0	1	0	0	1	0	0	0	0	0	0	0	0	0	0	0	1	0	0	0	0	0	0	0	0	1	1	0	0	0	0	1	0	1	0	0	1	0	0	0	0	0	1	0	0	1	0	0	0	0	0	0	0	0	0	0	0	0	0	0	1	0	0	0	0	0	1	1	1	0	0	0	0	0	0	
Deletion Peak 44	18q22.1 	chr18:57029153-80373285(probes 1410305:1422820)    	chr18:68714322-69057452(probes 1417365:1417596)    	chr18:63458158-80373285(probes 1414685:1422820)    	0.0028502	  0.0028502		0: t>-0.1; 1: -0.1>t> -1.3; 2: t< -1.3	0	0	0	0	0	0	0	0	0	0	0	0	1	1	0	0	0	0	0	0	0	0	0	1	0	0	1	0	0	0	1	1	0	0	1	1	0	0	1	0	0	0	0	0	0	0	1	0	0	0	1	0	1	0	1	0	0	0	0	0	0	1	1	1	0	0	1	0	0	1	0	1	0	1	0	1	0	0	0	1	0	0	1	0	0	0	0	0	0	1	1	0	0	0	1	0	0	0	1	0	1	0	0	0	0	0	1	1	1	0	0	1	0	0	1	0	0	1	0	0	0	0	0	0	0	0	0	0	1	0	1	0	1	0	1	0	0	0	0	0	0	0	0	0	0	1	0	0	0	0	0	1	1	0	0	0	0	0	0	1	0	0	1	0	0	0	0	1	0	0	0	1	0	0	1	0	0	0	0	0	1	0	1	0	1	0	0	1	1	0	0	0	0	1	0	1	0	0	0	0	1	0	1	1	1	1	0	1	0	0	0	0	0	0	0	1	1	0	0	1	0	0	0	1	0	0	0	1	0	1	1	0	1	0	0	0	1	0	1	0	0	0	0	0	1	0	0	0	1	1	0	0	0	0	0	0	0	0	0	0	0	0	1	0	1	0	0	0	1	0	0	1	0	0	1	0	0	0	0	1	0	0	0	0	0	0	0	1	1	1	0	0	0	0	0	0	0	0	1	0	0	0	1	0	1	0	1	0	0	1	1	1	0	1	0	0	0	0	0	0	0	0	0	1	0	0	0	0	0	1	0	0	0	0	0	1	1	0	1	0	1	0	0	0	1	0	0	0	0	0	0	0	1	0	1	0	0	0	1	0	1	0	0	0	0	0	0	0	0	1	1	1	0	0	1	0	0	1	0	0	0	0	0	1	1	0	0	1	0	0	1	0	0	1	1	0	0	0	0	0	0	0	0	0	0	0	0	0	1	0	0	0	0	0	0	0	0	0	1	1	0	0	0	0	
Deletion Peak 45	19q13.2 	chr19:42250486-42307563(probes 1440567:1440580)    	chr19:42260379-42307563(probes 1440571:1440580)    	chr19:42209980-42601220(probes 1440557:1440717)    	0.0061388	  0.0061388		0: t>-0.1; 1: -0.1>t> -1.3; 2: t< -1.3	0	1	0	0	0	0	0	0	0	0	0	0	0	0	0	0	0	1	0	0	0	0	0	1	0	0	0	0	0	0	0	0	0	0	0	1	0	0	1	0	0	0	0	0	0	0	0	0	0	0	0	0	1	0	0	0	1	0	1	0	0	0	0	0	0	0	0	0	0	0	0	0	0	0	0	0	0	0	0	0	1	1	0	0	0	0	1	0	0	0	0	0	0	0	0	0	0	0	0	0	1	0	0	1	0	0	1	1	0	0	0	0	0	0	0	0	0	0	0	0	0	0	0	0	0	0	0	0	0	0	0	0	0	0	1	0	0	0	0	0	1	0	0	1	0	0	0	0	1	0	0	0	0	0	0	0	0	0	0	0	0	0	0	0	0	0	0	0	0	0	0	0	0	0	0	1	0	0	0	0	0	0	0	0	0	0	0	0	1	0	0	0	0	0	0	0	0	0	0	1	1	1	0	0	0	0	0	0	0	0	0	0	0	0	0	0	0	0	0	0	1	0	0	1	0	0	0	0	0	0	0	1	0	0	0	0	0	1	0	0	0	0	0	0	0	0	0	0	0	0	0	0	0	1	0	0	0	0	0	0	0	0	0	0	0	0	0	0	1	0	0	0	0	0	1	0	1	0	0	0	0	0	0	0	0	0	0	0	0	0	0	0	0	0	0	0	0	0	0	0	0	0	0	0	1	0	0	0	0	0	0	0	0	0	0	0	0	0	0	0	0	0	0	1	0	0	0	0	0	0	0	1	0	0	0	1	0	0	0	0	0	0	0	0	0	0	0	0	1	0	0	0	1	0	0	0	0	0	0	0	0	0	0	0	0	0	0	0	0	0	0	0	0	0	0	0	0	0	0	0	0	0	0	0	1	0	1	0	0	0	0	0	0	0	0	0	0	0	0	0	0	0	0	0	0	0	0	0	1	0	1	0	0	0	0	0	0	0	1	0	0	0	0	0	
Deletion Peak 46	21q22.2 	chr21:38378765-38783136(probes 1501078:1501488)    	chr21:38469691-38669370(probes 1501261:1501441)    	chr21:38465464-41512103(probes 1501245:1503768)    	7.08e-42	  2.335e-10		0: t>-0.1; 1: -0.1>t> -1.3; 2: t< -1.3	1	1	1	0	0	1	0	0	0	0	0	0	0	1	0	0	0	0	0	0	0	1	0	0	0	0	0	1	0	0	0	1	0	1	0	0	0	1	1	0	1	0	0	0	0	0	0	0	0	0	1	1	0	1	0	0	1	1	0	1	0	0	0	0	1	1	0	1	0	0	0	0	0	1	0	1	0	0	0	0	1	0	0	0	0	0	0	0	0	0	0	0	1	1	0	0	0	0	1	1	1	1	0	0	0	0	1	0	1	0	1	1	0	0	0	0	0	0	0	0	0	0	0	0	0	0	1	0	0	0	0	0	1	0	0	0	0	1	0	0	1	1	0	0	0	1	0	1	0	0	0	0	0	0	1	0	0	0	0	0	0	0	0	0	0	0	0	0	0	0	0	0	1	0	0	0	0	1	0	0	0	0	1	0	0	0	0	0	0	0	0	0	0	0	0	1	0	1	1	1	0	0	0	1	0	1	1	0	0	0	1	0	0	1	1	0	0	0	1	1	1	1	1	1	0	0	0	0	0	0	0	0	0	1	0	1	0	1	0	0	0	0	0	0	0	1	0	0	0	0	1	0	0	0	1	0	0	0	0	0	0	1	0	0	1	0	0	0	0	0	1	0	0	0	0	0	0	0	0	0	0	1	0	1	0	0	0	1	0	0	0	0	0	0	0	0	1	0	0	0	0	1	0	0	0	0	0	0	0	0	0	1	0	0	0	0	0	0	0	1	0	1	0	0	0	0	0	1	0	0	0	0	0	0	0	1	1	0	0	0	0	0	1	0	0	1	0	0	0	0	1	0	0	1	1	1	0	0	0	0	0	0	0	0	1	0	0	0	0	0	0	0	0	0	1	0	1	1	1	0	0	0	0	0	0	1	0	1	0	0	0	0	1	0	0	1	1	0	1	0	1	1	0	0	0	0	0	0	0	1	0	0	0	0	1	1	0	0	0	0	0	1	1	0	
Deletion Peak 47	21q22.3 	chr21:41455552-41680542(probes 1503636:1503904)    	chr21:41460712-41511243(probes 1503638:1503767)    	chr21:38465464-41512103(probes 1501245:1503768)    	8.8847e-67	 1.4956e-49		0: t>-0.1; 1: -0.1>t> -1.3; 2: t< -1.3	1	1	0	0	0	0	0	0	0	0	0	0	0	1	0	1	1	0	0	0	0	1	0	0	0	1	0	1	0	0	0	1	0	1	0	0	0	1	1	0	1	0	0	0	0	0	0	0	0	0	1	1	0	0	0	0	1	1	1	1	1	0	0	1	1	0	0	1	0	1	0	1	0	1	0	1	0	0	0	0	1	0	0	0	0	0	0	0	0	0	0	0	1	1	1	0	0	0	1	1	1	1	0	0	1	0	1	0	1	0	1	1	0	0	0	0	0	1	0	0	0	0	0	0	1	0	1	0	0	0	0	1	1	0	0	0	0	1	0	0	1	1	0	0	0	1	0	1	0	0	0	1	0	0	1	0	0	0	0	0	0	0	0	0	0	0	0	0	0	0	0	0	1	0	0	0	1	0	1	0	0	0	1	1	0	0	1	0	0	0	0	0	0	1	0	1	0	1	1	1	0	0	0	1	0	1	1	0	0	1	1	0	0	1	1	0	0	0	1	1	1	1	1	1	0	0	0	0	0	0	0	0	0	1	0	1	0	1	0	0	0	0	0	0	0	1	0	0	0	0	0	1	0	0	1	0	0	0	0	0	0	1	0	0	1	0	0	0	1	1	1	0	0	0	0	0	0	0	0	1	0	1	1	0	0	0	1	1	0	1	0	0	0	0	1	0	1	0	0	0	0	1	0	0	0	1	0	0	0	0	1	1	0	0	0	0	0	0	0	1	0	1	0	0	0	0	0	1	0	0	0	0	0	0	0	1	1	0	0	0	0	0	1	0	0	1	0	0	0	0	1	0	0	1	1	1	1	0	1	0	0	0	0	0	1	0	0	0	0	0	1	0	0	0	1	0	1	1	1	0	0	0	0	0	0	0	0	1	0	0	0	0	1	0	0	1	1	0	1	1	1	1	0	0	0	0	0	0	0	1	1	0	0	0	1	1	0	1	0	0	1	1	1	0	
Deletion Peak 48	22q13.31	chr22:46004082-46115764(probes 1521077:1521121)    	chr22:46086844-46091647(probes 1521108:1521109)    	chr22:46087069-46092021(probes 1521109:1521110)    	0.18152	     0.1881		0: t>-0.1; 1: -0.1>t> -1.3; 2: t< -1.3	0	0	0	0	0	0	0	0	0	0	0	0	1	0	0	0	0	1	0	0	0	0	0	0	0	0	0	0	0	0	0	0	0	0	1	0	0	0	0	0	0	0	0	0	0	0	0	0	0	0	0	1	0	0	0	0	1	0	1	0	0	0	0	0	0	0	0	0	0	0	0	0	0	0	0	1	1	0	0	0	1	0	0	0	0	1	0	0	0	0	0	0	0	1	0	0	0	0	1	0	0	0	0	1	1	0	1	1	0	0	0	0	0	0	0	0	0	1	0	0	0	0	0	0	0	0	0	0	0	0	0	0	0	0	0	0	0	0	0	0	0	0	0	0	0	1	0	1	0	0	0	0	0	0	1	0	0	0	0	0	0	0	1	0	0	0	0	0	0	0	0	1	0	0	1	1	0	0	0	0	1	0	0	0	0	0	0	0	0	0	0	0	0	0	0	1	0	0	0	0	0	0	0	0	0	0	0	0	0	0	0	0	0	0	0	0	0	0	0	1	1	0	0	0	0	0	0	1	0	0	0	1	0	0	0	0	0	0	1	0	0	0	0	0	0	0	0	0	1	0	0	0	0	0	0	0	0	0	0	0	0	0	1	0	1	0	0	0	0	0	0	0	0	0	0	0	1	0	0	1	0	0	1	0	0	0	0	0	0	0	0	0	0	0	0	0	0	0	0	0	0	0	0	0	1	0	0	0	0	0	1	0	0	0	0	0	0	0	0	0	0	0	0	0	1	0	0	0	0	0	0	1	1	0	0	0	0	0	0	0	0	0	0	0	0	0	0	0	0	0	0	0	0	0	1	0	0	0	1	0	0	0	0	1	0	0	0	0	0	0	0	0	0	0	0	0	1	0	0	0	0	0	0	0	0	0	0	0	0	0	0	0	0	0	0	0	1	0	0	0	0	0	0	0	0	0	0	0	0	0	1	1	0	0	1	0	0	1	1	0	0	0	0	0	
Amplification Peak  1 - CN values	1q22    	chr1:155159139-155317730(probes 71335:71405)  	chr1:155159198-155269669(probes 71336:71372)  	chr1:153028503-155590144(probes 70240:71512)  	0.0034928	  0.0034928		Actual Copy Change Given	0.0040243	0.011958	0.0076392	0.0055529	-0.038578	-0.00097017	0.015308	0	-0.0053053	0.0034471	-0.025756	-0.00055444	0.0020805	0.0048579	-0.013264	-0.00013862	0.0097276	0.00013863	-0.010238	-0.065179	-0.00013862	0.58799	0.0033299	-0.06786	-0.010605	-0.00067111	-0.026995	0.00083195	0.0043021	-0.034223	-0.017116	-0.0011087	0.0024969	-0.00069303	0.029325	-0.055903	0.00069327	0.0012481	0.031436	-0.058419	0.0012481	-0.00014095	-0.0041546	-0.0037395	-0.0086665	-0.00041585	-0.012162	0.0011093	-0.0011566	-0.0013858	0.0048579	0.2904	-0.067726	0.00021628	0.37446	0.013271	0.29167	-0.0031634	0.24669	-0.0052071	0.0012026	0.0087528	-0.024524	0.157	0.0058309	-0.00097017	-0.011749	0.0013868	-0.20025	0.011539	-0.010734	0.072109	-0.007659	-0.57763	0.0037465	0.0022457	-0.13109	0.050108	0.0079175	-0.00013862	0.010146	0.0049969	0.0055529	-0.017666	0.00027728	0.38502	0.014051	-0.0019399	-0.0048461	-0.0098185	0.013353	-0.0012473	-0.0011096	0.051956	-0.059673	0.27884	0.0036076	0.0052749	-0.04447	-0.00013862	0.0036091	-0.00119	0.087824	0.0034687	-0.029448	-0.0012473	0.0029133	-0.57407	-0.0020784	-0.022332	0	0.54647	1.3933	-0.096335	-0.005814	-0.11246	-0.24107	0.68347	-0.050911	0.0033299	-0.054016	0.003191	-0.0074441	0.0072217	-0.010003	-0.00041585	0.004719	0.0013868	0.0013868	0	0.03031	0	-0.0053992	-0.00097017	0.0073609	-0.0051227	0.0011093	-0.0056757	-0.023429	-0.054151	0.0027745	0.0013868	0.0040243	0.00055459	0.036088	0.24996	-0.051316	0.0065647	0.16941	-0.0008316	-0.0005393	-0.0013858	-0.0016407	-0.0038779	0.65885	0.00055459	0	-0.0044866	0.2714	0.020203	-0.00013862	-0.00041585	-0.0087146	-0.00055444	-0.015731	0.17302	-0.034223	-0.00013862	-0.00095093	-0.0020784	-0.0023553	0	-0.0013858	0.016985	0.35235	0.027778	0	0.00027728	-0.0044312	-0.0019399	-0.01037	0.001165	-0.0031859	0.00097064	0.004719	0	0.0012481	-0.002251	0.086644	-0.040209	-0.0079853	0.0010365	-0.01904	-0.0070518	0.00041593	0.013522	0.0080567	0.0032404	0.0012481	0.094927	-0.0038779	0.011719	-0.0033046	0.00055459	0	-0.0038988	0.00090063	-0.0055836	0.26153	-0.0067813	0.58095	0.00041593	-0.0018014	-0.0041546	-0.0013016	-0.0060904	0.00458	-0.00041585	0.0045389	0.10337	-0.054555	0.024038	0.42183	0.057368	0.0053705	-0.00027724	-0.0024938	-0.024251	-0.010094	-0.010508	-0.0034247	0.008892	0.0041632	0.0013868	0.0014304	-0.0026322	0.012097	-0.0020784	-0.0029091	-0.0022537	0.00051283	-0.024251	-0.0022206	-0.0042145	-0.025893	0.00097064	0.0012481	0.55142	-0.082934	0.0058309	-0.0022168	-0.00097017	-0.0019399	-0.00027724	-0.0012473	-0.0023553	-0.032723	0.0015255	0	0	0.012237	0.00083195	-0.012576	-0.0059522	0.27537	0.001693	0.90369	0.53731	0.012655	0.0037465	-0.0047079	3.6569	-0.052261	0	-0.0020784	0	0.019102	-0.046385	-0.0034627	0.0072217	0.017683	-0.0094046	0.00071862	0	0.00097064	-0.0057933	0.0063266	-0.00069303	-0.018878	-0.0060904	-0.018216	-0.0027707	0.0026357	-0.0024331	0.0032289	-0.0012473	-0.019314	-0.0041546	-0.0094046	-0.0055375	0.0044411	0	0.024408	-0.0011794	0.0012481	0.44478	-0.00097017	-0.0001609	0	-0.0048461	0.38138	0	0.00083195	-0.011611	-0.018902	0.0027745	-0.0038869	-0.03293	0.0056919	0.00097064	0.0020071	-0.003385	-0.00041585	-0.0029091	-0.0011087	-0.031768	0.0022193	-0.00041585	-0.00013862	-0.004638	0.47032	-0.061286	0.0081959	-0.0070576	-0.00013862	-0.04518	-0.0016629	-0.007472	0.25402	0.31948	0.00069327	-0.050272	0.00597	0.016705	-0.0060904	-0.0040827	0	-0.018902	0.028763	0.053147	0.048262	-0.0073339	-0.0098185	0.0022193	0.046275	-0.036401	-0.0037395	-0.018926	0.3022	0.011121	0.00069327	-0.0020784	0.0030522	0	-0.0036458	0	-0.00055444	0.0044501	-0.0042929	-0.0029091	0	-0.0031859	-0.0028574	0.0029133	-0.011198	0.005645	0.1462	-0.0038708	-0.00479	-0.0073339	0.0070826	-0.0029091	-0.0011087	-0.0027707	-0.022195	-0.0026322	0.00069327	0.30441	-0.00096863	-0.00041585	0	0.00083195	-0.0018014	-0.0036011	0.0075	0	-0.044144	-0.0033671	-0.0047079	-0.0070576	0	-0.00013862	-0.028491	0.20045	-0.025346	-0.006505	0.00077099	-0.060377	0.48923	-0.00027724	0.13954	0.0070884	-0.041295	-0.00037091	0.76197	0.0036076	0.043015	-0.0038779	-0.014228	0	0.00064319	0.0016917	-0.0065287	0.0077783	
Amplification Peak  2 - CN values	1q44    	chr1:241696251-244691748(probes 127899:129637)	chr1:243862698-243960088(probes 129221:129272)	chr1:243396022-243995249(probes 128852:129294)	0.096084	   0.096084		Actual Copy Change Given	0.0012481	0.011958	-0.00097017	0.0055529	-0.014641	-0.00097017	-0.014503	-0.0007226	0.001803	-0.0088772	-0.053476	-0.00055444	0.0020805	0.0093098	-0.0019399	-0.0041546	1.2576	0.00083195	0.0027745	0	-0.00013862	0.0039333	-0.0042929	-0.06786	-0.021606	-0.0017795	0.026085	0.00083195	0.0043021	-0.0092666	-0.0036011	-0.034223	0.0024969	0.003191	0.018808	0.015028	0.00041593	0.0012481	-0.11312	-0.060614	0.0012481	-0.0036011	-0.0047079	-0.0037395	-0.005814	-0.00041585	-0.012162	-0.0027707	0.0024969	-0.0013858	0.0048579	-0.06786	-0.032178	0.00069327	0.026092	-0.014778	0.010424	-0.0041546	0.24669	-0.0048461	0.0012026	0.0029133	-0.01354	-0.0036883	0.0076392	-0.00097017	0.00041593	0.0052749	-0.0031859	-0.095912	0.015727	0.072109	0.049049	0.074408	0.011261	0.0022457	-0.11704	0.0416	-0.0044053	0.001803	0.010146	0.010146	0.0055529	0.00097064	-0.091155	0.0081959	-0.14052	-0.0019399	-0.0048461	-0.0098185	0.0024969	-0.0019399	-0.0070584	0.034113	-0.0059522	0.27979	0.0073609	0.0051359	-0.04447	-0.00013862	0.0023595	-0.00119	0.011539	-0.00013862	0.0016642	-0.0015243	0.0061658	-0.58775	0.0052749	-0.018503	-0.011473	0.51821	0.010564	-0.039298	0.010982	-0.0016561	0.0022193	0.66808	0.003191	0.0033299	-0.0034627	-0.0094046	-0.0074441	-0.0098185	-0.053927	-0.00041585	-0.0015243	0.0013868	0.0013868	0	-0.019726	0.0016642	-0.0045695	-0.0027707	0.72068	0.0054139	0.0011093	0	-0.0013858	0.004719	-0.0041546	0.0013868	-0.0123	-0.00041585	0.036387	0.2156	-0.0091286	-0.0014353	0.0030522	-0.0008316	-0.0055224	0.043157	-0.0016407	-0.0038779	-0.010232	0.00055459	-0.0013858	-0.0044866	0.2714	0.017963	-0.0055311	-0.00041585	0.0026357	-0.00055444	-0.014905	0.00027728	-0.017941	-0.0060644	-0.00095093	-0.0020784	-0.0023553	0	-0.0038779	-0.0048461	0.32382	0.028341	-0.06719	-0.00027724	-0.0044312	-0.0019399	0.0022193	0.00097064	-0.0031859	0.011679	-0.0049844	0	0.0037465	-0.0011087	0.13998	-0.026167	0.00058311	0	-0.013677	-0.0070518	0	0.039195	0.0080567	0	0.0012481	0.10628	-0.0123	-0.83136	-0.0033046	-0.00071588	0	0.001803	0.00090063	-0.0073339	0.32093	0.0043021	0.58095	-0.0087146	-0.0018014	-0.0041546	-0.0013016	0.013353	0.0068044	-0.00041585	0.0045389	0.071705	0.038065	0.023011	0	0.054945	-0.0012473	-0.00027724	-0.0024938	0.048468	-0.0073339	-0.0022168	0.00045401	0.0075	0.0041632	0.0013868	0.0014304	-0.041702	0.0041632	0.0026357	-0.0029091	0.00055459	-0.00027724	-0.0094046	-0.01904	-0.0083918	0.0073609	0	0.0012481	1.1457	-0.10985	0.0041632	-0.0022168	-0.00097017	-0.0019399	-0.00027724	0.0036076	0.00055459	-0.032723	-0.0016241	0	0	0.012237	0.00083195	-0.012576	0.0030522	0.27426	0.004192	0.89869	0.56825	0.012655	0	-0.0047079	-0.0023553	-0.040616	0	0	0	0.019382	0.0024969	0.0037465	0.025952	0.0051359	0.63244	0.085536	0	-0.0018014	-0.0019399	0.0063266	0.016425	-0.019177	-0.00069303	-0.0081624	-0.0027707	-0.0069195	-0.0024331	-0.0024938	-0.41718	0.67901	0.0043021	-0.0094046	0.0093098	0.00083195	0	0.0019418	0.00041593	0.0012481	-0.0092627	-0.00097017	0.0084765	0	0.021463	0.036088	0.011818	0.00083195	-0.0076101	0.0076392	-0.00097017	0.00069327	-0.019452	-0.0020784	-0.00027724	0.004719	-0.0033243	0.0043021	-0.0048097	-0.0011087	0.0022193	-0.0027707	0.0066653	0.0040243	0.013702	-0.19825	-0.061286	0.026514	0.93508	-0.00013862	-0.04518	-0.0016629	-0.0033243	0.24249	0.37479	0.018803	-0.0064045	-0.00088956	-0.0018014	0.0097276	-0.024251	0	-0.018628	-0.0044312	0.054998	-0.0038779	-0.018216	0.034959	0.0022193	-0.045499	-0.0069697	0.0038854	-0.027124	0.31386	0.0044411	0.015028	-0.0020784	0.00069327	-0.0036011	-0.0036458	-0.0079559	-0.0038779	-0.0029086	-0.0042929	-0.0029091	0.013492	-0.0008316	0.011866	0.010006	0.012376	0	0.11724	0.006109	0.0014431	0.037924	-0.0022168	-0.0029091	-0.0011087	0.0094491	0.0090312	-0.0030475	0.00027728	0.66567	-0.00096863	0.014051	0.0040891	0	-0.0018014	-0.0031103	0.018262	-0.0063668	-0.0055375	-0.0033671	0.024829	-0.0070576	0.0022193	0.00083195	0.012655	-0.00073481	-0.019726	-0.006505	0.001803	-0.060377	0.47142	-0.00027724	0.1673	5.7967e-06	-0.041295	-0.0002323	0.79084	0.0036076	0.043015	0.0019418	0.0051095	0	0.00036586	0.0016917	0.0020805	0.021043	
Amplification Peak  3 - CN values	3q11.2  	chr3:97790018-98272199(probes 317968:318243)    	chr3:97823228-98068100(probes 317981:318138)    	chr3:97823228-98069004(probes 317981:318141)    	0.24211	    0.24211		Actual Copy Change Given	-0.019589	0.00069327	0.025671	0.0044411	0.00055459	0.00036826	0.040751	-0.0022547	-0.042245	-0.0018877	0.69297	-0.0011087	0.00041439	0.012934	-0.041838	0.00069327	-0.026304	0.0063871	0.0015255	0.048262	0.0019418	0.026141	-0.0022168	0.099142	0.03952	0.011283	0.077566	0	-0.0032466	0.055717	0.0080953	-0.0016691	0.0013868	-0.0034246	0.43041	0.010146	0	-0.00013862	0.06494	0.84179	-0.00013862	-0.0091953	0	0.0056919	-0.0040162	-0.0031859	0.56596	0.0013868	0.00027728	0.00027728	-0.015153	0.018969	0.063939	-0.0013858	0.16911	0.053664	0.022164	8.8865e-06	0.012097	-0.00035459	-0.0013258	-0.0031859	0.0026357	0.00030977	0.0094491	0.0040243	0.016006	0.0024969	0.00041593	0.0062481	-0.4643	0.0037465	0.084173	0.015308	0.034254	-0.0044312	0.022865	0.1682	0.052149	0.00458	0.015308	-0.0045695	0.039195	0.043836	0.019363	-0.0060904	-0.0071958	0.00083195	0.0036542	0	0.0351	0.0062481	0.0013859	-0.25225	0.080601	0.012655	0.0050739	0.25293	0.14251	0.0052483	0.028342	-0.0002199	0.032704	-0.0020466	0.026654	-0.0013858	0.0086974	0.067088	0.04954	0.044432	-0.00027724	-0.063032	-0.013402	0.052847	0.00083195	0.02147	0.21837	0.00031997	0	0.58596	0.64579	0.0058309	0.040496	-0.30392	-0.013724	0.24513	-0.00027724	-0.00027724	-0.0026322	0.0040243	-0.016762	0.00097064	0.012655	0.0093098	-0.0077482	0.014325	0.0034687	0.021884	0.010006	0.057653	0.0019418	-0.0026322	0.017715	0.0097276	-0.050627	0.22022	0.91218	0.0020805	-0.25612	-0.00046404	-0.0053841	-0.28025	0.986	0.0051359	0	0.0036465	-0.0018014	-0.001862	0.020876	0.031155	-0.00047626	0.013492	-0.0084385	0.0075	0.022035	0.0028089	0.031155	-0.0029091	0.00071252	0.010146	-0.0015243	0.0030522	0.00097064	0.046559	-0.0059522	-0.038034	0	0.0019418	-0.3584	0.00083195	0.0024969	0.037359	0.0023581	-0.014503	0.29746	-0.00013862	-0.0096806	0.0020805	0	-0.0015243	0.0015255	-0.0073437	0.010913	-0.0056511	0.0072217	0.026795	-0.0018014	0.0043516	0	-0.69947	0.017264	-0.019412	-0.00027724	0.0048579	-0.0045695	-0.0011087	0.0020105	0.004719	0.38056	-0.023566	-0.0056757	0.00055459	-0.00097017	-0.00013862	0	0.18039	-0.00013862	0.022231	0.00055459	0.016425	0.058937	0.015308	0.013213	0.074121	-0.0023553	-0.00055444	0	0.2058	0.017684	0.049682	0.0072599	0.0015255	0.0011093	0	0.00063303	0.00027728	0.33076	0.0026357	-0.005814	-0.0026322	-0.0016629	-0.019726	0.00069327	0.00041593	0.066372	-0.00055444	0.0020805	0.59027	0.24078	0.0026357	0.0027745	-5.8749e-05	0.00083195	0.004719	-0.0029493	0.00041084	0.00041593	-0.0030475	-0.00013862	0.030873	0.0068044	0.0023581	0.043015	0.0030522	-0.14515	0.0034975	0.040877	0.051956	-0.28311	-0.023134	0.0027745	-0.4368	0	-0.012989	-0.0027707	0	0.00071255	0	0.0016642	-0.00055444	0.0090312	-0.0031859	0.0034941	-0.00041585	-0.0015243	-0.0051801	0.024548	0.0083351	-0.13342	0.011539	0.032422	-0.00055444	0.02511	-0.0014637	-0.0013858	0.0044411	0.0019692	0.0041632	0.0034687	-0.0036011	0.030169	-0.0042929	-0.010094	-0.0015243	0.01419	0.12535	-0.0068554	-0.0018738	0.003191	0.037924	0.3832	0.14578	-0.010211	0.060097	0.6898	-0.00050636	-0.013953	0.030169	0.037359	-0.0047079	-0.0030475	-0.0021793	-0.00027724	0.0041632	-0.0059522	0.011679	0.003191	-0.017254	0.0056919	-0.082601	0.70214	0.048546	0.28659	0.00089996	0.10994	0.063131	-0.0036011	0.099288	-0.023018	0.38667	0.13939	0.66692	-0.00098461	0	0.050819	0.020623	-0.0031859	0.013353	-0.0123	0.00032843	-0.010094	0.0351	-0.011343	0.00013863	-0.093535	0.0012481	0.00055459	0.032422	0.21131	0.037076	-0.0086819	-0.0025408	-0.0019399	0.035665	-0.0019845	-0.019259	0.0052749	-0.0028786	0.00083195	0.0055529	0.064797	0.68962	0.00060205	0.0073609	0.28533	-0.0041226	0.036909	-0.0060904	5.6289e-05	0.10031	0.0023581	0.0041632	-0.0042929	0.0063871	0.029044	0.10154	0.0087528	0.0052749	0.00055613	-0.011198	0.0020065	-0.00055444	0.0040514	0.081033	0.006109	0.019083	0.010424	0.0012052	-0.0051227	0.00055459	0.0016642	-0.001275	0.06537	-0.018902	0.0077783	-0.0078863	-0.0020784	0.0024641	0.20962	-0.00048937	0.093621	0.00014443	0.0070826	0.0011543	-0.010094	0.0093098	0.044999	0.013667	-0.0033243	0.057226	0	0.0032185	0.0098669	-0.041567	
Amplification Peak  4 - CN values	3q21.3  	chr3:128156179-128632210(probes 335654:335918)	chr3:128156532-128532690(probes 335655:335904)	chr3:127988373-128706905(probes 335571:335934)	0.014424	    0.08001		Actual Copy Change Given	-0.0078863	0.00069327	-0.024114	0.0044411	0.0069435	0.00036826	0	-0.0022547	-0.00097017	-0.0018877	0.62697	-0.0011087	-0.0032364	0.012934	-0.0011087	0.00069327	0.00069327	0.0063871	0.0015255	-0.046583	0.0019418	-0.67912	-0.0022168	0.099142	0.0085155	0.011283	0.034387	0	-0.0032466	-0.024661	-0.0041877	-0.0016691	0.0013868	-0.0013858	0.43041	0.010146	0	-0.0012473	0.084354	0.7353	-0.00013862	-0.0091953	0	-0.0095426	0.45139	-0.0031859	0.56596	0.45139	0.00027728	0.00027728	-0.0060904	0.00014629	0.12049	-0.0013858	0.12373	0.014632	0.022164	-0.0068555	0.012097	-0.00035459	-0.0013258	0.58482	0.0026357	0.00030977	0.71923	0.0040243	0.015759	0.0024969	0.00041593	0.026795	-0.0014626	-0.039937	0.091378	0.05281	-0.0016629	-0.0044312	0.022865	0.037924	0.53731	0.00458	0.015308	-0.0045695	0.043865	-0.04577	0.019363	-0.0060904	0	0.00083195	0.0036542	0	0.0071809	0.18238	0.0013859	-0.25225	-0.036265	0.33399	0.0050739	0.25293	0.14251	0.0052483	0.020344	-0.0002199	1.3842	-0.0020466	-0.0070576	-0.0013858	0.0375	0.050534	0.0062481	0.00597	-0.00027724	-0.063032	0.095217	0.0026717	0.00083195	-0.025821	0.34566	0.0036076	0	0.58596	0.0037465	0.0058309	0.040496	0.0030522	0.11076	0.24513	-0.00027724	0.00055459	-0.0026322	0.0040243	-0.010508	0.00097064	0.012655	0.00027728	0.74081	0.014325	0.0034687	0.021884	0.010006	0.00597	-0.3444	-0.0026322	0.011102	-0.033702	0.83864	0.23985	0.13465	0.0020805	0.004719	-0.00046404	-0.0053841	2.965	0.017986	0.0091705	0	0.0036465	-0.0018014	-0.001862	0.020876	0.0093098	-0.00047626	-0.018353	0.0095883	0.001803	-0.026019	0.0054139	0.054233	-0.0029091	0.0030715	-0.10276	-0.0015243	0.0030522	0.00097064	0.046559	0.0098669	0.057368	0	0.0019418	0.10628	0.00083195	0.0024969	0.037359	0.0023581	-0.0030475	0.25261	-0.00013862	-0.0023553	-0.0033243	0.69858	-0.015329	0.0015255	-0.0053504	0.0011093	-0.004702	0.0072217	0.026795	-0.0018014	0.040235	0	0.090285	-0.0059522	-0.087806	-0.42876	0.0048579	-0.0022168	-0.0011087	0.0020105	0.004719	0.31514	0	-0.0056757	0.00055459	-0.00097017	-0.00013862	0	0.14726	0.30665	0.022231	0.00055459	0.89989	-0.0033243	0.22545	0.013213	0.074121	-0.0023553	-0.00055444	0	0.38481	0	0.01447	0.0072599	0.011121	0.0011093	0	0.00063303	0.00027728	0.33076	0.0026357	-0.005814	-0.0026322	-0.0016629	1.3706	0.00069327	0.00041593	0.018523	-0.0036011	0.0020805	1.1175	0.19832	0.0044411	0.0027745	-5.8749e-05	0.00083195	0.004719	-0.0029493	0.0043021	0.00041593	-0.0030475	-0.31541	0.030873	0.0051006	0.0023581	0.070099	0.0030522	0.44291	0.0034975	0.040877	0.051956	-0.28311	0.0068044	0.0027745	0.00013863	0	0.64451	-0.00041585	0	0.00071255	0.003191	0.0016642	-0.00055444	0.0090312	0.42519	0.20109	-0.00041585	-0.0015243	-0.0051801	0.024548	-0.0043718	-0.13342	-0.0060904	0.0026357	-0.00055444	0.02511	-0.0014637	-0.0024938	0.0044411	0.0015788	0.0041632	0.0034687	0.019923	-0.0038779	-0.0042929	-0.01409	-0.0015243	0.004719	0.88686	0.19872	-0.0018738	0.003191	-0.0098185	0.33804	0.14578	0.0056919	-0.023977	-0.017666	0.00027728	-0.013953	0	0.029938	-0.0047079	-0.0030475	-0.0021793	-0.00027724	0.0041632	-0.0059522	0.011679	0.003191	0.00597	0.0054139	0.00062464	0.47272	0.048546	0.28659	0.00089996	0.10994	-0.35757	-0.0036011	0.26326	0.53749	0.33286	0.13939	0.58269	-0.00098461	0	-0.048883	-0.0027707	-0.0031859	0.52357	-0.0123	0.087877	-0.010094	0.00013863	-0.011343	0.00013863	-0.005261	0.0012481	0.00055459	-0.012024	0.21131	-0.0049844	-0.0019399	0.37545	-0.0027376	-0.0041546	-0.0019845	-0.0041546	0.0052749	-0.0028786	0.00083195	-0.0023553	0.064797	-0.010508	-0.00092275	0.0073609	0.28533	-0.0041226	0.033665	-0.0060904	5.6289e-05	-0.022881	0.0023581	0.0041632	-0.0042929	0.0051297	0.0070826	0.10154	0.0087528	0.0052749	0.24311	-0.011198	0.0020065	-0.00055444	-0.0015243	0.082031	-0.070524	0.31274	-0.018216	0.0012052	0.3256	-0.00069303	0.0016642	-0.001275	-0.030404	0.00458	0.0077783	-0.0078863	-0.00013862	0.0024641	0.18192	-0.00048937	0.96021	0.00014443	0.0070826	0.0011543	-0.010094	0.0093098	0.046559	0.0075	-0.013677	0.0090545	0	0.0032185	-0.0037395	0.040044	
Amplification Peak  5 - CN values	3q21.3  	chr3:129424235-129447533(probes 336254:336266)	chr3:129424467-129445678(probes 336255:336265)	chr3:128990656-130166831(probes 336095:336538)	0.017124	   0.096907		Actual Copy Change Given	-0.0078863	0.00069327	-0.024114	0.0044411	0.0069435	0.00036826	0	-0.0022547	-0.00097017	-0.0018877	0.62697	-0.0011087	-0.0032364	0.012934	-0.0011087	0.00069327	0.00069327	0.0063871	0.0015255	-0.046583	0.0019418	-0.67912	-0.0022168	0.099142	0.0085155	0.011283	0.034387	0	-0.0032466	-0.024661	-0.0041877	-0.0016691	0.0013868	-0.0013858	0.43041	0.010146	0	-0.0012473	0.084354	0.7353	-0.00013862	-0.0091953	0	-0.0095426	0.45139	-0.0031859	0.56596	0.45139	0.00027728	0.00027728	-0.0060904	0.00014629	0.12049	-0.0013858	0.12373	0.014632	0.022164	-0.0068555	0.012097	-0.00035459	-0.0013258	0.58482	0.0026357	0.00030977	0.71923	0.0040243	0.015759	0.0024969	0.00041593	0.026795	-0.0014626	-0.49975	0.091378	0.05281	-0.0016629	-0.0044312	0.022865	0.25012	0.53731	0.00458	0.015308	-0.0045695	0.043865	0.0068044	0.019363	-0.0060904	0	0.00083195	0.0036542	0	0.0071809	0.18238	0.0013859	-0.25225	-0.036265	0.33399	0.0050739	0.25293	0.14251	0.0052483	0.020344	-0.0002199	1.3842	-0.0020466	-0.0070576	-0.0013858	0.0375	0.050534	0.0062481	0.00597	-0.0015095	-0.063032	0.095217	0.0026717	0.00083195	-0.025821	0.34566	0.0036076	0	0.58596	0.0037465	0.0058309	0.040496	0.0030522	0.11076	0.24513	-0.00027724	0.00055459	-0.0026322	0.0040243	-0.010508	0.00097064	0.012655	0.00027728	0.74081	0.014325	0.0034687	0.021884	0.010006	0.00597	-0.3444	-0.0026322	0.011102	0.0090312	0.83864	0.23985	0.13465	0.0020805	0.004719	-0.00046404	-0.0053841	3.6569	0.017986	0.0091705	0	0.0036465	-0.0018014	-0.001862	0.020876	0.0093098	-0.00047626	-0.018353	0.0095883	0.001803	-0.026019	0.0054139	0.054233	-0.0029091	0.0030715	-0.10276	-0.0015243	0.0030522	0.00097064	0.046559	0.0098669	0.8122	0	0.0019418	0.10628	0.00083195	0.0024969	0.037359	0.0023581	-0.0030475	0.25261	-0.00013862	-0.0023553	-0.0033243	0.69858	-0.015329	0.0015255	-0.0053504	0.0011093	-0.004702	0.0072217	0.026795	-0.0018014	0.040235	0	0.090285	-0.0059522	-0.087806	-0.42876	0.0048579	-0.0022168	-0.0011087	0.0020105	0.004719	0.31514	0	-0.0056757	0.00055459	-0.00097017	-0.00013862	0	0.14726	0.30665	0.022231	0.00055459	0.89989	-0.0033243	0.22545	0.013213	0.074121	-0.0023553	-0.00055444	0	0.38481	0	0.01447	0.0072599	0.011121	0.0011093	0	0.00063303	0.00027728	0.33076	0.0026357	-0.005814	-0.0026322	-0.0016629	0.68273	0.00069327	0.00041593	0.018523	-0.0036011	0.0020805	0.46348	0.19832	0.0044411	0.0027745	-5.8749e-05	0.00083195	0.004719	-0.0029493	0.0043021	0.00041593	-0.0030475	-0.31541	0.030873	0.0051006	0.0023581	-0.71595	0.0030522	0.44291	0.0034975	0.040877	0.051956	-0.28311	0.0068044	0.0027745	0.00013863	0	0.71603	-0.00041585	0	0.00071255	0.003191	0.0016642	-0.00055444	0.0090312	0.42519	0.20109	-0.00041585	-0.0015243	-0.0051801	0.024548	-0.0043718	-0.13342	-0.0060904	0.0026357	-0.00055444	0.02511	-0.0014637	-0.0024938	0.0044411	0.0015788	0.0041632	0.0034687	0.019923	-0.0038779	-0.0042929	-0.01409	-0.0015243	0.004719	0.88686	0.19872	-0.0018738	0.003191	-0.0098185	0.33804	0.14578	0.0056919	-0.023977	-0.017666	0.00027728	-0.013953	0	0.029938	-0.0047079	-0.0030475	-0.0021793	-0.00027724	0.0041632	-0.0059522	0.011679	0.003191	0.00597	0.0054139	0.00062464	0.47272	0.048546	0.28659	0.00089996	0.10994	-0.35757	-0.0036011	0.26326	0.53749	0.67938	0.13939	0.58269	-0.00098461	0	-0.048883	-0.0027707	-0.0031859	0.52357	-0.0123	0.0033811	-0.010094	0.00013863	-0.011343	0.00013863	-0.005261	0.0012481	0.00055459	-0.012024	0.21131	-0.0049844	-0.0019399	0.37545	-0.0027376	-0.0041546	-0.0019845	-0.0041546	0.0052749	-0.0028786	0.00083195	-0.0023553	0.064797	-0.010508	-0.00092275	0.0073609	0.28533	-0.0041226	0.033665	-0.0060904	5.6289e-05	-0.022881	0.0023581	0.0041632	-0.0042929	0.0051297	0.0070826	0.10154	0.0087528	0.0052749	0.24311	-0.011198	0.0020065	-0.00055444	-0.0015243	0.082031	-0.070524	0.31274	-0.018216	0.0012052	0.3256	-0.00069303	0.0016642	-0.001275	-0.030404	0.00458	0.0077783	-0.0078863	-0.00013862	0.0024641	0.18192	-0.00048937	-0.0046591	0.00014443	0.0070826	0.0011543	-0.012021	0.0093098	0.046559	0.0075	-0.013677	0.0090545	0	0.0032185	-0.0037395	0.040044	
Amplification Peak  6 - CN values	3q26.2  	chr3:169915972-170050612(probes 357825:357912)	chr3:169917129-169965483(probes 357826:357858)	chr3:168591470-172794743(probes 356966:359418)	0.00035773	 0.00054885		Actual Copy Change Given	0.10643	0.54788	0.011286	0.0044411	0.0069435	0.0030522	0	-0.0058607	1.3589	-0.0018877	0.68012	-0.0011087	-0.0032364	0.027778	0.010146	0.00069327	-0.02151	0.0063871	0.0015255	0.04741	0.0019418	0.011169	-0.0022168	0.099142	0.021645	0.011283	0.070953	0	-0.0032466	0.041119	-0.0018014	0.0052749	0.0013868	-0.0034627	0.43446	0.010146	0	-0.0012473	0.084354	0.84514	0.0022193	0.0023581	0	0.36168	0.45258	-0.0031859	0.56596	0.0051359	0.00027728	0.00027728	-0.0060904	0.00014629	0.12049	-0.00069303	0.15457	0.043723	0.022164	-0.0027707	-0.053746	-0.00035459	0.00013863	0.58482	0.0026357	-0.0068871	0.71923	0.0040243	0.015759	0.0024969	0.00041593	0.026795	0.49787	0.0029133	0.091378	0.01433	0.038771	-0.0044312	0.049114	0.045682	0.61082	0.00458	0.0099648	-0.00027724	0.10337	0.031999	0.023847	-0.0060904	-0.0020784	0.00083195	0.0036542	0	0.034818	0.18238	0.0013859	-0.25443	0.040609	0.39645	-0.010308	0.24934	0.14251	0.0072217	0.047377	-0.0002199	1.3842	-0.0026322	0.022725	-0.0013858	0.013213	0.04954	0.059508	0.042874	-0.0015095	-0.059942	1.6751	0.04617	0.00083195	0.010431	0.5617	-0.0030158	0	0.58596	0.041175	0.0093098	0.040496	0.0030522	0.15153	0.24109	-0.00027724	0.00055459	-0.0026322	0.0040243	-0.010508	0.00097064	0.012655	0.0055529	0.74081	0.015168	0.0034687	0.021884	0.00097064	0.05281	0.0011093	-0.0026322	0.011102	0.0090312	0.87189	0.20244	0.1428	0.0020805	0.0054139	-0.00046404	-0.0053841	0.10103	0.017786	0.0029133	0.38204	0.0036465	-0.0018014	0.0029133	0.020876	0.015727	0.0043021	0.0038854	1.3487	0.001803	0.0048688	-0.0016629	0.07743	-0.0011087	0.0030715	0.001803	-0.0015243	0.0030522	0.00097064	0.046559	0.0098669	0.023987	0	0.0019418	0.10169	0.00083195	0.0024969	0.037359	0.0048432	-0.005261	0.0055529	-0.00013862	-0.0023553	-0.0033243	-0.0012473	0.0022193	0.0015255	-0.0053504	0.0011093	-0.004702	0.0048579	0.020623	-0.0018014	0.00018796	0	0.088548	0.0073609	-0.0082609	0.00083195	0.0048579	-0.0022168	-0.0011087	0.0020105	0.47255	0.37957	0	-0.0056757	0.00055459	-0.00097017	-0.00013862	0.0017486	0.18692	0.20259	0.022231	0.00055459	0.89989	0.057796	0.22545	0.013213	0.074121	-0.0023553	-0.00055444	0	0.38849	0.0024969	0.044148	0.0072599	0.0049969	0.0011093	0	0.00063303	0.00027728	0.33076	0.00597	-0.005814	-0.010922	-0.0016629	0.74575	0.00069327	0.00041593	0.6403	1.4331	0.0020805	0.0058309	0.2216	0.0044411	0.0027745	-5.8749e-05	0.00083195	0.0068044	-0.0044312	0.0022193	0.00041593	-0.0030475	0.00013863	0.030873	0.00013863	-0.00049049	-0.0059522	0.0030522	0.15114	0.0034975	0.10612	0.051956	-0.015879	-0.019452	0.0027745	0.00013863	0	1.361	-0.0078863	0	0.0090506	0.003191	0.0016642	-0.00055444	0.0090312	0.039478	0.19865	-0.00041585	0.010703	-0.0051801	0.020343	0.0051359	-0.13342	0.031295	0.0026357	-0.00055444	0.02511	-0.0014637	-0.0024938	0.0044411	0.0041099	0.00069327	0.0034687	-0.0066873	0.00090522	0.00013863	-0.01409	-0.0015243	0	0.75758	0.19314	-0.0018738	0.063652	0.013911	0.61879	0.15681	-0.0049844	0.046275	-0.017666	0.00027728	-0.013953	0.03369	0.029938	-0.0047079	-0.0030475	-0.0021793	0.0026357	0.0041632	0.273	0.011679	0.003191	-0.015741	0.0054139	-0.00090845	0.47272	0.048546	0.010555	0.00089996	0.10994	0.06399	-0.0036011	0.28802	0.53749	0.39778	0.13637	0.65327	-0.0032283	0	0.012516	-0.00013862	-0.0031859	0.5523	-0.0123	0.0033811	-0.010094	0.021884	0.0083351	0.00013863	-0.005261	0.0012481	0.00055459	0.027919	0.21131	0.031859	-0.0058096	0.37545	-0.0027376	0.32689	-0.0054438	0.61045	0.0055529	-0.0043529	0.00083195	-0.0018014	0.064797	-0.010508	-0.00092275	-0.00087694	0.11169	-0.0041226	0.070504	-0.0060904	0.0014431	0.043723	0.0023581	0.0041632	-0.0042929	0.0051297	0.011121	0.10154	0.0087528	0.0052749	0.24311	-0.011198	0.0020065	-0.00055444	-0.0015243	0.082031	-0.041159	0.36789	0.013074	0.0012052	2.2578	-0.00069303	0.0016642	-0.0041546	0.0558	0.59656	0.0077783	-0.0056757	-0.00013862	0.0024641	0.21161	0.0019418	0.029888	0.0052807	0.0070826	0.0011543	-0.014916	0.0093098	0.046559	0.0075	-0.013677	0.024268	0	0.0032185	-0.0037395	-0.032178	
Amplification Peak  7 - CN values	4q13.3  	chr4:73026719-73353524(probes 412772:412899)    	chr4:73027521-73212734(probes 412773:412845)    	chr4:72524293-73367647(probes 412423:412901)    	0.039568	    0.10452		Actual Copy Change Given	-0.0047448	-0.0053992	0.025952	0.0023581	0.012376	-0.0026322	0.014609	0.0025977	-0.0023553	0.00099056	0.78503	0.00027728	-0.0008316	0.017264	0.00041593	0.003191	-0.016979	-0.044822	-0.00043015	0.053521	0.0030522	0.014378	-0.015879	-0.059312	0.018704	0.0014087	0.019075	-0.0081405	-0.00097017	0.046559	0.0049969	-0.00097017	-0.0024938	0.001803	-0.40667	-0.05469	0.00097064	-0.0080244	0.028341	0.071391	-0.0008316	-0.0089906	0.00055459	0.0023581	-0.0034627	0.0062481	-0.023292	0.0070826	0.0011467	0.001803	0.001803	0.015308	-0.097363	-0.0023553	0.019691	0.03863	-0.27476	0.00097064	-0.02384	0.0015255	0.0012481	0.5908	0.00597	7.0014e-05	-0.010508	-0.00027724	0.00069327	0.00013863	0.0023581	0	0.022865	0.0034687	0.019298	0	0.022865	-0.0026322	0.0054139	0.00055459	0.064368	0.0093098	0.0011093	-0.0030475	0	0.031014	-0.0044312	0.3982	0.0029133	0.0033299	0.0039325	-0.0049844	0.023987	0.0036076	0.0031902	0.047694	0.049256	-0.0041546	0.015308	0.015866	-0.048883	0.013492	0.014471	0.0058884	-0.0042516	-0.064911	0.028903	0.0011983	0.0073609	-0.24046	0.0041632	0.013353	-0.0024428	0.27064	0.3264	0.004755	0.0013868	0.01825	-0.0098185	0.0065262	0.0090312	0.0013868	0.0416	0.0114	-0.019167	0.012097	-0.014602	0.011097	0.0055529	0.0026357	-0.0037395	0.013772	-0.0060904	0.00069327	-0.0088526	0.0051359	-0.006505	0.015308	0.0063871	0	0.015447	0.052959	-0.00013862	0.00055459	0.0065262	0.016044	-0.016154	-0.2319	0.013476	0.0027745	-0.0041546	0.0055529	-0.0059868	3.6569	-0.098661	0.0034687	0.010564	0.0013868	0.001096	-0.00078097	-0.0040423	0.013695	0.00079807	-0.0029091	-0.0029091	0	0.016562	0.13367	0.044432	0.0034687	-0.0038586	0.0062481	0	0.017544	0.00078681	0.066945	-0.024661	0.0062481	0.0011093	-0.0019399	0.0065262	-0.001084	0.0037076	-0.0040162	0	0.0033261	0.0027653	-0.00097017	0.00097064	0.0076392	0.24856	0.040326	0.0013868	0.0018688	0.014352	0.0072276	0.004719	0.0075	-0.0045695	-0.0096315	0.0040243	-0.35122	0.010703	-0.0059126	0	0	0.0011093	0.0022193	0.0079864	0.006109	-0.15272	-0.0044312	-0.0008316	0.003191	-0.00013862	0.0011093	0.0029977	0.039337	0	0.0012765	-0.0016629	-0.061286	0.044432	-0.14284	-0.032007	-0.091395	0.0012481	-0.0041546	0.001803	-0.062764	0.022024	0.021323	-0.14164	-0.0066773	0.66106	0.00083195	0	-0.0019399	-0.069064	0.0027745	0.003191	-0.00041585	-0.0005586	0.014888	0.15861	-0.0020784	1.022	-0.0038779	0.00597	0.11609	0.14117	-0.0047079	0.0029726	0.0026357	0.0039296	0.0017959	0.00027728	0.00069327	0.0023581	-0.0030475	-0.0013858	-0.0033243	0	-0.00097017	-0.025483	0.0058309	-0.039658	0.0037753	-0.22368	0.0072217	0.0062481	-0.012576	0.0049969	0.34128	-0.0024938	-0.0047693	0.0043021	0.00013863	0.0055722	0.0016682	0.004719	0	0.015587	0.0012481	-0.002053	-0.0016629	0.024689	0.0026712	0.01447	0.018103	-0.0058861	0.022304	0.021183	0.0023581	0	-0.0016022	-0.0053992	0.0073609	0.0016642	0.0080567	0.0036076	0	0.012934	-0.0016629	-0.0083005	0	0.0029133	-0.01505	-0.013149	0.0012481	0.0035565	0.010939	-0.39853	-0.0042929	0.00055459	0.048262	-0.0091286	0	-0.0049844	0.015028	-0.0016448	0.00041593	-0.00069303	0.0038854	0	0.0038854	0.00013863	0.021603	0.0062481	-0.0087146	0	0.0016359	-0.016979	0.050819	-0.025893	0.0084743	0.072465	-0.098635	-0.006505	0.0070826	0.013492	0.69933	-0.025072	0.035908	0.0069435	0.00097064	0.034677	0.015587	0.018243	0.023145	-0.015466	0.0021317	-0.01769	0.010424	0.003191	0.00597	0.0040243	0	-0.00041585	0.023426	0.03214	0.019503	0.00069327	0.00083195	-0.00027724	0.057653	0.0009259	-0.0067813	0.0068044	-0.0087524	0.00458	0	0.51769	-0.053341	0.0032385	0.015866	0.1792	0.0030053	0.0097022	-0.01106	0.007	0.035665	-0.0032915	0.010424	0.00074213	-0.0048458	0.010703	-0.014366	-0.0053016	0.082909	0.00069481	-0.012306	-0.002636	0.00097064	0	0.075271	0.017963	-0.04726	0.012655	0.00045901	-0.0020784	-0.0008316	-0.00013862	-0.0030475	0.043299	-0.016643	0	0.21438	0.00063358	0.011088	0.026514	0.00597	0.030169	-0.0059464	0.0069921	0.001293	-0.0053992	0.010146	0	0.00458	-0.0067813	0.0063871	-0.00046589	0.00030469	0.004719	-0.023018	
Amplification Peak  8 - CN values	4q22.1  	chr4:90046016-90373266(probes 423118:423324)    	chr4:90222577-90300301(probes 423206:423274)    	chr4:89655813-90727483(probes 422940:423494)    	0.014793	   0.037738		Actual Copy Change Given	-0.0047448	-0.0053992	0.025952	0.0023581	0.012376	-0.0026322	0.014609	0.0025977	-0.0023553	0.00099056	0.78503	0.00027728	-0.0008316	0.017264	0.0076392	0.003191	-0.016979	-0.044822	-0.00043015	0.053521	-0.0011087	0.014378	-0.015879	-0.054555	0.018704	0.0014087	0.05622	-0.01354	-0.00097017	0.047207	0.0049969	-0.00097017	-0.0024938	0.001803	-0.40667	0	0.00097064	-0.0080244	-0.0018014	0.11814	-0.0008316	-0.0089906	0.00055459	0.0023581	0.46707	0.0062481	-0.023292	0.0070826	0.0011467	0.001803	0.001803	0.013772	0.53731	-0.0023553	0.019691	0.03863	-0.27928	0.24311	-0.02384	0.0015255	0.0012481	0.78022	0.00597	7.0014e-05	-0.010508	-0.00027724	0.00069327	0.00013863	0.0023581	0	0.022865	0.0034687	-0.29844	-0.0042929	0.022865	-0.0026322	0.0054139	0.00055459	0.1619	0.0093098	0.0011093	-0.0030475	0.43851	0.031014	-0.0044312	0.38882	0.0029133	0.0033299	0.0039325	-0.0049844	-0.044415	0.0036076	0.0031902	0.047694	0.087316	-0.0041546	0.015308	0.015866	-0.69694	0.013492	0.18268	0.0058884	0.85799	-0.064911	0.028903	0.0011983	0.0073609	-0.24046	0.0041632	0.01447	-0.00091207	0.27064	-0.0073339	0.004755	0.0013868	0.01825	-0.0098185	0.0065262	0.0090312	0.0013868	0.0416	0.0114	-0.016401	0.012097	-0.014602	0.0075	0.0055529	0.0026357	-0.0037395	0.013772	-0.024661	0.00069327	-0.0088526	0.0051359	-0.006505	0.015308	0.0063871	0	0.013253	0.07053	0.0034687	0.00055459	0.0065262	0.016044	-0.49392	-0.2319	0.018204	0.0027745	0.010146	0.0055529	-0.0059868	0.061651	0.23739	0.0034687	0.010564	0.0013868	0.001096	-0.00078097	-0.0040423	0.0093098	0.00079807	-0.0029091	-0.0029091	0	0.016562	0.0070826	0.044432	0.0034687	-0.0038586	0.0062481	0	0.017544	0.00078681	0.066945	-0.024661	-0.75909	0.0011093	0.0036076	0.0065262	-0.0022168	0.0037076	-0.0040162	0	-0.44437	0.0027653	-0.00097017	-0.0063605	0.0076392	0.23628	0.0282	0.0013868	-0.0022443	0.014352	0.0072276	0.004719	-0.15366	-0.0045695	-0.0096315	-0.0045073	-0.36397	0.010703	0.70894	0	0	-0.0041546	0.0022193	0.0085432	0.006109	-0.15272	0.74708	-0.0008316	0.003191	-0.00013862	-0.00069303	0.0029977	0.039337	0	0.0012765	-0.0016629	-0.06534	0.05153	-0.15324	-0.023155	-0.091395	0.0012481	-0.0041546	0.001803	-0.062764	0.022024	0.013528	-0.25403	-0.0066773	0.00013863	0.00083195	0.00091039	-0.0019399	-0.069064	0.0027745	-0.0013858	-0.00041585	-0.0005586	-0.80881	0.00097064	-0.0020784	0.9672	-0.0038779	0.00597	-0.016567	0.14117	-0.0047079	0.0029726	0.0026357	0.0039296	0.0017959	0.00027728	-0.36193	0.0023581	-0.0030475	-0.0013858	-0.0033243	0.054233	-0.00097017	-0.025483	0.0058309	-0.039658	0.0037753	-0.22368	0.0072217	0.0062481	-0.012576	0.0049969	0.34128	-0.0024938	-0.0047693	0.0043021	0.00013863	0.0055722	0.0016682	0.004719	0	0.074224	0.0012481	-0.002053	-0.0016629	0.024689	0.0026712	0.01447	-0.6465	-0.0058861	0.08392	0.021183	0.0023581	0	-0.0016022	-0.0053992	0.0073609	0.0083351	0.0080567	0.0036076	0	0.1038	-0.010922	-0.0083005	0	0.0029133	0.028345	-0.013149	-0.0050392	0.0035565	0.030169	-0.39853	-0.021235	0.00055459	0.064879	-0.0091286	0.0043021	-0.012162	0.015028	-0.0016448	0.00041593	-0.00069303	0.0038854	0	0.0038854	0.00013863	0.021603	0.0065262	-0.0087146	0	0.002567	-0.016979	0.050819	-0.025893	0.0084743	0.072465	-0.095997	-0.006505	0.020343	0.013492	0.011651	-0.025072	0.035908	0.0069435	0.00097064	0.096195	0.015587	0.018243	0.023145	0.66124	0.0021317	-0.01769	0.010424	0.003191	0.00597	0.0040243	0	-0.00041585	0.023426	0.0033299	0.055088	0.00069327	0.00083195	-0.00027724	0.044148	0.0009259	-0.0067813	0.0068044	-0.0087524	0.00458	0	-0.025756	-0.053341	0.0032385	0.015866	0.1255	-0.18324	0.04482	-0.01106	0.007	0.092025	-0.0032915	0.010424	0.00074213	-0.0048458	0.53186	-0.014366	-0.0053016	0.082909	0.00069481	-0.012306	-0.002636	0.00097064	0	0.075271	0.017963	-0.063972	0.012655	0.00045901	-0.0073339	-0.0008316	-0.00013862	-0.0030475	0.046842	-0.016643	0	0.21438	0.00063358	0.011088	0.81279	0.0062481	0.042874	0.004169	0.016985	0.001293	-0.0053992	-0.16268	0	0.00458	-0.0067813	0.0063871	-0.00046589	0.00030469	0.004719	-0.023018	
Amplification Peak  9 - CN values	5q35.3  	chr5:156146527-181538259(probes 563322:578670)	chr5:180267179-180299392(probes 578408:578425)	chr5:180081183-180334768(probes 578307:578456)	0.12441	    0.12441		Actual Copy Change Given	-0.50681	0.0055529	-0.021879	-0.00027724	0.0077783	0	-0.0073339	0.0009327	0.00097064	0	-0.016841	0.00041593	0.021603	0.00013863	-0.014503	-0.00055444	0.020483	0.0051332	0	-0.05725	0.0097276	-0.0090811	0.0015255	0.058224	-0.018862	-0.0045477	-0.19663	0.00458	0.0016642	-0.027261	-0.022606	0.0075	0.00041593	-0.0028025	-0.005814	0.02539	-0.0047079	-0.017391	-0.2818	-0.061152	-0.00013862	0.0043021	-0.012983	-0.0033243	-0.0033243	0.0087528	0.15906	0.0044411	-0.0062385	-0.00069303	0.0069435	0.038065	-0.047801	0	0.44477	-0.013642	0.016006	-0.0019399	0.2236	0.0012481	-0.0019399	0.56947	-0.0017043	-0.40393	-0.00041585	0.00097064	-0.005261	0	0.0022193	1.0149	-0.020824	-0.0020784	-0.0029726	0.072396	-0.021647	-0.0022168	-0.021373	-0.0015243	-0.025072	-0.0022168	0.016146	0.012237	0	-0.03054	0.0019418	0.016286	0.014609	-0.00040607	-0.0011087	0.00069327	-0.026963	0.0058309	0	-0.017463	-0.048883	-0.14219	-0.016574	-0.0081624	-0.0019399	0.0030522	-0.03354	0.0028319	-0.005334	0.00027728	-0.025072	0.0011093	-0.017941	0.043157	-0.00097017	-0.022469	0.0012481	0.11697	1.9845	-0.01763	0.0033299	-0.021513	0.031718	0.68906	0.0054139	-0.0087146	-0.031496	-0.021373	0.021912	-0.0038779	0.013166	-0.00099566	-0.03029	-0.0011087	0	0.0065262	0.18056	-0.0037395	0.0075	0.0013868	0.0024969	-0.005261	-0.0045292	0.0043021	-0.0024938	-0.024418	0.0051359	-0.0059037	-0.012438	-0.0030475	-0.45361	0.059366	-0.016841	0.0015255	-0.0030306	-0.0038779	-0.0044161	0.016146	0.84557	0.0013868	0.68943	0.00069327	0.00013863	-0.0013858	0.0023319	-0.097936	0	0.003191	-0.0034627	0.016845	-0.015593	0.0019404	0.0019418	-0.0037395	0.0079368	0.0014612	-0.0027707	0.0026357	0	-0.0094046	0.043299	0.052241	-0.0048461	-0.00041585	0.016985	-0.0013858	-0.0091286	0.013632	0.00097064	-0.0008316	0.34185	0.00027728	0.00097064	0.014051	-0.41113	-0.040752	-0.002694	0.0010365	-0.0020784	0.0023639	0.010982	-0.043737	0.0093098	0.01131	-0.0019399	0.082332	0	-0.00065332	-0.0051227	-0.0011087	-0.0022168	0.0019418	0.0027044	0.0015255	-0.014366	0.012655	0.010424	-0.0037395	-0.0028816	0	-0.00033162	-0.01904	0.00097064	0.0024969	0	0.021744	-0.046718	0.41312	0.012097	0.063795	0.0033299	0.001803	-0.0067813	-0.040209	-0.018078	-0.0029091	0.0052678	0.010564	-0.00055444	0.00027728	-0.00047605	0.011679	-0.38414	0.0033299	0.21899	0.0027745	0	-0.021459	0.006109	0.00083195	0.040609	0.010146	-0.0026322	0.46707	0.09856	-0.00027724	0.00055459	0.0054139	0.0012481	0.028825	0.1388	-0.00041585	-0.0095426	0.00027728	0.041458	-0.010922	0.0045786	-0.0018481	0.0054139	0	-0.0018014	0.074582	0.060636	-0.022195	0.021603	0.036794	0.010508	0.0063871	-0.0092666	-0.00094571	0.0048579	-0.00097017	0	-0.0012473	0.0016642	-0.03681	-0.0030475	0.010285	-0.0052357	0.003191	-0.019177	0.0016642	-0.013402	-0.021938	0.045566	-0.028739	-0.0036011	0	-0.00041585	-0.0007709	-0.0035795	0	0.0027745	0.0058309	-0.0036969	0.025671	-0.01849	-0.005814	-0.0015243	-0.0027707	-0.0015243	-0.010504	-0.024766	0.0056919	-0.0023553	-0.016126	-0.021098	-0.010508	0	-0.020824	0.0070826	-0.0011087	0.012516	-0.0059522	0.01433	0.0027745	0.019083	-0.0033243	0.0011093	0.00097064	0	-0.011887	-0.0016629	-0.00097017	-0.016292	0.0034	0.18374	-0.018765	0.0098669	0.0015255	0.0095883	-0.089254	0.0043021	0.027497	0.40494	-0.039801	-0.0056757	-0.036575	0.0027745	0.0048579	-0.051225	-0.031359	-0.00027724	-0.0036712	0.016565	-0.0056247	0.023426	-0.022058	0.023847	-0.0031859	-0.00057153	0.067805	-0.00069303	-0.023429	-0.098286	-0.016429	0.0083351	0.0077783	0.0030522	-0.040888	-0.00073773	0.018383	-0.016979	-0.0042929	-0.018765	-0.0049844	0.0114	0.0083351	0.00032473	0.0051359	-0.058058	0.011214	0.026629	0.011292	0.0042196	-0.046041	0	0.0069423	-0.00055444	0	-0.020412	-0.0027707	0.0034687	-0.07401	0.00014017	0.04344	0.0079824	0.003191	0.00084916	-0.014503	0.0027377	-0.027124	-0.029038	0.00078912	0.0037465	0.0041632	0.3145	0.0016642	-0.041974	0.021183	0.013353	0.0055529	0	0.011228	-0.116	-0.015741	-0.080497	-0.0093989	-0.055769	-0.0001252	0.0055529	-0.025756	0.10424	0.0011093	-0.0027707	0.00097064	-0.00060448	0.0012755	0.0049969	0.061508	
Amplification Peak 10 - CN values	7p15.3  	chr7:18618819-38414054(probes 685865:698865)    	chr7:24939785-25015928(probes 689978:690038)    	chr7:24939785-25021620(probes 689978:690041)    	0.24211	    0.24211		Actual Copy Change Given	0.011261	0.30378	0.013772	0.003191	-0.00097017	0	0.00458	0.00010071	-0.003975	0.00069327	1.462	0.0023581	-0.04211	-0.0020784	0.30521	0.042307	-0.0070576	0.0019418	-0.001014	0.021603	-0.00041585	0.012982	-0.0024938	0.24404	-0.0045286	0.0007152	0.070953	0.10935	-0.00027724	0.0091705	0.14266	0.0025744	0.0027745	0.0019418	0.11345	0.023987	0.00075449	0.024969	0.050108	0.82236	-0.001745	0	0.0076392	0.0016642	0.0034687	0.004486	0.57612	-0.00026563	-0.0010715	0.00019477	0.0010305	0.068665	0.05523	0.00083195	0.021043	0.09827	0.017264	0.0027745	1.1386	0.0034687	0.00055459	1.2094	0.001803	-0.013302	-0.00097017	0.0030522	0.027497	-0.00013862	0.036794	0.067661	0.020203	0.0029133	0	3.6569	0.0093098	0.0026357	0.46007	0.040751	0.15861	0.00083195	-0.0056757	0	0.053664	0.0094491	-0.0024938	-0.0033243	-0.0011087	0.0052749	0.0069581	0.003191	0.10555	0.022164	0.076134	0.078294	0.33593	-0.0020784	0.30569	0.35088	0.11785	0.0041632	0.046135	0.0071402	0.052952	0.25902	0.0034687	-0.002686	0.11448	0.96393	0.0020805	0.075128	-0.0010284	0.71614	-0.01974	0.067916	0.0013519	0	0.013632	0.018103	0.010424	-0.63765	0.024829	0.12167	0.1409	-0.0032375	-0.0094517	0.26341	0	0.0031008	0.028481	0.0024969	1.1187	0.0080567	-0.07214	0.024969	0.73416	0.008892	0.022725	0.020763	0.0070826	0.095363	0.004719	0.0029133	0.60124	0.0091705	1.0289	0.28977	0.19126	0.00013863	0.083487	0.025812	0.0022345	0.064225	1.1839	0.0029133	-0.023018	0.0066653	0.13302	0.0023581	0.0069172	0.71622	0.0038854	0.001803	0.0051359	0.018004	0.27885	-0.0018014	0.061079	0.0068044	0.64398	0.0026357	0.0081959	0.03637	0.0073609	0.14384	0.016286	0.036794	0.00041593	0.0011093	0.012237	-0.0012473	0.011261	0.00083195	0.0080567	0.006109	0.38303	0.0013868	0.001803	0.0016642	0.4519	0.6805	0.0019418	0.029533	0.0029133	0.004308	0.0016642	0.033549	1.7029	0.021233	0.00013863	0.099288	0.10045	0.013812	-0.00097443	0.0091705	0.0052	0.0024969	0	0.00097064	0.15666	0.00069327	0.0017065	0.05523	0.00037572	-0.0012473	0.0009293	0.072396	0.0052749	0	0.07254	0.013492	0.045141	0.029396	0.014609	-0.0098201	0	0.00055459	0.00027728	0.36231	0.0035717	0.071678	0.0044792	0.035806	-0.0013858	0.00013863	0.001604	-0.0020587	0.40844	0.0013868	0.0022193	3.3562e-05	0.003191	0.067661	0.0051359	-0.0008316	0.010567	-0.00097017	-0.0027539	0.15995	0.19284	0	-0.13755	-0.0020784	0.0011093	0.0076392	0.0093098	0.0019418	-0.0011087	0.0020805	0.39147	0.03369	0.00097064	0.0016642	0.1658	-0.0062286	0.14712	0.00044467	0.053507	0.0095883	0.019503	0.058081	0.00079203	-0.00041585	0.013632	0.0056919	0.10293	-0.0011087	0.0094684	0.0077783	-0.00069303	0.11873	0.023566	0.0027745	0.011007	0.0027745	0.012655	0.003191	0.0114	0.0076392	0.14414	0.0088136	0.0019418	0.0016642	0.089127	-0.0037889	0.6476	0.0047938	0.0027606	0.0093098	0.0042251	-0.0030475	0.0051359	0.0055529	-0.0067813	0.0016642	0.14266	0.070061	-0.0034627	-0.0022168	0.10176	0.0016642	0.44511	0.020343	-0.00013862	0.027638	2.9468	-0.0012473	-0.69423	0.023847	0.023847	-0.00027724	-0.0024938	0.00041593	0.0041632	-0.0028194	-0.00041585	0.019503	0.053948	0.017544	0.011043	0.0015956	0.69814	0.1382	-0.0048461	0.0063871	0.074696	0.1008	0.0016642	0.11389	0.77733	0.045991	-0.0063668	0.002459	0.0020805	0.0011093	0.91258	0.00040316	0.057653	0.010564	0.67864	0.010058	0.41412	0.46844	0.0043401	-0.0015243	0.0023581	0.0083351	0.11184	0.012575	0.063366	0.0044411	0.018803	0.057653	-0.0024938	0.49338	2.6881e-05	0.0050755	0.0015255	0.61993	0.0011093	-0.0015243	0.0080567	0.71547	-0.0010613	0.012934	0.31418	9.1849e-05	0.052642	-0.00057329	0.0012075	0.013074	0.0063871	0.018383	-0.00013862	0.036935	0.037359	0.12367	0.020203	0.98928	0.0012496	0.0091705	-0.84736	-0.0031859	0.0084743	0.24233	0.0071119	0.0029133	0.021463	0.008849	0.001803	0.18919	-0.00013862	-0.0029091	0.018243	0.60666	0.0058309	0.22515	0	0.0084414	0.040326	0.0095883	0.83471	-0.0055317	0.84652	-0.0013647	0.0043021	0.010842	0.11213	0.18556	0.10979	0.0040243	0.00040128	0.0089195	0.68868	0.0051359	
Amplification Peak 11 - CN values	7q34    	chr7:142554532-142768622(probes 751085:751097)	chr7:142554631-142581255(probes 751086:751096)	chr7:142544397-142810691(probes 751084:751099)	0.00025725	 0.00025725		Actual Copy Change Given	0.016858	0.30378	0.0065083	0.003191	0.0072217	0	0.00458	0.00051666	-0.0034627	1.0971	0.069239	0.0023581	-0.033541	0.015028	0.31193	0.042307	0.0098669	0.0019418	0.00027728	0.012795	-0.00041585	0.0022671	2.4688	0.24404	0	-0.0033418	0.085068	0.6618	-0.00027724	0.0096816	0.14266	0.0025744	0.0044411	0.00027728	0.44291	0.023987	0.00075449	-0.0011087	0.050108	0.80947	0.00055459	-0.0026125	0.004719	0.0016642	-0.0027707	0.0016642	0.5677	-0.00026563	0.0024969	0.00019477	0.0010305	0.047126	0.010006	0.00083195	0.021043	3.6569	0.017264	0.0020805	1.1386	0.0034687	-0.00444	1.2138	-0.0024759	0.0058292	0.0029133	0.0038854	0.027216	-0.00013862	0.036794	0.014051	0.013213	0.0029133	0.0047942	0.049966	0.015866	0.0026357	0.49718	0.030732	0.15711	0.00083195	-0.0056757	0	0.11389	0.050392	0.033831	0.0015356	0.0037465	0.0030672	0.0075	0.0036076	0.094637	0.014476	0.076134	0.058224	0.31129	-0.0044312	0.30713	0.34876	0.12358	0.0041632	0.049115	0.0071402	0.050108	0.25934	-0.0026322	0.0019418	0.079015	0.95919	0.0020805	0.078727	-0.0018942	0.038347	0.01433	0.090758	-0.09512	-0.0017946	0.0080567	-0.020961	0.01419	0.0022193	0	0.12369	0.1409	-0.011887	0.10157	0.033127	0	0.010842	0.022675	0.0015255	1.1187	0.0054139	0.054376	0.024969	0.18376	0.0091705	0.022725	0.013074	0.0070826	0.075559	0.0065262	0.0029133	-0.004179	0.0091705	1.0253	0.27679	0.1795	0.10337	0.083631	0.031155	-0.003586	0.054518	1.158	0.0019418	0.006109	0.0066653	0.13302	-0.0017713	0.0069172	-0.71274	0.0036604	-0.0027707	-0.010784	-0.0018014	0.27317	0.10016	0.043582	-0.00041585	2.5862	0.0026357	0.001803	0.013353	0.0031131	0.042449	0.021183	0.021603	0.00041593	-0.00097017	0.0066653	-0.0012473	0.0069435	0.00083195	0.0041632	0.0043021	0.36904	-0.00056398	0.00013863	0.0016642	0.42519	0.65645	0.0019418	-0.001043	0.00083195	0.0055587	-0.012438	0.031859	0.49338	0.0028239	5.0303e-05	0.10952	0.6639	0.012416	-0.00097443	0.013353	0.0024969	0.002071	0.0010393	0.0027745	0.17136	0.0049969	0.003191	0.05523	0.00097064	-0.0012473	0.0016098	0.049398	0.0026357	-0.00097017	0.07254	0.049114	0.040185	-0.119	0.014609	0.066802	-0.00055444	0.00055459	-0.0021532	0.36395	0.0084743	0.075703	0.0035069	0.035806	-0.0013858	0.00013863	0.001604	-0.00027724	0.42301	0.0025928	0.00083195	0.0038854	0.003191	0.045424	0.0081959	-0.0008316	-0.028355	-0.00097017	0.0041632	0.19071	0.1792	0	0.0038854	0	0.0011093	0.007502	0.0093098	0.0019418	-0.0011087	0.0020805	0.042166	0.03369	0.00097064	0.0016642	0.15606	-0.0095426	0.15278	0.0054157	0.053507	0.0095883	0.020343	0.061079	0.0061394	-0.00041585	0.0079175	0.0028083	0.11111	0.00027728	0.020362	0.003191	0.0063871	0.10932	0.021323	-0.0027707	0.011983	-0.0016388	0.021884	0.003191	0.019503	-0.007472	0.13569	0	0.0063871	0.0016642	0.080889	-0.00035513	0.64461	0.010885	0.0033299	0.0093098	0.0052749	0.025671	0.0026357	0.0037249	-0.0067813	0.0016642	0.13865	0.070061	0.17392	-0.043466	0.10176	0.010982	0.36395	0.014242	-0.0023891	-0.006505	3.0392	0	0.118	0.0054139	2.0632	-0.0013858	0.010982	0.00041593	0.0041632	0.001803	-0.00041585	0.018195	0.04812	0.0072217	0.011043	0.0015956	0.2484	0.13998	0.00458	0.0063871	0.081177	0.1008	-0.003202	0.11364	0.51455	0.050961	-0.0063668	-0.017566	0.0020805	0.0011093	0.89407	-0.0066432	0.053382	-0.0012473	0.1628	-0.0006419	0.40878	0.50411	-0.00097017	-0.0015243	0.059223	0.013492	0.11316	-0.0020784	0.15681	0.021463	0.018803	0.057653	-0.0029091	0.35724	2.6881e-05	0.0083351	-0.036173	0.6177	0.0011093	0.00041593	0.0080567	0.6939	-0.0010613	0.018523	0.47814	-0.00046262	0.035498	0.0049969	0.0025532	0.0075	0.0063871	0.01419	-0.0038779	0.0375	0.037359	0.11976	0.022976	0.94139	-0.00083007	-0.00055444	-0.83547	-0.0031859	0.0084743	0.21315	0.0069435	0.021744	0.021463	0.008849	0.52748	0.18721	0	0.0041632	0.054091	-0.64358	0.0058309	-0.0066432	0	0.0084414	0.023847	0.010006	0.77964	-0.0060846	0.46468	0.0015705	0.0015694	0.012826	0.1255	0.1802	-0.61143	0.0015255	0.00092056	0.0089195	0.69465	-0.86994	
Amplification Peak 12 - CN values	8p12    	chr8:34830188-36708734(probes 780275:781084)    	chr8:35633357-36220822(probes 780642:780920)    	chr8:35325638-36713694(probes 780472:781086)    	0.12619	    0.16056		Actual Copy Change Given	-0.56286	-0.18421	-0.011473	-0.0030475	-0.607	-0.042245	0.59872	0.06004	0.0044411	-0.00098438	0.7614	0.0011093	-0.73722	0.003191	0.11199	-0.0037395	-0.69685	-0.052126	0.006109	-0.8599	0.0015255	-0.008529	-0.4034	0.10264	-0.58958	-0.029153	-0.58265	-0.0031859	-0.00097017	0.024268	-0.87432	-0.046583	-0.0011087	-0.33871	-0.59944	0.028341	-0.77031	-0.8861	0.065942	-0.52634	-0.0023553	-0.55537	-0.76813	0.0023581	-0.48123	-0.20124	0.79239	0.464	-0.023703	0.0027745	-0.0066432	-0.88696	0.01433	-0.0027707	0.023426	0.0095883	0.052099	-0.60158	-0.57644	-0.14348	-0.0020784	0.5971	-0.73442	-0.007992	-0.75943	-0.18471	-0.30251	0.00083195	-0.1712	-0.027899	-0.014366	0.0040243	0.041676	3.6569	-0.43202	-0.0008316	-0.44545	-0.042788	-0.65211	-0.42669	-0.63906	-0.0015918	-0.58765	0.0037465	-0.2952	-0.41751	0.014888	-0.00050522	0.0020805	-0.44189	-0.059404	-0.42735	-0.0023561	-0.2308	-0.89588	-0.67985	-0.0056757	-0.30768	0.060936	0.0013868	0.00027874	-0.19119	0.034395	-0.56296	-0.83156	-0.38493	-0.85178	-0.62188	-0.19562	-0.94686	-0.0020115	-0.4611	-0.022058	0.12745	-0.09578	-0.012982	-0.45744	-0.81326	0.0040243	0.0076392	0.013911	-0.0061573	0.23598	0.00096835	-0.96555	-0.26877	-0.27327	-0.011521	0.40811	0.0026357	0.48475	0.00055459	-0.69414	0.26263	0.0072217	-0.85583	0.0049969	0.0077783	0.006109	-0.084528	-0.34481	-0.047531	-0.0055375	-0.017803	-0.98815	-0.84555	0.15915	-0.0087146	-0.2913	0.006109	-0.67728	-0.74655	1.8754	0.0036076	-0.0069195	-0.0042929	0.00013863	-0.00041585	-0.7003	0.43154	-0.51218	0.0026357	0.014609	-0.76742	-0.0020676	-0.0024938	-0.24034	-0.0016629	-0.056828	0.0019424	-0.0055965	-0.75418	-0.53591	-0.59838	1.6576	0.25043	-0.013127	0	0.0048579	0	-0.42833	0	-0.39096	-0.45104	0.50359	0.00097064	-0.2102	0.0069435	-0.43148	-0.86082	-0.00055444	-0.7127	0.82902	-0.99157	-0.5712	-1.0818	-0.055769	-0.74869	0.00041593	-0.78972	0.60268	-0.12521	-0.42724	0.00597	-0.016567	0.0027745	-0.0027021	0.0043021	0.087245	-0.84515	0.0095883	-0.0027707	0.0011093	-0.12148	0.00050019	-0.15822	-0.28703	-0.12538	0.0025419	-0.61037	-0.95203	-0.1779	-0.040345	-0.16637	-0.0019297	-0.018628	-0.0013858	0.010982	-0.78074	-0.17714	-0.25149	-0.020001	-0.025756	-0.0014928	-0.0024424	0.30505	-0.48429	-0.0030475	-0.2463	-0.0016629	0.00013863	-0.36227	-0.2554	0	0.67363	-0.0041546	-0.077478	0.023987	-0.86271	-0.00055444	-0.14528	-0.39553	0.0013868	-0.10368	-0.13303	-0.36839	0.0049969	-0.001999	0.0026357	-0.0089906	-0.037354	-0.0022168	0.068235	0.00097064	-0.29023	-0.0023033	0.6117	-0.050911	0.010285	-0.81556	-0.078011	-0.44383	0.62133	0.0065262	-0.69712	0.0026357	-0.32471	0.0052749	0.00067391	-0.47469	-0.97357	0.0041632	-0.23323	-0.17335	0.011818	-0.80799	0.01433	-0.35293	0.0085285	0.17573	1.6612	-0.00027724	0.2253	0.0011701	-0.0027707	-0.42942	0.0038854	-0.86097	-0.32207	0.66734	-0.0030475	-0.71791	-0.007472	-0.69151	0.805	-0.00041187	-0.8548	-0.071497	0.019083	-0.052261	-0.43344	-0.94276	-0.48796	-0.00097017	0.026935	-0.37977	-0.92189	0.00097064	-0.32495	0.0012481	0	-0.092874	-0.0008316	0	-0.18383	-0.016017	-0.30592	-0.57891	-0.17449	-0.56141	0.15218	0	-1.0834	-0.33352	0.087534	-0.30682	-0.48102	-0.030131	0.28343	-0.010356	-0.43875	0.0091325	-0.0012473	0.003191	0.0026357	0	-0.55066	0.019643	1.1655	0	-0.0037395	0.067948	-0.701	0.00069327	-0.33606	-0.23496	-0.0084385	0.001803	-0.34927	-0.013953	0.10707	-0.3963	0.003191	0.16295	-0.10753	-0.66365	0.015168	-0.0035187	0.00083195	0.0023581	-0.39615	-0.7981	-0.0021694	-0.018078	-0.34102	-0.83847	-0.20898	-0.027535	-0.0043751	0.020343	-0.36147	-0.38044	-0.22047	-0.019863	-0.70765	-0.29023	0.048545	0.18768	-0.02767	0.9926	-0.0014597	0.0040243	-0.0026322	-0.20324	-0.16866	0.010157	-0.7374	0.00092781	-0.83397	-0.27958	-0.36215	0	-0.10289	0.80344	0.012237	-0.68186	-0.14065	-0.32626	0.85838	0.0029133	0.2697	-0.0077424	-0.0055375	0.0011543	-0.0019493	-0.0070576	-0.78412	0.010006	-0.72826	0.0022193	-0.12568	-0.45231	-0.71114	-0.8765	
Amplification Peak 13 - CN values	8p11.22 	chr8:39194383-39280311(probes 782358:782395)    	chr8:39198189-39279031(probes 782359:782394)    	chr8:39198189-39540469(probes 782359:782435)    	0.045496	   0.063244		Actual Copy Change Given	-0.56286	-0.18421	-0.011473	-0.0030475	-0.607	-0.0008316	0.59872	0.06004	0.0044411	-0.00098438	0.7614	0.0011093	-0.73722	0.003191	0.22947	0.0098669	1.2996	-0.00013862	0.006109	0.58756	0.0015255	-0.008529	-0.4034	0.10264	0.0085155	-0.029153	-0.58265	-0.0031859	-0.00097017	0.024268	-0.87432	-0.046583	-0.0011087	-0.33006	-0.59944	0.012097	-0.77031	-0.8861	0.065942	-0.52634	-0.0023553	-0.55537	-0.76813	-0.37076	-0.48123	-0.20124	0.79239	0.0066653	-0.023703	0.0027745	-0.51133	-0.87876	0.01433	-0.0027707	0.023426	-0.0084497	0.052099	-0.60158	-0.57644	-0.14348	-0.0020784	0.5971	-0.73442	-0.007992	-0.75943	-0.18471	-0.30251	0.00083195	-0.1712	-0.027899	-0.014366	0.0040243	0.041676	0.33982	0.027357	-0.0008316	-0.44545	-0.042788	0.021744	-0.42669	-0.63906	-0.0015918	2.0699	0.0037465	-0.2952	-0.41751	0.014888	-0.00050522	0.0020805	-0.44189	-0.059404	-0.42735	-0.0023561	-0.086651	-0.0098185	-0.25147	-0.0056757	-0.30768	0.060936	0.0013868	0.00027874	-0.19119	0.034395	0.00083195	-0.83156	-0.38493	-0.85178	0.64726	0.00069327	-0.94686	-0.0020115	0.60322	-0.022058	0.057405	-0.09578	-0.012982	-0.45744	-0.81326	0.0040243	0.0076392	0.013911	-0.0061573	0.23598	0.00096835	-0.96555	0.0012481	-0.27327	-0.011521	-0.073258	0.0026357	0.48475	0.00055459	0.54541	0.26263	0.0072217	-0.38246	0.0049969	0.0077783	-0.52481	0.54771	0.0041632	-0.81786	-0.0055375	-0.017803	-0.98815	-0.84555	0.15915	-0.0087146	-0.2913	0.006109	-0.67728	-0.74655	1.8754	0.0036076	-0.0069195	-0.0042929	0.00013863	-0.00041585	-0.7003	0.43154	-0.51218	0.0026357	0.014609	-0.76038	-0.0020676	-0.0024938	-0.24034	-0.0016629	-0.056828	0.0019424	-0.0055965	3.4858	-0.53591	0.070386	-0.78724	0.25043	-0.013127	0	0.0048579	0	-0.42833	0	-0.39096	0.00083195	0.44054	0.00097064	-0.2102	0.0069435	-0.43148	-0.78446	-0.00055444	-0.7127	0.82902	-0.99157	-0.5712	-0.91462	-0.055769	-0.74869	0.00041593	-0.78972	-0.1203	-0.0595	0.028903	0.00597	-0.016567	0.0027745	-0.0006244	0.0043021	0.32334	-0.031086	0.0095883	-0.0027707	0.0011093	-0.027535	0.00050019	0.17332	-0.28703	-0.12538	0.0025419	-0.61037	-0.95203	-0.1779	-0.040345	-0.64462	-0.0019297	-0.018628	-0.0013858	0.010982	-0.78074	0.14102	-0.25149	0.0040397	-0.025756	-0.0014928	-0.0024424	0.046984	3.6569	-0.0030475	-0.2463	-0.0016629	0.00013863	-0.36227	0.64103	0	0.6594	-0.0041546	-0.077478	0.13806	0.95345	-0.00055444	-0.14528	-0.39553	0.0013868	-0.10368	0.00048047	-0.36839	0.0049969	-0.001999	0.0026357	-0.0089906	-0.037354	-0.0022168	0.068235	0.00097064	-0.29023	-0.0023033	0.6117	-0.050911	0.010285	-0.81556	-0.078011	-0.44383	0.017124	0.0065262	-0.69712	0.0026357	-0.26346	0.0052749	0.00067391	-0.47469	-0.94041	0.0041632	-0.23323	-0.13057	0.011818	-0.80799	0.01433	-0.35293	0.0085285	0.17573	1.1059	-0.00027724	0.2253	0.0011701	-0.0027707	-0.42942	0.0038854	-0.37053	-0.31972	0.66734	-0.0030475	-0.71791	-0.007472	-0.69151	1.9639	-0.00041187	-0.8548	-0.057116	0.019083	0.010146	-0.43344	-0.94276	-0.48796	-0.00097017	0.026935	0.011958	-0.92189	0.00097064	-0.32495	0.0012481	0	-0.27404	-0.0008316	0	-0.18383	-0.016017	-0.30592	-0.57891	-0.17449	-0.56141	0.19756	0	-1.0834	-0.33352	0.087534	-0.30682	-0.48102	0.044715	0.28343	-0.010356	-0.43875	0.0091325	-0.0012473	0.003191	0.0026357	0	-0.55066	0.019643	1.1655	0	-0.0037395	0.067948	0.054091	0.00069327	-0.33606	-0.00027724	-0.0084385	0.001803	0.33545	-0.013953	0.10707	-0.3963	0.003191	0.16295	-0.10753	-0.66365	0.015168	-0.0035187	0.00083195	0.0023581	-0.39615	-0.7981	-0.0021694	-0.018078	-0.34102	-0.81944	-0.20898	-0.18823	-0.0043751	0.020343	-0.36147	-0.38044	-0.22047	0.065083	-0.70765	-0.29023	0.040751	0.18768	0.0030537	0.9926	-0.0014597	0.0040243	-0.0026322	-0.20324	-0.22133	0.010157	-0.7374	0.00092781	-0.83397	-0.27958	0	0	-0.10289	0.80344	0.012237	-0.68186	-0.14065	-0.32626	0.85838	0.0029133	0.2697	-0.0077424	-0.0055375	0.0011543	0.011679	-0.0070576	-0.78412	-0.71746	-0.72826	0.0022193	-0.12568	-0.45231	-0.71114	0.024408	
Amplification Peak 14 - CN values	8q11.21 	chr8:51268574-51294223(probes 786985:786995)    	chr8:51269285-51290319(probes 786986:786994)    	chr8:51269285-51375997(probes 786986:787048)    	0.13116	    0.16698		Actual Copy Change Given	-0.0084385	0.0091705	0.016006	-0.0030475	0.001803	-0.0008316	0.65443	0.06004	0.0044411	-0.00098438	0.78857	0.0011093	-0.016017	0.003191	0.83076	0.00055459	1.2132	-0.00013862	0.006109	0.63609	0.0015255	0.024877	-0.0011087	0.10264	0.0085155	0.0021025	-0.58265	-0.0031859	-0.00097017	0.051956	1.1275	-0.00027724	-0.0011087	-0.33006	0.47512	0.19999	-0.21861	0.76293	0.068665	1.6536	-0.0023553	-0.0024938	1.5391	-0.37076	-0.41553	0.0069435	0.92371	0.0066653	0.00027728	0.0027745	-0.47818	0.050534	0.01433	-0.0027707	-0.47289	0.021744	0.052099	-0.0013858	-0.263	0.14548	-0.0020784	0.5971	0.12535	0.0033624	0.72263	-0.0012473	0.19558	0.00083195	0.0026357	-0.027899	0.0027745	0.023987	0.041676	0.48251	-0.39007	-0.0008316	0.34909	0.037076	0.021744	0.0055529	0.58488	-0.0015918	2.2242	0.030873	0.34372	0.0051359	0.14831	-0.00050522	0.0020805	0.0038854	0.067518	0.010006	-0.0023561	-0.032041	0.059366	0.0033299	-0.30428	0.055658	0.060936	0.0013868	0.012378	-0.088982	0.066945	0.00083195	0.019223	-0.0048461	-0.49392	0.64726	0.00069327	0.90714	-0.0020115	0.19421	-0.022058	0.094965	0.0033299	-0.012982	0.34583	0.014051	0.0040243	0.0076392	0.022865	-0.0061573	0.23598	0.00096835	2.3372	0.0012481	0.0034687	-0.011521	0.36789	0.0026357	0.48475	0.00055459	0.71133	0.26263	0.0072217	0.13909	0.0049969	0.0077783	0.011958	0.62406	0.0041632	0.0063871	-0.0055375	0.012237	-0.98815	-0.13393	0.15915	-0.0087146	-0.026441	0.006109	-0.0049693	-0.74655	1.8754	0.0036076	-0.0069195	-0.0042929	0.00013863	-0.00041585	0.0065	0.43395	0.019363	0.0026357	-0.0064468	0.0049969	0.010156	-0.0024938	0.2061	-0.0016629	-0.011006	0.0019424	-0.0055965	0.0063871	0.0020805	0	1.3122	-0.24009	-0.013127	0.00097064	0.0048579	0	0.010842	0	0.0036076	0.00083195	0.08392	0.00097064	0.1595	0.0069435	1.0604	2.4654	-0.00055444	0.0022852	0.85284	-0.99157	0.021323	0.27348	0	0.002635	0.00041593	0.022699	1.2766	-9.8909e-05	0.028903	0.0069435	0.040044	0.0027745	0.00090063	0.0043021	0.31546	0.0020805	0	-0.0027707	0.0011093	0.0088818	0.00050019	0.17332	-0.28703	0.0073609	0.0025419	0.60575	-0.95203	0.19984	0.017684	-0.14245	-0.0019297	-0.00055444	-0.0013858	0.010982	-0.78074	0.19862	0.010881	0.0040397	0.0015255	-0.0014928	-0.00061464	0.45179	2.5612	-0.0030475	0.0024969	-0.0020784	0.00013863	0.015308	0.8202	0	0.69335	-0.0041546	-0.0020131	0.13376	0.98535	-0.00055444	0.053094	-0.39553	0.0013868	0.0030522	0.00048047	0.0030522	0.0049969	-0.001999	0.0026357	-0.0089906	0.11697	-0.0022168	0.068235	0.00097064	0.44189	-0.0023033	1.6932	0.055088	0.010285	0.00083195	0.0011093	0.014051	0.34356	0.0065262	-0.13729	0.0026357	0.028782	0.0052749	0.00067391	0.25887	0.037602	0.0041632	0.05184	-0.0018014	0.011818	0.0020805	0.01433	0.0913	-0.046041	0.2456	0.64708	-0.00027724	0.25784	0.0011701	-0.0027707	0.0051359	0.0038854	-0.37053	-0.21169	0.66734	-0.0030475	0.68775	-0.007472	0.75891	1.9639	-0.2666	1.5205	0.19649	0.019083	0.010146	0.76753	0.0027745	0	-0.61879	0.015727	0.28628	0.81649	0.00097064	0.36641	-0.0036011	0	0.013911	-0.0008316	0	0.0036076	0.03369	0.30011	0.016705	0.0027745	0.0042334	0.42351	0	0.36264	-0.003706	0.087534	0.093382	0.00027728	0.044715	0.28343	-0.010356	0.47187	0.079696	-0.0012473	0.003191	0.068522	0	0.52541	0.019643	1.1655	0	-0.0037395	0.097106	0.054091	0.00069327	0.00083195	-0.00027724	-0.0084385	0.031295	0.71095	-0.013953	0.10707	0.10585	0.003191	0.24887	0.061605	0.64025	0.015168	-0.0035187	0.0041632	0.0023581	0.0077783	2.7133	-0.0021694	-0.096308	-0.1755	0.0005078	0.20577	0.0049969	-0.0043751	0.020343	0.0037465	-0.41137	0.00069327	0.065083	-0.12382	-0.29023	0.040751	0.51717	0.0030537	-0.035993	-0.0014597	-0.0023553	-0.0026322	0.18571	0.032281	0.010157	0.0070826	0.00092781	-0.025893	-0.0022168	-0.00013862	0	0.0072217	-0.017803	0.012237	0.66974	0.00069327	0.014576	0.8919	0.0029133	0.3348	-0.0077424	-0.0055375	0.0011543	0.016006	-0.10434	0.024408	0.0041632	0.056655	0.0022193	0.0027244	0.0034962	0.0034687	-0.041702	
Amplification Peak 15 - CN values	8q11.23 	chr8:52825384-52896895(probes 787924:787971)    	chr8:52825474-52896541(probes 787925:787970)    	chr8:52825474-52897197(probes 787925:787973)    	0.17843	    0.21318		Actual Copy Change Given	-0.0084385	0.0091705	0.016006	-0.0030475	0.001803	-0.0008316	0.65443	0.06004	0.0044411	-0.00098438	0.74309	0.0011093	0.33448	0.003191	0.83076	0.0027745	1.2132	-0.00013862	0.006109	0.63609	0.0015255	0.012843	-0.0011087	0.10264	0.0085155	0.0021025	-0.58265	-0.0031859	-0.00097017	0.02511	1.1275	-0.00027724	-0.0011087	-0.33006	0.47512	0.19999	-0.21861	0.76293	0.068665	1.511	-0.0023553	-0.0024938	1.5391	-0.37076	-0.41553	0.0069435	0.92371	0.0066653	0.00027728	0.0027745	-0.47818	0.050534	0.01433	-0.0027707	0.07988	0.021744	0.052099	-0.0013858	-0.263	0.14548	-0.0020784	0.5971	0.12535	0.0033624	0.72263	-0.0012473	0.19558	0.00083195	0.0026357	0.00083195	0.0027745	0.023987	0.041676	0.48251	0.032845	-0.0008316	0.34909	0.037076	0.021744	0.0055529	0.58488	-0.0015918	2.2584	0.030873	0.34372	0.41145	0.14831	-0.00050522	0.0020805	0.0038854	0.067518	0.010006	-0.0023561	-0.032041	0.059366	0.0033299	-0.30428	0.055658	0.060936	0.0013868	0.012378	-0.088982	0.066945	0.00083195	0.019223	-0.0048461	-0.49392	0.64726	0.00069327	0.90714	-0.0020115	0.80908	0.83608	0.094965	0.0033299	-0.012982	0.34583	0.014051	0.0040243	0.0076392	0.022865	0.0041632	0.23598	0.00096835	2.3372	0.0012481	0.0034687	-0.011521	0.36789	0.0026357	0.48475	0.00055459	0.71133	0.26263	0.0072217	0.13909	0.0049969	0.0077783	0.011958	0.042874	0.0041632	0.0063871	-0.0055375	0.012237	-0.98815	-0.13393	0.15915	-0.0087146	-0.026441	0.006109	-0.0049693	-0.74655	1.8754	-0.12043	-0.0069195	-0.0042929	0.00013863	-0.00041585	0.0065	0.42239	0.019363	0.0026357	-0.0064468	0.0049969	0.010156	-0.0024938	0.2061	-0.0016629	-0.0091264	0.0019424	-0.0055965	0.0063871	0.0020805	0	1.3122	-1.0024	-0.013127	0.00097064	0.0048579	0	0.010842	0	0.0036076	0.00083195	0.43952	0.00097064	0.1595	0.0069435	1.0604	2.3884	-0.00055444	0.0022852	0.63719	0.0072276	-0.011335	0.27348	0	0.002635	0.00041593	0.022699	2.2047	-9.8909e-05	0.028903	0.0069435	0.040044	0.0027745	0.00090063	0.0043021	0.31546	0.0020805	0	-0.0027707	0.0011093	0.0088818	0.00050019	0.17332	0.1939	0.0073609	0.0025419	0.60575	-0.95203	0.19984	0.017684	-0.17208	-0.0019297	-0.00055444	-0.0013858	0.010982	-0.78074	0.19862	0.010881	0.0040397	0.0015255	-0.0014928	-0.00061464	0.45179	2.5612	-0.0030475	0.0024969	-0.0020784	0.00013863	0.015308	0.8202	0	0.69335	-0.0041546	-0.0020131	0.13376	0.98535	-0.00055444	0.053094	-0.39553	0.0013868	0.0030522	0.00048047	0.0030522	0.0049969	-0.001999	0.0026357	-0.0089906	0.11697	-0.0022168	0.068235	0.00097064	0.29963	-0.0023033	1.6932	0.055088	0.010285	0.00083195	0.0011093	0.014051	0.34356	0.0065262	-0.12265	0.0026357	0.028782	0.0052749	0.00067391	0.25887	0.061794	0.0041632	0.05184	-0.0018014	0.011818	0.0020805	0.01433	0.0913	-0.046041	0.16292	0.64708	-0.00027724	0.25784	0.0011701	-0.0027707	0.0051359	0.0038854	-0.37053	-0.21169	0.66734	-0.0030475	0.68775	-0.007472	0.75891	1.9639	-0.2666	1.5205	0.19649	0.019083	0.010146	0.76753	0.0027745	0	0.024548	0.015727	0.28628	0.81649	0.00097064	0.36641	-0.0036011	0	0.013911	-0.0008316	0	0.0036076	0.03369	0.30011	0.016705	0.0027745	0.0042334	0.42351	0	0.36264	-0.003706	-0.30768	0.093382	0.00027728	0.044715	0.28343	-0.010356	0.47187	0.025914	-0.0012473	0.003191	-0.0013508	0	0.52541	-0.0063668	1.1655	0	-0.0037395	0.097106	0.054091	0.00069327	0.00083195	-0.00027724	-0.0084385	0.031295	0.71095	-0.013953	0.10707	0.10585	0.003191	0.20427	0.061605	0.64025	0.015168	-0.0035187	0.0041632	0.0023581	0.0077783	2.7133	-0.0021694	-0.011771	-0.1755	0.0005078	0.20577	0	-0.0043751	0.020343	0.0037465	-0.40274	0.00069327	0.065083	-0.12382	-0.29023	0.040751	0.51717	0.0030537	-0.031359	-0.0014597	-0.0023553	-0.0026322	0.18571	0.032281	0.010157	0.0070826	0.00092781	-0.025893	-0.0022168	-0.00013862	0	-0.003071	-0.0055096	0.012237	0.66974	0.00069327	0.012483	0.8919	0.0029133	0.3348	-0.0077424	-0.0055375	0.0011543	0.016006	-0.10434	0.024408	0.0041632	0.056655	0.0022193	0.0027244	0.0034962	0.0034687	0.01447	
Amplification Peak 16 - CN values	8q21.13 	chr8:65927532-83062215(probes 795820:805784)    	chr8:75170587-75252899(probes 801449:801492)    	chr8:73226346-76595519(probes 800281:802266)    	0.061258	    0.12441		Actual Copy Change Given	-0.0084385	0.0066653	0.016006	-0.0030475	-0.61882	-0.0008316	0.65443	0.06004	-0.0080244	-0.00098438	0.82918	0.0011093	0.45054	0.003191	1.1925	0.015168	1.2583	-0.00013862	0.006109	0.90139	0.0015255	0.012843	0.0020805	0.10264	0.065126	0.0021025	-0.58265	-0.0031859	-0.00097017	0.064082	0.0026357	-0.00027724	-0.0011087	-0.00013862	0.47512	0.44799	-0.069867	0.7658	0.068665	1.7453	-0.0023553	-0.0024938	1.5235	0.00013863	0.036512	0.018675	0.92371	0.0066653	0.00027728	0.0027745	-0.0013858	0.050534	0.01433	-0.0027707	0.1664	0.1786	0.052099	-0.0013858	0.54859	0.14548	-0.0020784	0.5971	0.12535	0.0048905	0.73948	-0.18798	0.19558	0.00083195	0.0026357	0.4932	0.01028	0.023987	0.041676	0.57487	0.032845	-0.0008316	0.39512	0.03369	0.078871	-0.0050074	0.58488	-0.0015918	1.0413	0.030873	0.37117	0.39745	0.14831	-0.00050522	0.0020805	0.0038854	0.08739	0.0063871	-0.0023561	-0.032041	0.059366	0.71547	0.0081959	0.055658	0.060936	0.0013868	0.012378	0.0050544	0.26339	0.00083195	0.019223	-0.0048461	0.33642	0.64726	0.00069327	0.020903	0.0041632	0.80908	1.5843	0.10881	0.0033299	0.0083419	0.45734	0.014051	0.0040243	0.0076392	0.09188	0.0041632	0.23598	0.0048579	2.3407	0.0012481	0.0034687	-0.0060932	0.36071	0.0026357	0.48475	0.00055459	0.76312	0.26263	0.43154	0.14325	0.0049969	0.0077783	0.011958	0.11741	0.0041632	0.0063871	0.0081959	0.012237	1.6953	0.69017	-0.32959	0.00013863	0.017963	0.0030522	-0.006273	0.068235	1.9305	0.00083195	0.59278	-0.0042929	0.00013863	-0.00041585	0.0065	0.43278	0.019363	0.0026357	-0.0064468	0.0049969	0.010156	0.1851	0.25355	-0.0016629	-0.0091264	0.0029133	-0.0055965	0.7087	0.0020805	0	1.3122	1.1804	0.0024969	0.00055459	0.0048579	0	0.010842	0	0.0036076	0.00083195	0.45973	0.00097064	0.1595	0.0069435	1.0604	2.5479	-0.00055444	0.0022852	-0.84147	0.0072276	0.0070826	0.27348	0	0.002635	-0.0020614	0.022699	1.3088	-0.00093047	0.028903	0.0069435	0.043991	0.0027745	0.00090063	0.0043021	0.13362	-0.01409	0	-0.0027707	0.0011093	0.0033299	0.00050019	0.17332	0.29771	0.0073609	0.0025419	1.3385	0.056513	0.19984	0.017684	1.1564	-0.0019297	-0.00055444	-0.0075845	-0.0094046	1.4073	0.19862	0.010881	0.0040397	0.0015255	-0.0014928	0.0010491	0.44918	2.7391	0.0027745	0.0024969	-0.0020784	0.00013863	0.029184	0.8202	0	0.68344	-0.0041546	-0.0020131	0.13939	0.98535	-0.00055444	0.053094	-0.0031859	0.0013868	0.083487	0.00048047	0.0030522	0.0049969	-0.001999	0.045424	-0.0089906	0.11697	-0.0022168	0.068235	0.016985	0.43429	0.0098958	1.6281	0.1177	0.010285	-0.022469	0.0011093	0.44392	0.34096	0.0065262	0.25527	0.0026357	0.028782	0.0052749	0.00067391	0.25887	0.094156	0.0041632	0.055114	-0.0018014	0.011818	0.0020805	0.01433	0.0913	0.0048051	0.25762	2.1005	-0.00027724	0.25784	0.0011701	-0.0027707	0.0051359	0.0029133	0.061937	0.0049221	0.66734	0.024548	0.68999	-0.007472	0.75891	1.9452	-0.0081585	1.5108	0.19649	0.019083	0.010146	0.76753	0.0027745	0	-0.57378	-0.002959	0.28628	0.81422	0.00097064	0.056085	-0.00069303	0	0.013911	-0.0008316	0	0.0036076	0.03369	0.5763	0.016705	0.0027745	0.0042334	0.42351	0	0.33853	-0.00097017	0.087824	0.093382	0.00027728	0.044715	1.691	0.031859	0.5231	0.083592	-0.0012473	0.003191	0.1437	0.035524	0.52541	0.019503	1.1622	0.0039366	0.72886	0.097106	0.054091	0.00069327	0.00083195	-0.00027724	0.0080567	0.031295	1.0896	0.031014	0.10707	0.10585	0.003191	0.19086	0.061605	0.62133	0.015168	-0.0035187	0.0041632	0.0023581	0.00055459	2.7364	-0.0021694	0	-0.17843	0.0005078	0.34938	0	0.0063045	0.11902	0.0037465	-0.0047079	0.00069327	0.065083	-0.12382	0.10691	0.040751	0.51717	0.0030537	1.7526	-0.0014597	-0.0023553	-0.0026322	0.18571	0.054518	0.010157	0.0070826	0.00092781	0.002224	-0.0022168	-0.00013862	-0.0063668	0.056655	1.8365	0.032422	0.76792	0.00069327	0.012483	0.8919	0.0029133	1.3739	-0.0077424	0.019643	0.0011543	0.0063823	-0.082402	0.74594	0.0041632	0.056655	0.0022193	0.0027244	0.0034962	0.0034687	-0.037762	
Amplification Peak 17 - CN values	8q21.3  	chr8:89150984-89940507(probes 808928:809408)    	chr8:89321629-89372779(probes 809102:809130)    	chr8:89046994-91311595(probes 808836:810161)    	0.042231	   0.086724		Actual Copy Change Given	0.23628	0.0045892	0.016006	-0.0030475	0.0068238	-0.0008316	0.65443	0.06004	-0.0080244	-0.00098438	0.76217	0.0011093	0.37051	0.003191	1.1001	0.0037465	1.2583	-0.00013862	0.006109	0.85849	0.0015255	0.012843	0.0020805	0.10264	0.021645	0.0021025	-0.58265	0.54541	-0.00097017	0.064082	0.0026357	-0.00027724	-0.0011087	-0.00013862	0.47512	0.44799	-0.069867	0.7658	0.068665	1.619	0.00097064	-0.0024938	1.5284	0.00013863	0.036512	0.018675	0.92371	0.0087528	-0.0024938	0.0027745	-0.0013858	0.050534	0.01433	-0.0027707	0.30234	0.23117	0.052099	-0.0013858	0.54859	0.14548	-0.0020784	0.5971	0.12535	0.0048905	0.72131	-0.0016629	0.18679	0.00083195	0.0026357	0.5813	0.016985	0.023987	0.041676	0.57487	0.022164	-0.0008316	0.361	0.02806	0.063366	0.0027745	0.56241	-0.0015918	0.66087	0.030873	0.37117	0.39745	0.13672	-0.00050522	0.0020805	0.0038854	0.0693	0.0051359	-0.0023561	-0.032041	0.080024	0.71547	0.0081959	0.055515	0.060936	0.0013868	0.012378	0.0050544	0.27742	0.00083195	0.019223	-0.0048461	0.33642	0.64726	0.00069327	0.88746	0.0041632	0.80908	2.3218	0.0072578	0.0033299	0.0083419	0.45734	0.014051	0.0040243	0.0076392	0.040044	0.0041632	0.23598	0.0048579	2.2585	0.0012481	0.0034687	0.0019418	0.36297	0.0058309	0.48475	0.00055459	0.76312	0.26467	1.6534	0.14325	0.0049969	0.0077783	0.011958	-0.69785	0.0041632	0.0063871	0.0081959	0.0099	1.6953	0.79743	0.15651	0.00013863	0.017963	0.0030522	0.68926	0.068235	1.9038	0.00083195	0.59278	-0.0042929	0.00013863	-0.00041585	0.0045778	0.43278	0.019363	-0.074277	-0.0064468	0.0049969	0.010156	0.18434	0.24964	-0.0016629	-0.0091264	0.0029133	-0.0055965	0.7087	0.0020805	0	1.3122	1.1804	0.0024969	0.00055459	0.0048579	0	0.010842	0	0.0036076	0.00083195	0.45973	0.00097064	0.1595	0.0069435	1.0604	2.4049	-0.00055444	0.0022852	1.0718	0.0009117	0.0073609	0.27348	0	0.002635	-0.0020614	0.022699	1.3088	0.0021203	0.028903	0.0069435	0.043991	0.0027745	0.00090063	0.0043021	0.32511	-0.01409	0	-0.0027707	0.0011093	0.010285	0.00063886	0.18026	0.29771	0.0073609	0.0033299	1.2823	0.056513	0.19984	0.017684	0.68366	-0.0019297	-0.00055444	-0.0075845	-0.0094046	1.3777	0.19862	0.010881	0.0040397	0.0015255	-0.0014928	0.0010491	0.44918	2.7391	0.0027745	0.00091196	-0.0020784	0.00013863	0.033127	0.76025	0	0.72565	-0.0041546	-0.0020131	0.13273	0.98535	-0.00055444	0.053094	-0.0031859	0.0013868	0.083487	0.00048047	0.0030522	0.0049969	-0.001999	0.045424	-0.0089906	0.11697	-0.0022168	0.068235	0.016985	0.29326	0.0098958	2.3684	0.1177	0.010285	-0.022469	0.0011093	0.44392	0.3346	0.0065262	0.25527	0.0026357	0.028782	0.0052749	0.0084743	0.25887	0.13792	0.0041632	0.055114	-0.0018014	0.011818	0.0020805	0.01433	0.0913	0.0048051	0.22839	0.92533	-0.00027724	0.25784	0.0011701	-0.0027707	0.0051359	0.0029133	0.060526	0.0080011	0.66734	0.0080567	0.68719	-0.007472	0.75891	1.9452	-0.0081585	1.4966	0.19649	0.019083	0.010146	0.76753	0.0027745	0	0.064654	-0.002959	0.28628	0.80733	0.00097064	-0.10893	-0.00069303	0	0.013911	-0.0008316	0	0.00069327	0.029044	0.57202	0.016705	0.0027745	0.0042334	0.42351	0	0.33853	-0.00097017	0.087824	0.093382	0.00027728	0.044715	1.0787	0.012795	0.5231	0.073938	-0.0012473	0.003191	0.079303	0.0038854	0.52541	0.0090415	1.1622	0.0039366	0.72886	0.10307	0.074984	0.00069327	0.00083195	-0.00027724	0.0080567	0.031295	0.88186	0.031014	0.10707	0.10103	0.0016735	0.24591	0.21049	0.62133	0.015168	-0.0035187	-0.027398	0.0023581	0.00055459	2.7364	-0.0021694	0	0.31755	0.0005078	0.31222	0	0.0063045	0.092025	0.0037465	-0.0047079	0.00069327	0.065083	-0.12382	0.10691	0.040751	0.51717	0.0030537	1.3508	-0.0040039	-0.0023553	-0.0026322	0.18571	0.054518	-0.32728	0.001803	0.00092781	0.002224	-0.0022168	-0.00013862	-0.0063668	0.056655	1.4051	0.032422	0.67215	0.00069327	0.012483	0.8919	0.0029133	-0.63121	-0.0077424	0.019643	0.0011543	0.0063823	-0.082402	0.74594	0.0041632	0.056655	0.0022193	0.0027244	0.0034962	0.0034687	-0.037762	
Amplification Peak 18 - CN values	8q24.21 	chr8:126978685-127645285(probes 831523:832009)	chr8:127016929-127133804(probes 831557:831630)	chr8:125067728-134238630(probes 830131:836904)	0.0090192	  0.0090192		Actual Copy Change Given	0.23628	0.0093098	0.0063871	-0.0030475	0.0068238	-0.0008316	0.61897	0.06004	0.0065262	0.0019418	0.74633	0.0011093	0.50221	0.003191	1.1626	0.0037465	1.2549	-0.11939	0.006109	0.87647	0.0015255	0.33939	0.0020805	0.10264	-0.0034218	0.0021025	0.36706	0.54541	0.0043021	0.022865	0.0026357	-0.00144	-0.0011087	0.0012481	0.46195	0.44799	-0.069867	0.7658	0.068665	1.5215	0.00097064	-0.0024938	1.5008	0.00013863	0.036512	0.02511	0.92371	0.0087528	-0.0024938	0.0027745	-0.0047739	0.050534	0.01433	-0.0027707	-0.47902	0.16235	-0.3078	-0.0013858	0.55992	0.14548	-0.0020784	0.5971	0.12535	0.0048905	0.72131	-0.0016629	0.18679	0.00083195	0.0026357	0.62588	-0.0085766	0.023987	0.041676	0.46998	0.015308	-0.0008316	0.32672	0.02806	-0.0013858	0.0027745	0.60232	-0.0015918	2.0598	0.011121	0.37117	0.39745	0.16355	-0.00027724	0.0020805	0.0038854	0.089127	0.0051359	-0.0023561	0.0066653	0.013911	0.70795	0	0.055904	0.060936	0.0013868	0.012378	0.0050544	0.075415	0.0084743	-0.010784	0.07254	0.46707	0.64726	0.00069327	0.88726	0.0041632	0.88626	2.2886	0.083958	0.0033299	0.0083419	0.44579	0.014051	0.0040243	0.0076392	0.010006	0.0041632	0.2489	0.0048579	2.2698	0.006109	0.0034687	0.0019418	0.36297	0.0058309	0.48475	0.00055459	0.76312	0.26467	0.47529	0.013074	0.0049969	0.0077783	0.011958	0.65461	0.0041632	0.0063871	0.0081959	0.0099	1.6953	0.21161	0.15442	0.00013863	0.017963	0.0030522	-0.0037244	0.058081	1.8196	0.0020805	1.701	-0.0042929	0.00013863	-0.00041585	0.0045778	0.43278	0.019363	0.0019418	-0.0024938	0.0049969	0	0.00069327	0.24964	-0.0016629	0	0.0021702	-0.0055965	0.63039	0.0020805	0.053521	1.3122	0.74366	0.0024969	0.00055459	0.0048579	0	0.010842	0	0.0036076	0.00083195	0.45717	0.00097064	0.1595	0.0069435	1.0604	2.2868	-0.00055444	0.0022852	1.0714	0.0009117	0.0073609	0.26647	0	0.0039348	-0.0020614	0.031999	0.52923	0.0021203	0.028903	0.0069435	0.045141	0.0027745	0.00090063	0.0043021	0.29167	0.010842	0	-0.0027707	0.0011093	0.010285	-0.0024096	0.18026	0.31241	0.0073609	0.0033299	1.2948	0.019223	0.18737	0.017684	-0.16258	0.0026357	-0.00055444	-0.0059522	-0.0094046	1.3319	0.1661	0.0028126	0.010424	0.0015255	0.0016642	0.0010491	0.45789	2.4147	0.0027745	0.00091196	-0.0020784	0.00013863	0.0086135	0.76025	0	0.69073	-0.0041546	-0.0020131	0.70926	0.95406	-0.00055444	0.053094	-0.0031859	0.0013868	0.083487	0.00048047	0.0012481	0.0076392	-0.001999	0.39114	-0.0089906	0.1196	-0.0014704	0.068235	0.016985	0.26153	0.0098958	1.9666	0.057561	0.010285	0.010564	0.0011093	0.0048579	0.34096	0.0065262	0.25527	0.0026357	0.028782	0.0018504	0.0034687	0.25887	0.01447	0.6559	0.055114	-0.0018014	0.011818	0.0020805	0.01433	0.078329	0.0074648	0.18238	1.7257	-0.00027724	0.25784	0.0011701	-0.0027707	0.0051359	0.0029133	0.044999	0.0080011	0.66734	-0.00013862	0.66737	-0.007472	0.75891	1.9452	-0.0081585	1.4596	0.20396	0.019083	0	0.76562	-0.0036436	0.0068044	0.023847	-0.002959	0.28628	0.80908	0.00097064	0.35235	-0.00069303	0	0.013911	-0.0008316	0	0.00069327	0.029044	0.57273	0.016705	0.0027745	0.0042334	0.42351	0	0.33853	-0.00097017	0.094637	0.093382	-4.1948e-05	0.044715	1.0765	0.37479	1.4999	-0.0017007	-0.0012473	0.003191	-0.0020784	-0.0040162	0.52643	-0.010931	1.298	0.0039366	0.72886	0.1006	0.054518	0.00069327	0.00083195	-0.00027724	0.0026723	0.018243	1.1569	0.031014	0.10707	-0.2624	0.0016735	0.20427	0.21049	0.65075	0.015168	0.0022193	-0.0027707	0.0023581	0.013074	2.5881	-0.0021694	0	0.39612	0.0005078	-0.40762	0	0.0063045	-0.00097017	0.0037465	-0.0047079	0.00069327	0.065083	0.020483	0.10691	0.040751	0.51717	0.0046272	0.94017	0.00061928	-0.0023553	-0.0026322	0.18571	0.054518	0.014749	0.00055459	0.00092781	-0.0010513	-0.0022168	-0.00013862	-0.0023553	0.0068044	0.68403	0.032422	0.67215	0.00069327	0.0030194	0.85324	0.0029133	1.2127	-0.0077424	0.019643	0.0011543	0.0086135	0.0066653	0.73872	-0.0019399	0.12845	0.0022193	0.0035575	0.0034962	0.0034687	0.018523	
Amplification Peak 19 - CN values	11q13.2 	chr11:66775641-67148925(probes 1029360:1029491)	chr11:67016476-67143848(probes 1029446:1029490)	chr11:66461876-70547767(probes 1029262:1030998)	0.022663	   0.022663		Actual Copy Change Given	-0.0029091	0.003191	-0.049154	0.0016642	-0.010922	0.003191	-0.0026322	0.0009327	0.0037465	-0.00027724	0.4882	0	0.010006	-0.016567	0.0012481	-0.0022168	0.0087528	0.00458	0.0027745	-0.087447	0.00458	-0.00022945	0.0065262	0.087679	-0.040685	0.0059961	-0.014786	0.0114	0.012032	-0.041295	-0.036538	0.0036076	0.00026006	0.0041632	0.38237	0.021323	0.00069327	0.018399	0.10307	0.06208	0.003191	0.0069435	-0.0081624	0	0.00458	0.0015255	0.010424	-0.0053992	0	-0.0016629	0.0081959	0.042449	0.0052749	0.0048579	-0.071071	-0.051316	0.011679	-0.00041585	-0.017803	0.0034687	0.0011093	0.0040243	-0.044957	0.29823	0.0044411	0.0023581	0.001803	-0.0036011	-0.0051227	0.43868	-0.025072	-0.022195	0.031935	0.066229	-0.056038	0.0052749	0	0.093621	-0.03817	0.0019418	-0.0013858	0.0081959	0.048262	-0.022332	-0.00050564	0.0015255	0.011539	-0.0018938	0	0.0027745	-0.012989	0.0019418	0.017403	0.076422	-0.10171	0.0013868	-0.0069195	0.0067629	0.096869	0.00069327	-0.0087132	5.7345e-05	0.0040243	0.0066653	0.70701	-0.0012805	0.059651	-0.034223	0.0024969	-0.026304	0.001803	0.20626	3.6569	-0.0249	0.0029133	-0.011329	0.0066653	0.73568	0.0045326	-0.00011353	-0.060614	-0.0024938	-0.011721	-0.0013858	1.3278	0.050819	0.0070826	0.00013863	0.0058309	-0.002971	0.032563	-0.0029879	0.0024969	0.0026357	0.021054	-0.018628	-0.00055444	-0.0022168	-0.006505	-0.056712	0.0025385	0.0011093	-0.0044312	-0.0029091	0.17074	0.063939	0.0062481	-0.00097017	0.0083351	0.0024969	-0.0033092	-0.013459	-0.0109	0	0.60359	0.00013863	0.0090312	0.0011093	0.0053876	0.0093098	0.0027745	0.0019418	0.0018468	0.0034687	0.0005654	0.18798	0.033972	0.0016642	0.0039047	-0.00097017	0.0019418	0.0048579	0.0019418	0.014609	0.062508	0.0095883	0.00021721	0	-0.034904	0.003357	0.0072217	0.0027745	0.0070826	0.0066653	0.0027745	-0.0049462	0.0051359	0.0033914	0.36657	0.68198	0	0.0068704	-0.025346	0.0012539	0.003292	-0.017666	-0.0048461	0.015916	-0.0011087	0.42637	-0.032996	0.0022591	-0.0012938	0.0098669	0.00041593	-0.0027707	-0.00090155	0.00091141	0	-0.0034627	-0.00013862	-0.0011087	0	0	-0.013402	-0.014366	0.010006	-0.0014406	0.075991	0.033831	-0.013127	0.021603	-0.0063668	0.060222	0.0041632	0.0016642	0.0031119	0.004719	-0.023977	-0.023292	0.00045401	0.0021207	0.00027728	-0.00069303	0.00098324	4.096e-05	0.39429	-0.0050959	0.0012481	0.00055459	0.0011093	-0.027261	-0.0022168	0.00097064	0.066658	0.00097064	-0.0020336	1.0086	0.11682	0.0086135	-0.0023553	0.0011093	-0.00055444	-0.00013862	0.0060697	0	0.0022193	0	0.0033299	0.0033299	-0.005814	0.00040178	0.013772	-0.0026322	0.14995	0.0075289	-0.040495	-0.01296	-0.012438	0.0042214	-0.0028306	0.82941	0.00395	-0.0012473	0.00032352	0.00013863	-0.04399	0.0019418	-0.0045695	0.039761	0.0048579	0.0015255	0.0019671	0.0011093	-0.023434	0	-0.0038779	-0.030267	0.17157	-0.016567	-0.017666	-0.0019399	0.037359	0.001725	0.0021406	-0.00013862	-0.025346	-0.024661	-0.0074182	0.00458	-0.0070576	0.0040243	0.003191	0.00020704	0.099288	0.010846	0.0027745	-0.00018767	-0.00024196	-0.023566	0.067948	-0.0048461	0.0068778	-0.026577	0.00458	0.18662	0.00069327	-0.0094046	0.02525	0	0.0010397	0.001803	-0.0008316	0.0012481	0.0066653	0.0020805	-0.0012114	0.0065262	-0.0020784	7.003e-05	0.21637	0.44257	0.00597	0.0025749	0.056655	0	0.0011093	-0.001093	0.0055529	0.62788	0.016985	-0.054187	-0.0011087	0.001803	-0.087049	-0.013677	0.059223	0.00097064	0.75998	0.082529	0.03031	-0.029175	-0.016704	0.0017192	0.00458	0.001803	0.0019418	-0.038986	0.080745	-0.023292	0.00060077	0	0	-0.049623	0.0020358	0.0056919	0	0.001951	0.00055459	-0.00021681	0.0034687	0.0012481	0.0030997	0.0052749	0.14429	-0.00032402	-0.0093243	0.0037465	0.0013044	-0.041431	0.0011072	0.0029133	0.0034677	0.0041632	0.0094491	0.0062307	0.011121	0.1971	0.23628	0.026373	0.0023266	-0.00027724	-0.002024	0.09275	-0.020598	0.0063871	-0.018353	-0.0019826	0.008892	0.0029133	0.0022193	0.00055459	-0.079476	0.019923	0.0055529	0.0029133	0.0020805	0.0017703	0.19102	0.0013868	0.26106	0.00056039	0	0.0014317	0.00097064	-0.012989	0.0080567	0.00013863	0.0036547	-0.00027724	-0.00074307	0.00072068	-0.016429	0.036653	
Amplification Peak 20 - CN values	14q13.3 	chr14:35810719-37194937(probes 1213109:1214150)	chr14:36437624-36475440(probes 1213544:1213563)	chr14:35221773-37882499(probes 1212863:1214468)	0.011483	    0.17843		Actual Copy Change Given	0	-0.006505	0.7166	-0.03245	-0.0055375	-0.0041546	0.014609	-0.0058518	0.0070826	0	0.0020805	-0.0049844	0	-0.017803	0.00055459	-0.0060904	0	-0.00069303	-0.0026322	0.026654	0	0.016054	0.011261	-0.12304	0.019824	0.0015474	0.036645	-0.013953	0.0013868	0.017544	0.0014255	0.0012197	-0.0024938	0.0038854	-0.0049844	-0.1195	0.0029133	0	0.010006	0.047836	0	-0.0123	0.0055529	0.00458	0.004719	0.001803	0.018803	0.42906	0.0052749	-0.0123	0	-0.10066	0.039337	-0.00055444	0.017544	0.019643	0.020203	0.0016642	-0.011335	-0.0063668	-0.022881	-0.0012473	-0.00069303	0.0047515	-0.77107	-0.010508	-0.0083005	-0.018216	-0.0055375	-0.018078	-0.0013858	-0.0083005	-0.01663	-0.26612	-0.016017	0.30011	0.026514	-0.0034627	0.033549	0.0029133	0.0095883	-0.0019399	0.085416	0.021744	-0.0022168	-0.01106	-0.073089	-0.0041546	-0.00013862	-0.00027724	0.010146	-0.0049844	0.0034679	-0.033269	0.060936	-0.005814	0.0020805	-0.0083005	0.12123	-0.0038779	-0.0094032	-0.003959	0.0033299	-0.074659	0.011539	0.0015255	-0.37909	0.05025	-0.0080244	0.024829	-0.0027707	0.28332	3.1142	0.037678	-0.0038779	0.00417	-0.0045315	0.019083	-0.0026322	-0.0041546	0.037782	0	-0.0073877	0.014609	0.022256	-0.011749	0.0020805	0.00050035	-0.0013858	0.0011093	-0.29414	-0.021921	0	-0.0069195	0.014888	-0.0045695	-0.0022996	-0.005261	0.0038854	0.032281	-0.0066432	0.0016642	-0.0091286	-0.0018014	0.022865	-0.069466	-0.021784	0.46895	0.0011093	-0.010508	0.0079327	0.052525	0.45346	0.00013863	-0.0081624	-0.016154	-0.00024501	0.0011093	0.0094228	0.025671	-0.013586	0.003191	-0.00062825	0.001803	0.010714	-0.010508	-0.055499	0.0072217	1.9249e-05	0.00055459	-0.0015243	-0.0098185	-0.007472	-0.050641	0.0040243	0.039619	-0.024251	-0.012246	-0.0084385	-0.0034627	0	-0.02151	-0.0041546	-0.0055518	0.0011313	-0.01849	-0.0052821	0.00458	-0.0077482	0.027919	0.0012481	-0.00021146	0.0048579	-0.0033185	0	-0.07304	-0.0062286	-0.036625	0	-0.28275	0.0041632	0.0015653	-0.0011087	-0.00069303	0.0019418	0.0015255	0.0065951	-0.0016629	0.010703	-0.010984	0.0012481	-0.0087146	0	0.00083195	0.32585	0.032281	-0.017391	-0.0016629	0.0052749	-0.25757	0.018103	-0.21181	0.00458	-0.081472	-0.0096806	0.00083195	0.00015112	0.28865	0.0040243	0.018383	-0.0056378	-0.020961	0.00597	0.0014099	-0.0082224	-0.00027724	0.65112	-0.0085766	-0.026577	-0.0044312	-0.0008316	0.018943	0.0030522	-0.020138	0.084065	-0.0023553	0.0062481	1.2555	-0.14682	-0.0083005	-0.0013858	-0.0098185	-0.018078	-0.0040162	-0.045364	-0.0040162	0	0.0026357	0.0069435	-0.00027724	-0.0087146	0.0016642	0.17996	0.0033299	0.0076392	-0.0071671	-0.080022	0.017264	-0.089306	0.016286	-0.0040162	0.0012481	-0.00027724	-0.00097017	0.00097064	0.00027728	0.017144	-0.01409	0	0.00016963	-0.10289	-0.0047079	-0.0063415	-0.0053992	-0.0091286	0.0019418	0.0079175	0.001803	-0.14052	0.012934	0.0065262	-0.014958	-0.01339	-0.0032637	0.0041632	-0.0084385	-0.0022168	-0.0069195	-0.11299	-0.012438	0.012516	0.0034068	0.0015255	0.00013863	0.70645	-0.0046158	0.00458	-0.0023191	-0.00027724	0.027076	-0.0067813	0.0022193	-0.012989	0.017124	0.0022193	-0.016979	0.0037465	0.0037465	-0.0037395	0.0013868	0.0036076	0.091155	-0.0073339	0.0015255	-0.011887	0.01419	0.0013868	0.0080567	-0.0051706	0.00090201	-0.026167	-0.15029	0.0030522	-0.00069303	0.054492	0.022354	0	-0.0036011	0.11932	0.0083351	-0.5201	-0.015641	0	0.0019418	0.044148	0.020483	0.0079175	0.010285	1.2887	-0.022031	0.0095883	0.017824	0.012795	0.00055459	-0.16345	-0.043466	0.0030522	0.006109	0.1314	0.019083	-0.0042929	-0.0008316	-0.0045569	0.0081959	-0.0022615	0.0055529	0.00097064	-0.0011502	0.0044785	0.0015255	0.0016642	-0.096704	-0.015419	0.0062481	-0.13846	0.001909	0.18144	-0.0032584	-0.0070015	0.031436	-0.0031859	-0.012024	-0.0012997	-0.01849	0.52485	-0.059404	0	-0.10145	-0.026439	0.51594	0.0046448	0.0023581	-0.017254	-0.0056757	-0.31354	0.020095	0.0091705	-0.00018144	0.0058309	-0.20299	-0.018765	0.0037465	0.028903	0.0024827	-0.0078863	-0.0037915	0.00041593	0.0030194	-0.28144	-0.0029091	0.006109	0.0043079	0.003521	0.004764	0.0011138	-0.0018014	0.017963	0.0037465	0	-0.0019399	-0.13812	-0.011997	-0.0029091	0.012795	
Amplification Peak 21 - CN values	14q21.1 	chr14:37513596-37543758(probes 1214304:1214314)	chr14:37514046-37540092(probes 1214305:1214313)	chr14:35221773-37882499(probes 1212863:1214468)	0.00011607	 0.00012764		Actual Copy Change Given	0	-0.006505	-0.065716	-0.03245	-0.0055375	-0.0041546	0.64231	-0.0058518	0.0070826	0	0.0020805	-0.0049844	0	-0.017803	0.00055459	-0.0060904	0	-0.00069303	-0.0026322	0.026654	0	0.016054	0.011261	-0.12304	0.019824	0.0015474	0.036645	-0.013953	0.0013868	0.017544	0.0014255	0.0012197	-0.0024938	0.0038854	-0.0049844	-0.1195	0.0029133	0	0.53731	0.047836	0	-0.0123	0.0055529	0.00458	0.004719	0.001803	0.018803	-0.0083005	0.0052749	-0.0123	0	-0.10066	0.039337	-0.00055444	0.017544	0.019643	0.020203	0.0016642	-0.011335	-0.0063668	-0.022881	-0.0012473	-0.00069303	0.0047515	-0.77107	-0.010508	-0.0083005	-0.018216	-0.0055375	-0.018078	-0.0013858	-0.0083005	-0.01663	-0.26612	-0.016017	0.0072217	0.026514	-0.0034627	0.033549	0.0029133	0.0095883	-0.0019399	0.085416	0.021744	-0.0022168	-0.01106	-0.073089	-0.0041546	-0.00013862	-0.00027724	0.010146	-0.0049844	0.0034679	-0.033269	0.060936	0.64286	0.0020805	0.010842	0.12123	-0.0038779	-0.0094032	-0.003959	0.8703	-0.074659	0.011539	0.0015255	-0.37909	-0.19962	-0.0080244	0.024829	-0.0027707	0.28332	1.8555	0.037678	-0.0038779	0.00417	-0.0045315	0.019083	-0.0026322	-0.0041546	0.037782	0	-0.0073877	0.014609	0.022256	-0.011749	0.0020805	0.00050035	-0.0013858	0.40144	-0.29414	-0.021921	0	-0.0069195	0.014888	-0.0085766	-0.0022996	-0.005261	0.0038854	0.032281	0.13569	0.0016642	-0.0091286	-0.0018014	0.022865	0.52941	-0.022332	0.61444	0.0011093	-0.010508	0.0079327	0.052525	0.45346	0.00013863	-0.0081624	-0.016154	0.0052749	0.0011093	0.0094228	0.025671	-0.013586	0.003191	-0.00062825	0.001803	0.64709	-0.010508	-0.055499	0.0072217	1.9249e-05	0.00055459	-0.0015243	-0.0098185	-0.007472	-0.050641	-0.57763	0.039619	-0.024251	-0.012246	-0.0084385	-0.0034627	0	-0.02151	-0.0041546	-0.0055518	0.0011313	-0.01849	-0.0052821	0.00458	-0.0077482	0.027919	0.0012481	-0.00021146	0.0048579	-0.0033185	0	-0.07304	0.31418	-0.036625	0	-0.28723	0.0041632	0.0015653	-0.0011087	-0.00069303	0.0019418	0.0015255	0.0065951	-0.0016629	0.080024	-0.010984	0.0012481	-0.0087146	0	0.00083195	-0.0039321	0.032281	-0.017391	-0.0016629	0.0052749	-0.25757	0.018103	-0.21181	0.00458	-0.081472	-0.0096806	0.00083195	0.00015112	0.28248	0.0040243	0.018383	-0.0056378	-0.020961	0.00597	0.0014099	-0.0082224	-0.00027724	0.96925	-0.0085766	-0.026577	-0.0044312	-0.0008316	0.018943	0.0030522	-0.020138	0.084065	-0.0023553	0.0062481	0.72792	-0.14682	-0.0083005	-0.0013858	-0.0098185	-0.018078	-0.0040162	-0.045364	-0.0040162	0	0.0026357	0.0069435	-0.00027724	-0.0087146	0.0016642	0.17996	0.0033299	0.0076392	-0.0071671	-0.080022	0.017264	-0.089306	0.016286	-0.0040162	0.0012481	-0.00027724	-0.00097017	0.00097064	0.00027728	0.017144	-0.01409	0	0.00016963	-0.10289	-0.0047079	-0.0063415	-0.0053992	-0.0091286	0.0019418	0.0079175	0.001803	-0.14052	0.012934	0.0065262	-0.014958	-0.01339	-0.0032637	0.0041632	-0.0084385	-0.0022168	-0.0069195	-0.11299	-0.012438	0.031155	0.0034068	0.0015255	0.00013863	0.019363	-0.0046158	-0.39297	-0.0023191	-0.00027724	0.027076	-0.0067813	0.0022193	-0.012989	0.017124	0.0022193	-0.016979	0.0037465	0.0037465	-0.0037395	0.0013868	0.0036076	-0.0018014	-0.0073339	0.0015255	-0.011887	0.01419	0.0013868	0.0080567	-0.0051706	-0.10978	-0.026167	-0.15029	0.0030522	-0.00069303	0.054492	0.022354	0	-0.0036011	0.11932	0.36739	1.5399	0.051064	0	0.0019418	0.044148	0.020483	0.0079175	0.010285	1.2887	-0.022031	0.0095883	0.017824	0.25277	0.00055459	-0.16345	-0.043466	0.0030522	0.006109	0.73031	0.019083	-0.0042929	-0.0008316	-0.0045569	0.0081959	-0.0022615	0.0055529	0.00097064	-0.0011502	0.0044785	0.0015255	0.0016642	-0.096704	-0.015419	0.0062481	-0.13846	0.001909	0.18144	-0.0032584	-0.0070015	0.031436	-0.0031859	-0.012024	-0.0012997	-0.01849	0.92128	-0.059404	0	-0.10145	-0.026439	0.51594	0.0046448	0.0023581	-0.017254	0.40261	-0.31354	0.020095	0.042449	-0.00018144	0.0058309	-0.013815	-0.018765	0.0037465	0.074265	1.3818	-0.0078863	-0.0037915	0.00041593	0.0030194	-0.28144	-0.0029091	0.006109	0.0043079	0.003521	0.004764	0.0011138	-0.0018014	0.017963	0.0037465	0	-0.0019399	-0.13812	-0.011997	-0.0029091	-0.050235	
Amplification Peak 22 - CN values	15q11.2 	chr15:1-25768151(probes 1254815:1256063)       	chr15:25190922-25205629(probes 1255643:1255651)	chr15:1-25772395(probes 1254815:1256065)       	0.053208	   0.053208		Actual Copy Change Given	0.021043	0.0097276	-0.031496	0.0040243	-0.0098185	0.0024969	-0.0030475	-0.00059235	0.0052749	0.00041593	-0.035993	-0.0087146	0.013492	-0.0033243	0.0065262	-0.0019399	0.02806	-0.020549	-0.0096806	-0.042381	-0.0020784	-0.001061	-0.0063668	0.089326	-0.018038	0.0034907	-0.17627	-0.0037395	0	0.0090312	0.01419	0.0036076	-0.0022168	-9.9591e-05	0.73739	-0.0088573	-0.002728	0.45173	-0.16243	-0.049154	0.0079175	0.0097276	1.6797	-0.00055444	0.012795	-0.0018014	-0.00055444	-0.0084385	-0.00013862	-0.0022168	-0.0037372	-0.069734	0.057653	0.0051359	-0.017941	-0.059618	-0.34973	0.0013868	-0.12655	0	0.0063871	0.0033299	-0.0027707	0.02978	0.0114	0.0033299	-0.0040162	0.0023581	-0.0060904	0.12668	-0.005814	-0.0018014	-0.019652	-0.21627	-0.012576	0.00041593	-0.044957	-0.0123	-0.011473	-0.0019399	0.0079175	-0.0037395	-0.00013862	-0.0013858	0.001803	0.0079175	-0.0027707	-0.0066432	0.00083195	0.004719	-0.010232	-0.0051227	-0.0044321	0.084209	-0.005261	-0.012851	-0.0078863	-0.0049844	-0.14528	-0.0059522	-0.0026308	-0.0045123	-0.019452	0.0062481	-0.017529	0.0049969	-0.1717	-0.5796	0.0062481	-0.012162	0.0043021	-0.068261	0.012655	-0.025858	-0.0044312	-0.011742	0.0087528	0.018943	-0.0055375	-0.0031859	-0.0034627	-0.011335	-0.024771	-0.0059522	-0.026214	-0.0047079	-0.0031859	-0.0024938	-0.032587	-0.0070576	-0.30134	-0.0011087	-0.0011087	0	-0.027398	-0.005261	-0.0096806	0.0052749	-0.0026322	-0.014778	-0.0089906	0.00013863	-0.0083005	-0.0083005	-0.97466	-0.037626	-0.017666	-0.0019399	0.0024969	-0.0027707	0.0080719	-0.065716	-0.43548	-0.0078863	0.0076392	0.0023581	-0.0008316	0.0058309	-0.019752	-0.062764	0.0027745	-0.0030475	0.010982	-0.00013862	-0.0069087	0.0072217	-0.03095	0.0073609	0.0047383	-0.0073339	0.004719	-0.051586	-0.0034627	0.015028	-0.098418	-0.14644	0.0044411	0.0029133	-0.019589	0.00097064	-0.0123	0.0038854	0.0087528	0.0072217	0	-0.0020836	0.0037465	0.010982	-0.42233	-0.013953	-0.0045695	-0.00076584	-0.014778	-0.0052828	-0.0060904	-0.34125	-0.0016629	0.017034	0.0040243	-0.26757	0.0094491	-0.10876	0.0062481	-0.0008316	0.00458	-0.0022168	-0.0046394	0.0011093	0.027778	0.0052749	0.0051359	0	0.00083195	0.0037465	-0.0029634	-0.005261	0.0063871	-0.013953	-0.089302	-0.24727	-0.16955	-0.017254	0.0065262	-0.015879	0.001803	0.0034687	-0.0047079	0.017264	0	-0.006505	0.0028126	0	-0.046041	0.0030522	0.0011878	0.0011093	-0.04577	0.63737	0.0013868	0.0019418	0.0013868	-0.0066432	0.0075	-0.00055444	-0.14939	0.0056919	-0.0034627	0.029606	-0.29615	0.011818	0.042732	0.0016642	0.00597	0.00041593	0	0.00069327	-0.016398	0.0044411	0.032986	-0.0020784	0.0020805	-0.00055444	0	0.0023581	-0.1307	-0.0019112	-0.04063	-0.020687	0.015727	0.037076	-0.00069303	-0.010094	-0.2913	0.0034687	0.020203	-0.0027841	-0.23763	-0.0020886	-0.0044312	0.025671	0.008892	0.00597	0.0090567	0.0098669	-0.010232	-0.0013858	0.0033299	0.016845	-0.0044312	0.059508	-0.031496	-0.0031859	-0.010646	0.0052473	0.0075	-0.007472	-0.0060904	-0.0037395	0.0012481	0.011958	-0.010508	0.01419	0.0076392	0.0049969	-0.083731	0.0083391	0.09275	0.0072029	-0.0038779	0.0097301	0.38237	0.0026357	0.003191	0.027497	0.040468	0.00458	0.0081959	0.015168	-0.044551	0.0027745	0	0.00097064	0	-0.0026322	0.0038854	0.0070826	-0.0013858	0.0086135	-0.0037395	0.00020867	-0.021784	-0.16777	-0.010784	-0.0023553	-0.090361	0.0099167	0.0055529	-0.0066432	-0.037898	-0.00013862	0.0069435	-0.0077859	-0.0040162	-0.0048461	-0.017941	0.003191	-0.028901	-0.015604	0.0076392	-0.0021658	0.083776	-0.0037395	-0.0023553	0	-0.099077	0.0030522	0.00097064	-0.012713	0.17392	-0.0020784	-0.0013858	0.96576	0.0012481	-0.0012473	0.0014808	0.0057853	0.0033299	0.0043883	-0.0047079	0.0072217	-0.00097017	0.033633	-0.0024464	0.0070826	-0.32403	0.011771	-0.075769	0.0077783	0.011596	-0.019863	-0.0022168	-0.0034627	0.00041593	-0.015879	-0.068395	-0.017116	2.4183	-0.076945	0.0016658	0.0076997	0.00048061	0.0011093	-0.0008316	-0.018765	0	-0.041431	-0.0123	-0.0033671	-0.00036112	0.014749	-0.0012473	0.0068044	-0.036946	0.004887	0.0073609	0.00077973	0.00069327	-0.0090232	-0.40329	-0.0013858	-0.47205	-0.021558	-0.0095426	-0.0060456	0.0056174	-0.0042929	0.71471	0.00027728	0.010842	-0.00069303	0.0024468	2.7405e-05	-0.00013862	0.011679	
Amplification Peak 23 - CN values	16q12.1 	chr16:46606784-47354061(probes 1314284:1314594)	chr16:46890746-47353264(probes 1314403:1314593)	chr16:31841586-48441223(probes 1314257:1315110)	0.0015961	  0.0015961		Actual Copy Change Given	0.028341	0.0026357	-0.018353	-0.0044312	-0.010094	0.0027745	-0.019175	0.0016263	0.0095814	0.0034687	-0.050506	-0.0063668	0.020763	-0.0047079	0.014888	-0.0040162	0.039619	-0.052396	-0.0073459	-0.069867	0	-0.014043	0.008892	-0.19325	-0.025442	-0.0099346	-0.061428	-0.5719	0.011121	-0.84971	-0.018353	-0.01354	-0.0020784	0.0075	0.36838	-0.1173	-0.0059522	0.011121	-0.30968	1.3739	0.0091705	0.013353	0.011539	0.0038854	-0.45522	-0.088904	-0.0084385	0.43496	0.0048579	-0.0042929	-0.034359	0.090575	-0.31307	0.0063871	-0.017941	-0.018628	-0.70567	0.0073609	-0.0091813	-0.1458	0.0066653	-0.0064919	-0.0057151	-0.04628	0.020343	-0.0016919	-0.29118	0.0083351	-0.0055375	-0.0092666	-0.014778	-0.0012473	0.02196	-0.65771	-0.020961	-0.33456	-0.16026	-0.0066432	-0.036265	-0.0029091	0.0083351	0.0072217	0.020903	-0.028901	-0.19244	0.028763	0.0093098	-0.0053992	0.00069327	-0.00097017	-0.031905	-0.0036011	0.0012472	-0.024661	-0.081073	0.0086135	-0.012989	-0.031768	-0.025066	-0.0089315	-0.016977	-0.0034055	0.00015291	0.012934	-0.022058	-0.046718	-0.84058	0.062937	-0.0027707	-0.027261	-0.0038331	0.021744	-0.014916	-0.064767	-0.0078704	-0.022556	-0.040073	0.010842	-0.0085492	-0.0078863	-0.047666	-0.018902	-0.013236	-0.0096806	2.5541	-0.0041546	-0.019589	-0.00097017	0.071248	-0.010232	-0.11952	-0.0073356	-0.63292	0.0011093	0.88846	0	-0.0080244	-0.00066492	-0.0098185	-0.030267	-0.040071	-0.00013862	-0.0084385	-0.02151	-0.96085	0.020063	-0.026988	-0.0063668	0	-0.0020784	0.0082111	0.013353	-0.44715	-0.00069303	-0.0077482	-0.0018014	0.0049969	0.006109	-0.0023814	-0.34572	0.0027745	0.0029133	0.020763	0.003191	-0.021636	0.0072217	-0.16942	0.0035334	0.0075193	-0.0062476	-0.00097017	-0.13173	0.0054139	0.010006	0.060794	-0.73073	0.0052749	0	-0.0079237	-0.0008316	-0.046854	-0.28323	-0.0040162	0.015308	0.0043021	-0.00097017	0.0055529	0.01433	-0.41003	-0.048748	-0.0099565	0.004507	-0.024524	0.014755	0.0063699	0.026514	-0.070135	-0.024613	-0.005814	-0.73538	-0.0016629	0	0.0091705	-0.26853	-0.017529	0.0037465	-0.011818	-0.010232	-0.027535	0.01203	-0.59585	-0.0018014	-0.00097017	0.0069435	0.00063886	-0.11286	0.01447	-0.0014987	0.013805	-0.50339	-0.007472	0.026795	0.38452	-0.0084385	0	0.00097064	-0.012024	0.0022193	0.48199	-0.023018	0.0014249	0.011679	-0.0031859	-0.0022168	-0.0032461	0.0098669	-0.46408	-0.0067813	0.00013863	0.0097276	-0.0018014	-0.011887	-0.00093952	0.00055459	0.048404	0.0034687	-0.0060904	0.12285	-0.11456	0.020203	-0.0022168	0.0041632	-0.014778	-0.015826	0.012934	-0.0037141	0.0011093	0.009434	0.009061	-0.0023553	-0.0060904	-0.0024938	0.020063	-0.0080244	0.16085	-0.0040132	0.080585	-0.60429	-0.27093	0.021744	0.0030522	0.0058309	-6.5718e-06	0.0093098	0.030591	0.00027728	0.02836	-0.00041585	-0.0015243	0.024548	0.012516	-0.0013858	-0.21563	0.00083195	-0.017116	0.005565	-0.012989	0.0063871	-0.20174	-0.024798	-0.033677	-0.0026322	0.0043561	0.004363	-0.0013858	-0.0033243	-0.017529	-0.42484	0.10278	0.51644	-0.02151	-0.67683	0.019363	0.012655	-0.70336	0.013217	2.1771	0.00597	-0.0044312	-0.10197	-0.42996	-0.116	0.012934	-0.025483	0.020158	-0.0013858	0.013632	-0.0084385	0.0065262	0.00041593	0.0073609	0.0079175	-0.0094046	-0.0045695	0.012934	-0.019726	-0.29556	-0.00027724	0.00083195	0.0050671	-0.029994	-0.10224	-0.0038779	-0.32646	0.05694	-0.15076	0.011818	-0.01354	0.24835	0.34421	0.023005	-0.059888	-0.0053992	-0.0042929	-0.048883	-0.014641	-0.018765	-0.018216	0.71722	0.0050482	0.048972	-0.03682	0.0052749	-0.017941	0.12344	0.0029133	-0.021784	-0.026851	-0.027281	-0.020412	0.12476	0.039478	0.00027728	-0.048072	0.0070377	0.51176	-0.017254	0.0065262	-0.0033243	0.016146	0.011958	2.8202	0.00074073	0.016146	-0.047801	0.028434	-0.128	0.0086135	-0.0083825	-0.059673	0.00055459	0.0069435	0.0040243	-0.056038	-0.16726	0.0055529	0.15562	-0.10644	0.00027882	0.028903	-0.20181	-0.00055444	0.00069327	0.040892	-0.026441	0.0086135	-0.026304	0.0013712	0.022164	0.011261	0.013213	0.018103	-0.047666	0.017264	0.0051359	0.010842	-0.042652	-0.0084711	0.027081	-0.10631	-0.29922	-0.013396	-0.024661	-0.0064602	-0.85987	-0.0048461	0.79568	-0.0078863	0.0095883	-0.00013862	0.0078673	0.0047464	-0.0012473	0.064466	
Amplification Peak 24 - CN values	17p11.2 	chr17:18957451-19361418(probes 1350774:1350831)	chr17:19248790-19273749(probes 1350777:1350787)	chr17:18957998-19367133(probes 1350775:1350833)	0.11647	    0.11647		Actual Copy Change Given	-0.51671	0.021744	-0.025756	0.0027745	-0.012713	0.0012481	-0.0078863	-0.00017654	0.0063871	-0.0024938	-0.031632	-0.007498	-0.18345	0.36346	0.011539	0.0012481	0.025952	-0.011887	-0.014778	-0.078411	0.0022193	-0.65087	0.016985	0.026336	-0.024621	-0.00094826	-0.64349	0.024408	0.010285	-0.051046	-0.021647	-0.0038779	0	-0.0029091	-0.52849	-0.095516	-0.046172	0.010564	-0.65211	-0.058462	0.0094491	0.008892	0.0036076	-0.00055444	0.0068561	-0.0045695	0.021603	-0.018902	-0.005814	-0.0019399	0.011679	-0.87002	0.0114	0.0098669	-0.040616	-0.023566	-0.32751	-0.0033243	-0.24752	-0.0019399	0.0068044	0.0084743	-0.013677	0.032314	0.023426	-0.0036011	-0.0066432	0.0037465	-0.0077482	-0.017233	-0.017666	-0.0080244	0.024203	0.28311	-0.025072	0.012795	-0.23006	-0.017941	-0.042652	-0.015604	0.0095883	0.016146	-0.59604	-0.032587	0.0036076	0.00697	0.0055529	-0.0016629	-0.0024938	-0.023429	-0.024935	-0.0088526	-0.0015252	0.077718	-0.094064	0.012097	-0.020549	-0.043195	0.027357	-0.013815	-0.22908	-0.002157	-0.0088526	-0.13936	-0.029175	-0.0034627	0.028341	-0.56614	0	-0.019177	-0.0024938	-0.026851	0.67586	-0.032824	0.0023581	-0.017934	-0.10053	-0.01849	-0.013402	0	-0.046041	-0.020961	-0.0046799	-0.013402	-0.0577	-0.005814	-0.0083005	-0.0041546	-0.096968	-0.011473	-0.26396	-0.0069195	-0.66254	0.001803	0.0070826	-0.075078	-0.0071958	-0.012024	-0.015054	-0.051046	-0.048883	-0.010508	-0.014503	-0.019427	-0.94835	0.088982	-0.036129	-0.0096653	-0.0022168	-0.028765	-0.00012348	-0.78041	-0.43863	-0.00027724	-0.032723	-0.01106	-0.00027724	0.0054139	0.011513	-0.34676	0.0090312	-0.0034627	0.00458	-0.0063668	-0.015593	-0.013953	-0.18024	0.0098669	0.011977	-0.017941	-0.00069303	-0.043737	-0.077611	-0.0031859	-0.26937	0.018243	-0.010094	0	-0.017254	-0.26721	-0.0081624	0.0056919	-0.0045695	0.006109	-0.093139	0.0093098	0.15831	-0.013815	0.33642	-0.085722	-0.0012473	-0.0025665	-0.023429	-0.011543	-0.010094	0.22638	0.0022193	-0.061238	0.0020805	-0.62255	-0.0029091	0.011579	-0.0016629	0.0079175	0.00597	-0.0096806	-0.015673	-0.0071958	0.029184	-0.0027707	0.012097	-0.0008316	-0.0031859	-0.0012473	-0.0055917	-0.04211	0.19791	-0.00013862	-0.15707	0.081177	-0.10565	-0.4013	-0.066118	2.6534	-0.00045329	0.0020805	0.0027745	-0.0073561	-0.016017	-0.020456	-0.016116	-0.19775	0.0024969	-0.0026322	-0.00075323	-0.29603	-0.44857	-0.020275	0.0011093	0.00027728	0.0027745	-0.028843	-0.019177	-0.00068978	-0.042381	0.0072217	-0.00013862	-0.01409	-0.24582	0.00597	0.00055459	-0.006554	-0.0034627	0.00055459	0.0015255	-0.0067813	0.0034687	0.0048579	-0.0070576	-0.0033243	-0.0098185	-0.0024938	0.016705	0.0023581	-0.27236	-0.0099279	0.036779	-0.0019399	0.0029133	-0.81655	-0.0038779	-0.0059522	-0.0091286	0.0070826	0.019503	-0.0056757	-0.0035819	-0.0019399	-0.0084385	-0.013677	-0.0023553	-0.020138	0.0046054	0.00069327	-0.017529	-0.0073339	-0.013953	-0.020824	-0.016292	-0.022195	-0.031768	0.0029133	-0.011887	0.0008927	0.0019418	-0.018628	-0.031632	-0.013953	0.0013769	0.0048579	-0.015741	0.038347	-0.00027724	0.0027745	-0.12888	-0.0022129	0.023566	0.0052152	-0.0073339	-0.54078	-0.035857	0.0069435	0.00083195	-0.029994	0.010006	-0.00055444	0.0054139	-0.012438	-0.025893	-0.51743	0.001803	-0.016567	0.0040243	-0.0055375	0.00023666	-0.013528	-0.01106	-0.48418	-0.00041585	-0.0061588	-0.23789	0.50255	0.0037465	-0.011611	-0.0020435	0.46423	0.0019418	-0.015191	-0.071472	0.65903	0.013772	-0.050813	0.0081959	0.00041593	-0.063435	-0.011335	0.0080567	-0.021098	0.021159	0.00043235	0.053664	-0.038986	-0.0087146	-0.0016629	0.082621	0.0048579	0.0012481	-0.030131	0.091155	-0.028218	-0.0015243	-0.0029091	0.003191	-0.027398	0.37556	0.018523	-0.016154	0.0075866	-0.0098185	0.0038854	-0.39997	-0.006505	-0.02542	0	-0.37775	0.026185	-0.18863	-0.30322	-0.012244	-0.049559	-0.0063668	-0.095516	-0.00013862	-0.0047079	-0.062092	0.10366	0.016565	-0.087712	-0.009679	0.034959	-0.014026	0.0029133	-0.0030475	0.010564	-0.20945	-0.33886	-0.023018	-0.0038618	-0.042652	0.00038144	0.0030522	0.00068467	-0.051451	0.031718	-0.045635	0.0048579	-0.0030475	-0.0050171	0.044007	0.0054139	-0.10184	0.0083409	-0.039394	-0.00050951	-0.005814	-0.033269	0.71302	-0.015879	0.010205	-0.0049844	0.0061979	-0.0052337	-0.011198	0.09101	
Amplification Peak 25 - CN values	17q23.2 	chr17:61711457-62216884(probes 1368451:1368668)	chr17:61711535-62111247(probes 1368452:1368622)	chr17:61711535-62226083(probes 1368452:1368670)	0.033887	   0.039568		Actual Copy Change Given	0.016146	0.0072217	-0.025756	0.0027745	-0.012713	0.0022193	-0.0078863	-0.00017654	0.0063871	-0.0024938	-0.031632	-0.007498	0.0033299	-0.058327	0.011539	0.0012481	0.025952	-0.056712	-0.014778	-0.049965	0.00458	-0.017385	0.012376	0.0114	-0.024621	-0.00094826	0.3494	-0.56664	0.0070826	-0.033541	-0.023292	-0.0078863	0	0.30665	3.6569	0.15129	-0.0042929	0.010564	-0.088374	-0.058462	0.0012481	0.0043982	0.0036076	-0.00055444	0.0062481	-0.0045695	0.010006	-0.018902	-0.0016629	0.0016642	0.0022193	0.060079	0.011958	0.0069588	-0.010784	-0.023566	0.021744	-0.0077996	-0.24752	-0.0019399	0.003191	0.0084743	-0.013677	0.002113	0.016286	0.00097064	-0.0066432	-0.01037	-0.0056757	0.02511	-0.017666	0.39695	0.024203	-0.62855	-0.025072	0.0087528	-0.17145	0.018663	-0.03054	-0.015604	0.0095883	0.013632	0.023987	-0.025154	-0.0040162	0.40827	0.0033299	-0.0016629	-0.0024938	-0.023429	-0.024935	-0.0088526	-0.0015252	0.027216	-0.043602	0.0076392	-0.020549	-0.043195	0.0351	-0.013815	-0.016153	-0.002157	-0.0088526	0.0063871	-0.029175	-0.0034627	0.019503	-0.56614	0	-0.019177	-0.0024938	-0.058866	2.547	-0.012678	-0.0017796	-0.017934	0.017124	0.017884	-0.013402	0	-0.042245	-0.020961	-0.0046799	-0.013402	-0.019361	-0.005814	-0.0083005	-0.0041546	0.0033299	-0.011473	-0.26396	-0.0069195	0.013772	0.001803	0.027216	-0.022058	-0.0071958	-0.0019377	-0.015054	-0.046583	-0.0060904	-0.0049844	-0.014503	-0.019427	0.041317	0.071535	-0.032723	-0.0085766	0.0051359	0	0.0040395	0.016845	0.021205	-0.00027724	-0.017254	0.0029133	-0.00027724	0.0054139	0.0083088	-0.34676	0.0066653	-0.0034627	0.00458	-0.0063668	-0.015593	0.023426	0.027076	0.09856	0.011977	-0.017941	-0.00069303	-0.038034	-0.0018014	0.0049969	-0.31319	-0.16039	0.0012481	0	-0.017254	0.001803	0.0084743	0.0043021	0.0051359	0.0049969	0.0024969	0.0093098	-0.030267	-0.012989	-0.013264	-0.075211	-0.0012473	-0.0025665	-0.023429	-0.011543	-0.010094	0.319	0.0022193	0.020953	0.0041632	0.43102	-0.0029091	0.011579	-0.0016629	0.0063871	-0.00013862	-0.0096806	-0.015673	-0.0071958	0.047474	-0.0049844	0.0062944	-0.0008316	-0.0031859	0.0054139	-0.0055917	0.029184	0.18707	-0.00013862	-0.15707	0.073402	-0.077212	0.022024	-0.013127	0.052383	-0.00045329	0.00083195	0.0027745	0.0043021	-0.016017	-0.020456	-0.016116	-0.0051756	0.0024969	-0.0026322	-2.2084e-06	0.0056919	-0.033541	-0.020275	0.0011093	0.00027728	0.0027745	-0.016704	-0.016292	-0.00068978	0.0282	0.0072217	-0.00013862	0.0038854	-0.10552	0.00597	0.00055459	-0.0029867	-0.0034627	-0.0018014	0.0098669	-0.0067813	0.0034687	-0.0029091	0.014609	-0.0033243	-0.0031858	-0.0071491	-0.085192	0.0023581	0.013772	-0.0034341	0.036779	-0.0019399	0.0062481	-0.0020784	0	-0.0059522	-0.0091286	0.0070826	0.0048579	-0.0056757	-0.00011935	-0.0019399	-0.0084385	0.039304	-0.0023553	0.43919	0.21072	0.00069327	-0.017529	-0.0073339	-0.013953	-0.0095236	-0.016292	-0.022469	-0.031768	0.0029133	0.0016642	0.0008927	0	-0.0084385	0.51865	-0.013953	0.0013769	-0.0073024	-0.015741	0.030029	0.00041593	0.0027745	0.0087574	0.019647	0.017124	0.004118	-0.0066432	-0.023977	0.061508	0.0054139	-0.0011087	-0.01354	0.0056919	-0.00055444	0.0054139	-0.012438	-0.12486	0.00097064	0.001803	0.0023581	0.0040243	-0.0055375	0.005669	-0.013528	-0.01106	0.011261	-0.0023759	-0.0080927	-0.22699	0.079447	0.0037465	-0.011611	0.096961	0.054284	0.0019418	-0.015191	0.71509	-0.0091406	0.0037517	-0.049867	-0.0089906	0.00041593	-0.033269	-0.011335	0.010842	-0.021098	0.015308	0.00043235	0.041317	-0.038986	-0.0087146	-0.00055444	0.01015	0.0012481	0.0012481	-0.0045695	0.094782	-0.023703	-0.0015243	-0.00041585	-0.005261	-0.027398	-0.0014305	0.013213	-0.016154	0.0097276	-0.0098185	0.0038854	-0.0022168	0.0061021	0.0041495	0	0.071966	0.020996	0.037757	0.0013868	-0.012244	-0.036946	0.0013868	-0.013402	-0.0045695	-0.0047079	0.0114	0.0091705	0.013492	0.030873	-0.009679	0.012237	-0.014026	0.0016642	-0.0030475	0.010564	0.31514	0.031718	-0.023018	-0.0038618	-0.0014122	0.0040243	0.0030522	0.00068467	-0.037898	0.0066653	0.0058309	0.0048579	0.0051359	-0.0050171	0.044007	0.0063871	-0.076145	0.01043	-0.039394	-0.00050951	0.00027728	-0.0018014	0.69895	-0.0047079	0.010205	-0.0049844	0.0061979	-0.0064777	-0.011198	0.026547	
Amplification Peak 26 - CN values	17q25.3 	chr17:82277020-83257441(probes 1379079:1379425)	chr17:82382649-83257441(probes 1379109:1379425)	chr17:82278185-83257441(probes 1379080:1379425)	0.13116	    0.16478		Actual Copy Change Given	0.020623	0.0072217	-0.025756	0.0027745	-0.029295	-0.0095426	-0.0078863	-0.00017654	0.0063871	-0.0024938	-0.031632	-0.007498	0.0033299	-0.058327	0.012795	0.0012481	0.025952	-0.050506	-0.014778	-0.098682	0.00458	-0.010323	0.012376	0.0114	-0.024621	0.0046665	-0.026311	-0.56664	0.0070826	-0.062495	-0.03095	-0.0078863	0	-0.0051227	-0.501	0.15129	-0.0042929	0.0058309	-0.088374	-0.058462	-0.005293	-0.0056757	0.0036076	-0.00055444	0.0062481	-0.0045695	0.010006	-0.018902	-0.0016629	0.0016642	0.0022193	0.060079	0.0033299	0.0069588	-0.065179	-0.023566	0.021744	-0.0037395	-0.24752	-0.0019399	-0.034768	0.0084743	-0.013677	0.36333	0.016286	0.00097064	-0.0066432	-0.01037	-0.0056757	0.13273	-0.017666	0.39695	0.024203	-0.62855	-0.025072	0.0087528	-0.17145	0.0027745	-0.073343	-0.015604	0.020895	0.026092	0.023987	-0.040209	-0.0040162	0.40827	0.012934	-0.0016629	-0.0024938	-0.023429	-0.024935	-0.0088526	-0.0015252	0.027216	-0.10053	0.0076392	-0.020549	-0.043195	-0.0031859	-0.013815	-0.016153	0.0032485	-0.0088526	0.0063871	-0.029175	-0.0034627	0.045708	-0.56614	0	-0.019177	-0.0046195	-0.018765	0.59009	-0.058562	-0.0017796	-0.017934	0.016705	-0.031359	-0.013402	0	-0.063032	-0.020961	-0.0046799	-0.013402	-0.019361	-0.005814	-0.0083005	-0.0041546	0.0033299	-0.011473	-0.26396	-0.0069195	0.013772	0.21563	0.043157	-0.022058	-0.011238	-0.0019377	-0.015054	-0.074144	-0.0060904	-0.0049844	-0.014503	-0.052801	0.041317	0.071535	-0.032723	-0.0085766	0.003191	0	0.0040395	-0.023566	0	-0.00027724	0.60738	0.0029133	-0.00027724	0.0054139	0.0083088	-0.34676	0.0066653	-0.0034627	0.0030127	-0.0063668	-0.015593	0.0467	0.027076	0.09856	0.011977	-0.017941	-0.00069303	-0.038034	-0.0018014	0.0049969	-0.24873	0.045991	0.013772	0	-0.017254	0.001803	0.0084743	0.0043021	0.0051359	0.0049969	0.0024969	0.0093098	0.027638	-0.012989	-0.044551	-0.10292	-0.0012473	-0.012924	-0.023429	-0.0248	-0.010094	0.19102	0.0022193	0.020953	0.0041632	3.6569	-0.0029091	0.011579	-0.0016629	0.0063871	-0.00013862	-0.0096806	-0.015673	-0.0071958	0.0093098	-0.0049844	-1.5981e-05	-0.0008316	-0.0031859	0.0026357	-0.0055917	-0.017116	0.18707	-0.00013862	-0.15707	0.073402	-0.13122	0.022024	-0.044686	0.052383	-0.0042929	0.00083195	0.0027745	0.0043021	-0.016017	-0.016429	-0.016116	0.0090312	0.0024969	-0.0026322	-2.2084e-06	0.0056919	-0.033541	-0.019863	0.0011093	0.00027728	0.0027745	-0.064374	-0.023566	0.0041632	-0.04753	0.0072217	-0.00013862	-0.019452	-0.17891	0.00597	0.00055459	-0.0029867	-0.0034627	0.00027728	0.0098669	-0.0067813	0.0034687	-0.0029091	-0.015604	-0.0033243	-0.0031858	-0.021235	0.0083351	0.0023581	0.039687	-0.0034341	0.036779	-0.0019399	-0.27081	0.031577	0	-0.049695	-0.0091286	0.0070826	0.0011093	-0.0056757	0.012256	-0.0019399	-0.0084385	0.0086495	-0.0023553	0.43919	0.21072	0.00069327	-0.017529	-0.0081624	-0.013953	-0.069466	-0.016292	-0.028218	-0.031768	0.0029133	0.0016642	0.0008927	0	-0.0084385	0.5095	-0.013953	0.0023581	0.023882	-0.015741	0.036229	0.00041593	0.0027745	0.023847	-0.0053962	-0.081738	0.004118	-0.0066432	-0.029721	-0.36703	0.0054139	-0.0011087	-0.041295	0.0056919	-0.00055444	0.0054139	-0.012438	-0.12486	0.00097064	0.001803	0.0023581	-0.01904	-0.0055375	0.012376	-0.023956	-0.01106	0.011261	-0.024524	-0.0080927	-0.005814	0.079447	0.0037465	-0.038637	0.088161	0.054284	0.0019418	-0.015191	0.71509	-0.049695	0.0037517	-0.062666	-0.0089906	0.00041593	-0.061286	-0.02151	0.010842	-0.021098	0.058224	0.0042145	0.041317	-0.038986	-0.0087146	-0.00055444	0.01015	0.0012481	0.0012481	-0.047531	0.094782	-0.023703	-0.0015243	-0.00041585	-0.005261	-0.027398	-0.0014305	0.013213	-0.016154	0.0097276	-0.0098185	-0.0083005	-0.0022168	0.0061021	-0.072896	0	0.067375	-0.17769	0.031833	0.0013868	-0.012244	-0.063166	0.00056971	-0.013402	-0.011473	-0.0047079	-0.028765	0.0091705	0.013492	0.030873	-0.009679	0.057796	-0.0064405	0.0016642	-0.0030475	0.010564	0.30777	0.018523	-0.023018	-0.0038618	0.0058309	0.0040243	0.0030522	-0.028491	-0.07361	0.024408	0.008892	0.0048579	0.0051359	-0.026649	0.044007	0.00013863	-0.12252	-0.01257	-0.039394	-0.00050951	0.00027728	-0.27274	0.54453	-0.036507	0.010205	-0.0049844	0.0061979	-0.0064777	-0.018765	0.059366	
Amplification Peak 27 - CN values	18p11.31	chr18:3287108-3645404(probes 1380628:1380833)    	chr18:3457247-3548750(probes 1380737:1380788)    	chr18:3457247-3556235(probes 1380737:1380791)    	0.21318	    0.21318		Actual Copy Change Given	-0.60796	-0.00041585	-0.005261	-0.0076111	-0.01037	-0.00013862	-0.010508	0.0064882	-0.011198	0.0034687	-0.021098	-0.0020784	0.018523	-0.0011087	-0.018216	0.0016642	0.027778	0.00083195	-0.0042929	-0.0020784	0.0051359	-0.63686	-0.40959	-0.17246	-0.0050818	-0.0081406	0.32801	0.02511	-0.0083005	-0.025483	0.0069435	0.024127	0.00055459	0.0024942	-0.064081	-0.36875	0.0087528	0.00097064	-0.94503	-0.075044	0.0016642	0.0044411	0.00047853	0.00055459	0.00027728	-0.0011087	-0.046583	-0.00055444	-0.0123	0.001803	0.013772	0.031014	-0.089285	0.0068044	-0.12382	-0.0092666	0.048262	0.0024969	0.19041	-0.0066432	0.0016642	-0.01106	0.11272	0.015759	0.0043021	-0.0038779	0.0066653	0.0041632	-0.021336	-0.021332	-0.0095426	-0.093535	-0.0064302	-0.68318	0.0058309	0.0027745	-0.086784	0.070099	-0.023292	0.0031256	0.020483	-0.0020784	-0.012162	0.0084743	0.82255	0.00458	0.010564	0.00027728	0.00013863	-0.48533	0	-0.0081624	-8.3109e-07	0.075991	-0.87736	-0.27356	-0.0087859	0	-0.60148	-0.0044312	-0.055902	0.0028319	-0.0008316	-0.057116	0.00055459	-0.0048461	0.31193	-0.57955	-0.17954	-0.015741	0.0016642	0.14831	-0.0063668	-0.032961	0.048688	-0.003456	-0.069706	0.054264	0.0024969	-0.011611	-0.016567	-0.0066432	-0.032968	0.004719	-0.10307	-0.0042929	-0.033269	-0.0016629	0.025812	0.00013863	-0.20286	0.00069327	-0.67939	0.0036076	0.024689	0.010982	-0.00069303	-0.0012473	-0.0045695	0	-0.0033243	0.00097064	-0.012438	-0.0027707	0.032845	0.01447	-0.030131	0.0016642	-0.013815	0.00013863	-0.07573	0.038206	-0.4211	-0.0019556	-0.0024938	0	0.17845	0.00013863	-0.024002	0.56259	-0.011335	-0.017529	-0.68506	0.006109	0.0037573	0.0036076	-0.017803	-0.175	-0.0076449	-0.0085766	0.0030522	0.0090312	0.0024969	-0.096308	0.046559	-0.019863	0.0027745	0.0019418	-0.41893	0.0020805	-0.039937	-0.0076101	0.057083	0.0065262	-0.37482	0.0023581	-0.01409	0.0081959	-0.39174	-0.02562	0.00048063	1.2344e-05	0	0.014057	-0.075878	-0.67162	0.26247	-0.031447	0.003191	-0.29674	-0.67315	-0.00023753	0.012376	0.28659	-0.45661	0.0036076	-0.0047777	0.0041632	-0.014366	0.0087528	0.0066653	-0.0022168	0.0029133	0.0026357	0.00091623	-0.040209	0.16911	-0.0027707	-0.00041585	0.095653	0.034395	-0.40539	-0.0040162	0.31113	-0.0023553	-0.0094046	-0.027535	-0.6494	0.0086135	0.0114	-0.25258	0.0034687	-0.072007	-0.0033243	0.00021705	0.003191	-0.34136	-0.0033243	0.0011093	0.82294	0.0023581	0	-0.021784	0.010006	0.58345	0.0020805	0.0020805	0.44969	0.0037465	-0.80053	-0.0031859	0.00458	0.0044411	-0.0014635	0.001803	0.0029133	-0.06048	0.0063871	-0.0053992	-0.19287	-0.0030475	0.0030522	-0.11273	-0.0070738	0.014051	-0.0032957	-0.069881	0.034254	0.032845	-0.042788	-0.043602	0.021884	-0.0055375	-0.005814	-0.28156	-0.0018014	0.0093291	0.017544	0	-0.23814	0.0094491	0.0061216	-0.0055122	-0.0053992	-0.00013862	-0.060076	0.00034016	0.6605	-0.21688	-0.0051227	0.0015255	-0.0059522	-0.011887	-0.0007709	-0.011565	-0.0029091	-0.0024037	-0.0016629	0.11536	0.00013863	-0.0044312	0.0080567	-0.39363	-0.0069195	-0.55967	0.0037505	0.84415	0.0044411	-0.00013862	-0.071205	-0.31879	0.012516	0.0036076	-0.0094046	0.011818	-0.00027724	0.010564	0.004719	-0.0015243	-0.00065852	0.0023581	0.0052749	0.0030522	0.040609	-0.005261	-0.0034627	0	0.010564	-0.0042929	0.0017343	0.18313	0.00097064	-0.13457	0.0049046	-0.016704	0.021093	0.0081959	-0.00069303	-0.62722	-0.012851	-0.32623	-0.01839	-0.0055375	-0.0029091	0.024969	-0.0038779	-0.010508	0.00027728	0.69185	-0.0018888	0.035524	-0.041295	-0.35042	-0.00027724	-0.10276	0.0022193	0.0094491	-0.032041	-0.22281	-0.0021048	-0.2257	0.00055459	0.0043021	0.081033	0.001342	-0.0081624	-0.0037395	0.001255	-0.0078863	0.019363	-0.14361	-0.77175	-0.0002298	-0.0013858	0.32866	0.0046721	-0.1636	-0.36476	0.001369	0.00055459	-0.0047079	-0.68287	0.0051359	-0.10066	0.024127	-0.29922	-0.016154	-0.083098	0.012796	0.001207	0.006594	0.0013868	0.00597	-0.041295	-0.057789	-0.017666	0.0015255	0.001346	0.0054139	0.00083195	-0.0011087	0.0048579	0.70945	-0.00069303	0.0069435	-0.0027707	0.0013868	-0.0016955	-0.44005	0.0033299	-0.17132	0.00083775	-0.0087146	-0.00050951	-0.015604	-0.15707	0.07053	0.0019418	0.12859	-0.0013858	-0.12815	0.0057194	0.0041632	0.025952	
Amplification Peak 28 - CN values	19q13.42	chr19:53399441-53847930(probes 1445066:1445088)	chr19:53404860-53847512(probes 1445067:1445087)	chr19:53404860-53871272(probes 1445067:1445090)	0.19436	    0.19436		Actual Copy Change Given	0.028622	0.015447	-0.03885	0.00027728	-0.023977	0.0023581	-0.0092666	-0.0046074	0.014051	-0.00055444	-0.020275	-0.0040162	0.013353	-0.0027707	0.0052749	-0.00055444	0.0375	-0.00027724	-0.015329	-0.09261	-0.0027707	-0.038667	0.013772	0.0114	-0.032274	0.0018249	-0.067197	0.012516	0.0051359	-0.051856	-0.030131	-0.015604	-0.00097017	0.00069327	-0.0047079	-0.19437	-0.029311	0.02511	-0.3409	-0.059807	0.0046078	0.001803	0.012934	0.0013868	0.0051518	-0.0099555	0.033549	-0.027124	0.00069327	0	0.0040243	-0.090361	-0.11404	0.006109	0.37314	-0.039937	-0.31178	-0.0047079	-0.20523	-0.0040162	0.012376	0.0086135	-0.021235	-0.0055528	0.017684	-0.0049844	-0.014228	-0.014045	-0.0055531	-0.011198	-0.017803	-0.013815	-0.0069828	0.097833	-0.032314	0.010982	-0.07921	0.07096	-0.048478	-0.019177	0.011261	0.02539	0.0044411	-0.040073	0.01042	0.015447	0.0079175	0.00083195	-0.0023553	-0.0092666	-0.027261	-0.012713	0.0001378	-0.010508	-0.09855	0.012237	-0.022744	-0.020824	-0.050506	-0.015466	-0.027123	-0.0050056	-0.010646	0.027357	-0.042245	0.00069327	-0.19099	0.09856	-0.00013862	-0.025346	0.0022193	-0.019863	0.72981	-0.040581	-0.0063328	-0.025394	0.030169	-0.011335	-0.010232	-0.0045695	-0.066788	-0.029721	0.005581	-0.021388	0.028715	-0.0063668	-0.014641	-0.0044312	-0.00097017	-0.018902	0.17181	0.0037465	0.0084743	0.0083351	0.044715	-0.037218	-0.0095426	0.0077783	-0.023977	-0.073209	0.0079175	-0.0034627	-0.017486	-0.010784	0.059223	0.11814	-0.035721	-0.012576	0.0065262	-0.0044312	0.0089072	0.047126	-0.0027486	0.00069327	-0.054286	0.003191	0.00055459	0.001972	-0.020438	0.015727	0.011121	-0.0067813	0.0042631	-0.0081624	-0.021225	-0.00069303	-0.0041546	0.010006	0.020502	-0.014503	0.0055529	-0.012438	-0.0012473	0.013343	0.045566	-0.044686	-0.015604	-0.0025169	-0.024524	0.010703	-0.08028	0.0054139	-0.0013858	-0.026714	-0.0051227	0.0019418	0.012934	-0.018353	0.33221	-0.047395	-0.0051227	-0.0085111	-0.031768	-0.0074662	-0.019177	-0.016292	0.011121	0.010753	0.024969	-0.66217	0.74196	0.014649	-0.0019399	-0.00069303	-0.0033243	-0.014366	-0.022813	-0.01904	-0.020138	-0.0069195	0.0044411	0.0012481	0.00069327	0.0047159	-0.0050387	-0.036674	0.0054139	0.003191	0.0056919	0.046984	-0.047124	0.032422	-0.03095	-0.051451	0.0020805	-0.00055444	-0.005261	-0.015466	-0.017254	-0.030131	-0.026677	0.0020805	0.0077783	-0.0020784	-0.00057921	0.0114	3.6569	-0.024114	-0.0024938	0.0024969	0.0070826	-0.028218	0	0.0048579	-0.041024	0.013074	0.0048579	-0.033814	-0.063972	-0.023155	0.00458	-0.01037	0.0044411	0.0024969	0.003191	-0.01409	0.012795	0.0034687	0.015587	-0.0031859	-0.0033243	-0.0038779	0.0043021	0.0041632	0.15666	-0.0042642	0.021028	-0.014228	-0.27392	-0.056307	0.0077333	-0.031496	0.004719	0.012376	0.016146	-0.0029091	0.0076585	-0.0027707	-0.0055375	0.015028	-0.0063668	-0.0179	0.0041886	0.0040243	-0.022332	-0.0071958	-0.016567	-0.030131	-0.0063668	-0.023155	-0.021784	0.0048579	-0.0019399	-0.00029812	0.008892	-0.018972	-0.041295	-0.02151	0.00069327	0.023005	-0.024935	0.01886	0.01419	0.020763	-0.19124	0.027501	0.0351	0.0069286	-0.0078863	-0.017666	0.22206	-0.012576	-0.0078996	-0.045093	0.011679	0.00027728	-0.00041585	-0.015269	0.09304	0.0052749	0.016565	0.0069435	0.0073609	0.00083195	0.0056919	-0.014916	-0.013127	0.021183	-0.0045695	-0.010714	-0.015466	0.5433	0.0038231	-0.0087146	-0.0040162	0.0053245	0.0037465	-0.026988	-0.090493	0.32463	-0.025483	-0.053243	0.00083195	-0.012989	-0.060883	-0.010508	0.010146	-0.024524	0.062508	-0.0042419	0.066802	-0.040019	-0.13135	0.00097064	0.0023581	-0.0039243	0	-0.041295	0.089929	-0.031937	0.0028245	0.00041593	0.00458	-0.04211	0.00523	0.015866	-0.022332	0.0058871	-0.020138	-0.005032	-0.014366	0.0027745	0.0051834	-0.024524	0.050392	0.021836	0.13507	0.00097064	-0.014585	-0.053611	-0.0011087	-0.029175	-0.0031859	-0.0099565	-0.031223	-0.0022168	0.022725	0.0030522	-0.0015228	0.044574	-0.0018753	0.0026357	-0.0048461	-0.026304	-0.026441	0.014051	-0.023977	-0.0059949	-0.0015243	0.0012481	0.016425	0.0027745	-0.070536	0.031014	-0.0049844	0.0073609	0.0034687	-0.0063994	-0.26324	0.0015255	-0.10933	-0.010502	-0.025209	-0.0045247	-0.0077482	-0.020275	0.052668	-0.01037	0.00458	-0.016017	-0.00060448	-0.0081351	-0.028628	0.0558	
Deletion Peak  1 - CN values	1p31.3  	chr1:63566116-64979858(probes 34317:35501)          	chr1:64577916-64592684(probes 35064:35065)          	chr1:63546211-65279283(probes 34308:35681)          	0.0022649	  0.0023687		Actual Copy Change Given	-0.0013858	-0.011625	-0.75444	0.0055529	0.0070826	-0.00097017	-0.02562	0	-0.0053053	-0.0044312	-0.050911	-0.00055444	0.0080567	-0.0040162	-0.0045097	-0.00013862	-0.005814	-0.11077	-0.018353	0.00055459	-0.54199	0.016194	0	-0.06786	0.0089332	-0.00067111	0.024962	0.00083195	0.0055529	-0.0040162	0.010285	-0.0022168	-0.0047079	-0.0022168	-0.39208	0.0075	0.00069327	0.0012481	0.043913	-0.031223	-0.00013862	0.013074	-0.0041546	-0.0037395	-0.0030475	0.0011093	-0.014228	0.0011093	0.0013868	-0.0013858	0.0081959	0.053094	0.055373	0.0094635	-0.0070576	0.012097	0.01419	-0.063032	-1.1375	0.002318	0.0062481	-0.0013684	0.0040243	0.0018355	0.0058309	0.0038854	-0.011198	-0.0074028	0.0038854	-0.010232	0.0077783	0.0020805	0.0002137	-0.25805	0.018943	0.0022457	-0.10473	-0.0012473	0.017963	0.0026357	-0.71542	0.0049969	-0.14502	0.0073609	0.00027728	-0.0083005	-0.11822	-0.0019399	-0.0048461	-0.0098185	0.011539	0.0054139	-0.0011096	0.051956	0.0029133	-0.00069303	0.0036076	-0.0026322	-0.041371	-0.00013862	0.0080582	-0.00119	0	-0.081339	-0.0081624	-0.0012473	-0.91115	-0.24106	-0.0037395	0.0029133	0	-0.070421	-0.014916	-0.035549	-0.005814	0.0058377	-0.0053992	-0.0031859	-0.0012473	0.0033299	0.010146	0.003191	-0.0074441	0.0072217	0.0064788	0.0084743	-0.50453	-0.0016336	0.0013868	0.0077783	-0.039609	-0.10841	-0.013929	-0.00097017	-0.74612	-0.37583	0.0011093	-0.0056757	0.00097064	0.02511	-0.33676	-0.00027724	-0.013815	-0.0025085	-0.47554	-0.77804	-0.0099565	0.0065647	-0.0015243	-0.0008316	0.054961	-0.74455	-0.43418	-0.0038779	0	0.00055459	0	-0.0027707	-0.25675	-0.33814	-0.00013862	-0.00041585	0.011261	-0.00055444	-0.015456	-0.0026322	-0.034223	-0.00013862	-0.00095093	-0.0020784	-0.0023553	-0.04577	-0.0013858	-0.40959	-0.5244	-0.0023553	0	0.00027728	-0.0044312	-0.0019399	-0.01037	0.001165	-0.0031859	0.0030522	0.010564	0	0.0054139	0.0020805	-0.27009	-0.029311	0.0062481	-0.0068279	0.0062481	-0.0070518	-0.0037395	0.013522	0.0080567	0.016894	0.0012481	-0.68487	-0.6772	-0.00037614	0.0016642	0.00055459	0.0012481	-0.4534	-0.55161	-0.0055836	-0.19199	-0.81565	3.9586e-05	0.00041593	-0.0018014	-0.0041546	-0.0013016	-0.019726	-0.032587	-0.00041585	0.0045389	-0.035312	-0.22318	0.024038	0.0086135	-0.16828	0.0032115	-0.00027724	-0.0024938	-0.024251	0.0019418	-0.31902	0.0022574	0.0021934	0.0041632	-0.0086902	0.0014304	0.0036076	0.0083351	-0.74212	-0.0029091	0.0018288	0.00051283	0.011261	-0.0022206	0.0020805	0.015866	-0.0019399	0.0012481	-0.012576	-0.15682	0.0058309	-0.0022168	-0.00097017	-0.0019399	-0.00027724	-0.0012473	0.0024969	-0.028628	0.0015255	-0.03095	0	0.012237	0.00069327	-0.012576	-0.0020784	-0.13368	0.001693	-0.088786	-0.016704	-0.28869	0.034254	0	0.010703	-0.052261	0	-0.0020784	0	0.02885	-0.00069303	-0.0034627	0.0072217	-0.95421	-0.0094046	0.0043275	0	-0.0011087	-0.0057933	-0.63972	-0.25019	-0.012162	0.033267	-0.022881	-0.0020784	-0.01354	-0.0024331	-0.0076733	-0.0012473	-0.056577	-0.0041546	-0.0094046	0.017124	-0.020275	-0.0098185	0.024408	-0.0011794	0.0012481	0.0026397	0.0050607	0.0038854	0	0.018943	-0.10972	-0.21503	0.00083195	-0.5164	-0.012438	-0.23141	-0.0038869	0.011261	-0.13858	0.046417	0.0020071	-0.003385	-0.00041585	-0.0034627	-0.0026322	0.019223	0.0022193	0.013353	-0.00013862	-0.004638	-0.23496	-0.064195	-0.70316	-0.0070576	-0.00013862	-0.04518	-0.46982	-0.007472	-0.018216	-0.0019399	0.00069327	-0.0036292	0.00597	-0.0016629	0.0011093	0.0082263	0	-0.17348	-0.0045695	0.0010218	0.0027745	0.0052749	-0.017941	0.0022193	0	-0.0027707	-0.0037395	0.0041632	0	0.0076392	0.006109	0.0065262	0.0034687	-0.00041585	-0.0036458	0	-0.014778	0.0070826	0.012934	0.0054139	0	-0.09512	0.0071302	-0.71831	0.012097	0.005645	-0.061445	-0.0022168	-0.00479	-0.0042929	-0.0016629	-0.0043994	-0.0011087	-0.0023553	-0.023338	-0.082269	-0.010489	-0.23948	-0.00096863	-0.00041585	0	0.0027745	0.017264	-0.0036011	0.0051452	0	0.015422	-0.0033671	-0.0047079	0.00030069	0	-0.00013862	0.013353	-0.20374	-0.025346	0.0093098	0.0016642	-0.057013	-0.13626	-0.00027724	-0.016154	0.00083775	-0.0040162	-0.00037091	-0.0067813	0.013492	-0.061152	0.010982	-0.012251	-0.29023	-0.12919	-0.92255	-0.005814	0.015168	
Deletion Peak  2 - CN values	1p22.1  	chr1:71065759-116569337(probes 39366:66724)        	chr1:92824237-93590721(probes 52486:52850)          	chr1:92805520-92857027(probes 52477:52498)          	0.21942	    0.21909		Actual Copy Change Given	-0.0013858	-0.011625	0.0076392	0.0055529	0.0070826	-0.00097017	0.015308	0	-0.0053053	0.0034471	-0.021835	-0.00055444	-0.054555	0.014609	-0.17094	-0.00013862	-0.013677	0.00013863	0.0029133	-0.81999	-0.00013862	0.016194	0	-0.06786	0.013115	-0.00067111	-0.019047	0.00083195	0.0055529	0.017404	0.010285	-0.0011087	0.0024969	-4.8222e-05	-0.39208	0.0075	0.00069327	0.0012481	0.043913	-0.024798	-0.00013862	-0.00014095	-0.0041546	-0.0037395	-0.0044077	0.0011093	-0.014228	0.0011093	-0.0011566	-0.0013858	0.0048579	0.057939	0.055373	0.00021628	0.015168	-0.47046	0.01419	-0.0031634	0.24669	0.0037465	0.0012026	-0.0013684	0.0040243	-0.003159	0.0058309	-0.00097017	0.006109	-0.0074028	0.0038854	-0.010232	0.012516	0.0020805	0.0002137	-0.30792	-0.40849	0.0022457	-0.14039	-0.0089906	-0.67665	-0.41996	-0.71542	0.0049969	-0.084793	0.00597	0.00027728	-0.014433	0.0062481	-0.0019399	-0.0048461	-0.0098185	-0.07401	0.0054139	-0.0011096	0.051956	0.0011093	-0.00069303	0.0036076	0.008892	-0.041371	-0.00013862	-0.019176	-0.00119	0	-0.081339	0.020623	-0.0012473	-0.010646	-0.24106	-0.0020784	0.0029133	0	-0.062898	-0.017666	-0.015568	-0.005814	0.0058377	-0.0023553	-0.0031859	-0.0012473	0.0033299	-0.55136	0.003191	-0.0074441	0.0072217	0.00011341	0.0054716	0.011261	-0.0016336	0.0013868	0.0077783	0.0019418	0	-0.013929	-0.00097017	0.0073609	-0.40274	0.0011093	-0.0056757	0.0055529	0.026795	-0.018628	-0.00027724	0.0040243	0.00055459	-0.48008	-0.77804	0.0068044	0.0065647	-0.0015243	-0.0008316	-0.0005393	0.060365	-0.43418	-0.0038779	0	0.00055459	0	-0.0027707	-0.25675	-0.33814	-0.00013862	-0.00041585	-0.0070576	-0.00055444	-0.015731	-0.0026322	-0.034223	-0.00013862	-0.00095093	-0.0020784	-0.0023553	-0.046177	-0.0013858	-0.0501	-0.5244	-0.0023553	0	0.00027728	-0.0044312	-0.0019399	-0.01037	0.001165	-0.0031859	-0.43246	-0.36646	0	0.0012481	-0.002251	-0.27009	-0.020549	0.0062481	0.0010365	0.0062481	-0.0070518	-0.29603	0.013522	0.0080567	0.0042126	0.0012481	0.082762	-0.6772	-0.00037614	0.0016642	0.00055459	-0.40141	-0.0038988	0.0097966	-0.0055836	-0.18081	-0.0067813	3.9586e-05	0.00041593	-0.0018014	-0.0041546	-0.0013016	-0.55567	-0.047703	-0.00041585	0.0045389	-0.035312	-0.22318	0.024038	0.0086135	-0.16828	0.0053705	-0.00027724	-0.0024938	-0.024251	-0.07714	-0.3304	0	0.0051033	0.0041632	-0.0092227	0.0014304	-0.0038779	-0.062092	-0.0049844	-0.0029091	0.0018288	0.00051283	0.011261	-0.0022206	-0.0042145	-0.63311	0.00097064	0.0012481	-0.014641	-0.19099	0.0058309	-0.0022168	-0.00097017	-0.0019399	-0.00027724	-0.0012473	0.0024969	-0.028628	0.0015255	-0.03095	0	0.012237	-0.00041585	-0.012576	-0.0059522	-0.13809	0.001693	-0.094738	-0.016704	-0.28869	0.0037465	0	0.010703	-0.052261	0	-0.0020784	0	0.019102	-0.00069303	-0.0034627	0.0072217	-0.24229	-0.0094046	0.00071862	0	0.0086772	-0.0057933	-0.61777	-0.00069303	-0.012162	0.00097064	0.016146	-0.0027707	-0.01354	-0.0024331	0.0032289	-0.0012473	-0.0016629	-0.0041546	-0.0094046	-0.0055375	0.0044411	-0.0098185	0.024408	-0.0011794	0.0012481	0.0026397	0.0050607	0.0038854	0	-0.3559	0.015587	0	0.00083195	-0.62855	-0.012438	0.0027745	-0.0038869	0.014609	0.020203	0.00097064	0.0020071	-0.003385	-0.00041585	-0.27176	-0.20908	-0.028901	0.0022193	-0.0059522	-0.00013862	-0.004638	0.0084743	-0.061286	0.0081959	-0.0070576	-0.00013862	-0.04518	-0.15311	-0.007472	-0.018216	0.0056919	0.00069327	0.023107	0.00597	-0.0016629	0.029466	-0.01849	0	0.0027745	-0.0045695	0.0010218	0.0027745	-0.095648	-0.010646	0.0022193	0	-0.2102	-0.0037395	-0.047124	0	-0.014641	0.006109	-0.0028949	0.0030522	0.019083	-0.0036458	0	-0.00055444	0.0070826	-0.0042929	-0.62789	0	-0.0031859	0.0071302	-0.68915	-0.011198	0.005645	-0.061445	-0.0022168	-0.00479	0.016565	-0.0016629	-0.0043994	-0.0011087	-0.10802	-0.023338	-0.0020784	-0.010489	-0.10788	-0.00096863	-0.00041585	0	0.0027745	-0.0018014	-0.0036011	0.0051452	0	0.010546	-0.0033671	-0.0047079	0.00458	0	-0.00013862	-0.82138	-0.014641	-0.025346	-0.005261	0.0016642	-0.057013	-0.3634	-0.00027724	-0.26432	0.00083775	-0.0040162	-0.00037091	-0.0067813	-0.31716	-0.098945	0.010982	-0.014228	-0.29023	0.0017529	-0.0045422	-0.0065287	-0.0022168	
Deletion Peak  3 - CN values	1q23.1  	chr1:156344837-174121760(probes 71832:84134)      	chr1:157742516-157779792(probes 72672:72689)      	chr1:157754895-157757099(probes 72681:72682)      	0.19689	    0.19689		Actual Copy Change Given	0.0040243	0.011958	0.0076392	0.0055529	-0.6215	-0.00097017	0.015308	0	-0.0053053	0.0034471	-0.025756	-0.00055444	0.0020805	-0.59818	-0.013264	-0.00013862	0.0097276	0.00013863	0.022024	-0.8831	-0.00013862	0.58799	0.0044411	-0.06786	0.010884	-0.00067111	-0.026995	0.00083195	0.0043021	-0.84331	-0.017116	-0.0011087	0.0024969	-0.00069303	0.029325	-0.055903	0.00069327	0.0012481	-0.728	-0.058419	0.0012481	-0.00014095	-0.0041546	-0.0037395	-0.0086665	-0.00041585	-0.012162	0.0011093	-0.0011566	-0.0013858	0.0048579	-0.06786	-0.067726	0.00021628	0.89547	-0.10539	0.010424	-0.0031634	0.24669	-0.0052071	0.0012026	0.031155	-0.024524	-0.014032	0.0058309	-0.00097017	-0.011749	0.0029133	-0.20025	0.011539	-0.010734	0.072109	-0.007659	0.24	0.0037465	0.0022457	-0.13109	-0.055095	0.0079175	-0.00013862	0.010146	0.0049969	0.0055529	-0.017666	0.00027728	0.38502	0.014051	-0.0019399	-0.0048461	-0.0098185	0.013353	-0.0012473	-0.0011096	0.051956	0.003191	0.27096	0.0036076	0.013074	-0.04447	-0.00013862	0.0036091	-0.00119	0.020063	0.0034687	-0.65193	-0.0015243	0	-0.57407	-0.0020784	-0.0053992	0	0.54647	-0.03095	-0.041667	-0.005814	-0.11246	-0.24107	0.68347	-0.050911	0.0033299	0.0087528	0.003191	-0.0074441	0.0072217	-0.010003	-0.00041585	0.004719	0.0013868	0.0013868	0	0.03031	0	-0.0053992	-0.00097017	0.0073609	-0.0051227	0.0011093	-0.0056757	-0.46078	0.02525	0.0027745	0.0013868	0.0040243	-0.027535	0.038347	0.24996	-0.16256	0.0065647	0.0083351	-0.0008316	-0.0005393	-0.0013858	-0.0016407	-0.0038779	0.65885	0.00055459	0	-0.0044866	0.2714	0.024368	-0.00013862	-0.00041585	-0.0087146	-0.00055444	-0.015731	-0.0083005	-0.034223	-0.00013862	-0.00095093	-0.0020784	-0.0023553	0	-0.0015243	0.032845	0.35235	0.027778	0	0.00027728	-0.0044312	-0.0019399	-0.30357	0.001165	-0.0031859	-0.0017335	0.004719	0	0.0012481	-0.002251	0.086644	-0.040209	-0.0079853	0.0010365	-0.01904	-0.0070518	0.00041593	0.013522	0.0080567	0.0032404	0.0012481	0.094927	-0.0038779	-0.90074	-0.0033046	0.00055459	0	0.001803	0.00090063	-0.0055836	-0.13018	-0.0067813	0.58095	0.00041593	-0.0018014	-0.0041546	-0.0013016	-0.0060904	0.00458	-0.00041585	0.0045389	0.10337	0.018243	0.024038	0.49874	0.057368	0.0053705	-0.00027724	-0.0024938	-0.024251	-0.010094	-0.010508	-0.0034247	0.008892	0.0041632	0.0013868	0.0014304	-0.0026322	0.012097	-0.0020784	-0.0029091	-0.0022537	0.00051283	-0.079343	-0.0022206	-0.0042145	-0.025893	0.00097064	0.0012481	-0.014916	-0.082934	0.0058309	-0.0022168	-0.00097017	-0.0019399	-0.00027724	-0.0012473	-0.0023553	-0.032723	0.0015255	0	0	0.012237	0.00083195	-0.012576	-0.0059522	0.27537	0.001693	0.90369	0.53731	0.012655	0.0037465	-0.0047079	-0.0023553	-0.32971	0	-0.0020784	0	0.019102	0.0024969	-0.11717	0.0072217	0.017683	0.59836	-0.21861	0	-0.023018	-0.0057933	0.0063266	-0.00069303	-0.018878	-0.94671	-0.018216	-0.0027707	0.0026357	-0.0024331	0.0032289	-0.0012473	-0.019314	-0.0041546	-0.0094046	-0.0055375	0.0044411	0	0.024408	-0.0011794	0.0012481	-0.0092627	-0.00097017	-0.0001609	0	-0.0048461	0.027357	0	0.00083195	-0.64104	-0.018902	-0.37538	-0.0038869	-0.03293	0.0056919	0.00097064	0.0020071	-0.003385	-0.00041585	-0.0029091	-0.0011087	-0.031768	0.0022193	-0.00041585	-0.00013862	-0.004638	0.45241	-0.061286	0.0081959	-0.0070576	-0.00013862	-0.04518	-0.0016629	-0.007472	0.25402	-0.0076101	0.00069327	0.0014876	0.00597	-0.28976	-0.4853	-0.0040827	0	-0.018902	0.028763	0.053147	0.048262	-0.0073339	-0.0098185	0.0022193	0.046275	-0.036401	-0.0037395	-0.018926	0.3022	0.011121	0.00069327	-0.0020784	0.00069327	0	-0.0036458	0	-0.00055444	0.0044501	-0.0042929	-0.0029091	0	-0.0031859	-0.0028574	0.0029133	-0.011198	0.0046721	0.1462	-0.0038708	-0.00479	-0.0073339	0.0070826	-0.0029091	-0.0011087	-0.0027707	-0.022195	-0.0026322	0.00069327	0.30441	-0.00096863	-0.00041585	0	-0.74542	-0.0018014	-0.0036011	0.0075	0	-0.0063668	-0.0033671	0.023566	-0.0070576	0	-0.00013862	0.0056919	-0.18722	-0.025346	-0.006505	0.00077099	-0.060377	0.48923	-0.00027724	0.17302	0.0070884	-0.041295	-0.00037091	0.79084	0.0036076	0.043015	-0.0038779	-0.014228	0	0.00064319	0.0016917	-0.0065287	0.0077783	
Deletion Peak  4 - CN values	1q42.3  	chr1:214663994-240094612(probes 109658:126659)    	chr1:234598910-234616557(probes 122659:122665)    	chr1:220640922-237560278(probes 113747:124676)    	0.00022399	 0.00022399		Actual Copy Change Given	0.0012481	0.011958	-0.00097017	0.0055529	-0.0031859	-0.00097017	-0.014503	-0.0007226	0.001803	-0.0088772	-0.031905	-0.00055444	0.0020805	0.0093098	-0.59973	-0.0041546	0.010982	0.00083195	0.0027745	0	-0.00013862	-0.68083	-0.073476	-0.06786	-0.0146	-0.0017795	-0.012996	0.00083195	0.0043021	-0.046718	-0.0036011	0.013911	0.0024969	0.003191	0.018808	-0.057116	0.00041593	0.0012481	-0.11312	-0.060614	0.0012481	-0.0036011	-0.0047079	-0.0037395	-0.009168	-0.00041585	-0.012162	-0.46674	0.0024969	-0.0013858	0.0048579	-0.06786	-0.032178	0.00069327	-0.53956	-0.014778	0.010424	-0.54905	0.24669	0.0012481	0.0012026	0.0029133	-0.00030281	-0.0036883	0.0076392	-0.00097017	-0.58726	0.0052749	-0.0031859	-0.095912	-0.020119	0.072109	-0.61465	0.074408	-0.42713	0.0022457	-0.11704	-0.0049844	-0.023155	-0.42506	0.010146	-0.51331	0.0055529	-0.67334	-0.015614	0.0081959	-0.14052	-0.0019399	-0.0048461	-0.0098185	0.0012481	-0.0019399	-0.0070584	0.034113	-0.022606	-0.5294	0.0057211	-0.3432	-0.04447	-0.00013862	-0.91447	-0.00119	0.011539	-0.00013862	0.0016642	-0.0015243	-0.1995	0.1202	0.0020896	-0.010365	-0.011473	0.51821	-0.047666	0.063403	-0.005814	-0.0016561	0.0022193	0.66808	0.003191	0.0033299	-0.5719	-0.0094046	-0.0074441	-0.0098185	-0.053927	-0.00041585	-0.0015243	0.0013868	0.0013868	0	0	0.0016642	-0.0045695	-0.38962	0.74119	0.0054139	0.0011093	0	-0.0013858	-0.76046	-0.33886	0.0013868	0.0040243	-0.00041585	0.032243	0.21514	-0.016293	-0.0014353	-0.21491	-0.0008316	-0.0055224	0.043157	-0.0016407	-0.0038779	0.65885	0.00055459	-0.0013858	-0.0044866	0.2714	0.017963	-0.0055311	-0.00041585	0.0026357	-0.00055444	-0.014905	0.00027728	-0.15541	-0.0060644	-0.00095093	-0.0020784	-0.0023553	0	-0.0038779	-0.0048461	0.32382	-0.75487	0	-0.00027724	-0.0044312	-0.0019399	0.0022193	0.00097064	-0.0031859	-0.35601	-0.0049844	0	-0.0029468	-0.0011087	0.13998	-0.029994	0.00058311	0	-0.013677	-0.0070518	-0.22527	0.030964	0.0080567	0	0.0012481	0.10628	-0.0123	-0.040034	-0.0033046	-0.00071588	0	0.001803	0.00090063	-0.0073339	0.32093	0.0043021	0.58095	-0.0087146	-0.0018014	-0.0041546	-0.0013016	-0.058866	0.0068044	-0.00041585	0.0045389	0.081466	0.02852	0.023011	0	0.054945	-0.0012473	-0.00027724	-0.0024938	-0.87143	-0.0073339	-0.0022168	0.00045401	0.0075	0.0041632	0.0013868	0.0014304	-0.041702	0.0041632	0.0026357	-0.0029091	0.00055459	-0.00027724	-0.0094046	-0.01904	-0.0042145	0.0044411	0	0.0012481	-0.0099565	-0.10985	0.0041632	-0.0022168	-0.00097017	-0.0019399	-0.00027724	0.0036076	0.00055459	-0.032723	-0.0016241	0	0	0.012237	0.00083195	-0.012576	-0.0065776	0.27426	0.001693	0.89869	0.56825	0.012655	0	-0.0047079	-0.0023553	-0.040616	0	0	0	0.019382	0.0024969	0.0037465	0.0076583	0.0051359	0.60932	0.085092	0	-0.059673	-0.0056757	0.0063266	-0.015456	-0.019177	-0.020961	-0.84395	-0.0027707	-0.0069195	-0.0024331	-0.0024938	-0.42896	0.00597	-0.42833	-0.0094046	0.0093098	0.00083195	0	0.0019418	0.00041593	0.0012481	-0.0092627	-0.00097017	0.011958	0	-0.53885	0.036088	-0.94284	0.00083195	-0.0044312	-0.018902	-0.00097017	0.00069327	-0.019452	-0.30498	-0.00027724	0.004719	-0.0033243	0.0043021	-0.0048097	-0.0011087	-0.042652	-0.30087	-0.60206	0.0040243	-0.004638	0.48268	-0.061286	0.026514	0.0033299	-0.00013862	-0.04518	-0.0016629	-0.0033243	0.24249	-0.024798	-0.52184	-0.0093577	-0.00088956	-0.0018014	-0.012024	0.0011093	0	-0.026988	-0.0044312	0.054998	-0.0038779	-0.016292	-0.66467	0.0022193	-0.045499	-0.18295	-0.0037395	-0.035993	0.31386	0.0044411	-0.0022822	-0.0020784	0.00069327	-0.0036011	-0.0036458	-0.0079559	-0.30569	-0.0029086	-0.0042929	-0.0029091	-0.067458	-0.0008316	-0.0014769	-0.069198	0.010233	0	0.11724	0.006109	-0.010473	-0.01037	-0.0022168	-0.0029091	-0.0011087	-0.091023	-0.023429	-0.0030475	0.00027728	0.66567	-0.00096863	-0.00041585	0.0040891	0	-0.0018014	-0.0081624	0.018262	-0.0063668	-0.0055375	-0.0033671	0.024829	-0.0070576	0.0022193	0.00083195	0.012655	-0.00073481	-0.025257	-0.006505	0.001803	-0.060377	0.49251	-0.00027724	0.20631	-0.3921	-0.041295	-0.0002323	0.79084	0.0036076	0.043015	0.0019418	0.0051095	0	0.00036586	0.0016917	0.0020805	0.024408	
Deletion Peak  5 - CN values	2p21    	chr2:36814297-45652982(probes 153291:158403)        	chr2:43026421-43230132(probes 156745:156882)        	chr2:42638949-43657917(probes 156477:157094)        	0.043522	   0.043867		Actual Copy Change Given	-0.0024938	-0.55056	0	0.00041593	-0.0051768	0.001803	0.0036076	-0.0019778	0.00041593	0.0013868	0	0.001803	-0.0012473	-0.059269	-0.10224	0.00083195	-0.10592	0.0084743	-0.0044877	-0.8405	0.0012481	-0.0046602	-0.0015243	-0.16205	0.0030932	-0.00035688	0.011113	0.00097064	0.0040243	-0.017941	-0.005261	-0.73862	-0.3634	-0.0052915	0.0072217	0.0097276	-0.54351	0.009498	0	0.18662	0.00041593	0.00076447	0.0012481	-0.00069303	-0.0013858	-0.0026293	0.0023581	0.0016642	-0.0012473	0.0019418	-0.0071958	-0.086253	-0.053341	0.0033299	-0.041567	-0.25552	0	-0.0010287	-0.0037395	-0.14142	-0.00097017	0.5865	0.00041593	-0.41733	-0.0027707	0.0015255	-0.067324	-0.0015243	0.07369	-0.018673	-0.00013862	-0.0042929	-0.30867	-0.28144	-0.069734	0	0.035524	0.0011093	-0.10762	0	-0.44491	-0.51414	-0.072408	0	-0.00097017	0.0049969	-0.00027724	0.0030522	0.0020805	0	0.0041632	-0.00027724	-8.3109e-07	0.034818	-0.29331	0.0029133	0.00037769	0.01447	-0.0066432	0.0013868	-0.0021747	0	0.013213	0	0	0.32947	0.088018	0.072396	-0.18974	0.0026357	-0.0035251	-0.042245	0.73967	0.023322	-0.0044312	0.0022261	0.00041593	-0.013677	0.0030999	0.0097276	-0.58696	0.010842	0.001831	0	0.01512	0.0052749	0.004719	0	-0.0045695	-0.0011087	-0.26348	0.0028408	0.00097064	-0.0008316	-0.0088526	0.003191	-0.00041585	0.0017702	0.003191	0.032704	-0.00097017	-0.0011087	0.0114	0.0010087	0.44426	0.066802	0.11932	-0.0024938	-0.01037	0.0022193	-0.0069044	-0.020138	0.009332	0.0030522	-0.13523	-0.00055444	-0.00027724	0	0.003026	0.0029133	-0.00097017	0.0022193	0.0019418	-0.00069303	-0.0015135	0.022444	0.02806	-0.0042929	-0.0033051	0	0.00083195	-0.068395	-0.014366	-0.0015243	0.0081959	-0.74281	-0.0020784	-0.0033243	0.0016642	-0.13928	0	0.0019418	-0.053476	-0.0027707	-0.0071541	0.001803	0	-0.0018785	-0.039394	0.001803	0.001803	0.0017301	0.01447	-0.015185	-0.0018014	0.00073513	0.014579	0.0028239	-0.0008316	-0.29898	-0.0059522	-0.0034231	-0.0008316	-0.0040831	-0.05037	0	0.0010393	-0.45693	-0.175	0.0027745	0.00016197	0.0055529	0.0034687	-0.0024938	0.0027201	-0.10063	0.0024969	0.0027843	-0.00069303	0.012237	-0.0081624	0.020596	0.010146	0	0.0027745	0.0015255	0.0034687	0.13406	-0.086916	-0.32263	0.005313	0.00097064	-0.0031859	-0.00097017	0.0070222	-0.0015243	0	0.0052749	-0.00097017	-0.58461	-0.0020784	-0.0092666	0.021323	-0.00010546	-0.37797	0.00069327	-0.00097017	0.0024969	0.081466	-0.0016629	0.0027745	-0.00069303	0.0068044	-0.098023	0	-0.0012473	-0.0020784	0.0016642	-0.051928	0.0036076	-0.10565	-0.00055444	0.069669	0.0033741	0.010592	-0.00024851	0.0061896	-0.6508	-0.29367	0.0027745	-0.0033243	0	0.0049969	0.0041632	-0.0059522	0.00083195	-0.17333	0.006109	0.00041593	-0.060211	-0.082137	0.022585	-0.0048209	-0.00013862	0.010842	0.0012481	0.00597	0	0.0043021	0.00027728	0.015587	0.0019418	-0.59867	0	-0.59633	-0.0056757	-0.0032318	0.0020805	0.00079965	-0.0022168	0.013074	-0.0019399	-0.42101	-0.0039746	-0.21094	0.0022233	-0.012713	-0.091552	-0.0011087	-0.0017285	-0.15183	0.00097064	0.0013868	0.028622	-0.016841	-0.37943	-0.8922	-0.0048461	0.013213	-0.10933	-5.7806e-05	-0.0020784	0.0015255	0.0013868	-0.0023553	0.00597	0.0054139	0	-0.068261	-0.035652	-0.016841	0.0093098	0.029184	0.001803	-0.014641	0.036421	-0.0034627	0.0038854	0	-0.030824	0.028763	-0.0062663	-0.0034627	0.0020805	-0.021921	0.00097064	-0.0027707	0.0062481	0	-0.0034117	-0.7916	0.0037465	0.013632	-0.00027724	-0.005814	-0.00041585	0.0023581	0.0087528	0.023987	-0.029721	-0.00097017	0.0003618	0.0041632	0.020063	0.0039795	-0.0026322	0.00039308	-0.00027724	-0.00072513	0.0019418	-0.0040162	0.0033299	0.0033774	-0.0011087	0.077286	-0.0017096	-0.059159	0.0011093	-0.0031297	-0.0034627	0.0030522	0.0022193	0.00027728	-0.076812	-0.0077793	-0.015054	-0.0045695	0.081322	0.0040258	0.0072217	-0.0076997	0.0038166	-0.0026322	-0.0029091	-0.075612	0.016425	0	0.0014827	-0.28442	-0.0016629	0.0038854	0.0030522	-0.082137	0.0049969	-0.017254	-0.038442	-0.1609	0.003436	-0.28739	-0.005261	-0.031728	0.001861	0.017264	0.005876	-0.010232	0.014609	-0.0051227	-0.0049844	-0.0034627	-0.0029091	0.00036586	0.0073884	-0.0026322	0.0081959	
Deletion Peak  6 - CN values	2q21.2  	chr2:119681121-138311045(probes 194924:204074)    	chr2:132668288-133571123(probes 200851:201435)    	chr2:115579272-184089272(probes 192759:231481)    	4.9746e-17	 0.00092509		Actual Copy Change Given	-0.0024938	-0.0063668	0	0.00041593	0.0038854	-0.0062195	-0.6938	-0.0019778	0.00041593	0.0013868	-0.91605	0.001803	-0.0012473	0.0083351	-0.36363	0.00083195	-0.0033243	0	0.0016642	-0.80845	-0.0016629	0	-0.0015243	-0.18433	-0.57858	-0.00063343	0.0030445	-0.0026322	-0.00039584	-0.0048461	-0.0015209	0.015028	0.003191	-4.4077e-05	-0.023977	0.0097276	0.00097064	0.009498	-0.042788	-0.99472	-0.0012991	0.00076447	-0.21688	-0.00069303	0	-0.0083394	-0.0063668	0.0016642	-0.0012473	0.0019418	-0.0071958	-0.12901	-0.06142	-0.0014311	-0.16294	-0.058588	-0.0030475	0.00069327	-0.042788	0.0055529	-0.00097017	-0.046583	0.00041593	-0.0071446	-0.0027707	0.0015255	-0.07361	-0.0080244	-0.31447	-0.013956	-0.011335	-0.0042929	-0.042172	-0.26625	-0.40241	0	-0.63036	-0.067592	0.012934	-0.0019399	-0.025209	-0.016704	-0.61316	-0.044551	-0.00097017	0.0049969	-0.0033243	0.0030522	-0.03054	0	-0.27655	0.0023581	-8.3109e-07	0.026092	-0.74577	-0.19462	-0.31205	-0.32809	-0.65183	0.0013868	-0.0035997	0	-0.0055375	0	0	-0.011611	-0.8794	-1.2929	0.0033299	-0.94708	-0.050776	-0.050506	0.84593	-0.62102	-0.1233	0.0022261	0	-0.055229	-0.052666	-0.28316	-1.1778	0.010842	0.001831	0	-0.014688	-0.25998	0.0015376	0	-0.016526	-0.0011087	-0.27822	0.0028408	0.00097064	-0.095648	-0.036265	0.003191	-0.00041585	-0.0015243	-0.05752	-0.74768	0.004719	-0.0011087	-1.1273	-0.0036011	-0.46142	0.066802	-0.34687	-0.0024938	-0.019863	-0.18999	0	-0.038306	-0.90015	0.0030522	0.0087528	0.0019418	-0.00027724	0	0.003026	-0.7304	-0.00097017	0.0022193	0.0019418	-0.00069303	-0.0015135	0.019223	-0.19825	-0.0042929	-0.0033051	0	0.00083195	-0.00263	-0.0033445	-0.036732	0.0081959	-0.61018	-0.0020784	0.0015255	0.0032171	-0.00033274	0	-0.0018014	-0.0091286	-0.00069303	-0.63566	0.001803	0	0.0013868	-0.045906	-0.8831	-0.016841	0.0017301	-0.84955	-0.015185	-0.0050719	0.0052749	0.014579	0.0028239	-0.0008316	-0.31167	-0.009381	-0.0034231	-0.0008316	-0.0040831	-0.0066249	0	0.0039542	0	-0.43257	0.0027745	-0.012713	-0.055769	0.0034687	-0.0024938	0.003692	-0.69405	-0.005261	-0.0042929	-0.00069303	-0.0070576	0.008892	-0.10026	0.011261	-0.39341	0.0027745	0.0024969	0.0034687	0.13406	-0.01106	-0.33075	0.005313	-0.00018097	-0.0031859	-0.00097017	0.0041029	-0.0015243	-0.35236	0.011818	-0.00097017	-0.0030475	-0.0020784	-0.79828	-0.22883	0.0026357	-0.17322	0.00069327	-0.00097017	-0.012713	0.045708	-0.0042929	0.0027745	-0.047936	0.0068044	0.0022193	0	-0.0012473	0.00041593	0.0016642	-0.010094	0.0016642	-0.00055444	0.00013863	0.051956	-0.020687	-0.29568	-0.00024851	0.0061896	0.00097064	0.0063871	-0.0094238	0.0012481	0	0.0046391	-0.0024938	-0.00097017	0.00083195	-0.30696	0.0034687	0.00041593	-0.077611	-0.1088	-0.14026	-0.0048209	-0.048748	-0.52685	0.0012481	0.0054139	0	0.0007387	-0.012713	-0.79803	0.0019418	-0.0094046	0.00033801	0.0044411	0.0033299	-0.0011087	-0.0009196	0.00079965	-0.01037	-0.010508	-0.0067813	0	-0.0027707	-0.84447	-0.10906	-0.012713	-0.00027724	-0.0011087	-0.0017285	-0.34584	-0.0033243	-0.0059522	-0.63718	0.014749	0.0037465	-0.0070174	-0.032587	-0.028491	0	-5.7806e-05	-0.00097017	0.0015255	0.0013868	-0.0023553	-0.059538	-0.28335	0.006109	-0.00013862	-0.0097488	-0.2531	0.0093098	-0.71894	-0.26191	-0.014641	0.036421	-0.0040722	-0.39797	0	0.00041593	0.039195	-0.68763	-0.0034627	0.0020805	-0.021373	-0.0031859	-0.0027707	-0.5291	0	0.00032843	-0.021784	-0.52981	-0.62836	-0.00027724	-0.005814	0.00027728	0.00074025	-0.60235	-0.20908	-0.60864	-0.00097017	0.00013863	0.0041632	-0.069198	-0.04161	-0.0026322	-0.0076101	-0.00027724	0	-0.0046701	-0.0041546	0.0033299	0	-0.0015243	0.07096	-0.010279	-0.14852	0.0011093	-0.00035957	0.00069327	0.0030522	-0.056712	0.00027728	0.012934	0.0020805	-0.015054	-0.0045695	-0.8364	0.0040258	0.0072217	0.066009	0.00083195	-0.0026322	-0.0029091	0.0056919	0.016425	0	0.0014827	-0.00041585	-0.0016629	-0.0047079	0.010564	-0.75464	0.0049969	-0.13639	-0.0037395	0.00017722	0.003436	-0.30921	0	-1.0831	0.0034745	0.017264	-0.0088386	-0.24338	0.0036076	-0.0051227	-0.0049738	-0.0040162	0.001803	0.00036586	0.0073884	-0.0026322	0.018523	
Deletion Peak  7 - CN values	2q22.1  	chr2:134956405-140242732(probes 202433:205151)    	chr2:138499232-138574257(probes 204155:204186)    	chr2:115579272-184089272(probes 192759:231481)    	1.6117e-22	    0.21109		Actual Copy Change Given	-0.0024938	-0.0063668	0	0.00041593	0.0038854	-0.0062195	-0.66568	-0.0019778	0.10307	0.0013868	-0.86994	0.001803	-0.0012473	-0.63188	-0.037354	0.00083195	-0.036674	0	0.0016642	-0.80845	-0.0016629	0	-0.0015243	-0.18433	-0.58796	-0.00063343	0.0030445	-0.014366	-0.00039584	-0.806	-0.85265	0.015028	0.003191	-4.4077e-05	0	0.00054399	0.00097064	0.009498	-0.042788	-0.98674	-0.0012991	-0.014366	-0.21688	-0.00069303	0	-0.0083394	-0.0063668	0.0016642	-0.0012473	0.0019418	-0.0071958	-0.12901	-0.06142	-0.0014311	-0.16294	-0.058588	-0.0030475	0.00069327	-0.042788	-0.12836	-0.00097017	-0.046583	0.00041593	-0.0071446	-0.0027707	-0.035448	-0.07361	-0.0080244	-0.31447	-0.013956	0.0149	-0.0042929	-0.042172	-0.31178	-0.40241	0	-0.60642	0.0030522	0.012934	-0.0019399	-0.025209	-0.016704	-0.011611	-0.044551	-0.00097017	0.0049969	-0.0033243	0.0030522	-0.03054	0	-0.27655	0.0023581	-8.3109e-07	0.026092	-0.96113	-0.19462	-0.2926	-0.32809	-0.65183	0.0013868	0.021044	0	-0.0055375	0	0	-0.011611	-0.8794	-0.59954	0.0033299	-0.90949	-0.050776	-0.050506	-0.0018014	-1.2098	-0.1233	0.0022261	0	-0.055229	-0.097627	-0.2781	-0.54673	-0.48575	0.001831	0	-0.014688	-0.24982	-0.69514	0	-0.0049844	-0.0011087	-0.29804	0.0028408	-0.021784	-0.095648	-0.043025	0.003191	-0.00041585	-0.0015243	-0.05752	-0.68205	-0.0069195	-0.0011087	-0.52287	0.016146	-0.46142	0.044432	-0.34687	-0.0024938	-0.016979	0.0011093	0	0.001803	-0.89632	0.0030522	0.0087528	0.0019418	-0.00027724	0	0.003026	-0.70612	-0.00097017	0.0022193	0.0019418	-0.00069303	-0.0015135	0.019223	-0.38716	-0.0042929	-0.0033051	0	0.00083195	-0.00263	-0.0033445	-0.036732	0.0081959	-0.61018	-0.0020784	0.0015255	0.0032171	-0.00033274	0	-0.0018014	-0.0091286	-0.0071592	-0.096836	0.001803	0	0.0013868	-0.033405	-0.8145	-0.016841	0.0017301	-1.2929	-0.015185	-0.0050719	0.0052749	0.014579	0.0028239	-0.0008316	-0.31167	-0.009381	-0.0034231	-0.0008316	-0.0040831	-0.0066249	0	0.0039542	0	-0.41253	0.0027745	-0.012713	-0.055769	0.0034687	-0.0024938	0.003692	-0.67939	-0.005261	-0.0042929	-0.00069303	-0.062495	0.040892	-0.10026	0.028903	-0.39341	-0.33664	0.0024969	0.0034687	0.10716	-0.01106	-0.33075	-0.2487	-0.00018097	-0.0031859	-0.00097017	0.0041029	-0.0015243	-0.35761	-0.69622	-0.00097017	-0.0030475	-0.0020784	-0.79828	-0.22883	0.0026357	-0.17322	0.00069327	-0.00097017	-0.0085766	-0.83219	-0.0042929	0.0027745	-0.047936	0.0068044	0.0022193	0	-0.0012473	0.00041593	0.0016642	-0.010094	0.0030522	-0.00055444	0.00013863	0.051956	-0.020687	-0.29568	-0.00024851	0.0061896	0.00097064	0.0063871	-0.015466	0.0012481	0	0.0046391	-0.0024938	-0.019589	0.00083195	-0.30696	0.0034687	0.00041593	-0.077611	-0.1088	-0.14354	-0.0048209	-0.048748	-0.53063	0.0012481	0.0054139	0	0.0007387	-0.012713	-1.2929	0.0019418	-0.0094046	0.00033801	0.0010011	0.0033299	-0.0011087	-0.0009196	0.00079965	-0.01037	-0.61066	-0.0067813	0	-0.0027707	-0.83494	-0.013811	-0.012713	-0.00027724	-0.0011087	-0.0017285	-0.34584	-0.0033243	-0.0059522	-0.61142	-0.020961	0.0037465	-0.0070174	-0.032587	-0.028491	0	-5.7806e-05	-0.010922	0.0015255	0.0013868	-0.0023553	-0.059538	-0.35282	-0.014916	-0.00013862	-0.0097488	-0.2531	0.0093098	-0.71894	0.0022193	-0.014641	0.036421	-0.0040722	-0.39797	0	0.00041593	0.039195	-0.64483	-0.0034627	0.0020805	-0.86955	-0.0031859	-0.0027707	0.022865	0	0.00032843	-0.03504	-0.52981	-0.62836	-0.00027724	-0.005814	0.00027728	0.00074025	-0.60235	-0.20908	-0.60864	-0.00097017	0.00013863	0.0041632	0.0016642	-0.04161	-0.0026322	-0.28739	-0.00027724	0	-0.0066676	-0.0041546	-0.0123	0	-0.0015243	0.07096	-0.010279	-0.14852	-0.017666	-0.00035957	0.094491	0.0030522	-0.084926	0.00027728	0.012934	0.0020805	-0.015054	-0.0045695	-0.8364	0.0040258	0.0072217	0.066009	0.00083195	-0.0026322	-0.0029091	0.010006	0.016425	0	0.0014827	-0.00041585	-0.0016629	-0.36295	-0.0029091	-0.75464	-0.012576	-0.13639	-0.0037395	0.00017722	0.003436	-0.30921	0	-1.0831	0.0034745	0.017264	-0.0088386	-0.020001	-0.30028	-0.036538	-0.0049738	-0.0040162	0.001803	0.00036586	0.0073884	-0.0026322	-0.041838	
Deletion Peak  8 - CN values	2q22.1  	chr2:138774622-144385168(probes 204334:207726)    	chr2:140223496-142136706(probes 205151:206447)    	chr2:115579272-184089272(probes 192759:231481)    	5.1851e-16	 3.5728e-06		Actual Copy Change Given	-0.0024938	-0.024646	0	0.00041593	0.0080567	-0.0062195	-0.66568	-0.0019778	0	0.0013868	0.02525	0.001803	-0.0012473	0.026514	-0.037354	0.00083195	-0.036674	0	0.0016642	-0.80845	-0.0016629	0	-0.0015243	-0.18433	0.046164	-0.00063343	0.0030445	-0.014366	-0.00039584	-0.806	0.0052749	0.015028	0.003191	-4.4077e-05	0	0.00054399	-0.71693	0.013632	-0.042788	-0.037354	-0.0012991	-0.014366	-0.21688	-0.00069303	-0.01553	-0.0083394	-0.0063668	-0.44964	-0.0012473	0.0019418	-0.0071958	-0.12901	-0.06142	-0.0014311	-0.16294	-0.058588	-0.0030475	0.00069327	-0.042788	-0.12836	-0.00097017	-0.046583	0.00041593	-0.0071446	-0.0027707	-0.035448	-0.07361	-0.0080244	-0.31447	-0.013956	0.0095883	-0.0042929	-0.042172	-0.31178	-0.40241	0	-0.60642	0.0030522	0.012934	0.023145	-0.025209	-0.016704	-0.011611	-0.044551	-0.00097017	0.0049969	-0.0033243	0.0030522	-0.03054	0	-0.24655	0.0023581	-8.3109e-07	0.026092	-0.96113	-0.19462	-0.2926	-0.32809	-0.65183	0.0013868	0.021044	0	-0.0055375	0	0	-0.011611	-0.8794	-0.59954	0.0033299	0.019746	0.001803	-0.050506	-0.0018014	-0.58948	-0.1233	0.0022261	0	-0.055229	-0.097627	-0.2781	0.048546	0.023426	0.001831	0	-0.014688	-0.24982	-0.69514	0	-0.0049844	-0.0011087	-0.29804	0.0028408	-0.021784	-0.095648	-0.043025	0.003191	-0.10197	-0.0015243	-0.05752	-1.2929	-0.0069195	-0.0011087	-0.52287	0.016146	-0.49068	0.044432	-0.34687	-0.0024938	-0.016979	0.0011093	0	0.001803	-0.89632	0.0030522	0.0087528	0.0019418	-0.00027724	0	0.003026	-0.71631	-0.00097017	0.0022193	-0.018628	-0.00069303	0.018814	0.019223	-0.22281	-0.0042929	-0.0033051	0	0.00083195	-0.00263	-0.0033445	-0.036732	-0.025209	-0.11743	-0.0020784	0.0015255	0.0032171	-0.00033274	0	-0.0018014	-0.0091286	-0.0071592	-0.096836	0.001803	0	0.0013868	-0.033405	-1.2929	-0.016841	0.0017301	-0.82937	-0.015185	-0.0050719	0.0052749	-0.026851	-0.021049	-0.0008316	-0.31167	-0.009381	-0.0034231	-0.0008316	-0.0040831	-0.0066249	0	0.0039542	0	-0.41253	0.0027745	-0.012713	-0.055769	0.0034687	-0.0024938	0.003692	-0.67939	-0.005261	-0.0042929	-0.00069303	-0.062495	0.040892	-0.10026	0.021311	-0.39341	0.0030522	0.0024969	0.0034687	0.10716	-0.0031859	-0.33075	-0.2487	-0.00018097	-0.0031859	-0.00097017	0.0041029	-0.0015243	-0.35761	0.010285	-0.00097017	-0.0030475	-0.0020784	-0.79828	-0.22883	0.0026357	-0.76252	0.00069327	-0.00097017	0.0037465	-0.83219	-0.0042929	0.0027745	-0.047936	0.0068044	0.0022193	0	-0.0012473	0.00041593	0.0016642	-0.010094	-0.14772	-0.00055444	0.00013863	0.051956	-0.020687	-0.29568	-0.00024851	0.0061896	0.00097064	0.0063871	-0.015466	0.0012481	0	0.0046391	-0.0024938	-0.019589	0.00083195	-0.30696	0.0034687	0.00041593	-0.077611	-0.1088	-0.14354	-0.0048209	-0.048748	-0.0047079	0.0012481	0.0054139	0	0.032986	0.060222	-1.2929	0.0019418	-0.0094046	0.00033801	0.0010011	0.0033299	-0.0011087	-0.0009196	0.00079965	-0.01037	0.075991	-0.0067813	0	-0.0027707	-0.22244	-0.013811	-0.012713	-0.00027724	-0.0011087	-0.0017285	-0.34584	-0.0033243	-0.0059522	-0.61142	-0.85098	0.0037465	-0.0070174	-0.032587	-0.028491	0	-5.7806e-05	-0.010922	0.0015255	0.0013868	-0.0023553	-0.059538	-0.38022	-0.014916	-0.00013862	-0.0097488	-0.2531	0.0093098	-0.71894	0.0022193	-0.014641	0.036421	-0.0040722	-0.39797	0	0.00041593	0.039195	-0.64483	-0.0034627	0.0020805	-0.86955	-0.0031859	-0.0027707	0.022865	0	0.00032843	-0.03504	-0.5351	-0.34905	-0.00027724	-0.005814	0.00027728	0.00074025	-0.58892	-0.20908	-0.58402	-0.00097017	0.00013863	0.0041632	-0.52859	-0.060343	-0.0026322	-0.0071958	-0.00027724	0	-0.0066676	-0.0041546	-0.0123	0	-0.0015243	0.07096	-0.010279	0.12341	-0.017666	-0.00035957	0.094491	0.0030522	-0.084926	0.00027728	0.012934	0.048972	-0.015054	-0.0045695	-0.8364	0.0040258	-0.0123	0.066009	0.00083195	-0.0026322	-0.0029091	0.010006	0.016425	0	0.0014827	-0.00041585	-0.0016629	-0.36295	-0.0029091	-0.75464	-0.012576	-0.13639	-0.0037395	0.00017722	0.003436	-0.30921	0	-1.0831	0.0034745	0.04812	-0.0088386	-0.020001	0.018663	-0.036538	-0.0049738	-0.0040162	0.001803	0.00036586	0.0073884	-0.0026322	-0.041838	
Deletion Peak  9 - CN values	2q22.3  	chr2:144575254-151249196(probes 207857:211667)    	chr2:147839270-147940886(probes 209589:209627)    	chr2:115579272-184089272(probes 192759:231481)    	4.3051e-14	   0.035574		Actual Copy Change Given	-0.0024938	-0.011335	0	0.00041593	0.0080567	-0.0062195	0.00597	-0.0019778	0	0.0013868	-0.86436	0.001803	-0.0012473	0.026514	-0.037354	0.00083195	-0.036674	0	0.0016642	-0.80845	-0.0016629	0	-0.0015243	-0.18433	-0.57592	-0.00063343	-0.65062	-0.014366	-0.00039584	-0.806	0.00083195	0.015028	0.003191	-0.0042929	0	0.00054399	0.0038854	0.013632	-0.042788	-0.037354	-0.0012991	-0.014366	-0.0071958	-0.00069303	-0.01553	-0.20212	-0.0063668	-0.44964	-0.0012473	0.0019418	-0.0071958	-0.12901	-0.06142	-0.0014311	-0.019452	-0.058588	-0.0030475	0.00069327	-0.042788	-0.12836	-0.00097017	-0.029994	0.00041593	-0.0071446	-0.0027707	-0.035448	-0.1173	-0.0080244	-0.31447	-0.013956	0.0095883	-0.0042929	-0.042172	-0.31178	-0.40241	0	-0.60642	0.0030522	0.012934	-0.41981	-0.025209	-0.016704	-0.011611	-0.041431	-0.00097017	-0.41751	-0.0033243	0.0030522	0.0054139	0	-0.27953	-0.4065	-8.3109e-07	0.026092	-0.44253	-0.19462	0.0079175	-0.33214	-0.65183	0.0013868	-0.86255	0	-0.0055375	0	0	-0.011611	-0.8794	-0.59954	0.0033299	0.019746	0.001803	-0.050506	-0.0018014	-1.2038	-0.1233	-0.035033	0	-0.055229	-0.051721	-0.2781	0.048546	-0.49036	0.001831	-0.18219	-0.042563	-0.24982	-0.69514	0	-0.0049844	-0.0011087	-0.10092	0.0028408	-0.021784	-0.34744	-0.043025	0.003191	0.0069435	-0.0015243	0.0043021	-0.75831	-0.0069195	-0.0011087	-0.52287	-0.76518	-0.49068	0.044432	-0.34687	-0.0024938	-0.016979	0.0011093	0	0.001803	0.019665	0.0030522	0.0087528	0.0019418	-0.00027724	0	0.003026	0.022725	-0.00097017	0.0022193	-0.018628	-0.00069303	-0.66012	0.095944	-0.20037	-0.0042929	-0.0033051	0	0.00083195	-0.00263	-0.0033445	-0.032314	-0.025209	-0.086253	-0.0020784	0.0015255	0.0032171	-0.00033274	0	-0.0018014	-0.0091286	-0.0071592	-0.10592	0.001803	0	-0.058058	-0.033405	-0.81474	0.0011093	0.0017301	0.024969	-0.015185	-0.0050719	0.0052749	-0.026851	-0.021049	-0.0008316	-0.31167	-0.65249	-0.0034231	-0.0008316	-0.0040831	-0.0066249	0	0.0039542	0	0.070817	0.0027745	-0.012713	0	0.0034687	-0.0024938	0.003692	-0.61614	-0.005261	-0.0042929	-0.00069303	-0.062495	0.040892	-0.10026	0.021311	-0.39341	-0.33768	0.0024969	0.0034687	0.10716	-0.0031859	0.020343	-0.2487	-0.0037395	-0.0031859	-0.00097017	0.0041029	-0.0015243	-0.35761	0.014256	-0.00097017	-0.0030475	-0.0020784	0.0084979	-0.22883	0.0026357	-0.15008	0.00069327	-0.00097017	0.0037465	-0.83219	-0.0042929	0.0027745	-0.047936	0.0068044	0.0022193	0	-0.0012473	0.00041593	0.0016642	-0.010094	-0.14772	-0.00055444	0.00013863	0.051956	-0.020687	0.0029133	-0.00024851	0.0061896	0.00097064	0.0063871	-0.015466	0.0012481	0	0.0046391	-0.0024938	-0.019589	0.00083195	-0.30696	0.0034687	0.00041593	-0.077611	-0.1088	-0.14354	-0.0048209	-0.0029091	-0.0022168	0.0012481	0.0054139	0	0.032986	0.015587	-0.77286	0.0019418	-0.0094046	0.00033801	0.0010011	0.0033299	-0.0011087	0.0011093	0.00079965	-0.01037	-0.55887	-0.0098185	0	-0.0027707	-0.22244	-0.013811	-0.012713	-0.00027724	-0.0011087	-0.0017285	-0.34584	-0.0033243	-0.0059522	-0.61142	-0.85098	0.0037465	-0.0070174	-0.032587	-0.028491	0	-5.7806e-05	-0.03681	0.0015255	0.0013868	-0.0023553	-0.11456	-0.34492	-0.014916	-0.00013862	-0.0097488	-0.2531	0.0093098	-0.71894	0.0022193	-0.014641	0.036421	-0.0040722	-0.39797	0	0.00597	0.039195	0.088074	-0.0034627	0.0020805	-0.88804	-0.0031859	-0.0027707	0.022865	0	0.00032843	-0.03504	-0.15119	-0.61547	-0.00027724	-0.005814	0.00027728	0.00074025	-0.57753	-0.2044	-0.58127	-0.00097017	0.00013863	0.0041632	-0.51825	-0.0030922	-0.011089	-0.0071958	-0.00027724	0	-0.0066676	-0.0041546	-0.0123	0	-0.0015243	0.07096	-0.010279	0.12341	-0.017666	-0.00035957	0.049682	0.0030522	-0.084926	0.00027728	-0.094856	0.040799	-0.015054	-0.0045695	-0.8364	0.0040258	-0.0123	0.066009	0.00083195	-0.0026322	-0.0029091	0.010006	0.016425	0	0.0014827	-0.00041585	-0.0016629	-0.36295	-0.38873	0.032422	-0.012576	-0.049582	-0.0037395	0.00017722	0.003436	-0.30921	0	-1.0831	0.0034745	-0.65569	-0.0088386	-0.020001	0.014796	-0.036538	-0.0049738	-0.0040162	0.001803	0.00036586	0.0073884	-0.0026322	-0.041838	
Deletion Peak 10 - CN values	2q31.1  	chr2:161420791-181305678(probes 217744:229935)    	chr2:173903442-173968238(probes 225356:225377)    	chr2:115579272-184089272(probes 192759:231481)    	2.0097e-05	   0.093684		Actual Copy Change Given	-0.0024938	-0.011335	-0.75357	0.00041593	-0.0024938	0.0048579	0.00597	-0.0019778	0	0.0013868	-0.011693	0.001803	-0.0012473	-0.60806	0.00097064	0.00083195	-0.027945	0	0.0016642	-0.80675	-0.53307	0	-0.0015243	-0.18433	0.014511	-0.032838	0.011253	-0.014366	-0.00039584	0.017404	0.00083195	-0.78656	0.003191	-0.0059165	0	0.00054399	0.0038854	0.013632	-0.042788	-0.037354	-0.0012991	-0.014366	-0.0071958	-0.00069303	-0.01553	-0.0022168	-0.0063668	0.013353	-0.0012473	0.0019418	-0.0071958	-0.10066	-0.063435	-0.0014311	0.0069435	-0.0036011	0.0013812	-0.56714	-0.042788	-0.13419	-0.00097017	-0.045095	0.00041593	-0.0071446	-0.0027707	0.0043021	0.00055459	-0.0080244	-0.31447	-0.013956	0.010842	-0.0042929	-0.0015879	-0.31178	0.012795	0	-0.62274	0.0027745	-0.0030475	-0.00041585	-0.025209	-0.016704	-0.013712	0.011259	-0.00097017	-0.41619	-0.0033243	0.0030522	0.0054139	0	-0.025893	0.0075	-8.3109e-07	0.046644	0.031014	-0.079609	0.0079175	-0.33214	0.0070826	0.0013868	0.0093112	0	-0.0055375	0	0.015587	-0.011611	-0.8794	-0.59954	0.0033299	0.0095883	0.001803	-0.047801	0.0091705	0.0065623	0	-0.035033	-0.0041546	-0.055229	-0.059404	-0.2781	0.040892	-0.49036	0.001831	0.0084743	-0.032385	0.0011093	0.015028	0	-0.0049844	-0.0011087	-0.27798	0.0040243	-0.021784	0.0081959	-0.029857	0.003191	0.0069435	-0.0015243	0.0043021	0.04883	-0.0069195	-0.0011087	0.010703	0.012655	-0.49548	0.044432	-0.34687	-0.0024938	-0.16574	0.0011093	-0.0052459	0.001803	0.019665	0.0030522	-0.66947	0.0019418	-0.00027724	0	0.003026	0.011121	-0.00097017	-0.038306	-0.018628	-0.00069303	0.014341	0.020763	-0.12017	-0.0042929	-0.0033051	0	-0.017254	0.0063871	-0.0030475	0.011818	-0.025209	-0.086253	-0.0020784	0.0015255	0.0083351	0.00069327	0	-0.0056757	-0.0091286	-0.0071592	-0.00027724	0.001803	0	-0.0067813	-0.76158	0.015447	-0.0011596	0.0017301	0.021463	-0.015185	-0.0050719	0.12845	-0.035448	-0.021049	-0.0008316	0.046984	-0.0035134	-0.0034231	-0.0008316	-0.0040831	-0.0066249	0	-0.56997	0	0.070099	-0.83001	-0.012713	0	0.0034687	-0.0024938	0.003692	-0.017941	-0.0032413	0.0035004	-0.00069303	-0.062495	0.040892	-0.098286	-0.0076101	-0.39341	0.004719	0.0024969	0.0034687	0.10716	-0.0095426	0.020343	0.0026738	-0.0037395	-0.0031859	-0.00097017	0.0041029	-0.0015243	-0.35761	0.014256	-0.0047079	-0.0030475	-0.0020784	0.0084979	-0.22748	0.0026357	-0.19049	0.00069327	-0.00097017	-0.013953	-0.8793	-0.0042929	0	-0.0047815	0.0068044	0.0022193	0	-0.0012473	0.00041593	0.0016642	-0.049695	0.0044411	-0.00055444	0.0029133	0.05637	-0.020687	0.0029133	-0.00024851	0	0.0077783	0.0063871	0.011539	0.0012481	-0.0033209	0.0046391	-0.12979	-0.019589	0.00083195	-0.1097	0.0034687	0.00041593	-0.077611	-0.38537	-0.14354	-0.0081372	-0.069332	-0.0078863	0.0012481	0.0054139	0	0.032986	-0.005814	0.030966	0.0019418	-0.010508	0.00033801	0.0029133	0.0033299	-0.0011087	0.0011093	0.00079965	-0.01037	0.024548	-0.010784	0	-0.0027707	-0.22244	-0.013811	-0.030404	7.6965e-05	-0.0011087	0.0020805	0.069669	-0.0033243	-0.0059522	-0.63557	-0.022025	0.0037465	-0.0070174	-0.0067813	0.001803	-0.077611	-5.7806e-05	0.0034687	0.0015255	0.0013868	-0.0094836	-0.056577	0.00097064	-0.0059522	-0.00013862	-0.058663	-0.2531	0.0093098	-0.71894	0.0022193	-0.014641	0.036421	-0.0040722	0.010006	0	-0.007472	0.039195	-0.68581	-0.0034627	0.0020805	0.014749	0.025671	-0.0027707	0.013911	-0.75719	-0.0038268	-0.026988	-0.092081	-0.36838	-0.00027724	-0.005814	0.00027728	-0.017116	0.03369	-0.2	-0.10408	-0.00097017	-0.0013429	-0.40639	-0.54351	-0.0030922	-0.0018014	0.00458	-0.00027724	-0.33964	-0.0066676	-0.0041546	-0.0123	0	-0.0015243	0.07096	-0.010279	0.12341	-0.017666	-0.00035957	0.017544	0.0030522	-0.050305	0.00027728	0.0070826	0.065513	-0.015054	-0.0045695	-0.1827	0	-0.0123	0.066009	0.00083195	-0.0026322	-0.017803	0.010006	0.016425	-0.0053992	0.0014827	-0.011307	-0.0016629	-0.35316	-0.39864	-0.82423	-0.012576	0.0019418	-0.0037395	0.00017722	0.003436	-0.29827	-0.1382	0.021463	0.0034745	-0.65569	-0.0088386	-0.020443	-0.2875	-0.010922	0.0026357	-0.0040162	-0.0013858	0.00036586	-0.43721	-0.0026322	-0.0041546	
Deletion Peak 11 - CN values	3p25.3  	chr3:8963395-12005732(probes 268328:270310)          	chr3:9699625-9733305(probes 268812:268822)            	chr3:9308484-10722006(probes 268635:269391)          	0.024576	    0.02453		Actual Copy Change Given	0.11477	0.0086135	-0.010922	0.0044411	-0.012375	-0.070269	0.0013868	-0.0022547	-0.37392	0.001803	0.63883	-0.0011087	0.0063871	0.004719	0.01014	0.00069327	0.012097	0.0051359	0.00027728	-0.046041	-0.50567	0.00894	0.0015255	0.099579	-0.022566	0.011283	0.021175	0.0051359	-0.0030475	-0.032996	-0.0062446	0.0055529	-0.0019049	0.0049969	0.37084	-0.12434	0	0.0093098	0.071678	0.75757	-0.5065	-0.0020784	0	-0.00033688	0.0013868	0	0.54753	0.0013868	0.0044411	0.00027728	-0.54232	-5.7187e-05	0.055943	-0.33422	0.11506	-0.080807	-1.0101	0.00038245	0.019923	0.0043021	0.0012481	-0.017376	0.0020805	-0.0066108	0.017824	-0.00013862	-0.0066432	0.0024969	-0.0031859	0.0062481	0.0048579	-0.0020962	0.084173	0.080889	0.010703	0.0026357	-0.02562	0	-0.010232	0	-0.73416	0.0068044	0.01419	-0.015882	-0.050506	-0.0060904	0.0073245	0.00083195	0.0041632	0	0.0097622	0.0036076	0.0024961	-0.79009	-0.061152	0.0080567	0.0093098	-0.00013862	0.14251	-0.00055444	-0.12017	-0.0002199	0.042187	0.0029133	-0.027398	0.0062481	0.033972	0.082621	0.0038854	0.024408	0.0047674	-0.053476	0.047552	-0.020925	0.00083195	0.0059767	-0.0038779	0.013213	-0.004543	-0.017254	-0.0083005	-0.041159	0.024717	-0.012576	0	0.0020805	-0.038356	-0.00027724	-0.0026322	0.0040243	-0.0011968	-0.11561	0.012655	-0.0071934	-0.013387	0.0093098	0.0034687	0.022304	0.00097064	-0.032587	0.0070826	-0.0026322	0.0052749	-0.028901	0.14132	0.22022	0.065656	-0.0020784	-0.00041585	-0.00046404	-0.0053841	-0.31307	0.029348	0.0029133	0	0.00069327	-0.0034627	-0.001862	0.014304	0.023426	0.0019953	0	0.019643	-0.77897	-0.03244	-0.0060904	0.023286	-0.092478	0.00071252	0.0027745	-0.0015243	0.0030522	0.00097064	-0.449	-0.0078863	0.05281	0.0030522	0.00072398	-0.40152	0.00083195	0.0034687	-0.23692	0.0023581	-0.021373	0.045708	-0.00013862	-0.003685	-0.38044	0.052099	-0.024661	0.0015255	-0.00065622	-0.0053992	0.007645	0.0069435	0.07369	-0.0018014	0.012426	0	-0.70064	0.0055529	-0.02243	0.0027745	0.0048579	-0.0041306	0.0036076	-0.0032558	0.0038854	0.13495	0.0044411	-0.6069	0.00055459	-0.00097017	0.001803	0.0041087	-0.12603	-0.1985	0.022164	0.00055459	0.070099	-0.011198	-0.14065	0.012237	-0.15771	0.00027728	-0.00055444	0	0.39363	-0.0018014	0.029747	0.0072599	0.0052749	0.0011093	0.00083195	-0.002677	0.00027728	0.34583	0	-0.005814	-0.0030475	-0.00055444	-0.029038	0.0072217	0.00041593	-0.0099565	-0.43583	0.0020805	-0.015466	0.18995	0.0069435	-0.11535	0.0040243	0.00083195	-0.6276	-0.0055375	0.0084743	-0.0041249	-0.53936	-0.02125	0.032422	0.0068044	-0.89274	0.063652	-0.0008316	-0.13892	0.0011381	0.070084	0.0041632	-0.2818	0.0094491	0.0043021	0.41546	0	-0.0046101	0.0073609	0	-0.2625	0	0.001803	0.0051359	0.011261	0	0.0034941	0.0023581	0.0013868	-0.0051801	0.0083351	0.004719	-0.13342	-0.016841	0	0.0019418	0.02511	-0.0014637	-0.005063	0.00055459	0.00063748	0.0041632	0.0062481	0.021884	0.0016642	0.0068044	-0.0078863	-0.0015243	-0.03095	-0.4564	-0.0047079	0.0036076	0.003191	-0.01904	0.5971	0.14432	-0.48313	-0.028355	-0.008203	-0.00050636	-0.005544	0.0013868	0.022047	-0.53581	-0.0030475	0.0029133	-0.00027724	-0.0013858	0.30697	-0.065313	-0.082535	0.0030522	0.0023581	-0.024866	0.20962	0.048546	0.027497	0.0068044	0.10804	0.053999	0	0.10366	-0.034359	-0.036143	0.16595	-0.046891	-0.0028627	0	-0.040752	-0.00097017	0.0012481	-0.021373	-0.0033243	0.00032843	-0.1935	0.0020805	0.0020232	-0.87938	0.10045	-0.0020784	-0.0008316	-0.018765	0.14831	0.013772	0.0036076	-0.005261	0.00046912	-0.018765	0.0021745	0.0034687	0.0011093	0.0034687	0.00083195	0.0013868	-0.0051227	0.03369	0.00060205	0.0073609	-0.30298	-0.0041226	0.047668	0.0077783	5.6289e-05	-0.032041	-0.000551	-0.00097017	-0.0042929	0.0063871	-0.0098185	-0.1955	0.0087528	0.0052749	-0.0091514	0.021043	-0.11372	-0.00055444	-0.0011087	0.096525	-0.32403	0.019083	-0.0047079	-2.5676e-06	-0.0020784	0.00055459	-0.3634	0.0065262	-0.044415	0.018383	0.0070826	0.0114	-0.0024841	-0.00128	0.12417	0.0024969	-0.048342	-0.012859	-0.04428	-0.00078668	-0.0048214	-0.098945	0.073833	-0.0016352	-0.0033243	-0.29059	0	0.0025243	0.0040243	0.048262	
Deletion Peak 12 - CN values	3p13    	chr3:72100067-72665008(probes 306449:306910)        	chr3:72372981-72452842(probes 306698:306750)        	chr3:69056464-79728749(probes 304252:310806)        	1.5644e-25	 1.5644e-25		Actual Copy Change Given	-0.64678	-0.56863	0.0079175	0.0044411	0.00055459	0.00036826	-0.0079624	-0.0022547	-0.0016629	-0.0018877	0.64341	-0.0011087	0.0028811	0.012934	-0.00083302	0.00069327	0.0091705	-0.11913	-0.029038	0.0021906	0.0019418	0.026141	-0.0022168	-0.48439	4.0993e-05	0.011283	0.021736	0	-0.089302	0.021603	0.013632	0.0055529	0.0013868	0.0004698	0.043299	-0.12434	0	-0.00013862	0.06494	0.81727	-0.00013862	0.0027745	0	-0.38884	-0.49089	-0.074544	0.52468	0.0013868	-0.52675	0.00027728	-0.015153	-0.91935	0.063939	-0.0013858	0.14889	0.017124	0.022164	-0.60902	0.012097	-0.00035459	-0.319	-0.016292	-0.73705	-0.13811	-0.80377	-0.19199	0.0056919	0.0024969	0.00041593	0.0062481	-0.47607	0.0037465	0.084173	0.062365	0.023286	-0.36295	-0.006505	-0.00013862	0.011786	0	-0.74577	-0.0048461	0.025531	-0.0044312	-0.8779	-0.0060904	-0.56515	0.00083195	0.0041632	0	0.0351	-0.024935	0.0013859	-0.78883	0.038913	-0.7317	0.0050739	-0.00013862	0.14251	-0.79811	-0.0044298	-0.0002199	0.032704	-0.0020466	0.026654	-0.0013858	0.045424	-0.58882	-0.19775	0.024408	-0.00027724	-0.063032	0.83058	0.024634	0.00083195	-0.013533	-0.0038779	0.039195	0	-0.66049	0.011818	0.0058309	0.024717	0.0024969	0	0.0020805	-0.00027724	-0.00027724	-0.0026322	0.0040243	-0.016762	0.00097064	0.012655	-0.0051227	-0.0067813	-0.85916	0.0034687	0.021884	0.00097064	0.029747	0.0019418	-0.0026322	-0.54985	0.0097276	0.13081	0.22022	0.065656	-0.83656	0.0070826	-0.00046404	-0.0053841	-0.70046	0.029348	-0.233	0	-0.091949	-0.0034627	-0.001862	-0.69597	0.031155	0.0019953	-0.11535	-0.0084385	0.0075	0.022035	0.0028089	0.02806	-0.0077957	0.00071252	0.010146	-0.0015243	0.0030522	0.00097064	0.046559	-0.79151	0.046417	-0.24679	0.0019418	0.084209	0.00083195	0.0024969	-0.0024938	0.0023581	0.0066653	0.20213	-0.00013862	-0.18748	0.0020805	0.053237	-0.017116	0.0015255	-0.0073437	0.011261	-1.0512	-0.24216	0.026795	-0.0018014	0.0043516	0	0.15591	0.017264	-0.019412	-0.42276	0.0048579	-0.0045695	0.0023581	0.0020105	-0.47617	0.19132	-0.44749	-0.64057	0.00055459	-0.00097017	-0.0029091	0	-0.091816	-0.0018014	0.022231	0.00055459	0.045141	-1.0167	-0.12875	0.013213	0.074121	-0.36612	-0.00055444	0	0.39363	0.022725	0.049682	0.0072599	-0.63859	0.0011093	-0.91922	0.00063303	0.00027728	0.33076	0.0026357	-0.005814	-0.12707	-0.37279	-0.015879	0.00069327	0.00041593	0.030873	-0.44243	0.0020805	0.0075	0.18798	-0.13212	-0.098155	-0.37786	0.00083195	-0.62693	-0.14926	-0.37132	0.00041593	-0.0030475	-0.00013862	0.032422	0.0068044	-0.902	0.043015	-0.22957	-0.1338	0.0034975	0.038333	0.0058309	-0.28596	0.00597	-0.84163	0.44359	0	-0.074144	-0.0027707	0	-0.7053	0	0.0016642	0.021323	-0.01904	-0.0031859	0.0034941	-0.00041585	0.0013868	-0.0051801	-0.62503	-0.66077	-0.13342	-0.96825	0.0049969	-0.00055444	0.02511	-0.0014637	-0.0013858	-0.4394	0.0076392	0.0041632	-0.21565	-0.6151	0.0016642	0.0068044	-0.010094	-0.0015243	0.01419	-0.55276	-0.0029091	-0.0018738	0.003191	0.01433	0.3832	-0.79586	0.0051359	0.0012481	-0.0074866	-0.00050636	-0.91507	0.0013868	0.022047	-0.53215	-0.0030475	-0.29745	-0.00027724	0.0041632	-0.0059522	0.0057976	0.003191	-0.62408	0.0023581	-0.0022854	0.20962	0.048546	0.027497	0.0068044	0.10994	0.053999	-0.0036011	0.0042898	-0.023018	-0.0077482	0.16595	0.0082971	-0.31319	0	0.0068044	-0.0094851	-0.0031859	0.013353	-0.0123	0.00032843	-0.010094	0.0090312	0.0020232	-0.70792	0.10045	-0.086916	-0.19112	0.032422	0.17845	0.02539	-0.0086819	-0.0025408	-0.0019399	-0.082934	-0.54838	-0.68861	-0.005261	-0.0028786	0.00083195	-0.62198	-0.32612	0.026654	0.00060205	0.0073609	0.33399	-0.0041226	0.047668	-0.37752	5.6289e-05	0	-0.14965	0.0041632	-0.0042929	0.0063871	0.029044	0.10191	0.0087528	0.0052749	0.00055613	-0.011198	0.0020065	-0.00055444	-0.33653	0.088113	0.006109	0.019083	0.010424	0.0012052	0.045141	0.00055459	0.0016642	0.00092038	0.0080567	-0.015741	0.0070826	-0.63689	-0.0020784	-0.062661	0.20106	-0.00048937	-0.014047	0.00014443	0.0070826	0.0011543	-0.88596	0.0093098	0.044999	0.010822	-0.0033243	0.012516	0	0.0032185	0.0098669	0.0114	
Deletion Peak 13 - CN values	3q29    	chr3:195428693-197510486(probes 371936:372311)    	chr3:196640530-197243253(probes 372231:372233)    	chr3:194671424-198295559(probes 371528:372384)    	0.0034854	  0.0035864		Actual Copy Change Given	0.022444	-0.31681	0.011286	0.0044411	0.0069435	-0.098682	0	-0.017214	-0.37853	-0.0018877	0.65774	-0.0011087	-0.050235	0.014051	0.010146	0.00069327	0.012376	0.0063871	0.0041632	-0.060748	0.0019418	0.011169	-0.0022168	0.099142	0.019264	0.014631	0.036504	0	-0.0032466	-0.039258	-0.0018014	0.0052749	0.0013868	0.026795	0.42902	0.010146	0	-0.0012473	0.084354	0.77579	-0.49548	0.006109	0	0.36168	0.45258	-0.0031859	0.56596	-0.013643	0.00027728	0.00027728	-0.0060904	0.011539	0.06537	0.015028	0.15457	0.0072217	0.022164	-0.0027707	0.0011093	-0.00035459	0.00013863	0.58274	0.0026357	-0.15103	-0.77711	0.0040243	0.015759	0.0024969	0.00041593	-0.49538	-0.00027724	-0.10224	0.091378	0.048546	0.038771	-0.0044312	0.0029133	0.037359	0.5546	0.00458	0.0099648	-0.49944	0.10337	-0.019177	-0.069198	-0.0060904	0.05025	0.00083195	0.01419	0	0.0068044	-0.0095426	0.0013859	-0.77617	-0.048478	0.3306	-0.010308	0.24934	0.13895	0.0072217	0.047377	-0.0002199	1.3193	-0.0026322	-0.028218	-0.0013858	0.025952	0.098742	-0.11417	0.016006	0.00055459	-0.059942	-0.76783	0.0019777	0.00083195	0.010431	0.5617	0.0012481	0	0.58596	0.0069435	0.0093098	0.040496	0.0030522	0.11384	0.24109	-0.00027724	0.00055459	-0.0026322	0.0040243	-0.010508	0.00097064	0.012655	0.0055529	0.072253	-0.80708	0.0034687	0.021884	0.00097064	-0.09446	0.0011093	-0.0041546	0.011102	0.0090312	0.85302	0.20244	0.093911	-0.004331	-0.2837	0.00055459	-0.013111	0.10103	0.00049379	-0.0089906	-0.015458	0.0068044	-0.0018014	-0.003933	0.013885	0.015727	0.0043021	0.0038854	-0.0056757	0.001803	0.0048688	0.42402	0.05281	-0.0011087	0.0030715	0.001803	-0.0015243	0.0030522	-0.0023553	0.046559	0.021043	0.011261	0	0.0019418	-0.38761	0.00083195	0.0024969	0.037359	0.0095883	-0.018353	0.04741	-0.00013862	-0.0023553	-0.0033243	-0.0012473	-0.031905	0.0015255	-0.0053504	0.0011093	-0.004702	0.0048579	0.020623	-0.0018014	0.00018796	0	0.088548	0.0073609	-0.0082609	0.00083195	0.0048579	0.0026357	-0.0037395	0.0020105	0.015587	0.28517	-0.00027724	-0.0056757	0.00055459	-0.00097017	-0.00013862	0.0017486	0.14028	-0.0069195	0.022231	0.00055459	0.058795	0.035806	0.22545	-0.005261	0.074121	-0.0023553	-0.00055444	0	0.21392	0.0024969	0.024408	0.0072599	0.0049969	0.0011093	0	0.00063303	0.0037465	-0.46717	-0.34698	-0.005814	0.012934	-0.3755	-0.81761	0.16145	0.00041593	0.54683	-0.43926	0.0029133	0.08392	0.16502	0.0044411	0.0027745	0.0098669	0.00083195	-0.080141	-0.011335	-0.0091286	0.00041593	-0.0030475	0.00013863	0.030873	0.00013863	-0.029448	0.045566	0.0030522	0.14875	-0.44154	0.078712	0.017124	-0.28869	0.0030522	0.0027745	-0.032879	0	-0.52614	-0.0078863	0	0.0090506	0.003191	0.0016642	0.010424	-0.026167	-0.49788	0.21385	-0.00041585	-0.02384	-0.0040162	0.020343	0.0051359	-0.13806	0.027216	0.0026357	-0.00055444	0.02511	-0.0014637	-0.0024938	0.0044411	0.00083195	0.00069327	0.0034687	0.003191	0.017544	0.00013863	-0.01409	-0.0015243	0	-0.53581	0.22638	-0.0018738	0.063652	0.013911	-0.026988	0.15681	-0.0049844	-0.026851	-0.017666	0.00027728	0.0022193	-0.006505	0.029938	-0.0047079	-0.0030475	-0.0011087	0.0026357	0.0041632	-0.0098185	-0.055364	0.003191	-0.015741	0.0054139	0.012447	0.47272	0.048546	0.02806	0.00089996	0.10994	0.06399	-0.0036011	-0.017254	-0.025346	-0.0033243	0.13637	0.58376	-0.0032283	0	-0.032178	0.0052749	-0.0031859	0.5523	0.53995	0.0033811	-0.010094	-0.027808	0.0083351	0.00013863	-0.005261	-0.21874	0.00055459	0.027919	0.21131	0.00041593	-0.0022168	0.37545	-0.0027376	-0.0060904	-0.010139	-0.0017204	0.0055529	-0.0043529	0.00083195	-0.0018014	-0.33295	-0.010508	-0.00092275	-0.00087694	0.11169	-0.0041226	0.070504	0	0.0014431	-0.032723	0.0023581	0.0041632	-0.0042929	0.0051359	-0.013127	0.10154	0.0056919	-0.0078863	0.00014017	-0.011198	0.0020065	-0.00055444	0.012376	0.090575	-0.010508	0.36789	-0.0040162	0.0012052	-0.67076	-0.00069303	-0.3487	0.003191	-0.056038	0.60326	0.0077783	-0.0056757	-0.00013862	0.0024641	-0.45147	0.0019418	-0.020008	0.0052807	0.0070826	0.00032223	-0.014916	0.0093098	0.05153	-0.70087	-0.013677	-0.24679	0.0075889	-0.0021895	-0.0037395	0.04259	
Deletion Peak 14 - CN values	4q28.2  	chr4:114676955-133099621(probes 437043:446883)    	chr4:129723091-129774626(probes 445374:445387)    	chr4:116014931-133069549(probes 437734:446869)    	0.00040854	 0.00041591		Actual Copy Change Given	-0.020138	0.28892	0.025952	-0.0020143	0.011818	-0.0026322	0.014749	0.00023536	-0.0038779	-0.0034014	0.83117	0.00027728	-0.0029091	0.017264	-0.0078863	0.003191	-0.023411	-0.044822	0.0020805	0.064225	-0.0011087	0.014378	-0.0085766	-0.059538	-0.57878	0.0014087	0.01544	-0.01354	-0.00097017	0.060079	0.0049969	-0.00097017	-0.0024938	-0.0031859	-0.40667	0	-0.0012473	-0.016841	-0.033242	0.12623	-0.0044312	-0.0089906	-0.75754	0.0023581	-0.0089906	-0.11168	-0.023292	0.0070826	0.0011467	0.001803	0.001803	-0.89664	0	-0.0023553	-0.49078	-0.14052	-0.27928	0.0051359	-0.026577	0.0015255	0.00074455	-0.0080244	0.00597	0.0010031	-0.010508	-0.00027724	-0.0031729	-0.0040162	0.0023581	0.018943	0.023005	0.0034687	0.023362	-0.00747	0.02511	-0.00069303	0.049256	-0.0024938	0.059366	0.0017598	0.0011093	-0.0030475	-0.53581	0.02539	-0.0067813	0.38882	0.0029133	0.0033299	0.0039325	-0.0049844	-0.38437	0.0036076	0.0031902	0.035383	0.12005	-0.0041546	0.016845	-0.32298	-0.042517	0.013492	0.023147	0.0058884	-0.0031859	-0.0076206	0.028903	0.0011983	0.0019418	-0.24691	0.0041632	0.015168	-0.00069303	0.27064	-0.005261	0.021219	0.0068044	0.01825	-0.0098185	-0.0031551	0.011625	0.0013868	0.049824	-0.53409	-0.018752	0.016565	-0.0015716	0.0095883	0.0055529	0.0026357	0.022444	-0.42465	-0.065045	0.00069327	-0.0088526	-0.032996	-0.01314	0.015308	0.0094491	0	0.013074	-0.0008316	0.0034687	-0.0052938	0.0065262	0.016044	-0.49392	-0.023429	0.016006	0.0027745	0.010146	0.0055529	0.073705	0.061651	-0.90539	0.0034687	0.0083351	0.0013868	0.001096	-0.00078097	-0.0040423	-0.6836	0.00079807	0	-0.009224	0	0.024699	0.0062481	0.0062481	0.0034687	-0.0038586	0.0416	-0.0030778	-0.01354	0.00078681	0.066945	0.05466	0.66383	0.0011093	0.0011636	0.0065262	-0.0022168	0.0037076	-0.0040162	0	-0.0033243	-0.38044	-0.00097017	-0.0053992	0.0038424	0.23628	-0.84098	0.0013868	-0.0022443	0.014352	0.00056044	0.004719	-0.15366	-0.0045695	-0.0096315	-0.0012473	-0.36397	0.010703	-0.0023156	0	0	-0.0041546	0.0022193	0.0085432	0.0075	-0.15272	-0.0073339	-0.0008316	0.003191	-0.00013862	-0.0013999	0.0029977	-0.50297	0	0.0039229	-0.0016629	-0.081738	-0.9016	-0.16434	-0.023155	-0.085059	0.0012481	-0.0041546	0.001803	-0.11495	0.060222	0.024509	-0.25173	-0.016623	0.00013863	0.0054139	0.00091039	-0.0019399	-0.069064	0.0023581	-0.0013858	-0.00041585	0.0012481	0.0049969	0.0029133	-0.0020784	-0.023155	-0.0038779	0.00597	0.3928	0.027638	-0.0047079	-0.0020784	0.0026357	0.0039296	0.0020805	0.00027728	0.0015255	0.0023581	-0.0030475	0.021964	0.0023581	0.054233	-0.00097017	-0.025483	0.020646	-0.032314	0.0029366	-0.22368	0.017824	0.024969	-0.019863	0.0049969	0.0033299	0.0011093	-0.0047693	-0.81499	0.00013863	-0.27378	0.0045164	0.0069435	-0.0030475	-0.25938	-0.0030914	-0.002053	-0.0016629	0.028622	0.0033299	-0.0051227	0.015587	-0.0056757	0.021022	0.021183	0.0023581	0	-0.0016022	-0.0053992	0.0073609	0.0083351	0.0080567	0.0036076	0	0.026935	-0.0096806	-0.0083005	0	-0.0053051	-0.011469	-0.097495	-0.0034804	0.0035565	0.024436	-0.39853	-0.021235	-0.0073257	-0.59292	-0.0040188	0.0043021	-0.012162	0.011958	-0.6256	0.00041593	-0.00069303	0.0038854	0	0.0062481	0.00013863	-0.21701	-0.31646	-0.20237	0	0.002567	-0.47533	0.0467	-0.022744	0.023005	0.065513	-0.095997	-0.0075298	-0.15886	0.064082	0.00069327	-0.025072	-0.61799	0.0069435	0.00097064	0.031999	0.01387	0.011294	0.023566	-0.020412	0.0006635	-0.01769	0.035947	0.003191	0.00597	-0.00048324	0	-0.0029091	-0.57328	0.13524	-0.015466	0.00069327	-0.0044312	-0.00027724	-0.45747	-0.002776	-0.0067813	-0.12108	-0.0087524	0.00458	0	0.35267	-0.063787	0.0032385	-0.03504	0.097106	-0.010417	0.041271	-0.01106	0.007	-1.2929	0.00083195	0.010424	0.00074213	-0.0045695	0.0027745	0.072109	-0.0053016	0.065513	0.0070617	-0.012306	-0.002636	-0.0030475	0	0.069669	0.018663	-0.064331	0.012655	0.00065044	-0.0073339	-0.0008316	-0.0030475	-0.0030475	0.058367	-0.028022	0	-0.0060904	0.00063358	0.011088	0.010847	0.0049426	-0.63121	0.004169	0.016985	0.0037915	-0.0053992	0.025846	0	0.00458	-0.0067813	0.0034155	-0.0026264	0.00030469	0.011261	-0.037218	
Deletion Peak 15 - CN values	5q11.2  	chr5:55422195-58454168(probes 506015:508005)        	chr5:55933750-56001757(probes 506266:506296)        	chr5:45383301-81759009(probes 503144:520784)        	1.0417e-20	 8.1447e-12		Actual Copy Change Given	-0.0073339	-0.0036857	-0.77473	-0.00027724	0.0038408	0.00069327	0.0114	0.0009327	-0.0024406	-0.00085087	-0.019452	0.00041593	-0.0042929	-0.061017	-0.11295	-0.00055444	-0.012438	-0.11195	0.003191	-0.83359	-0.0012473	-0.64393	-0.0026322	0.058224	0.0022603	0	-0.2958	-0.026714	-0.0047079	-0.82887	0.0020805	-0.70298	0.00041593	0.0026357	-0.005814	-0.017803	0.0097276	-0.90411	-0.30663	-1.0075	-0.0018014	-0.00644	-0.0045695	-0.0033243	-0.49757	0.0030522	-0.62121	0.0044411	0.0024969	-0.00069303	0.00020634	-0.021921	-0.047801	0	-0.010784	-0.50753	-0.27404	-0.0019399	0.22314	-0.29414	-0.30134	-0.65108	0.0030522	0.11272	-0.81589	0.0013868	-0.00069303	0	0.0019418	-0.037082	0.010982	-0.0020784	-0.0069828	0.012655	-0.41454	-0.0022168	0	-0.005814	-0.69111	0.0026357	-0.025346	-0.52205	-0.014467	0.019923	0.0019418	-0.011749	-0.0013858	0.0027283	-0.0059345	0.00069327	0.019783	0.0011093	0.0034679	-0.17284	-0.92398	-0.0023553	-0.63774	-0.0020784	-0.604	0.0030522	-0.2175	0.0028319	-0.0038779	0.0038854	0.014749	0.0011093	-0.021373	-1.2929	-0.00097017	0.0030522	0.0012481	-0.071873	-0.043059	-0.60794	0.0033299	0.0077851	-0.0082304	-0.82538	0.0013868	-0.0087146	0.022725	0.0072217	0.0059546	0.00458	-0.0075191	0.004719	-0.030404	0.0012481	0	0.003191	0.14712	-0.00055444	-0.012024	-0.00013862	-0.0085766	0.016565	0.010635	-0.00097017	-0.83074	-0.73266	0.0069435	-0.74603	0.0033299	0.0015255	-0.50324	-0.016567	-0.51671	0.0015255	-0.25019	0.0011093	-0.0049693	-0.78429	-0.91122	0.0037465	-0.51084	-0.0016629	-0.0025377	-0.0013858	-8.8703e-05	-0.34159	0.0029133	-0.061555	0.00097064	-0.52317	0.0089028	-0.0034627	-0.42407	0.0069435	-0.005933	0.0014612	-0.0027707	0.0026357	0	0.00075907	-0.051721	0.0066148	-0.0048461	-0.01849	-0.88511	-0.0013858	0	0.0054139	-0.01354	-0.43528	-0.4959	0.00027728	-0.0053567	0	-0.39208	0.0055529	-0.0008316	0.0010365	0.0028056	0.0016701	-0.34813	-0.26167	-0.0066432	-0.034038	-0.0019399	0.042449	-0.69169	-0.0046613	-0.0019399	-0.29248	-0.0022168	0.0019418	0.0027044	0.0056919	0.048546	-0.45747	-0.0085766	-0.0037395	-0.0012473	0	0.0011936	-0.035857	-0.0081624	0.0024969	-0.18219	-0.57457	-0.96128	-0.17208	0.012097	0.047694	0.0033299	0.001803	-0.0067813	-0.065716	0.0066653	0.0098669	0.013252	-0.0024938	0.0030522	0.00027728	-0.00047605	-0.49045	-0.17873	0	0.21991	0	0	-0.81219	-0.5097	0.00083195	-0.64996	-0.0012473	0.0030522	-0.020412	-0.92674	-0.00027724	-0.13186	-0.084661	0.0012481	-0.0054388	-0.0013858	-0.3668	0.0018234	-0.0011087	-0.20448	0.0024969	0.0056919	-0.0031819	-0.027945	0	-0.14772	-0.0014956	-0.58433	-0.0073339	0	-0.0045695	-0.025483	0.0019418	-0.016841	-0.00094571	-0.0032025	-0.00097017	-0.0095234	0.0062022	0.00055459	-0.22022	0.00083195	-0.014608	-0.23079	0.0018935	0.0091705	0.0016642	-0.0099565	-0.66757	0.045566	0.0052749	0.0038854	0	0.00027728	-0.0011101	-0.0073339	0.00458	0.0055529	0.010703	-0.0037151	-0.6171	-0.004914	-0.005814	-0.0016629	-0.0027707	-0.005261	-0.13158	-0.021998	0.00063709	-0.0029091	0.0066653	-0.87642	-0.45832	0.0020805	-0.64442	-0.0091286	-0.0011087	-0.0087146	0.0049969	-0.090383	0.0056919	-0.0014381	0.0029133	-0.0013858	0.00097064	0.0015175	0	0.004719	-0.0021536	0.0026357	-0.079142	-0.25322	-0.018765	0	-0.00055444	-0.37673	-0.068481	-0.0099565	-0.1731	-0.080807	0.37677	-0.022058	0.014292	0.0027745	0.00027728	0.037924	0.0058309	-0.00013862	-0.58529	-0.020824	-0.0047951	-0.01354	0.010696	0.023005	-0.0031859	-0.16383	0.071391	-0.00069303	0.020203	-0.094724	0.02806	-0.26293	0.0077783	-0.00093113	-0.55897	-0.0059968	-0.0073339	-0.13936	-0.0059314	-0.33144	-0.0031329	0.0053118	-0.79519	0.00032473	-0.0030475	-0.28192	-0.002402	-0.16245	-0.0056757	0.0042196	-0.0056757	0	-0.0022168	-0.00055444	-0.017529	-0.49496	-0.30322	-0.012713	0.10818	0.00055613	-0.014778	-0.028018	0.0031691	0.0019418	-0.014503	-0.00034277	-0.020824	-0.73819	0.00078912	-5.3165e-05	0.00027728	0.32076	-0.00069303	-0.085457	-0.0123	0.0044808	-0.0067813	0	-0.052563	-0.099472	-0.015741	-1.1178	0.00083775	0.0048579	0.0026807	-0.069466	-0.087579	-0.015741	-0.29753	-0.0027707	0.00097064	-0.0033609	-0.00094278	0.0026876	-0.0080244	
Deletion Peak 16 - CN values	5q13.2  	chr5:65018245-75401787(probes 511507:516931)        	chr5:69444827-71454769(probes 514401:514442)        	chr5:45383301-81759009(probes 503144:520784)        	2.4483e-17	 6.1419e-07		Actual Copy Change Given	-0.0073339	-0.0036857	-0.77473	-0.00027724	0.0038408	-0.0023553	0.0114	0.0009327	-0.0024406	-0.00085087	-0.01527	0.00041593	-0.0042929	-0.05469	-0.14811	-0.00055444	-0.012438	-0.11195	0.003191	-0.83359	0.003191	-0.64393	-0.0026322	0.058224	0.0022603	0	-0.2958	-0.61796	-0.0047079	-0.82887	-0.021235	-0.70298	0.00041593	0.0026357	-0.005814	-0.017803	-0.13807	-0.020687	-0.30663	-1.0025	-0.0018014	-0.00644	-0.0045695	-0.0033243	-0.0033243	0.0030522	-0.62121	0.0044411	0.0024969	-0.00069303	0.00020634	-0.030813	-0.047801	0	-0.010784	-0.50753	-0.27404	-0.0019399	0.22314	-0.14207	-0.0019399	-0.65379	0.0030522	-0.42383	-0.00041585	0.0013868	-0.16319	0	0.0022193	-0.037082	0.010982	-0.0020784	-0.0069828	0.012655	0.011539	-0.0022168	0	-0.005814	-0.69111	0.0016486	-0.025346	-0.51455	-0.014467	0.019923	0.0019418	-0.014503	-0.0013858	0.0027283	-0.0059345	0.00069327	0.019783	0.0011093	0.0034679	-0.02151	-0.93946	-0.0023553	-0.31284	-0.0020784	-0.604	0.0030522	-0.24338	0.0028319	-0.0038779	-0.0045695	0.014749	0.0011093	-0.005814	-0.65808	-0.00097017	0.0030522	0.0012481	-0.071873	-0.033814	-0.60794	0.0033299	0.0077851	-0.0082304	-0.83349	0.0013868	-0.0087146	0.017824	0.0072217	0.0059546	0.010424	-0.0075191	0.004719	-0.030404	0.0012481	0	0.003191	0.1661	-0.00055444	-0.012024	-0.00013862	-0.0085766	0.016565	0.010635	-0.00097017	-0.40716	-0.74307	0.0069435	0.00041593	0.0033299	0.0015255	-0.50324	-0.012358	-0.51671	0.0015255	0.00041593	0.0011093	-0.0044161	-0.25189	-0.92012	0.00094823	0.0056109	-0.033541	-0.0025377	-0.0013858	-8.8703e-05	-0.34159	0	-0.061555	-0.70433	0.00597	0.0089028	0	-0.42407	-0.055634	-0.005933	0.0014612	-0.0027707	0.0026357	0	-0.57388	-0.05496	0.013772	-0.0048461	-0.01849	0.0050957	-0.0013858	0	0.0054139	-0.0026322	0.00013863	-0.4959	0.00027728	-0.0053567	0	-0.39208	0.0055529	-0.0008316	0.0010365	0.0028056	0.0016701	-0.34354	-0.36442	-0.0066432	-0.0072847	-0.0019399	0.042449	0.0079175	-0.0046613	-0.0019399	-0.0062286	-0.0022168	0.0019418	0.0027044	-0.45629	-0.45209	0	-0.0085766	-0.0037395	-0.0012473	0	0.0011936	-0.50806	-0.0081624	0.0024969	0	-0.57842	-0.96128	-0.17208	0.012097	-0.42233	0.0033299	0.001803	-0.0067813	-0.065716	0.0066653	0.0098669	0.013252	-0.0023553	-0.77913	0.00027728	-0.00047605	-0.48949	-0.17873	0	0.0015255	-0.0031859	0	-0.81219	-0.25298	0.00083195	-0.64996	0.0020805	0.0030522	-0.010922	-0.92674	-0.00027724	0.00055459	-0.013264	0.0012481	-0.0054388	-0.0013858	0.0033299	0.0018234	-0.0011087	-0.20448	0.0024969	0.0056919	0.0020805	-0.032587	0	-0.0042929	-0.050883	-0.58913	-0.0073339	0	-0.0045695	-0.025483	0.0019418	-0.01904	-0.00094571	-0.0032025	-0.00097017	-0.0865	-0.0012473	0.0011093	-0.22022	0.00083195	-0.014608	-0.22955	0.0018935	0.0091705	0.0016642	-0.0099565	0.0022193	0.045566	0.0030685	0.0038854	0	0.00027728	-0.0011101	-0.0073339	0.0068044	0.0055529	0.0029133	-0.0029091	-0.62493	-0.004914	-0.005814	-0.16942	-0.0027707	-0.005261	-0.12147	-0.021998	0.00063709	0.0027745	0.0066653	-0.87642	-0.20398	0	-0.65309	-0.0091286	-0.0011087	-0.0087146	0.0049969	-0.090383	-0.53419	-0.0014381	0.0029133	-0.0013858	0.00097064	0.0015175	0	0.004719	-0.20062	0.0026357	-0.0025623	-0.25499	-0.018765	-0.72349	-0.00055444	-0.36136	-0.068481	-0.0099565	-0.17234	-0.105	-0.012438	-0.022058	0.014292	0.0027745	0.00027728	0.012655	0.0058309	-0.00013862	0.011261	-0.020824	-0.0047951	-0.01354	-0.42046	0.023005	-0.0031859	-0.32925	0.040468	-0.00069303	0.020203	-0.089169	-0.0041546	-0.2583	0.0077783	-0.00093113	-0.55897	-0.0059968	-0.0073339	-0.13936	-0.0059314	-0.33144	-0.0031329	0.0053118	-0.79519	0.00032473	-0.13057	-0.28192	-0.002402	-0.16474	-0.0056757	0.0042196	0.039478	0	-0.0022168	-0.00055444	-0.017529	-0.4902	-0.29697	-0.012713	-0.17929	0.00055613	-0.020687	-0.028018	0.0031691	0.0019418	-0.014503	-0.30732	-0.037762	-0.74622	0.00078912	-5.3165e-05	0.00027728	-0.11991	-0.00069303	-0.071472	-0.017254	0.0044808	-0.036129	0	-0.052563	-0.097363	-0.015741	-1.1083	0.00083775	0.0048579	0.0026807	-0.0029091	-0.13264	-0.015741	-0.30651	-0.0027707	0.00097064	-0.00060448	-0.43786	0.0026876	-0.0080244	
Deletion Peak 17 - CN values	5q15    	chr5:98795802-98934559(probes 529829:529893)        	chr5:98847647-98934559(probes 529844:529893)        	chr5:84632611-120600890(probes 522413:541755)      	6.8769e-32	 1.7817e-27		Actual Copy Change Given	-0.024661	-0.0036857	0.024689	-0.00027724	-0.58686	-0.043195	-0.7651	0.0009327	-0.0024406	0	-1.2929	0.00041593	0.0075	-0.64912	-0.23264	-0.00055444	-0.028901	0.0098669	0.003191	-1.2929	0.003191	0.017579	-0.0026322	0.058224	-0.59045	0	-0.2958	-0.030131	0.0016642	-1.2929	0.014051	-0.69387	0.00041593	0.0026357	-0.005814	-0.017803	-0.13807	-0.020687	-0.31622	-0.87899	-0.00013862	-0.00644	-0.0045695	-0.0033243	-0.0033243	-0.21738	0.15906	0.0044411	0.0024969	-0.00069303	0.00020634	-0.0066432	-0.047801	0	0.012237	-0.69992	-0.27404	-0.0019399	0.22222	-0.13316	-0.0019399	-0.039122	0.0030522	0	-0.00041585	-0.038578	-0.17221	0	0.0022193	0.048369	-0.4611	-0.0020784	-0.01002	0.0021463	-0.40074	-0.0022168	-0.58775	-0.005814	-1.2929	-0.41816	-0.025346	-0.00097017	-1.2082	-0.73617	0.0019418	-0.014503	-0.028765	0.0027283	-0.0011087	0.00069327	-0.53388	-0.011473	0.0034679	-0.02151	-0.90806	-0.0023553	-0.30181	-0.34079	0.061365	0.0030522	-0.15694	0.0028319	-0.0084163	0.00027728	-0.80799	0.0011093	-0.033814	0.01447	-0.00097017	-0.89947	0.0012481	-0.066654	-0.061689	0.041919	0.0033299	0.030176	-0.0082304	-0.082934	0.0013868	-0.0087146	-1.1474	-0.49871	0.0059546	0.010424	-0.0075191	-0.53114	-0.068663	0.0012481	0	-0.87922	0.14641	-0.00055444	-0.024661	-0.00013862	-0.0085766	0.015866	0.010635	0.0043021	-0.080408	-1.2929	-0.11809	-0.72438	-0.59117	0.016565	-0.51866	-0.012358	-0.53744	0.0015255	0.00041593	-0.28632	-0.0044161	-0.32449	-1.2929	0.00094823	0.012376	-0.00012482	-0.0025377	-0.0013858	-8.8703e-05	-0.33156	0	-0.1499	-0.0094046	0.0043021	-1.2929	0.0033394	-0.17967	-0.0037395	-0.005933	0.0014612	-0.0027707	0.0026357	0	-0.013127	-0.0012473	-0.01354	-0.0048461	-0.01849	0.0050957	-0.0013858	0	0.0054139	-0.0013858	-0.0008316	-0.49381	0.00027728	-0.0053567	0	-0.38201	0.035524	-0.0008316	0.0010365	0.0091727	0.0016701	-0.24156	-0.36442	-0.0066432	-0.0072847	-0.0019399	0.042449	0.0079175	-0.0046613	-0.0019399	-0.0015243	-0.0022168	0.0019418	0.0027044	0.0015255	-0.95123	-0.010784	-0.0085766	-0.0037395	-0.0028816	0	0.0011936	-0.67269	-0.0081624	0.0024969	0	-0.056442	-0.92577	-0.17094	0.012097	0.053379	0.0033299	0.001803	-0.0067813	-0.087314	0.011818	-0.33618	0.013252	-0.11168	-0.00055444	0.00027728	-0.00047605	-0.0036808	-0.17873	0	0.00013863	-0.0073339	0	-0.81006	-0.25298	0.00083195	-0.62465	-0.00013862	0.0030522	-0.091949	-0.92674	-0.00027724	0.00055459	-0.013264	0.0012481	0.00097064	-0.0013858	-0.36488	0.0018234	-0.0011087	-0.0092049	-0.016101	0.0045786	-0.0030475	-0.032587	0	-0.30004	-0.051558	0.058096	-0.022195	0.018803	-0.028765	0	0.0063871	-0.31634	-0.00094571	-0.020648	-0.00097017	-0.020119	-0.0012473	0.0011093	-0.063838	-0.099868	0.010285	-0.0052357	0.0018935	-0.017116	0.0016642	-0.0099565	0.0022193	0.045566	-0.96157	-0.82627	0	0.00027728	-0.0011101	-0.0023553	0.0068044	-0.59517	-0.42353	-0.0029091	-0.0044312	-0.57516	-0.005814	-0.0015243	-0.0027707	-0.005261	-0.010504	-0.021998	0.00063709	0.0027745	0.020063	-0.30264	-0.21786	0	-1.2929	-0.79586	-0.0011087	-0.0087146	0.0049969	-0.66244	0.00027728	-0.0014381	-0.0033243	-0.025072	0.00097064	0	-0.26913	-0.46078	-0.070001	0.0026357	-0.0025623	-0.4868	-0.018765	-0.0094989	-0.3253	0.0070826	-0.068481	-0.0099565	-0.37932	-0.105	0.0029133	-0.022058	-1.2929	0.0027745	0.00027728	-1.2929	0.025952	-0.00013862	-0.55347	-0.020824	-0.0055707	-0.01354	-0.15195	-0.24982	-0.0031859	0.00097064	0.040468	-0.00069303	0.020203	-0.089169	0.029466	-0.0053616	0.0077783	0.0030522	-1.0369	-0.00073773	-0.0073339	-0.2875	-0.010168	-0.30956	-0.0031329	0.003191	-0.79519	0.00032473	0.0019418	-0.28192	-0.0076634	-0.16871	-0.0056757	0.0042196	0.087679	0	-0.0022168	-0.00055444	-0.017529	-0.49172	-0.0027707	-0.012713	-0.6494	-0.28477	-0.020687	-0.0035366	-0.0011901	0.0019418	-0.014503	-0.65398	-0.037762	0.012934	0.00078912	-0.016567	-0.0031859	0.247	-0.0034627	-0.82244	-0.017254	-0.020865	-0.036129	0	0.011228	-0.097363	-0.015741	-1.2929	-0.0015186	0.020343	0.0026807	-0.011725	-0.11037	-0.015741	0.0062481	-0.0027707	0.00097064	-0.00060448	0.0012755	0.0026876	-0.045228	
Deletion Peak 18 - CN values	5q22.1  	chr5:99167138-122584206(probes 530031:542828)     	chr5:111223150-111501748(probes 535757:535924)    	chr5:84632611-120600890(probes 522413:541755)      	4.3627e-07	    0.06891		Actual Copy Change Given	-0.024661	-0.0036857	0.024689	-0.00027724	0.0077783	-0.043195	0.022725	0.0009327	-0.0024406	0	-0.87689	0.00041593	0.0075	-0.57832	-0.12551	-0.00055444	-0.028901	0.0098669	0.003191	0.049398	-0.026714	0.023614	-0.0026322	0.058224	-0.6746	0	-0.2958	-0.030131	0.0016642	0.048688	0.014051	0.0075	0.00041593	-0.00036222	-0.005814	-0.017803	-0.13807	-0.91093	-0.30604	-0.99207	-0.00013862	-0.00644	-0.0045695	-0.0033243	-0.0033243	-0.0002694	0.15906	0.0044411	0.0024969	-0.00069303	0.00020634	-0.0066432	-0.047801	0	0.49459	-0.47828	-0.27404	-0.0019399	0.21702	-0.13316	-0.0019399	-0.64762	0.0030522	0	-0.00041585	0.00097064	-0.062092	0	0.0022193	0.053806	0.017824	-0.0020784	-0.01002	0.0021463	0.019363	-0.0022168	0.016845	-0.005814	0.040468	-0.41003	-0.025346	-0.00097017	-0.64215	-0.033814	0.0019418	-0.014503	-0.028765	0.0027283	-0.0011087	0.00069327	-0.27977	-0.011473	0.0034679	-0.029994	0.083776	-0.0023553	-0.30404	-0.34687	0.061365	0.0030522	-0.033812	0.0028319	0.0020805	0.00027728	-0.80799	0.0011093	-0.033814	0.01447	-0.00097017	-1.2929	0.0012481	-0.076678	-0.031086	0.038384	0.0033299	0.0022261	-0.0082304	-0.082934	0.0013868	-0.0087146	-0.54703	0.018103	0.0059546	-0.3126	-0.0075191	-0.27217	-0.040073	0.0012481	0	0.0065262	0.15179	-0.00055444	-0.024661	-0.00013862	-0.0085766	-0.83244	0.010982	0.0043021	0.017124	-0.70729	-0.11809	0.0049969	-0.016567	0.016565	-0.48134	-0.012358	-0.048072	0.0015255	0.00041593	-0.0038779	-0.0044161	0.095217	-0.02505	0.00094823	0.012376	-0.00012482	-0.0025377	-0.0013858	-8.8703e-05	-0.34171	0	-0.1499	-0.0094046	0.0043021	-0.6619	0.0033394	0.0019418	-0.0037395	-0.005933	0.0014612	-0.0027707	0.0026357	0	-0.013127	-0.0012473	-0.01354	-0.0048461	-0.00041585	0.0050957	-0.0013858	0	-0.012851	-0.0013858	-0.0008316	-0.38638	0.00027728	-0.0053567	0	-0.38201	0.035524	-0.0008316	0.0010365	0.016286	0.0016701	-0.24156	-0.36442	-0.0066432	-0.0072847	-0.0019399	0.042449	0.0079175	-0.0046613	-0.0019399	-0.0015243	-0.0022168	0.0019418	0.0027044	0.0015255	-0.42626	-0.010784	-0.0085766	-0.0037395	-0.0028816	0	0.0011936	-0.043466	-0.0081624	0.0024969	0	-0.056442	-0.92577	-0.18295	0.012097	0.019503	0.0033299	0.001803	-0.0067813	-0.087314	-0.79636	-0.33618	0.0069817	-0.11168	-0.00055444	0.00027728	-0.00047605	-0.0036808	-0.17873	0	0.00013863	-0.0073339	0	0.029888	-0.25298	0.00083195	0.091155	-0.0024938	0.0030522	-0.00041585	-0.92674	-0.00027724	0.00055459	-0.013264	0.0012481	0.00097064	0.12856	-0.36488	0.0018234	0.00027728	-0.0092049	-0.024661	0.0045786	-0.0030475	-0.032587	0	-0.0018014	-0.051558	0.058096	-0.022195	0.018803	-0.0042929	0	0.0063871	-0.01904	-0.00094571	-0.020648	-0.00097017	0	-0.0012473	-0.38358	-0.063838	0.0040243	0.010285	-0.0052357	0.0018935	-0.46887	0.0016642	-0.0099565	0.0022193	0.045566	0.015587	-0.84363	0	0.00027728	-0.0011101	-0.0023553	0.0068044	0.0027745	-0.42353	-0.0029091	-0.0044312	-0.57516	-0.005814	-0.0015243	-0.0027707	-0.005261	-0.010504	-0.021998	0.00063709	0.0027745	0.020063	-0.024388	-0.21786	0	-0.62188	-0.020687	-0.0011087	-0.0087146	-0.0076101	0.01433	0.00027728	-0.0014381	-0.0033243	-0.025072	0.00097064	0	-0.054286	-0.021647	-0.070001	0.0026357	-0.0025623	-0.032723	-0.018765	-0.0094989	0.0015255	0.0070826	-0.068481	-0.0099565	0.027497	-0.105	-0.0023553	-0.022058	-0.69099	0.0027745	-0.29118	-0.88826	0.01292	-0.00013862	-0.55347	-0.020824	-0.0056247	-0.01354	-0.52133	-0.066386	-0.0031859	-0.00057153	0.040468	-0.00069303	0.030029	-0.089169	0.029466	-0.013368	0.0077783	0.0030522	0.036229	-0.00073773	-0.0073339	-0.28465	-0.010168	0.00013863	-0.0031329	0.003191	-0.79519	0.00032473	0.0019418	-0.28049	-0.0076634	-0.16871	-0.0056757	0.0042196	0.061222	0	-0.0022168	-0.00055444	-0.017529	-0.49172	-0.0027707	-0.012713	-0.6494	-0.019862	-0.020687	-0.0035366	-0.0011901	0.0019418	-0.014503	0.0093098	-0.0063668	0.012934	0.00078912	-0.016567	-0.0031859	0.24373	-0.0034627	-0.82244	-0.017254	-0.020865	-0.036129	0	0.011228	-0.097363	-0.015741	0.024127	-0.0015186	0.013632	0.0026807	-0.011725	-0.11037	-0.015741	0.0062481	-0.0027707	0.00097064	-0.00060448	0.0012755	0.0026876	-0.032006	
Deletion Peak 19 - CN values	6p24.3  	chr6:4064866-10418336(probes 580999:585621)          	chr6:7099544-7254035(probes 583254:583351)            	chr6:5520637-7553762(probes 581953:583521)            	0.030333	   0.030574		Actual Copy Change Given	0.012795	-0.052666	0.0023581	-0.0019399	-0.0098185	0.0010947	-0.0057933	0.0010714	-0.0049844	0	0.66364	0.0015255	0.0012481	0	0.010424	0.00083195	-0.078544	-0.019726	-0.0066361	0.0080567	0.00097064	0.004489	0.0026357	-0.007472	0.0033709	0.00016056	-0.18006	0.006109	-0.0049844	-0.0016629	-0.016154	0.013632	-0.0008316	-0.3487	-0.40196	0.013632	-0.00027724	-0.0049844	-0.23689	0.12358	0.0057869	0.010006	-0.0036011	-0.00027724	-0.005814	0.0026357	-0.10368	-0.0012473	0.00458	-0.00051313	-0.0015243	-0.07731	0.018523	0.0093098	0.0094491	0.0052935	-0.36884	0.00013863	0.42637	-0.0015243	-0.0016629	-0.019726	-0.0196	-0.40094	-0.0012473	-0.0023553	-0.0012473	0.00597	-0.0024938	0.041175	-0.005814	-0.014919	-0.0013108	-0.35798	-0.035176	-0.0036011	0.034254	0.0065262	-0.02562	-0.0036849	-0.015191	-0.41113	0.0020805	-0.0085766	0	-0.011198	-0.075078	0.0026215	0.0012481	-0.0098185	-0.011749	-0.0013858	-0.0013866	0.011261	-0.0055375	0.0020805	-0.0081624	0.31867	-0.0095426	0.00097064	0.002518	-0.002575	-0.0070576	-0.057385	-0.00097017	-0.0013858	-0.037898	-0.2027	0.00027728	-0.0080244	-0.0055375	-0.056981	-0.014503	-0.0037036	0.0013868	-0.56096	-0.0089319	0.040609	-0.0011087	-0.0015243	-0.01037	-0.00027724	-0.014751	0.00041593	-0.10123	-0.00027724	0.0029133	-0.0011087	-0.040073	-0.0030475	-0.30141	-0.0012473	-0.02603	-0.0067813	-0.0073339	-0.088242	0	-0.0055375	0.0011093	-0.0036011	0.0030522	0.0012481	-0.00013862	-0.0019399	-0.0049844	-1.1698	-0.016017	-0.0008316	0.0028065	-0.0029091	0.00084711	-0.096044	0.1747	0.00069327	-0.0073339	-0.0029091	-0.0030339	-0.0024938	-0.0094307	-0.32878	0.00041593	-0.0012473	0.016146	-0.0016629	-0.00054364	0.19893	0.031436	0.00097064	0.0058893	-0.0092156	0.00041593	0.67252	-0.00013862	-0.13199	0.010842	-0.021921	0.0038854	-0.076545	-0.0031859	-0.00055444	-0.0058372	-0.29508	-0.39564	0	-0.013022	0.00097064	-0.0037395	-0.00069303	0.28406	-0.024524	-0.0087392	-0.0011815	-0.011335	0.0050028	0.00069327	-0.32472	-0.0091286	-0.031174	0.0049969	-0.10644	0.003191	0.000733	-0.005814	-0.0040162	-0.0027707	0.003191	-0.0040861	-0.0063668	-0.00027724	-0.0017867	-0.0080244	0.00055459	-0.0024938	0.006109	-0.0018557	-0.0061347	-0.0092666	0.0016642	-0.0008316	0.0075	-0.99172	-0.0047079	-0.093271	-0.061689	-0.00013862	0	0.0017375	-0.040888	-0.0008316	-0.34996	-0.0045316	0.00055459	-0.053746	0.00041593	-0.00019884	0	-0.064911	0.0058309	-0.23692	-0.0029091	0.0030522	-0.0092002	-0.00027724	-0.0011087	0.042732	0.0094491	0.0011093	-0.0012473	0	0.0051359	-0.0023553	-0.36906	-0.0036011	-0.0016629	-0.0036011	0.003191	-0.0045695	-0.0016629	0.35456	0.032986	0.0015451	0	-0.0049844	0.0027745	0.0058309	0.0025257	0.021729	-0.0083005	-0.30698	-0.039258	-0.0038779	0.31964	-0.033269	-0.0016629	-0.11325	-0.0036664	-0.0080052	-0.00041585	-0.0030475	-0.31202	0.0070826	0.0042833	-0.0039009	0.00027728	0.0016642	-0.0036011	0	-0.00069303	-0.023292	-0.023977	-0.0012473	-0.00048516	-0.019863	-0.0009312	-0.0034627	-0.010436	-0.0036011	-0.0073624	-0.0094046	-0.55967	-0.00027724	0.0051359	-0.01037	-0.0095426	0.0044411	0.006113	-0.0066432	0.0037465	-0.0029091	-0.27894	-0.02151	-0.95377	-0.0017653	0.0029022	-0.0063668	0.0015255	0.00027728	0.0022193	-0.01904	0.006109	-0.0012473	0	0.0020805	-0.0031579	0.18707	0.0065262	0.0040243	0.0037465	0.0011093	-0.0036696	-0.0049844	-0.047124	-1.1071	0.00097064	0.063223	-0.040021	0.00055459	0	0.49545	-0.018078	0.0033299	-0.037391	-0.00027724	-0.007609	-0.021373	-0.0044286	-0.028901	-0.01106	0.68068	0.042501	0.010564	0.0076392	-0.011335	-0.0011087	0.0041632	-0.0034627	-0.0008316	-0.0041546	-0.028669	-0.0027416	-0.00055444	0.11242	-0.0012307	-0.010232	-0.0025396	-0.0024938	0.00097064	-0.0023553	-0.0012324	-0.012713	-0.036674	-0.80078	-0.002031	0.013213	-0.037762	0.005228	-0.02222	-0.0071958	-0.00063676	-0.031905	-0.00055444	-0.0008316	0	-0.003338	0	0.0094491	0.006109	-0.11574	-0.0027691	0.0054139	-0.00076697	0.0040031	0.0020805	-0.01354	-0.080807	-0.30369	-0.00097017	-0.00059724	-0.00097017	0	0	-0.0024938	-0.02603	0.001803	0.0054139	0	-0.0061972	0.0064934	-0.39464	-0.59701	-0.031768	-0.35726	0.0043021	0	-0.24995	-0.0018014	0.0065262	0.0043021	-0.007472	0.0016642	8.8574e-05	-0.46598	-0.0092666	0.020063	
Deletion Peak 20 - CN values	6q14.3  	chr6:87090342-87291345(probes 627407:627523)        	chr6:87145513-87264648(probes 627440:627499)        	chr6:67551269-124820304(probes 616360:648666)      	8.0999e-57	 1.1408e-47		Actual Copy Change Given	-0.010094	-0.051181	-0.75582	-0.0019399	-1.134	-0.031359	-0.039801	0.0010714	-0.0049844	0	-0.88635	0.0015255	-0.068127	0.010411	-0.64593	0.0013334	-0.019177	-0.019726	0.00083195	-0.82211	-0.0031859	-0.67707	-0.0016629	-0.012712	-0.61448	0.0022412	-0.1581	-0.59292	-0.0049844	-0.84859	-0.56455	-0.044415	-0.0008316	-0.0036011	-0.39946	-0.012511	0.0030522	-0.0078863	-0.23899	0.07671	0.0015918	-0.0066432	-0.76064	-0.00027724	-0.49475	-0.21218	-0.62255	-0.46078	-0.0014372	0.0027745	-0.064508	-1.0127	-0.0056757	-0.0011087	-0.51527	-0.54613	-0.36884	0.00013863	-0.62969	-0.14091	-0.0016629	-0.65755	-0.20908	-0.0013595	-0.010508	0	-1.0103	-0.0062313	-0.38493	-0.49642	-0.4678	0	-0.013409	-0.34067	-0.44502	-0.014778	-0.61393	0.0073609	-0.67729	-0.4644	-0.36181	-0.0015243	-0.018902	-1.2929	-0.18546	-0.011198	-0.081503	0	-0.093139	-0.0098185	-0.45297	-0.41751	-0.0010383	-0.04211	-0.91995	-0.19061	-0.30475	-0.34159	-0.6726	-0.7265	0.0019432	-0.091894	-0.89626	-0.087977	-0.81376	-0.5715	-0.02384	-0.24168	0.00027728	-0.92815	-0.0055375	-0.46366	-0.089302	-0.63526	-0.10775	-0.40484	-0.016017	-0.03885	-0.17689	-0.0038747	-0.56326	-0.50567	-0.027644	-0.31926	-0.020047	-0.27248	0.0029133	-0.0011087	-0.083997	-0.36952	-0.31897	-0.0931	-0.0092666	-0.41135	-0.74194	-0.083333	-0.13406	-0.076545	-0.52573	-0.007472	-0.34067	0.0012481	0.0023581	-0.80219	-1.0033	-0.36725	-0.50339	0.0058309	-0.16586	-0.057623	0.00084711	-0.74098	-0.94106	0.00069327	0.0027745	-0.0029091	0.0041632	0.0024969	-0.70856	-0.69875	0.00041593	-0.040752	-0.014366	-0.0016629	-0.6399	-0.00097017	-0.41344	0.00097064	-0.065161	-0.86696	0.00041593	-0.73222	-0.54925	-0.19725	-0.049559	-0.071472	-0.026988	0.00083195	-0.0031859	-0.00055444	0.0011093	-0.29863	-0.041295	-0.0073089	-0.39519	0.00097064	-0.0037395	-0.00069303	0.073402	-0.83881	-0.18949	-0.0011815	-0.83696	-1.0103	-0.57546	-0.3495	-0.0091286	-0.044713	0.0058309	-0.89534	-0.68688	-0.032684	-0.41773	-0.0040162	-0.030267	0.00458	0.0047878	-0.45896	-0.43094	-0.0017867	-0.0080244	0.00055459	-0.0031183	0.00078742	-0.0018557	-0.69703	-0.0092666	0.0016642	-0.0008316	-0.040345	0.017264	0	-0.097495	0.060794	-0.00013862	-0.0036011	0.0017375	-0.029325	-0.77804	-0.68533	-0.0045316	0.00055459	-0.075745	0.00041593	-0.00019884	-0.0033243	-0.21907	0.0019418	-0.24667	-0.0077415	-0.12784	-0.79494	-0.2396	-0.0011087	-0.5717	-0.00051338	-0.069064	-0.0045695	-0.10066	0.0051359	0	0.00083195	-0.0036011	-0.10145	-0.0036011	0.0016642	-0.0045695	-0.0016629	-0.016144	-0.19237	-0.0084662	-0.26504	-0.024798	-0.031496	-0.010094	0.0025257	-0.63539	0.0055529	-0.073343	-0.058462	-0.0038779	-0.11051	-0.32263	-0.0016629	-0.0071958	-0.0024892	-0.19723	-0.0015243	-0.0030475	-0.019177	-0.68815	-0.22047	-0.21278	0.00027728	-0.47754	-0.0033243	-0.24958	-0.0023744	-0.023292	-0.045635	-0.81933	0.0030522	-0.019863	0.00047667	-0.0034627	0.0072217	0.0023581	-0.43235	-0.0094046	-0.011887	-0.58735	0.0068044	-0.01037	-0.0095426	-0.72004	-0.018349	-0.0066432	-0.13419	-0.65277	-0.81901	-0.42538	-0.93105	-0.0085766	0.041458	-0.85146	0.0015255	-0.012851	-0.65668	-0.3304	-0.00013862	-0.0012473	-0.074678	-0.00027724	0.006109	-0.005261	-0.40005	-0.42735	-0.19937	-0.22429	-0.0036696	-0.47533	-0.055757	-1.0932	-0.32495	-0.10438	-0.058279	-0.0096	-0.4065	-0.043466	0.0024969	-0.5355	-0.70148	-0.036401	-0.007609	-0.93053	0.019223	-0.028901	-0.55467	0.67586	-0.0021658	-0.87424	-0.56485	-0.6655	-0.0011087	-0.017941	-0.0034627	-0.0008316	-0.60012	-0.23484	-0.60786	-0.25225	-0.39708	-0.00041585	-0.53541	-0.0022615	-0.0024938	-0.32065	-0.0093263	-0.34423	-0.012713	-0.3856	-0.018628	-0.002031	-0.71977	-0.38672	-0.23059	-0.1435	-0.0071958	0.0017206	-0.86334	-0.14232	-0.0008316	0	-0.11861	0.01433	-0.28525	-0.017465	-0.11652	-0.25182	-0.017666	-0.0067169	-0.0015243	0.00083195	-0.51774	-0.11037	-0.20249	0.014888	-0.00059724	-0.037354	0	0	-0.40694	-0.0091286	-0.020138	-0.096308	-0.36578	-0.0061972	-0.32766	-0.37921	0.00041593	-0.66201	-0.347	-0.66929	0.0017092	-0.87697	-0.10395	-0.12642	0.012655	-0.007472	-0.29414	8.8574e-05	-0.0021895	0.0070826	-0.88951	
Deletion Peak 21 - CN values	6q22.1  	chr6:112348886-116754468(probes 641820:644348)    	chr6:116089843-116247609(probes 643993:644066)    	chr6:67551269-124820304(probes 616360:648666)      	1.7157e-26	 1.1779e-10		Actual Copy Change Given	-0.010094	-0.021235	-0.75582	-0.0019399	-0.59828	-0.010094	0.0052749	0.0010714	-0.0049844	0	-1.2929	0.0015255	-0.068127	0.010411	-0.50536	0.0070826	-0.019177	-0.019726	0.00083195	-0.82211	-0.0031859	-0.67707	-0.0016629	-0.012712	-0.61265	0.0022412	-0.1581	-0.59851	-0.0049844	-0.81038	-0.0064688	0.0033299	-0.0008316	-0.0036011	-0.40539	-0.012511	0.0030522	-0.015879	-0.23899	0.058795	0.0015918	-0.54593	-0.76064	-0.00027724	-0.013815	-0.29059	-0.62255	0.011498	-0.0014372	0.0027745	-0.013264	-0.122	-0.0056757	-0.0011087	-0.51043	-0.54613	-0.36884	0.00013863	-0.62969	-0.14091	-0.0016629	-0.64452	-0.20908	-0.011579	-0.010508	0	-0.17398	-0.0062313	-0.33699	-0.00013862	-0.4678	0	-0.013409	-0.35988	-0.016704	-0.014778	-0.62179	0.082043	-0.67729	-0.42996	-0.34607	-0.0066432	0.0052749	-0.058731	-0.18546	-0.011198	-0.077745	0	-0.10107	-0.0098185	-0.29768	-0.41751	-0.0010383	-0.065763	0.032563	-0.00082548	-0.31439	-0.34159	0	-0.7265	-0.084394	0.0015829	-0.89626	-0.087977	-0.81376	-0.011335	-0.027124	-0.22318	0.00027728	0.0049969	-0.014478	0.08161	0.60539	-0.60029	-0.10775	-0.37763	0.017404	-0.03885	-0.12343	-0.62589	-0.56027	-0.49736	-0.027644	-0.31926	-0.020047	-0.24411	0.0029133	-0.0011087	-0.032996	-0.35772	-0.31897	-0.0020784	-0.062764	-0.35965	-0.75513	-0.015054	-0.13406	-0.079742	-0.52573	-1.2929	-0.33883	0.0015255	-0.0020784	-0.80219	-1.0033	-0.36725	0.00083195	0.0058309	-0.3356	-0.053611	0.00084711	-0.74355	-0.94106	0.00069327	0.0027745	-0.0029091	0.0041632	0.0024969	-0.0088787	-0.73661	-0.0013858	-0.040752	-0.014366	-0.0016629	0.0057027	-0.00097017	-0.25467	0.00097064	-0.013107	0.0038854	0.00041593	-0.73353	0.0024969	-0.24788	-0.049559	-0.071472	-0.089434	0.00083195	-0.0031859	-0.00055444	-0.0026322	-0.0059522	-0.063177	-0.0073089	-0.0080244	0.00097064	-0.015821	-0.00069303	0.053664	-0.83777	-0.020275	-0.0011815	0.0030522	-0.010057	-0.57506	-0.3495	-0.0091286	-0.044713	0.0058309	-0.12966	-0.68688	-0.032684	-0.043059	-0.010115	-0.023977	-0.00069303	0.0047878	-0.45896	-0.43159	-0.0017867	-0.0080244	0.00055459	-0.0031183	-0.0080244	-0.0018557	-0.6237	-0.10473	0.0016642	-0.0008316	-0.040345	0.032422	-0.0015243	-0.073343	0.060794	-0.00013862	-0.0036011	0.0017375	-0.035448	-0.78346	-0.67619	0.0023962	-0.12082	-0.075745	0.00041593	-0.00019884	-0.011749	-0.21907	-0.71737	0	-0.0077415	-0.12174	-0.80857	0.0030522	-0.0011087	-0.55427	-0.00051338	-0.069064	-0.012713	-0.10066	0.0051359	0	-0.02384	-0.0036011	-0.10145	-0.0036011	0.0016642	-0.0045695	0.00069327	-0.015701	0.0041632	-0.018765	-0.10565	-0.024798	-0.031496	-0.010094	-0.36633	-0.032971	0.0034178	0	-0.058462	-0.0038779	-0.11051	-0.32263	-0.0016629	-0.0071958	-0.0024892	-0.0051035	-0.0015243	-0.0030475	-0.034359	-0.70262	-0.00097017	-0.0026069	0.00027728	0.0037465	0.0040243	-0.10487	0.015866	-0.023292	-0.01106	-0.81203	-0.00062981	-0.019863	0.00047667	-0.0034627	0.0072217	-0.0008316	-0.46727	-0.0097696	-0.011887	-0.56624	-0.70181	-0.01037	-0.0095426	-0.72004	-0.018349	-0.0066432	-0.050701	0.00013863	-0.82481	-0.80219	-0.95348	-0.0085766	-0.6314	-0.85567	0.0015255	-0.012851	0.0019418	-0.36544	-0.00013862	-0.0012473	-0.074678	-0.00027724	0.006109	-0.011611	-0.37392	-0.31576	-0.027398	-0.22429	-0.0036696	0	-0.055757	-1.0932	-0.32414	-0.10438	-0.058279	-0.0096	0.0058309	-0.11064	0.0023581	-0.54754	-0.69426	0.0015255	-0.0069195	-0.88186	0.019223	-0.028901	-0.56744	0.67715	-0.0021658	-0.015879	-0.42418	-0.04648	-0.0011087	-0.017941	-0.00069303	-0.025346	-0.60495	-0.23484	-0.086518	-0.27009	-0.39708	-0.00041585	-0.5419	-0.0022615	-0.0024938	-0.28549	-0.0093263	0.0083351	-0.005261	-0.00075732	-0.010646	-0.002031	-0.010922	0.030451	0.00036914	-0.1435	-0.0071958	0.0017206	-0.89088	0.0049969	-0.0008316	0	-0.11861	0.01433	-0.0092666	-0.017465	-0.11652	-0.24338	-0.017666	-0.0067169	-0.0015243	0.00083195	-0.046854	-0.11037	-0.20087	0.0087473	-0.00059724	-0.037354	0	0	-0.0029091	0.069382	-0.020138	-0.025756	-0.01106	-0.0042929	-0.32568	-0.81244	0.00041593	-0.64198	-0.33767	0.016565	0.0017092	-0.87697	-0.010784	-0.12642	-0.022606	-0.007472	0.0029133	8.8574e-05	-0.0021895	-0.70567	-0.032041	
Deletion Peak 22 - CN values	8p23.2  	chr8:2166023-6404670(probes 760131:762071)            	chr8:2926897-4996752(probes 760167:761667)            	chr8:3689291-3690727(probes 760918:760919)            	0.03429	   0.034152		Actual Copy Change Given	-0.62503	-0.15131	-0.014228	-0.0030475	-0.607	-0.077078	0.59872	-0.068164	0.0044411	-0.00098438	0.75949	0.0011093	-0.73722	0.003191	-0.41674	-0.0051227	-0.69685	-0.052126	-0.0049844	-0.87483	-0.55186	-0.6489	-0.4034	-0.0026322	0.034014	-0.029153	-0.58677	-0.0031859	-0.00097017	-0.86389	-0.87432	0.01295	-0.0011087	-0.34315	-0.62073	-0.5349	-0.77031	-0.84323	-0.71453	-0.02151	-0.0023553	-0.55537	-0.77575	-0.37876	-0.48123	-0.20124	0.046614	0.0056919	-0.023703	0.0027745	-0.0013858	-0.98111	0.038206	-0.0027707	-0.53104	-0.18647	0.047552	-0.60158	-0.57644	-0.14052	-0.0020784	0.61492	0.011539	-0.55572	-0.77397	-0.18471	-0.3668	0.00083195	-0.020001	-0.59643	-0.014366	0.034254	0.00090704	-0.74412	0.006109	-0.0008316	-0.45501	-0.042788	0.0077783	0.0020805	-0.62693	-0.0085766	-0.58765	-0.00027724	-0.22982	-0.41751	-0.15682	-0.00050522	0.0020805	-0.44189	-0.059942	-0.42735	-0.0023561	-0.22969	-0.55108	-0.68861	-0.021647	0.049824	0.046464	-0.018078	0.022025	-0.18547	0.029184	-0.56296	-0.83156	-0.38493	-0.86309	-0.62408	0.0052749	-0.98435	0.0063871	-0.45012	-0.0042929	0.069132	-0.10579	0.0045868	0.35477	-0.82277	-0.0073343	0.0036076	0.0065262	-0.02384	0.23598	0.00096835	-0.96555	0.0023581	-0.3119	-0.13044	-0.098814	0.0026357	0.48052	0.00055459	-0.69414	-0.28025	-0.74377	-0.85583	0.0049969	0.010982	-0.54007	-0.76826	0.0070826	-0.0053992	0.00083195	-0.054016	-0.98815	-0.84555	0.12476	0.0070197	-0.28465	-0.0023129	0.0027897	-0.74655	-0.011727	0.0036076	-0.68624	-0.0042929	0.00013863	-0.00041585	0.027611	0.17996	-0.54189	-0.022744	0.044715	-0.78269	-0.0020676	0.00083195	-0.25758	0.003191	0.0050162	-0.0012594	-0.00097017	-0.75418	-0.55617	-0.59838	-0.78015	-0.83316	-0.013127	-0.0019399	0.0090312	0	-0.42833	-0.04048	-0.39937	-0.46557	-0.1092	0.00097064	-0.17474	0.0069435	-0.43148	-0.90411	-0.00055444	-0.74573	-0.86633	-1.0364	-0.58215	-1.0942	-0.05725	-0.76387	0.00013863	-0.76698	-0.11378	-0.1379	-0.42724	-0.27727	-0.025932	0.0027745	-0.0027021	0.0043021	-0.15324	-0.84515	0.015587	-0.0019099	0.0011093	-0.032041	0.012042	-0.20187	-0.022058	-0.0048461	0.0025419	-0.63527	-0.9857	-0.36374	-0.040345	0.081322	-0.0019297	-0.018628	-0.0013858	0.044999	-0.81376	-0.19462	-0.25149	-0.02562	-0.025756	-0.0041546	-0.00033745	-0.56067	-0.55557	-0.0030475	-0.2463	-0.0016629	0.013911	-0.048207	-0.2473	0	0.64359	-0.0034627	0.0052749	-0.23728	-0.86827	-0.00055444	-0.17006	-0.39897	0.0013868	-0.10368	-0.13303	-0.36839	0.0049969	-0.019589	0.018243	-0.0089906	-0.15272	-0.0022168	0.023426	-0.025072	-0.29023	-0.01956	0.6117	-0.016017	0.038074	0.035242	-0.078011	-0.44383	-0.30329	-0.53165	-0.70675	0.0026357	-0.29176	-0.3105	0.00067391	-0.47469	-0.66753	-0.68906	-0.22657	-0.16404	-0.0029091	-0.81477	-0.01409	-0.94146	0.011958	0.2087	-0.84803	-0.00027724	0.2253	0.0011701	0.00055459	-0.42833	-0.60477	-0.43029	-0.00097017	-0.61452	-0.0034627	0.69185	-0.007472	-0.69151	-0.9776	-0.46992	-0.87433	-0.22932	-0.017254	-0.070536	-0.42418	-0.9686	-0.48796	-0.00097017	-0.86373	-0.37977	-0.93555	0.00097064	-0.34393	0.0012481	0	-0.38526	-0.0008316	0.0098669	0.0029133	-0.035993	-0.30604	-0.57467	-0.17449	-0.56141	0.19664	-0.02151	-1.0981	-0.33352	0.051672	0.1075	-0.48102	-0.18446	-0.62121	-0.012024	-0.54834	0.029005	-0.0012473	-0.00055444	-0.00097017	-0.00097017	-0.55066	-0.0095426	1.0782	0.0017154	-0.81868	0.069239	-0.057654	0.00069327	-0.52113	-0.23496	-0.0084385	-0.044822	-0.27798	-0.02384	-0.22687	-0.3963	0.0011093	0.15054	-0.24756	-0.66365	-0.028355	-0.0035187	-0.0099565	0.0023581	-0.39615	-0.79411	-0.0021694	0.0081959	-0.16332	-0.84329	-0.20898	-0.57536	-0.010314	0.026514	-0.13626	0.06537	-0.22047	-0.024825	-0.12213	-0.29023	-0.41069	0.18768	-0.031358	-0.61297	-0.84942	-0.0059522	-0.0026322	-0.27494	-0.22539	-0.019863	-0.7577	-0.33287	-0.83397	-0.28387	-0.0038779	0.0062481	-0.12616	-0.64471	0.012237	-0.68186	-0.14065	-0.32626	0.12889	0.016845	0.29215	-0.0077424	-0.0055375	0.0011543	0.034959	0.0096997	-0.78412	0.0070826	-0.7297	-0.0013858	-0.12568	-0.46508	-0.71408	-0.0063668	
Deletion Peak 23 - CN values	8p21.3  	chr8:22345922-23137715(probes 772135:772499)        	chr8:22680872-22698068(probes 772224:772225)        	chr8:17605493-28179116(probes 768269:776122)        	3.1643e-12	 3.1332e-12		Actual Copy Change Given	-0.62503	-0.14412	-0.011473	-0.0030475	-0.607	-0.39619	0.59872	-0.068164	0.0044411	-0.00098438	0.74956	0.0011093	-0.73722	0.003191	-0.54774	-0.051046	-0.69685	-0.052126	-0.85399	-0.8599	-0.55186	-0.6489	-0.4034	-0.10355	-0.60455	-0.029153	-0.58677	-0.0031859	-0.00097017	-0.85789	-0.87432	-0.85805	-0.0011087	-0.33871	-0.61178	-0.5349	-0.77031	-0.8861	-0.71453	-0.53195	-0.0023553	-0.55537	-0.76832	-0.37876	-0.48123	-0.20124	0.046614	0.00083195	-0.023703	0.0027745	-0.48197	-0.88696	0.01433	-0.0027707	-0.53104	-0.44986	0.047552	-0.60158	-0.57644	-0.14348	-0.0020784	-0.64133	-0.74455	-0.9552	-0.80782	-0.18471	-0.3668	0.00083195	-0.1712	-0.53368	-0.014366	0.0040243	-0.011399	-0.74412	-0.42668	-0.0008316	-0.44545	-0.042788	-0.7156	-0.42669	-0.74368	-0.52828	-0.58765	0.0037465	-0.40804	-0.41751	-0.15682	-0.00050522	0.0020805	-0.44189	-0.059942	-0.42735	-0.0023561	-0.22969	-0.95746	-0.67985	-0.31844	-0.30768	0.05637	0.0013868	0.0101	-0.19119	0.034395	-0.56296	-0.83156	-0.38493	-0.85178	-0.62188	-0.19562	-0.94686	-0.01154	-0.44631	-0.016429	0.059974	-0.09578	-0.086645	-0.45469	-0.81326	0.0040243	-0.67141	-0.58441	-0.45597	0.23598	0.00096835	-0.96555	-0.27052	-0.3119	-0.13044	-0.11205	0.0026357	0.48475	0.00055459	-0.69414	-0.3527	-0.73792	-0.85583	0.0049969	0.010982	-0.54007	-0.76877	-0.34481	-0.84427	-0.049559	-0.054016	-0.98815	-0.84555	-0.49393	-0.81901	-0.47501	-0.0023129	-0.67728	-0.74655	-0.011727	0.0036076	-0.69381	-0.0042929	0.00013863	-0.00041585	-0.7003	-0.60487	-0.54189	-0.022744	-0.69767	-0.76742	-0.0020676	0.00083195	-0.30862	-0.01221	-0.056828	-0.0012594	-0.0055965	-0.75418	-0.53591	-0.59838	-0.78015	-0.81753	-0.013127	-0.079875	-0.40827	0	-0.42833	-0.04048	-0.39096	-0.85234	-0.099472	0.00097064	-0.22982	0.0069435	-0.43148	-0.91256	-0.00055444	-0.74573	-0.86633	-1.0232	-0.57051	-1.0818	-0.38224	-0.75803	-0.27679	-0.78972	-0.11024	-0.90242	-0.42724	-0.27727	-0.4661	0.0027745	-0.0027021	0.0043021	-0.18999	-0.84515	-0.67076	-0.062764	0.0011093	-0.12148	-0.35947	-0.26901	-0.4256	-0.12538	0.0025419	-0.63527	-0.99493	-0.36374	-0.040345	-0.41355	-0.0019297	-0.018628	-0.0013858	0.010982	-0.80923	-0.17714	-0.25149	-0.02562	-0.025756	-0.027808	-0.00033745	-0.56067	-0.48429	-0.0030475	-0.2463	-0.0016629	-0.36544	-0.60883	-0.2473	0	-0.7001	-0.32124	-0.077478	-0.28786	-0.86827	-0.00055444	-0.32135	-0.82211	0.0013868	-0.10368	-0.13303	-0.36839	0.0049969	-0.5711	-0.3479	-0.0089906	-0.15272	-0.0022168	0.04362	-0.080408	-0.29023	-0.096809	0.6117	-0.050911	0.010285	-0.81556	-0.078011	-0.44383	-0.30122	-0.53165	-0.70535	0.0026357	-0.32981	-0.3105	0.00067391	-0.47469	-0.62751	-0.68906	-0.23323	-0.17411	-0.063569	-0.80799	-0.01409	-0.94146	0.011958	-0.12551	-0.85652	-0.00027724	0.2253	0.0011701	-0.69622	-0.42833	-0.60555	-0.43029	-0.32797	-0.60893	-0.0030475	-0.71791	-0.007472	-0.69151	-0.96395	-0.54017	-0.8548	-0.2738	-0.066252	-0.28049	-0.21169	-0.94276	-0.48796	-0.00097017	-0.86373	-0.37977	-0.92189	0.00097064	-0.33453	0.0012481	0	-0.6121	-0.0008316	-0.13923	-0.18383	-0.11024	-0.35327	-0.57891	-0.17449	-0.56141	0.20045	-0.02151	-1.0981	-0.33352	-0.32356	-0.3234	-0.48102	-0.24484	-0.62121	-0.010356	-0.54834	-0.021136	-0.0012473	-0.29035	-0.40716	0	-0.55066	-0.0095426	1.0782	0	0.012376	0.067948	-0.74534	0.00069327	-0.33606	-0.23496	-0.0084385	-0.046448	-0.27798	-0.02384	-0.25564	-0.3963	-0.026167	0.062365	-0.25568	-0.66365	-0.028355	-0.0035187	-0.35692	0.0023581	-0.39615	-0.79411	-0.0021694	-0.69857	-0.34102	-0.84329	-0.20898	-0.57536	-0.49356	-0.024935	-0.37012	-0.38044	-0.22047	-0.024825	-0.70765	-0.29023	-0.41069	0.18768	-0.02767	-0.60022	-0.83604	0.0040243	-0.0026322	-0.28346	-0.22539	-0.35863	-0.7577	-0.33287	-0.83397	-0.27958	-0.36215	-0.40097	-0.37966	-0.64471	0.012237	-0.68186	-0.14065	-0.32626	-0.95652	-0.59546	-0.70307	-0.0077424	-0.0055375	0.0011543	-0.58481	-0.55437	-0.78412	-0.71897	-0.75153	-0.022881	-0.12568	-0.45231	-0.72075	-0.87902	
Deletion Peak 24 - CN values	8p11.21 	chr8:41894191-42158596(probes 784054:784175)        	chr8:42046571-42112251(probes 784128:784150)        	chr8:39902092-42788717(probes 782643:784594)        	0.0001671	 0.00016771		Actual Copy Change Given	-0.61104	-0.13238	-0.011473	-0.0030475	-0.607	-0.0008316	0.59872	0.06004	0.0044411	-0.00098438	0.7614	0.0011093	0.0062481	0.003191	0.22947	-0.46874	1.2996	-0.00013862	0.006109	0.42419	0.0015255	-0.008529	-0.015238	0.10264	0.0085155	-0.029153	-0.58265	-0.0031859	-0.00097017	-0.048223	-0.87432	-0.81244	-0.0011087	-0.33006	-0.59944	-0.093139	-0.77031	0.0019418	-0.71426	-0.52634	-0.0023553	-0.55537	-0.76813	-0.37076	-0.41553	-0.20124	0.92371	0.0066653	-0.023703	0.0027745	-0.47818	-0.87876	0.01433	-0.0027707	0.023426	-0.0084497	0.052099	-0.60158	-0.57644	-0.14348	-0.0020784	0.5971	-0.73442	-0.007992	-0.75943	-0.16561	-0.30251	0.00083195	-0.1712	-0.027899	-0.014366	0.0040243	0.041676	0.33982	0.027357	-0.0008316	-0.43767	-0.042788	0.021744	-0.42669	-0.63906	-0.0015918	2.4856	-0.025794	-0.2952	0.0051359	-0.14026	-0.00050522	0.0020805	-0.44189	-0.059404	-0.42735	-0.0023561	-0.22883	-0.0098185	-0.25147	-0.0056757	-0.30768	0.060936	0.0013868	-0.75089	-0.19119	0.034395	0.00083195	-0.0085766	-0.38493	-1.2929	0.64726	0.00069327	-0.94686	-0.0020115	-0.42713	-0.022058	0.057405	-0.09578	-0.012982	-0.45744	-0.81326	0.0040243	0.0076392	-0.038034	-0.0061573	0.23598	0.00096835	-0.96555	0.0012481	-0.27327	-0.011521	-0.073258	0.0026357	0.48475	0.00055459	0.71133	0.26263	0.0072217	-0.38246	0.0049969	0.0077783	-0.52481	0.54771	0.0041632	-0.81786	-0.0055375	-0.017803	-0.98815	-0.84555	0.15915	-0.0087146	-0.2913	0.006109	-0.67728	-0.74655	1.8754	0.0036076	-0.0069195	-0.0042929	0.00013863	-0.00041585	0.0065	0.43154	-0.51218	0.0026357	0.014609	0.0049969	-0.0020676	-0.0024938	-0.24034	-0.0016629	-0.056828	0.0019424	-0.0055965	0.0063871	-0.53591	-0.57684	1.6086	0.71584	-0.013127	-0.082801	0.0048579	0	-0.32577	0	-0.39096	0.00083195	0.44054	0.00097064	-0.2102	0.0069435	-0.43148	-0.90358	-0.00055444	0.0022852	0.75166	-0.99157	-0.5347	-0.29508	-0.055769	-0.74869	0.00041593	-0.78972	-0.1203	-0.85374	0.028903	0.00597	0.040044	0.0027745	-0.57925	0.0043021	0.26341	-0.8405	0.0095883	-0.0027707	0.0011093	-0.027535	0.00050019	0.17332	-0.28703	-0.12538	0.0025419	-0.61037	-0.95203	-0.1779	-0.040345	0.032281	-0.0019297	-0.018628	-0.0013858	0.010982	-0.78074	0.14102	-0.25149	0.0040397	0.0015255	-0.0014928	-0.0024424	-0.52123	3.6569	-0.0030475	-0.2463	-0.80724	0.00013863	-0.36227	0.64103	0	0.58417	-0.0041546	-0.077478	0.031014	0.95345	-0.00055444	-0.14528	-0.39553	0.0013868	-0.10368	0.00048047	-0.36839	0.0049969	-0.001999	0.0026357	-0.0089906	0.11697	-0.0022168	0.068235	0.00097064	-0.30917	-0.0023033	0.6117	-0.050911	0.010285	-0.81556	0.0011093	-0.44383	-0.2913	0.0065262	-0.69712	0.0026357	-0.26346	0.0052749	0.00067391	-0.30545	-0.94041	0.0041632	-0.23323	-0.13057	0.011818	-0.80799	0.01433	-0.35293	0.0085285	0.17573	0.56259	-0.00027724	0.2253	0.0011701	-0.0027707	-0.42942	0.0038854	-0.37053	-0.10618	0.66734	-0.0030475	-0.71791	-0.007472	-0.69151	1.9639	-0.452	-0.8548	-0.057116	0.019083	0.010146	-0.43344	-0.94276	-0.48796	-0.00097017	0.026935	0.011958	-0.92189	0.00097064	-0.32495	-0.51424	0	-0.11299	-0.0008316	0	-0.18383	-0.10946	-0.30145	-0.57891	0.0027745	-0.56141	0.19756	0	-1.0834	-0.33352	0.087534	-0.30682	-0.48102	0.044715	0.28343	-0.010356	-0.43875	0.0091325	-0.0012473	0.003191	-0.048437	0	-0.55066	0.019643	1.1655	0	-0.0037395	0.067948	0.054091	0.00069327	-0.33606	-0.00027724	-0.0084385	0.001803	-0.32635	-0.013953	0.10707	-0.3963	0.003191	0.16295	-0.10753	-0.66365	0.015168	-0.0035187	0.00083195	0.0023581	0.0077783	-0.7981	-0.0021694	-0.018078	-0.34102	-0.81944	-0.20898	-0.54431	-0.0043751	0.020343	-0.14129	-0.38044	-0.22047	0.065083	-0.70765	-0.29023	0.040751	0.18768	0.0030537	-0.00097017	-0.0014597	-0.0023553	-0.0026322	0.18571	-0.22133	0.010157	-0.7374	0.00092781	-0.83397	-0.26925	-0.00013862	0	-0.15426	0.3738	0.012237	-0.68186	-0.14065	-0.32626	0.85838	0.0029133	0.20259	-0.0077424	-0.0055375	0.0011543	0.016006	-0.10434	-0.78412	-0.71746	0.056655	0.0022193	-0.24926	-0.45231	-0.71114	0.024408	
Deletion Peak 25 - CN values	9p23    	chr9:7799607-10619051(probes 846554:848259)          	chr9:8310705-10619051(probes 846886:848259)          	chr9:9224377-9225918(probes 847573:847574)            	5.0653e-05	 5.2261e-05		Actual Copy Change Given	0.0083351	-0.019863	0.0090312	-0.0053992	-0.011473	0.00097064	-0.0045695	-0.0023932	0.0038854	0.00024813	-0.017391	-0.0012473	-0.00027724	-0.00097017	-0.060614	-0.0022168	-0.017116	0.0069435	0.0011093	0.021744	-0.0019399	-0.63809	0.0029133	0.02334	0.0062892	0.024991	-0.68852	-0.012438	-0.00041585	0.026373	0.0070826	0	-0.0063668	0.0029133	-0.59185	-0.11678	0.68701	-0.022744	-0.028355	0.019923	-0.00041585	0.0062481	-0.0036011	0.00083195	0.0055529	0.00055459	0.59836	-0.0024938	0.00041593	-0.0023553	-0.03395	-0.077103	0.013353	-0.0041546	0.021323	0.047268	-0.26408	0.0020851	-0.047936	-0.0023553	0	-0.5714	-0.72923	-0.002996	-0.0081624	0.0024969	0	-0.0037395	0.019223	-0.25128	0.012376	-0.39775	0.072762	-0.76467	0	-0.0018014	-0.076678	0.0020805	0.041034	-0.001983	-0.17525	-0.0020784	-0.081339	0.015432	-0.020961	-0.42735	0	-0.0026974	0.0016642	0.045991	0.006109	-0.00013862	0.063795	0.0049969	0.029606	-0.01409	0.0017187	-0.25962	0.22901	-0.0062286	-0.31167	-0.0075959	-0.019452	-0.019863	0.0090312	-0.0029091	0.12579	0.031859	-0.00069303	-0.92316	0.0015255	0.1437	-0.0098185	-0.60716	-0.0022168	0.013778	-0.13393	0.0086125	-0.00013862	-0.0098185	0.020483	-0.0073339	-0.025699	0.0083351	0.0035603	-0.0030475	0.0012481	-0.0011087	-0.43604	0.003191	0.10599	-0.0029091	-0.027124	0.00428	0.014609	-0.00097017	0.0011093	-0.025346	0.0026357	-0.024524	-0.0023553	0.00013863	-0.0011087	0.0062481	0.91824	-0.30065	0.0027745	0	-0.028628	-0.0080244	0.0025121	0.055088	-0.073321	-0.0026322	0.0023581	-0.00041585	0.00041593	0.0037465	-0.59762	0.0076392	0.0027745	0.0011912	-0.045228	0.00055459	0.0097385	-0.0012473	0.016146	-0.00032712	-0.0017821	-0.0087146	0.003191	0.012529	-0.0080244	-0.54834	-0.81811	0.18707	0.00056232	-0.00013862	-0.19779	0.0090312	-0.069332	0.0023581	0.0052749	-0.024245	0.0029133	-0.0023553	-0.00027724	0.0081959	-0.37966	-0.0070576	-0.005261	-0.0018741	0.0080118	0.0056429	-0.0047198	-0.018353	0.00041593	-0.037306	-0.0012473	0.39911	0.043015	0.0097676	0.010842	0.0068044	-0.021921	0.0015255	0.0082648	-0.0036011	-0.10158	-0.00055444	0.0019418	0.0013146	0.00069327	0.0044411	-0.00056075	0.038206	-0.0006249	-0.0081624	0.0019414	-0.31646	0.044999	-0.16217	-0.0056757	-0.15899	-0.00041585	0.0022193	0.00458	-0.91289	0.001803	0.029044	-0.0090907	-0.00013862	-0.0033243	-0.00069303	-0.00019884	-0.00097017	0.31514	-0.0053992	0.21039	0.0019418	-0.001794	-0.005814	0.22792	0.00027728	-0.014916	-0.0081624	0.0054139	0.0097276	-0.0095426	0.0063871	-0.0061825	0.00013863	-0.00069303	-0.0030475	-0.011307	0.0066653	-0.080141	0.0013868	0.010006	-0.0019399	0.0033299	0.0011093	0.076135	-0.0028415	0.0084743	0.0080855	-0.1168	-0.019314	0.0054139	-0.0060904	-0.01354	0.0080567	0.0024969	0.00458	0.0098669	0.00069327	-0.25041	-0.0060904	-0.0066432	-0.56137	0.0081959	-0.0018014	-0.046017	0.0036076	-0.0067813	0.77733	0.0066653	0.017963	0.016985	0.068808	-0.0015243	-0.0018014	-0.05674	0.0010314	0.00041593	-0.00027724	0.0024969	0.0029133	-0.02384	0.014749	0.017963	-0.077345	0.0073609	0.0024969	0.10891	0.00083593	-0.00013862	0.0026171	0.066658	0.021323	0.32882	-0.019452	0.001803	0.02539	0.00458	0.0079175	0	0.0073819	0.015727	-0.0019399	-0.0056425	-0.010799	0.0010301	-0.0020784	-0.00097017	0.0044411	-0.0016629	-0.0018014	0.00069327	0.0040945	-0.11639	-0.37718	-0.010072	0.0073609	-0.0081624	0.067426	0.00458	0.019783	0.24793	-0.017666	0	0.08735	0.0030522	-0.00027724	0.07369	0.0030846	0.010842	0.0114	-0.76843	-0.0092157	0.0097276	0.033549	0.038103	-0.0030475	0.00458	0.006109	0.0033299	0.020063	-0.54179	0.0086135	-0.0029091	0.001803	-0.0047079	0.018943	-0.002323	0.0015255	-0.0077482	0.0043238	0.0029133	0.0065262	0.00038919	0.01433	-0.0093574	0.001803	-0.14026	0.010377	0.060053	0.0030669	0.0064436	0.060508	0.0091705	0	0.0019418	0.0041632	0.00069327	-0.0022168	0.031014	-0.40185	-0.0053977	0	-0.00796	0.0054139	-0.30028	0.093185	-0.005814	-0.31844	0.010703	-0.00059724	-0.0080244	0.0020805	0.0029133	0.0034687	0.044715	-0.013953	0.0049969	0.0072217	0.00041593	-0.00017133	0.3651	-0.056125	0.023676	0.0039136	0.0098669	0.00059955	0.0020805	-0.16459	-0.093403	0.0062481	0.0055529	0.0019418	-0.0036511	-0.0027433	0.003191	-0.011887	
Deletion Peak 26 - CN values	10q11.22	chr10:38694110-66895657(probes 937942:951497)      	chr10:47321756-48189188(probes 940178:940183)      	chr10:47324793-48188463(probes 940181:940182)      	0.09363	    0.18934		Actual Copy Change Given	0.0070826	-0.55286	-0.0020784	-0.0029091	0.00069327	0.00027728	-0.025	0.0069054	0.0027745	-0.0034627	-0.029448	-0.00041585	0.017872	0.00069327	0.0036076	-0.0024938	0.023005	-0.046989	-0.0031859	-0.0098185	-0.0053992	0.00046373	0.001803	0.0055529	-0.0057731	-0.00094826	0.065505	0.0020805	0.011958	-0.007472	-0.0042929	-0.0041546	0.012647	0.0098669	0.34974	0.012655	-0.0070703	0.010982	0.080168	-0.083333	0.00097064	0.00055459	-0.76441	0.0019418	0.0068044	0.003191	-0.013127	-0.46398	0.001803	-0.00069303	0.016425	-0.30639	-0.72597	0.012934	-0.2056	-0.011277	-0.38033	-0.0033243	0.087969	0.00083195	0.0019418	-0.0098185	0.0023581	0.37862	0.012516	-0.0012473	0.00069327	-0.041024	0.043157	0.00097064	-0.021784	0.011818	0.028136	-0.29792	-0.0013858	-0.32461	-0.0018014	-0.0011087	-0.0031859	-0.0040162	0	0.0033299	-0.21408	-0.03245	-0.0020784	0.015727	0.012097	0	-0.0018014	0.0029133	-0.006505	-2.1441e-05	-0.0015749	-0.053746	-0.007472	-0.0037395	-0.0060904	-0.027398	0.1845	-0.0045695	-0.86664	0.0057494	-0.89595	0.0097276	0.00013863	0.0055529	-0.21967	0.59674	-0.0013858	-0.023079	0.0012481	-0.024114	-0.0056757	0.015903	0.0037465	-0.00040909	0.0081959	-0.075078	0.0069435	0.0054139	0.0026357	-0.0071958	0.0043302	-0.0016629	0.011213	0	0.18177	0.0019418	-0.029857	-0.0019399	-0.60439	-0.0022164	-0.0049844	0.27001	0.003191	-0.87642	-0.0029091	0.00069327	-0.0033243	0.0013868	0.0015255	-0.011473	-0.0024938	0	-0.013815	0	0.14726	-0.0076101	-0.095252	0.011539	0.0025121	0.086522	-0.35611	-0.00013862	-0.0033243	-0.0019399	-0.0016629	0.0011093	0.016119	-0.3203	-0.00062987	0.0083351	0.016146	0.010424	0.0044519	-0.0011087	-0.018628	0.0052749	0.00057385	0.0058309	0.0032793	0.014888	0.00097064	0.010424	0.046417	0.031436	0.0041632	-0.035757	0.00083195	-0.0031839	-0.0029091	-0.0036011	0.0070826	-0.42484	0.0081921	-0.0051227	-0.0035569	0.0038854	1.0635	-0.0071958	0.0087528	0.00048174	-0.0038779	0.017969	0.0090312	-0.36635	-0.0033243	0.40267	-0.0021973	-0.41157	0.6217	0.0053147	0.0026357	-0.0036011	0.016565	0.0026357	-0.0015943	-0.0020784	-0.18005	0.0024969	-0.0042929	-0.0070576	0.00041593	0.0041632	-0.0017172	0.017264	0.0049256	-0.0018014	-0.072942	-0.49538	-0.017254	0.011539	-0.4825	-0.39653	-0.0023553	0.004719	0.0011745	0.10103	-0.007472	-0.34079	-0.018041	-0.021373	-0.016292	0.00041593	-0.0020745	0.00013863	-0.01076	-0.0027707	-0.23072	0.0038854	0.0016642	-0.0026322	-0.24021	-0.0020784	-0.16319	-0.00013862	-0.00041585	0.0023581	-0.066654	-0.17512	0.0040243	0.0090312	-0.0025577	-0.0013575	-0.12082	-0.0022168	-0.00041585	0.00016441	-0.0018014	0.0037465	0.0011093	0.0044411	-0.010508	0.0011093	-0.00027724	-0.00010989	-0.46377	-0.0089906	-0.27208	-0.1595	0.011121	0.0056919	-0.014641	0.013213	0.0093814	0.0011369	0.0083544	0.011958	-0.0006004	-0.10815	-0.01106	0.019083	-0.0013605	0.0056919	0	0.011437	-0.019589	-0.17967	0.029867	-0.006505	-0.79878	0.0012481	0.051956	0.0020025	-0.00039806	0.001803	-0.66281	0	0.0022193	0.010285	-0.0053992	-0.66494	0.0080567	0.0023581	-0.4712	0.014194	0.0015255	-0.00050531	0.00083195	-0.013264	0.12752	-0.00055444	0.0043021	0.0012481	0.0043021	0.0019418	0.020903	-0.0081624	-0.29	-0.0019399	0.00013863	-0.19962	0.0012481	-0.00055444	0.011539	0.0029133	0.00027728	0.0044411	0.00027728	0.0064574	-0.2474	-0.01354	0.0024969	0.0026357	-0.023155	-0.058548	0.0043021	-0.32228	0.28564	-0.010094	0.028341	-0.031669	0.00097064	0.0022193	-0.013139	-0.012576	0.0045437	0	-0.0053992	0.0017011	0.015447	-0.02384	0.013353	0.0069043	0.0012481	-0.20473	-0.0069195	-0.0037395	-0.33364	-0.059	0.012743	-0.043737	0.0030522	-0.012162	0.001897	0.0095883	-0.23129	0	0.00041593	-0.0026322	0.004719	0.013353	0.0065738	-0.71114	-0.0022168	0.0060621	0.0234	0.0094861	0	0.044574	-0.0026322	0.0023581	0	0.002219	-0.020961	0.00097064	0.0084743	-0.095648	0.010705	0.01447	-0.0083742	0.00027728	0.0034687	0.004719	-0.0088526	0.021603	0.0033299	0.00037311	0.0080567	-0.00013862	-0.0024938	0.0020805	-0.029584	-0.0085766	-0.046041	0.00041593	0.006109	0.0027418	-0.063435	-0.0076101	-0.094988	-0.0082947	-0.0020784	-0.0032795	0.0079175	-0.082934	-0.012024	-0.00013862	0.0039409	-0.00055444	0.00092056	-0.0019125	-0.69169	0.035524	
Deletion Peak 27 - CN values	10q23.31	chr10:87746731-87819888(probes 964353:964395)      	chr10:87750473-87819888(probes 964355:964395)      	chr10:78718745-106076229(probes 958761:975350)    	1.2489e-74	 1.0647e-06		Actual Copy Change Given	-0.62064	-1.1877	-0.0020784	-0.0029091	0.00069327	0.00027728	0.0075	-0.056614	0.0027745	-0.0034627	-0.029584	-0.00041585	-0.072274	-0.62112	-0.005814	-0.86436	0.017824	-0.046989	-0.0031859	0.010285	-0.5245	-0.66408	0.001803	0.0055529	-0.0060495	-0.00094826	-0.63685	0.0020805	0.011958	0.010982	-0.0042929	-0.90177	0.0036447	-0.33168	-0.63661	0.012655	-0.28679	-1.2929	0.080168	-0.062764	0.00097064	-0.55427	-0.00088893	-0.38526	0.0041371	0.003191	-0.013127	-0.458	0.001803	-0.00069303	-0.5244	-0.36793	-0.71265	0.012934	-0.29201	0	-0.38033	-0.54583	0.087969	-0.15579	0.0019418	-0.0063668	-0.0013282	-0.63678	-1.2929	-0.0012473	0.00069327	-1.1189	0.043157	-0.043602	-0.0081397	0.011818	0.028136	-1.2432	-0.0013858	-0.37685	0.023706	-0.0011087	-0.020412	-0.0040162	0	0.0027836	-0.22576	-0.87244	-0.12875	-0.41069	0.012097	0	-0.0018014	0.0029133	-0.48827	-0.0029091	-0.0015749	-0.18923	-0.0085766	-1.2929	0.0066515	-0.027398	-1.2929	-0.0045695	-1.2929	0.0057494	-0.92176	-0.5793	0.015168	0.0055529	-0.21967	-1.2587	-0.0013858	-0.0063668	0.0012481	-0.024114	-0.018078	-0.6141	0.0037465	-0.0030408	-0.92555	-0.075078	0.0069435	-0.57021	-0.00045242	-0.0071958	0.0043302	0.0015255	-0.0072428	-0.044551	-1.2929	0.0019418	-0.54693	-0.0019399	0.011679	-0.0058334	-0.68879	0.27001	0.0041632	-0.84066	-0.0029091	-0.27595	-0.0033243	-0.66411	-0.0034824	-0.011473	-0.0024938	0	-0.14913	-0.20908	0.14726	-0.25673	-0.0040162	0.0077783	0.0025121	-0.74577	-0.35326	-0.13549	-0.62465	-0.0019399	-0.0016629	0.0011093	-1.2929	-1.2929	-0.00062987	0.0083351	0.016146	0.0089052	0.0034796	0	-0.045499	0.0052749	-1.2929	-0.034086	0.0032793	-0.0092666	0.00097064	-0.005814	0.016705	-0.7495	0.0041632	-0.036401	-0.38806	0.0016642	-0.0029091	-0.0036011	0.0070826	-0.42484	0.0016642	-0.0051227	0.0027745	-0.37223	0.60232	0	0.0087528	0.00048174	-0.0038779	-0.0085708	0.0090312	-0.29618	-0.31412	-0.79466	-0.0021973	-0.41157	0.65608	0.0053147	0.0026357	-0.0036011	0.016565	-0.44986	-0.97498	-0.0047427	-0.4325	-1.2929	-0.0031859	-0.0070576	0.00041593	0.0041632	-0.0017172	0.027216	-0.4786	-0.0018014	-0.34664	-0.49494	-0.010508	-0.14862	-0.48397	-0.90609	-0.0023553	0.004719	0.00458	-1.2929	-0.0022168	-0.29969	-0.018041	-0.5067	0.0026357	0.00041593	-0.0020745	0.00013863	-0.11417	-0.66596	-0.23072	0.0038854	-0.068127	0.031859	-0.23765	-0.0020784	-0.13742	-0.084926	-0.00041585	-0.13846	-0.89066	-0.60564	0.0040243	-0.7645	-0.0025577	0.0033299	-0.12082	-0.0022168	-0.00041585	0.00062379	0.03187	-0.15247	-0.056712	0.0020805	0.019923	0.0011093	-0.00027724	-0.14847	-1.1004	-1.1911	-0.27583	-0.26625	0.011121	-0.0047423	0.0048579	0.013213	0.0093814	0.0015255	0.0093291	0.011958	-0.0006004	-0.25479	-0.64959	0.019083	-0.42493	-0.27009	0	0.0048579	-0.46035	-0.68314	0.031871	-0.0099565	0.00027728	0.0012481	0.051956	0.0020025	0.0033299	-0.43875	-0.59185	0	0.0022193	0.0058309	0.0062481	-0.66679	0.0080567	0.0023581	-0.20739	-1.0695	0.0015255	-0.00050531	0.00083195	-0.00041585	-1.1223	-0.95017	-0.41992	-0.62617	0.0043021	0.0019418	0.0078964	-0.0081624	-0.29	-0.14129	0.00013863	-0.00027724	0.0012481	-0.00055444	0.011539	-0.052666	-0.06424	-0.052261	0.00027728	0.00034732	-0.2474	-0.01354	0.0024969	0	-0.15835	-0.058548	-0.49298	0.0084743	-0.059468	-0.0056757	-0.012713	0.013454	0.00097064	0.0022193	0.037641	-0.0083005	0.0041393	0	-0.0053992	0.0082821	-1.2929	-0.012851	0.0029335	0.015587	0.0012481	-0.41355	-0.0069195	-0.60777	-0.33191	-0.076012	0.012743	-0.043737	0.0030522	0.018663	0.001897	0.008892	-0.28703	0	-0.0081624	-0.078677	-0.86712	-0.00013862	-0.08249	-0.71403	-0.034348	-0.84382	0.0234	0.0094861	0	0.074696	-0.22932	-0.72464	-0.24837	0.0038854	-0.88758	0.00097064	0.0084743	-0.095648	0.25512	0.0114	-0.74077	0.00027728	-0.018765	0.004719	-0.66112	-0.32936	-0.0029091	0.00037311	0.0080567	-0.00013862	-0.74072	-0.84411	0.049398	-0.0096806	-0.046041	-0.37302	-0.037898	0.0052421	0.010146	-0.018765	-0.017116	0.00069907	-0.0020784	-0.0032795	0.0079175	-0.63358	-0.032016	-0.00013862	0.0039409	-0.00055444	-0.20017	-0.91543	-0.70944	-1.2929	
Deletion Peak 28 - CN values	10q23.31	chr10:87857401-88274281(probes 964420:964850)      	chr10:87857645-87976150(probes 964421:964608)      	chr10:78718745-106076229(probes 958761:975350)    	2.7685e-96	 6.7244e-46		Actual Copy Change Given	-0.62064	-0.86916	-0.0020784	-0.0029091	0.00069327	0.00027728	0.0075	-0.056614	0.0027745	-0.0034627	-0.029584	-0.00041585	-0.072274	-0.98026	-0.005814	-0.6551	0.017824	-0.046989	-0.0031859	0.010285	-0.90099	-0.47106	0.001803	0.0055529	-0.0060495	-0.00094826	-1.0168	0.0020805	0.011958	0.010982	-0.0042929	-0.7123	0.0036447	-0.45822	-0.63661	0.012655	-0.28679	-1.2929	-0.4984	-0.062764	0.00097064	-0.55427	-0.00088893	-0.38526	0.0041371	0.003191	-0.013127	-0.28976	0.001803	-0.00069303	-0.5244	-0.36793	-0.71265	0.012934	-0.29201	0	-0.38033	-0.4197	0.087969	-0.2913	0.0019418	-0.0063668	-0.0013282	-0.63678	-0.62732	-0.0012473	0.00069327	-0.91485	0.043157	-0.043602	-0.0063668	0.011818	0.028136	-1.2432	-0.0013858	-0.37685	0.023706	-0.0011087	-0.020412	-0.0040162	0	0.0027836	-0.22576	-0.59107	-0.12875	-0.41069	0.012097	0	-0.0018014	0.0029133	-0.48827	-0.0029091	-0.0015749	-0.18923	0.040044	-1.0905	0.0066515	-0.027398	-0.96071	-0.0045695	-1.2929	0.0057494	-1.2929	-0.80857	0.015168	0.0055529	-0.21967	-0.95319	-0.0013858	-0.0063668	0.0012481	-0.024114	-0.018078	-0.6141	0.0037465	-0.0030408	-0.67398	-0.075078	0.0069435	-0.97672	-0.00045242	-0.0071958	0.0043302	0.0015255	-0.0072428	-0.044551	-1.1313	0.0019418	-0.54693	-0.0019399	0.011679	-0.0058334	-0.57318	0.27001	0.0041632	-1.2449	-0.0029091	-0.27595	-0.0033243	-0.56912	-0.0034824	-0.011473	-0.0024938	0	-0.14913	-0.20908	0.14726	-0.25673	-0.0040162	0.0077783	0.0025121	-0.58696	-0.35326	-0.22773	-0.62465	-0.0019399	-0.0016629	0.0011093	-1.0694	-0.80741	-0.00062987	0.0083351	0.016146	0.0089052	0.0034796	0	-0.045499	0.0052749	-1.0786	-0.034086	0.0032793	-0.0092666	0.00097064	-0.005814	0.016705	-1.1911	0.0041632	-0.036401	-0.38806	0.0016642	-0.0029091	-0.0036011	0.0070826	-0.42484	0.0016642	-0.0051227	0.0027745	-0.37223	0.60232	0	0.0087528	0.00048174	-0.0038779	-0.0085708	0.0090312	-0.29618	-0.31412	-0.35745	-0.0021973	-1.1893	0.65608	0.0053147	0.0026357	-0.0036011	0.016565	-0.67352	-0.73253	-0.0047427	-0.4325	-1.0098	-0.81868	-0.0070576	0.00041593	0.0041632	-0.0017172	0.027216	-0.4786	-0.0018014	-0.48796	-0.49494	-1.2929	-0.60854	-0.48397	-0.6617	-0.0023553	0.004719	0.00458	-1.2929	-0.0022168	-0.29969	-0.018041	-0.82364	0.0026357	0.00041593	-0.0020745	0.00013863	-0.11417	-0.48858	-0.44318	0.0038854	-0.068127	0.031859	-0.23765	-0.0020784	-0.13742	-0.084926	-0.00041585	-0.13846	-0.71649	-0.60313	0.0040243	-0.5718	-0.0025577	0.0033299	-0.12082	-0.33871	-0.00041585	0.00062379	0.03187	-0.15247	-0.056712	0.0020805	0.019923	0.0011093	-0.00027724	-0.14847	-0.47798	-0.90783	-0.27583	-0.26625	0.011121	-0.0047423	0.0048579	0.013213	0.0093814	0.0015255	0.0093291	-0.47575	-0.0006004	-0.43463	-1.0319	0.019083	-0.42493	-0.5853	0	0.0048579	-0.46035	-0.984	0.031871	-0.0099565	0.00027728	0.0012481	0.051956	0.0020025	0.0033299	-0.43875	-0.41267	0	0.0022193	0.0058309	0.0062481	-0.66679	0.0080567	0.0023581	-0.20739	-0.84747	0.0015255	-0.00050531	0.00083195	-0.00041585	-0.8814	-1.2929	-0.41992	-0.62073	0.0043021	0.0019418	0.0078964	-0.0081624	-0.29	-0.14129	0.00013863	-0.00027724	0.0012481	-0.00055444	0.011539	-0.052666	-0.06424	-0.052261	0.00027728	0.00034732	-0.2474	-0.01354	0.0024969	0	-0.15835	-0.058548	-0.27476	0.0084743	-0.059468	-0.0056757	-0.012713	0.013454	0.00097064	0.0022193	0.037641	-0.0083005	0.0041393	0	-0.0053992	0.0082821	-1.2929	-0.012851	0.0029335	0.015587	0.0012481	-0.28251	-0.0069195	-0.43409	-0.55907	-0.076012	0.012743	-0.043737	0.0030522	0.018663	0.001897	0.008892	-0.28703	0	-0.0081624	-0.078677	-0.63935	-0.00013862	-0.08249	-0.71403	-0.42145	-1.2929	0.0234	0.0094861	0	0.074696	-0.22932	-0.46179	0.0056919	0.0038854	-1.1383	0.00097064	0.0084743	-0.095648	0.25512	0.0114	-0.74077	0.00027728	-0.018765	-0.16802	-0.47427	-0.64217	-0.0029091	0.00037311	0.0080567	-0.00013862	-0.53063	-0.70127	0.049398	-0.0096806	-0.046041	-0.37302	-0.037898	0.0052421	0.010146	-0.018765	-0.017116	-0.3282	-0.0020784	-0.0032795	0.0079175	-0.63358	-0.032016	-0.00013862	0.0039409	-0.00055444	-0.20017	-0.42896	-0.70944	-1.2929	
Deletion Peak 29 - CN values	10q23.31	chr10:87970891-88590152(probes 964608:964996)      	chr10:88281559-88590152(probes 964859:964996)      	chr10:78718745-106076229(probes 958761:975350)    	1.4953e-89	 2.6853e-19		Actual Copy Change Given	-0.7732	-1.148	-0.0020784	-0.0029091	0.00069327	0.00027728	0.0075	-0.056614	0.0027745	-0.0034627	-0.029584	-0.00041585	-0.072274	-0.5793	-0.005814	-0.92346	0.017824	-0.046989	-0.0031859	0.010285	-1.1148	-0.65012	0.001803	0.0055529	-0.0060495	-0.00094826	-1.2929	0.0020805	0.011958	0.010982	-0.0042929	-1.2929	-0.3133	-0.68396	-0.63661	0.012655	-0.28679	-1.2929	-0.67536	-0.062764	0.00097064	-1.1243	-0.00088893	-0.38526	0.0041371	0.003191	-0.013127	-0.46568	0.001803	-0.00069303	-1.0297	-0.36793	-0.71265	0.012934	-0.29201	0	-0.38033	-0.58363	0.087969	-0.11665	0.0019418	-0.0063668	-0.0013282	-0.63678	0.013492	-0.0012473	0.00069327	-0.59677	0.043157	-0.043602	-0.0063668	0.011818	0.028136	-1.2929	-0.0013858	-0.37685	0.023706	-0.0011087	0.04259	-0.0040162	0	0.0027836	-0.22576	-0.84571	-0.12875	-0.010242	0.012097	0	-0.0018014	0.0029133	-0.48827	-0.0029091	-0.0015749	-0.18923	0.040044	-1.2929	0.0066515	-0.027398	-1.2591	-0.0045695	-1.2929	0.0057494	-1.2929	-0.61774	0.015168	0.0055529	-0.2154	-1.2903	-0.0013858	-0.0063668	0.0012481	-0.024114	-0.018078	-0.6141	0.0037465	-0.0030408	-0.44418	-0.075078	0.0069435	-1.2789	-0.00045242	-0.0071958	0.0043302	0.0015255	-0.0072428	-0.044551	-1.2929	0.0019418	-0.54693	-0.0019399	0.011679	-0.0058334	-0.8145	0.27001	0.0041632	-1.2929	-0.0029091	-0.33883	-0.0033243	-0.65351	-0.0034824	-0.011473	-0.0024938	0	-0.14913	-0.20908	0.14726	-0.25673	-0.0040162	0.0077783	0.0025121	-0.73705	-0.35326	-0.22773	-0.62465	-0.0019399	-0.0016629	0.0011093	-1.2929	-1.0171	-0.00062987	0.0083351	0.016146	0.0089052	0.0034796	0	-0.045499	0.0052749	-1.2929	-0.034086	0.0032793	-0.0092666	0.00097064	-0.005814	0.016705	-0.74264	0.0041632	-0.036401	-0.38806	0.0016642	-0.0029091	-0.0036011	0.0070826	-0.42484	0.0016642	-0.0051227	0.0027745	-0.37223	0.60232	0	0.0087528	0.00048174	-0.0038779	-0.0085708	0.0090312	-0.29618	-0.31412	-0.35745	-0.0021973	-0.41208	0.65608	0.0053147	0.0026357	-0.0036011	0.016565	-0.48638	-0.56977	-0.0047427	-0.4325	-1.2929	-0.72906	-0.0070576	0.00041593	0.0041632	-0.0017172	0.027216	-0.27619	-0.0018014	-0.71212	-0.49494	-0.94832	-0.32994	-0.48397	-0.8744	-0.0023553	0.004719	0.00458	-1.2929	-0.0022168	-0.29969	-0.018041	-1.0572	0.0026357	0.00041593	-0.0020745	0.00013863	-0.11417	-0.65659	-0.23178	0.0038854	-0.068127	0.031859	-0.23765	-0.0020784	-0.69929	-0.084926	-0.00041585	-0.13846	-1.0005	-0.52971	0.0040243	-0.75167	-0.0025577	0.0033299	-0.12082	-0.33871	-0.00041585	0.00062379	0.03187	-0.15247	-0.056712	0.0020805	0.019923	0.0011093	-0.00027724	-0.14847	-0.47798	-1.2198	-0.27583	-0.34308	0.011121	-0.0047423	0.0048579	0.013213	0.0093814	0.0015255	0.0093291	-0.29568	-0.0006004	-0.24837	-1.2929	0.019083	-0.42493	-0.5853	0	0.0048579	-0.46035	-1.2929	0.047836	-0.0099565	0.00027728	0.0012481	0.051956	0.0020025	0.0033299	-0.60022	-1.1985	0	0.0022193	0.0058309	0.0062481	-0.66679	0.0080567	0.0023581	-0.20739	-1.0815	0.0015255	-0.00050531	0.00083195	-0.00041585	-1.1653	-1.2929	-0.012567	-0.62073	0.0043021	0.0019418	0.0078964	-0.0081624	-0.29	-0.29591	0.00013863	-0.00027724	0.0012481	-0.00055444	0.011539	-0.052666	-0.06424	-0.052261	0.00027728	0.00034732	-0.2474	-0.01354	0.0024969	0	-0.15835	-0.058548	-0.48045	0.0084743	-0.059468	-0.0056757	-0.012713	0.013454	0.00097064	0.0022193	0.037641	-0.0083005	0.0041393	0	-0.0053992	0.0082821	-0.85939	-0.012851	0.0029335	0.015587	0.0012481	-0.18257	-0.0069195	-0.60622	-0.73011	-0.076012	0.012743	-0.043737	0.0030522	0.018663	0.001897	0.008892	-0.28703	0	-0.0081624	-0.078677	-0.81252	-0.00013862	-0.08249	-1.2929	-0.5852	-0.83198	0.0234	0.0094861	0	0.074696	-0.22932	-0.46179	0.0056919	0.0038854	-0.71015	0.00097064	0.0084743	-0.095648	0.25512	0.0114	-0.74077	0.00027728	-0.018765	-0.16802	-0.65482	-0.31646	-0.0029091	0.00037311	0.0080567	-0.00013862	-0.73608	-0.82708	0.049398	0.045849	-0.046041	-0.37302	-0.037898	0.0052421	0.010146	-0.018765	-0.017116	-0.34308	-0.0020784	-0.0032795	0.0079175	-0.93872	-0.032016	-0.00013862	0.0039409	-0.00055444	-0.12178	-0.42896	-0.8126	-1.2929	
Deletion Peak 30 - CN values	11p11.2 	chr11:34617954-49955814(probes 1015712:1024457)    	chr11:47159195-47203691(probes 1023489:1023491)    	chr11:43368825-48966836(probes 1021179:1024039)    	0.015394	   0.015322		Actual Copy Change Given	-0.0029091	0.003191	0.00069327	0.0016642	-0.010922	0.003191	-0.0026322	0.0009327	0.0037465	-0.00027724	-0.83946	0	0.010006	-0.016567	-0.38839	-0.0022168	0.0087528	0.00458	0.0051359	-0.024798	0.00458	-0.00022945	0.0065262	0.087679	-0.014875	0.0059961	0.012787	-0.57388	0.0011093	-0.86381	0.004719	0.0036076	0.00026006	-0.29874	0.38065	0.021323	0.00069327	-0.87299	0.10307	0.06208	0.003191	0.0069435	-0.0081624	0	0.00458	0.0015255	0.010424	-0.0053992	0	-0.0016629	0.0081959	0.061222	0.0052749	0.0048579	-0.0096806	0.010146	-0.0019837	-0.00041585	-0.017803	0.0034687	0.0011093	-0.62035	-0.0018014	-0.0074528	0.0044411	0.0023581	0.001803	0.0034687	-0.0051227	-0.0085766	-0.0022168	-0.022195	0.031935	0.066229	0.0016642	0.0052749	-0.64057	0.0052749	-0.03817	-0.058866	-0.0013858	0.0081959	-0.57881	-0.18421	-0.00050564	0.0015255	-0.04983	-0.0018938	0	0.0027745	-0.012989	0.0019418	-0.0013805	0.076422	-0.06719	0.0013868	-0.0069195	0.0067629	0.096869	0.00069327	-0.0087132	5.7345e-05	0.0040243	0.0066653	-0.03395	-0.0012805	0.059651	-0.067458	0.0024969	-0.026304	0.001803	0.17272	-0.022606	-0.63772	-0.0027707	-0.048471	-0.0024938	0.012655	0.0045326	-0.00011353	-0.010784	-0.0024938	-0.011721	-0.0013858	-0.0036483	-0.23447	0.0070826	0.00013863	0.0058309	-0.002971	0.00597	-0.0029879	0.0024969	-0.0024938	-0.012851	0.0048579	-0.00055444	-0.0022168	-0.006505	-0.021921	-0.1665	0.0011093	-0.54451	-0.0029091	-1.2929	0.15203	0.0062481	-0.00097017	0.0083351	0.0024969	-0.0033092	-0.052126	-0.0109	0	-0.0041546	0.00013863	0.0090312	0.0011093	0.0053876	-1.0541	0.0027745	0.0019418	0.0018468	0.0034687	0.0005654	0.0011093	-0.16612	0.0016642	0.0039047	-0.00097017	0.0019418	0.0048579	0.0019418	0.014609	0.016845	0.0095883	0.00021721	0	-0.0061848	0.003357	0.0072217	0.0027745	0.0070826	0.0066653	-0.37121	-0.0049462	0.0051359	0.0033914	0.36657	0.68198	0	0.0068704	-0.025346	0.0012539	0.003292	0	-0.0048461	0.015916	-0.0011087	0.3692	-0.0049844	0.0022591	0.0049969	0.0098669	0.00041593	-0.0027707	-0.00090155	0.00091141	-0.026167	-0.0034627	-0.00013862	-0.0011087	0	0	0.0014579	-0.4935	-0.49392	-0.0014406	0.0011259	0.033831	-0.011887	0.020343	-0.0063668	0.055373	0.0041632	0.0016642	0.0031119	0.004719	-0.023977	0.0043021	0.00045401	0.0021207	0.00027728	-0.0044312	0.00098324	-0.0011087	0.022024	-0.0050959	0.0012481	0.00055459	0.0011093	-0.0063813	-0.0022168	0.00097064	0.068665	0.00097064	-0.0020336	-0.010784	0.015587	0.0086135	-0.0023553	0.0011093	-0.00055444	-0.00013862	0.0060697	0	0.0022193	0	0.0033299	0.0033299	-0.005814	0.00040178	0.013772	-0.0026322	-0.1259	-0.0060618	-0.008867	-0.0048461	-0.30404	0.0042214	-0.0028306	0.39562	0.004719	-0.0012473	0.00032352	0.00013863	-0.04399	0.0030522	-0.0045695	-0.54128	0.0048579	0.0015255	-0.22168	0.0011093	-0.023434	0	-0.0038779	-0.030267	0.17392	-0.070269	-0.017666	-0.0019399	0.037359	0.001725	0.0021406	-0.00013862	0.0019418	0.001803	-0.0074182	0.00458	-0.58823	0.0040243	0.003191	0.00020704	-0.70594	0.010846	0.0027745	-0.00018767	-0.00024196	-0.023566	0.067948	-0.0048461	0.0068778	-0.033814	0.00458	0.1895	0.00069327	-0.00027724	-0.28679	0	0.0010397	0.001803	-0.0011597	0.0012481	0.0066653	-0.053476	-0.0012114	0.0065262	-0.0020784	7.003e-05	0.20916	-0.0056757	0.00597	0.0025749	0.056655	0	0.0011093	-0.001093	0.0055529	-0.0069195	0.016985	-0.051353	-0.0011087	0.001803	-0.035993	-0.013677	0.059223	0.00097064	0.68775	-0.0017503	0.03031	-0.0096806	-0.24776	0.0052749	0.00458	0.001803	0.0019418	-0.0047079	-0.096308	-0.16052	0.00060077	0	0	-0.034495	0.0020358	0.0056919	-0.28513	0.001951	0.00055459	-0.00021681	0.0034687	0.0012481	0.0030997	0.0052749	0.011818	-0.00032402	-0.10542	0.0037465	0.0013044	-0.043195	0.0011072	0.0077783	0.0034677	0.0041632	0.0094491	0.0062307	0.011121	0.1607	0.24171	-0.0015243	0.0023266	-0.00027724	-0.002024	0.09275	-0.020598	0.0063871	-0.018353	-0.0019826	0.008892	0.0029133	0.0022193	0.0043021	-0.045906	0.019923	0.0055529	0.0029133	0.0020805	-0.32684	0.19102	0.0013868	0.28074	-0.00138	0	0.0014317	0.00097064	-0.012989	0.0080567	0.00013863	0.0036547	-0.00027724	-0.00074307	0.00072068	-0.016429	0.040468	
Deletion Peak 31 - CN values	11q23.2 	chr11:113778340-114443404(probes 1057402:1057916)	chr11:113972756-113991026(probes 1057533:1057542)	chr11:113237666-116560231(probes 1057002:1059498)	6.7443e-08	 6.5551e-08		Actual Copy Change Given	-0.0029091	0.0065262	0.013213	0.0016642	0.011121	0.003191	-0.0026322	0.0021813	0.0037465	-0.00027724	0.45205	-0.0014942	0.010006	-0.0023553	-0.30051	-0.0008316	-1.2929	0.00458	0.0027745	-0.021373	0.00458	0.0010185	0.0065262	0.087679	-0.0089498	0.013375	0.012787	-0.58598	0.00068266	-0.0087146	0.010146	-0.027397	-0.36113	0.0054139	0.38651	0.015866	0.059651	0.026795	0.10307	0.058795	-0.00014712	0.0069435	-0.0091858	0	0.00041593	0.0015255	-0.018765	-0.46982	0	-0.0016629	0.004719	0.042449	0.046984	-0.00041585	-0.5426	-0.024388	0.011679	-0.00041585	-1.2174	-0.13987	0.0011093	-0.011198	0	0.0098996	-1.2929	0.0023581	0.001803	0.0044085	0.00056149	-0.025893	-0.0070576	0.00013863	0.031935	-0.74777	-0.011887	0.0052749	0.020203	-0.013264	-0.025199	-0.0033243	0.006109	0.0049969	0.048262	-0.01904	0.0080567	0.011261	0.0075052	-0.0018938	0	0.0027745	-0.43007	0.0019418	0.0048571	0.076422	-0.0095426	0.0013868	-0.014641	-0.34056	0.10118	0.00069327	0.0055543	-0.0010771	-0.8997	0.0066653	-0.020687	0.0016642	0.024969	-0.036401	0.0024969	-0.0084385	0.001803	0.17332	-0.017529	0.0017002	0.0029133	-0.0041478	-0.90957	0.036794	-0.12356	0.00097064	-0.010094	-0.011335	-0.015163	-0.0085766	0.021976	0.041883	0.0075	0.00013863	0.0058309	-0.0089906	-0.0083005	-0.0029879	0.0024969	0.0026357	0.0047276	0.0093098	-0.00055444	-0.0022168	-0.00055444	-0.0023553	-0.033973	0.0011093	0.010006	0.0086135	-0.46791	0.063939	0.0282	-0.00097017	-0.41926	0.0024969	0.11889	0.025952	-0.021351	0	-0.005261	0.00013863	0.0090312	0.0011093	0.0053876	-0.70756	0.0026563	0.0019418	0.016286	0.0034687	0.0036184	0.00097064	-0.17967	3.7838e-05	0.0016414	-0.0013858	0.0019418	0.35757	0.0019418	0.0093745	0	0.049966	0.0024969	0	0.0032251	0	0.0072217	0.0027745	0.0070826	-0.90745	-0.3282	-0.0015243	0.0048579	0.011818	0.36657	-0.61978	-0.025483	0.0068704	-0.012989	0.0023639	-0.079742	0.11418	0.006109	0.015916	-0.0011087	0.37446	-0.0044312	0.0022591	0.010146	0.00013863	0.00041593	-1.0042	-0.00090155	0.00091141	0.023145	0.017824	-0.00013862	-0.057924	0	0	0.0017486	-0.0059522	-0.27691	0.00097064	0.080312	0.041458	-0.12004	-0.14888	-1.2037	0.060222	0.0041632	0.0016642	0.0031119	-0.010646	-0.011198	-0.68469	-0.25197	0.0021207	0.00027728	-0.00069303	0.00098324	0.040609	0.34031	-0.0017906	0.0012481	0.00055459	0.0011093	-0.01409	-0.0022168	0.00097064	-0.66791	0.00097064	-0.0016629	0.438	0.054518	0.0020002	-0.0023553	0.00597	-0.0030164	-0.00013862	0.0072217	0	0.0022193	0	0.0033299	0.0017864	-0.005814	0.0023581	-0.027124	-0.0026322	-0.14297	-0.70197	-0.043056	-0.010133	-0.34469	-0.41003	-0.0069195	-0.44054	0.00395	-0.0012473	0.00032352	0.00013863	-0.04399	-0.30765	0.00097064	-0.56027	0.020903	-0.0013198	0.0019671	-0.31132	0.00055459	0	-0.0038779	-0.65454	0.17157	-0.011473	-0.0080244	-0.0019399	0.026935	0.0054748	0.0021406	-0.00013862	0.0022281	-0.41498	-0.0074182	-0.0016152	-0.010232	0.0040243	0.003191	0.00020704	-0.07067	-0.47543	0.0027745	-0.02562	0.00597	0.01419	0.10512	-0.14901	0.0068778	-0.012575	0.00458	-0.0012473	0.00069327	0.010842	-0.2974	0	0.0010397	-0.0012473	-0.0008316	0.0012481	0.0041374	-0.046854	-0.0012114	0.0065262	-0.042924	7.003e-05	0.42597	0.44257	0.015447	0.18707	0.056655	0	0.0011093	-0.001093	-0.26973	0.00097064	0.016985	-0.007924	-0.0011087	0.0038854	-0.0060904	-0.010545	-0.48523	0.00097064	0.68031	0.0024093	-0.005814	-0.036538	-0.0043873	0.00597	0.0016642	0.001803	0.0019418	-0.017803	-0.065581	-0.0047079	-0.00041585	0	0	-0.4694	0.0028686	0.0056919	0	0.0030522	-0.35407	-0.22231	0.0034687	0.0012481	0.0030997	-0.15426	0.18301	-0.00032402	-0.17605	0.0037465	0.0013044	-0.030813	0.001873	0.0029133	0.00055459	-0.094592	0.02108	0.0062307	-0.021647	0.062508	0.24669	0.031718	0.0023266	-0.00027724	-0.002024	0.09275	0.0034687	0.0063871	-0.0070576	-0.0019826	0.008892	0.0029133	-0.00013862	-0.8405	-0.0049844	0.017684	0.0055529	0.0029133	0.0020805	0.0017703	0.21969	0.0013868	0.33723	-0.33525	0	0.0014317	0.0075	-0.01409	0.0058309	0.006109	0.0083351	-0.00027724	-0.00074307	-0.002051	0.010146	0.038771	
Deletion Peak 32 - CN values	12p13.1 	chr12:12691300-12799496(probes 1078560:1078616)    	chr12:12715519-12799496(probes 1078578:1078616)    	chr12:9593183-14644688(probes 1076650:1079786)      	2.671e-15	  2.671e-15		Actual Copy Change Given	-0.034495	-0.00079343	0.0083351	-0.0008316	-0.60032	-0.0011087	0.0024892	0.0009327	-0.0024938	0.0011093	-0.0052495	0.0066653	-0.4825	-0.60767	-0.23606	-0.48008	-0.68588	0.0027745	-0.00097017	0.0091705	-0.5431	-0.63809	-0.3479	0.053521	-0.58781	0.0033019	-0.61086	-0.5793	0.00055459	-0.84171	-0.007472	-0.79553	0.0022193	-0.0016629	0.37874	-0.14412	-0.68195	-0.018216	-0.22478	-0.051721	0.0012481	-0.5432	0.0044411	-0.3764	-0.48984	-0.42713	0.57844	0	0.00013863	0.0015255	-0.080807	-0.90487	0.026795	-0.0024938	0.016286	-0.48239	-1.0571	-0.59526	0.011121	-0.14785	0	-0.0029091	-0.0053992	0.002409	-0.0096806	-0.18068	-0.56585	-0.56853	0	-0.013127	0.0090312	-0.10618	0.022801	0.037151	0.0049969	-0.0088526	-0.62918	-0.017529	-0.029038	-0.41608	0.0077783	0.0068044	0.0006735	0.024127	-0.17601	-0.0029091	0.010564	0.0011093	-0.0012473	-0.0034627	0.001803	-0.39263	0.0026349	-0.24107	0.010982	-0.72376	-0.013264	0.033549	-0.67884	-0.0041546	-0.019587	-0.11712	0.00083195	-0.53042	-0.80236	0	-0.077345	-0.23031	-0.0015243	5.1179e-06	-0.0018011	-0.44739	-0.028355	-1.2927	0.0049969	-0.02575	-0.0041546	0	-0.0060904	-0.61508	-0.020275	0.00013863	-0.0043554	-0.053071	0.015819	-0.23899	-0.0013858	0.0012481	0.0027745	0.0038854	0.0012481	0.0013868	0.005498	-0.061958	0.0081959	0.0027745	-0.072808	-0.00055444	-0.023977	-0.016292	-0.16268	-0.00069303	0.00069327	-0.040248	0.033267	-0.36386	-0.0036011	-0.7895	0.0097276	0.0016642	0.00033817	-0.37347	0.042047	-0.00097017	0.00041593	0.0020805	-0.0020784	0.00055459	-0.68899	-0.33179	0.0011093	0.00013863	0.0020683	-0.003003	0.0070844	-0.0078154	0.0044411	0.0058309	0.00085121	0.00069327	0.0016642	0.0034687	-0.46387	0.011679	-0.74681	-0.0092666	-0.013953	0.0023581	-0.40904	0.0015255	0.001803	-0.040073	0.00097064	-0.82285	-0.071205	0	-0.0029091	-0.0013858	-0.26973	0.010703	0.0020805	-0.0028275	-0.063301	-1.001	-0.023292	-0.70827	0.0051359	-0.74843	-0.018091	-0.37268	-0.0084385	-0.0047067	-0.42462	0.003191	-0.0045695	-0.0026322	-0.0022867	0.0011093	0.042307	-0.83925	-0.0016629	0.001803	0.0020805	0.0027745	0.0023036	-0.095384	0.0036076	-0.0012691	-0.0024938	-0.82171	0.024477	-0.044551	0.010842	-0.40407	-0.0015243	0.0040243	-0.00069303	-0.006505	-0.010508	0.014749	-0.076508	-0.0088526	0.00027728	0.0015255	-6.0219e-05	-0.51383	0.36204	-0.7156	0.0011211	-0.0045695	-0.0027707	-0.80722	0.0048579	0.00097064	-0.12733	-0.063569	0	-0.012576	-0.1499	-0.78917	-0.10066	-0.016704	-0.0058255	-0.067993	-0.13987	-0.34584	-0.0029091	-0.0063598	-0.0047743	0.00055459	-0.055903	-0.11952	0.087969	0.00069327	-0.13523	0.0026645	0.052653	0.011539	-0.24095	-0.010922	-0.012713	-0.41784	-0.29118	-0.0056757	-0.0069195	-0.0015243	-0.033113	0.00044021	-0.0008316	0.00083195	-0.011335	-0.64762	-0.23799	-0.054151	-0.45061	-0.0027707	-0.014778	-0.22071	0.058795	-0.010646	0.010285	0.00064205	0.017963	0.00019937	-0.00069303	-0.0044312	0.0023581	0.00085523	0	0.58037	0.0079175	-0.2978	0.00027728	-0.0029091	-0.45896	-0.0022129	0	-0.0008316	-0.0036011	-0.093535	0.29565	-0.93703	-0.0026322	0.034677	0.0027745	-0.3711	-0.89787	-0.019589	-0.31003	-0.5243	-0.0013649	-0.00013862	0.0013868	-0.001447	-0.19049	-0.27571	-0.19275	-0.0020784	0.0020805	-0.004638	-0.23055	0.046984	-0.71995	-0.0012473	0.00083195	-0.32747	-0.0019399	-0.0041546	-0.026851	-0.017254	-0.56654	-0.020928	-0.28275	-0.0041546	0.0068044	-0.015879	0.0087528	-0.56286	0.020203	0.0038298	0	-0.63339	-0.61738	0.00086887	0.0023581	-0.0030475	0.00041593	-0.017803	-0.28013	-0.023566	-0.25443	-0.38906	0.00041593	0.029184	-0.0017075	-0.00097017	-0.031496	0.00046452	-0.66642	-0.0030041	-0.00041585	0.0094491	-0.0084331	-0.00013862	-0.084262	-0.8293	-0.28824	-0.30098	5.6289e-05	-0.032996	-0.23325	0.0027745	-0.0042929	-0.12512	-0.054314	0.0037465	-0.0038664	0.15159	-0.0020768	-0.6147	0.0010353	0.0019418	0.0013868	-0.45033	-0.66087	-0.3304	-0.015054	-0.0047506	0.0013868	0.004719	0.0049969	-0.0008316	0.0056919	0.015028	-0.0055375	-0.64996	-0.0015243	0.00010592	-0.36454	-0.0030475	-1.1602	0.0027654	-0.18106	0.0010156	-0.86358	-0.55737	-0.017803	-0.70388	0.00013863	-0.035585	-0.12282	0.0043296	0.0012481	-0.8567	
Deletion Peak 33 - CN values	12q24.31	chr12:123932066-133275309(probes 1142624:1146881)	chr12:124318093-124570388(probes 1142908:1143018)	chr12:123981686-133275309(probes 1142652:1146881)	0.0021744	  0.0021454		Actual Copy Change Given	0.025671	-0.00079343	-0.024251	-0.0008316	0.0013868	-0.0051227	-0.024378	0.069056	-0.41443	0.0011093	-0.052666	0.0066653	-0.0015243	-0.064643	0.0029133	0.0012481	0.034818	0.0027745	-0.004177	-0.054016	0.00055459	0.56638	-0.34607	0.053521	-0.60774	-0.00044541	-0.014786	0.052952	0.00055459	-0.046318	-0.89181	-0.0049844	0.0022193	-0.0016629	0.37347	-0.11822	0.0091705	0.022725	-0.23753	-0.046312	-0.0022168	0.013286	-0.0041387	0.21699	0.00458	0.00069327	0.51107	-0.01409	0.00013863	0.0015255	-0.0016629	-0.13613	0.025529	0.0027745	-0.051046	-0.027535	-0.3356	0.0019418	-0.01354	-0.0030475	0	0.59476	-0.0053992	0.003779	0	-0.00041585	-0.016024	0.0063871	0	0.54171	-0.012438	-0.0038779	0.022801	-0.73222	-0.019314	0.0013868	0.008892	-0.016154	-0.069466	-0.018557	0.0015255	0.0087528	0.02525	-0.019863	0.0038854	0.42435	-0.14065	0.0011093	-0.0012473	-0.0034627	-0.024114	0	0.0026349	-0.033132	-0.064643	-0.0031859	-0.017972	0.0214	-0.12317	-0.0047079	-0.025618	-0.0066818	0.0056919	0.0015255	-0.023977	0	-0.0022168	0.0022193	-0.0015243	-0.02711	0.00097064	-0.030131	-0.0069195	-0.051011	-0.011184	-0.034006	0.010564	-0.10854	-0.0060904	0.00069327	-0.048613	-0.53429	0.001831	0.0083351	0.01512	-0.13212	-0.043195	-0.13467	0.0027745	-0.0056757	0.0023384	0.0013868	-0.092874	0.00597	-0.74081	0.0027745	-0.051181	0.0043021	-0.025713	-0.035804	0.00458	-0.00069303	-0.022744	-0.022058	-0.96581	-0.95855	-0.036946	-0.0016799	-0.024798	0.0016642	0.00033817	-0.37234	0.042047	-0.0051227	0.086233	-0.00076553	-0.0020784	0.00055459	-0.012464	-0.33779	0.0011093	0.00013863	0.018243	-0.00055444	-0.025883	-0.0030475	0.020903	-0.0074766	0.00085121	-0.009631	0.0016642	0.0051359	0.00069327	-0.39486	0.024969	0.07484	-0.0015243	-0.0018014	0.0012481	0.0040243	0.0076392	-0.043873	0.00097064	0.010806	0.0026357	0	-0.0029091	-0.0013858	0.070673	0	0.0020805	-0.0053865	-0.022332	-1.0874	-0.00027724	-0.13122	-0.31202	-0.03431	-0.0019399	-0.3527	-0.016297	0.0043419	0.00458	0.003191	-0.0045695	0.00027728	-0.0022867	-0.00052914	0.033267	0.029466	-0.0016629	0.001803	0.0020805	0.010842	-0.0011631	-0.53154	0.0068044	0.00013863	0.0043021	-0.20473	-0.13329	-0.40937	-0.0011087	0.0077783	-0.0027403	-0.0033243	-0.00069303	0	-0.025346	-0.016429	-0.0077103	-0.010784	0.00029992	0.0015255	-6.0219e-05	-0.56604	0.44918	-0.0047079	0.003191	0.020203	-0.0027707	-0.032041	0.0048579	0.00097064	-0.067726	0.00083195	-0.0020501	-0.11359	-0.16548	-0.024251	0.00029465	-0.005814	0.0069435	-0.0059522	-0.007472	0.0013868	0.065083	-0.0019399	0.31482	0.00055459	-0.0008316	0.0013868	0.080889	0.00069327	0.0065262	0.0026645	0.052653	-0.020138	0.0079175	-0.82074	-0.005261	-0.00069303	0.0058309	-0.0056757	0.011539	-3.8323e-06	-0.78327	-0.0021537	-0.00069303	-0.26865	0.0040243	0.55939	0.0057173	-0.0044458	-0.012718	-0.0027707	-0.0087146	-0.00055444	0.058795	-0.027535	-0.032723	0.0020805	0.017963	0.00019937	-0.00069303	-0.0068518	-0.016979	-0.0022168	0	0.018103	-0.019456	-0.28287	-0.0038779	0.0095883	0.0023581	-0.0022129	0	-0.0008316	-0.0036011	-0.023018	-0.096308	0.0087528	0.0086135	-0.033677	-0.84611	0.043157	0.82647	-0.013815	0.0044411	9.1154e-05	-0.00030418	-0.00013862	-0.0045695	-0.0092666	0.0011093	-0.24192	-0.021403	0.012097	0.0017048	-0.004638	-0.0062286	0.046984	0.0097276	-0.0012473	0.004341	0.10109	0.011679	-0.0041546	0.012237	-0.023977	-0.062764	-0.038207	0.00055459	-0.0041546	-0.042788	-0.019177	-0.34308	-0.022195	0.0076392	0.0056042	0.038347	-0.43539	0	0.0055529	0.0023581	-0.0030475	0.00055459	-0.023018	0.0558	-0.017254	-0.25831	-0.39386	0.00041593	-0.034381	0.0009259	0.018103	-0.0091286	0.0054139	-0.0034627	0.0019696	-0.36861	0.0079175	0.001573	0.023005	0.090908	0.0062011	0.093159	-0.42953	-0.00479	-0.042788	0.0015255	0.0027745	-0.0042929	-0.02603	-0.020549	-0.0026322	-0.00055444	-0.10657	-0.0043938	-0.5795	-0.01609	0	0.0027745	0	-0.024251	-0.0029091	-0.024388	-0.0047506	0.0013868	0.004719	0.0055529	-0.0008316	-0.051451	0.016565	-0.0055375	0.00069327	-0.0013858	-0.00044417	0.03863	-0.015191	-0.055634	0.019997	0.00069327	-0.0013709	0.011679	-0.14425	0.065942	-0.0049844	0.00069327	0.0026357	-0.0010202	-0.0012199	-0.0042929	-0.87441	
Deletion Peak 34 - CN values	13q13.1 	chr13:31798979-37566176(probes 1154847:1158766)    	chr13:33013515-33067878(probes 1155661:1155702)    	chr13:31123122-85189174(probes 1154507:1185764)    	5.0082e-11	   0.069772		Actual Copy Change Given	0.0023581	0.0030522	0.0093098	-0.0027707	0.0024969	-0.026167	0.020063	-0.0032238	-0.0027707	0.003191	0.0062481	0.0019418	-0.2283	-0.0067813	-0.027272	0.00041593	-0.005261	0	-1.2929	-0.85049	0.00597	-0.0071481	0.0029133	-0.078544	0.0015665	0.00127	-0.63771	-0.0047079	-0.0084385	0.008892	0.0037465	-0.79936	-0.0008316	0.00041593	-0.56396	-0.12108	-0.52879	-0.0055375	-0.079343	-1.0005	-0.0051227	-0.044144	-0.0088526	0.0073311	0.001803	0.0070826	-0.05752	-0.44954	0.001803	0.0016642	0.0011093	-0.011611	-0.34814	-0.0010569	-0.52123	-0.24569	-0.3112	0.00083195	0.83707	-0.136	-0.0078863	-0.63623	0.0044411	0.004766	0.015866	-0.0023553	-8.8667e-05	-0.0067813	-0.014667	-0.50756	-0.00097017	-0.42123	-0.0017264	-0.44437	0.013911	-0.0092666	0.011261	-0.0022168	-0.15119	0.00027728	-0.086651	-0.51825	-0.047141	-0.74864	-0.00069303	-0.00027724	0.003191	-0.0037395	-0.0045695	0.00055459	0.012516	-0.0038779	-0.0026331	-0.27093	0.060794	0.002453	-0.0031859	0.0020805	0.19056	0	-0.86972	0.0021379	-0.0033741	-0.0019399	0.00041593	-0.012576	-0.052936	-0.60541	-0.0011087	0.0095883	-0.0095426	0.001803	0.00458	-0.61448	0.0058309	-0.53327	-0.24131	-0.83001	-0.047395	0.0069435	0.0048579	0.0097276	-0.020385	-0.31604	0.40955	-0.0084385	0.0044411	0.00055459	-0.43181	-0.015329	-0.9213	0.0012481	-0.023009	0.0016642	-0.0029091	-0.0024938	0.0034687	-0.00069303	-0.52041	0.017544	0.0015255	-0.75452	0.00069327	-0.011212	0	-0.17512	-0.42057	-0.82368	-0.011198	-0.0023553	-0.0042778	-0.82558	-0.027239	-0.0015243	-0.68415	-0.00633	-0.0076101	-0.0018014	-0.067215	-0.020275	-0.064508	-0.0037395	0.012655	0.0083351	-0.0041438	-0.012792	-0.15643	-0.0045695	-0.0084194	0	-0.0018014	-0.028081	0.0075	-0.026851	-0.090096	-0.19862	-0.00041585	0	-0.40407	-0.00097017	0.0076392	-0.0077482	0.0027745	0.00055459	-0.4911	0.0034687	0.0043021	0.003191	-0.37943	-0.86101	-0.035993	-0.70859	-0.053341	0.0022252	-0.56952	0.030873	-0.38781	-0.041383	0.0016642	-0.00055444	-0.0051227	-0.0064654	0.0038854	-0.27236	0.0044411	-0.0015845	0.0070124	0.004719	-0.17816	0.0036076	-0.61287	-0.0018014	0.0044411	-0.0038779	0.0035531	-0.058866	-0.48283	-0.0008316	-0.35373	-0.2744	-0.95101	-0.19975	-0.56485	0.057939	0.0011093	-0.0023553	-0.0063668	-0.071606	-0.0012473	-0.34194	0.005591	-0.022195	-0.029857	-0.00097017	-0.00019884	0.0015255	-0.54562	-0.0012473	-0.0040162	-0.00013862	-0.0024938	-0.79494	-0.23569	-0.0022168	-0.043873	-0.0026322	0.0015255	-0.013815	0.014609	0.0040243	-0.012713	-0.0027707	-0.0085766	-0.1152	-0.0033243	0.0011093	-0.23337	0.0015255	-0.34335	0.0020805	-0.028765	-0.0022168	0.00049505	-0.020001	-0.31295	-0.54076	-0.55538	-0.60709	0.012795	-0.042652	0	-0.44081	0.00069327	-0.0032346	-0.5037	-0.00041585	-0.0073147	0.0048579	0.00041593	-0.0019399	-0.099077	-1.2929	-0.0068942	0.0026357	-0.4712	-0.0041546	-0.012628	0.0013868	-0.029584	0.01447	-0.82342	0.00031363	-0.0076101	-0.0029869	0.0034687	0.0015255	0.0055529	-0.00013862	-0.20295	-0.012438	0.004719	-0.0080244	0.0055529	-0.023566	-0.54088	-0.0095386	-0.006505	-0.0031859	0.004719	-0.011571	-0.079742	0.10366	-0.0040162	0.010285	-0.0062286	-0.37752	-0.026304	-0.005261	0	0.0091705	0.0024012	-0.006505	0.00069327	0.042024	0.0056919	-0.1837	-0.28727	0.0043021	-0.062629	0.0015956	-0.0042929	0.52101	-0.3543	0.0020805	0	-0.15907	0.0074777	0.0016642	-1.259	-0.015879	-0.018628	0.0023751	0.0075	-0.016154	0.05694	0.017404	0.010006	-0.0072294	-0.025906	0.067571	-0.0030475	-0.44932	0.0024969	0.0093098	-0.20661	-0.0016629	-0.00027724	-0.60246	-0.2732	-0.61748	-0.00027724	-0.39152	-0.0031859	-0.096176	-0.01496	0.0097276	-0.24204	-0.005814	0.0037465	0.00015774	-0.011887	0.0058309	-0.0014769	0.0038854	-0.3365	-0.0086232	-0.28337	0.0016642	-0.0036833	0.050819	-0.0024938	-0.67939	0.0011093	0.00069327	0.010982	-0.2939	-0.0077482	0.49303	-0.0041476	-0.60873	0.011047	-0.010784	-0.0008316	0.0282	0.0076392	-0.069198	0.017544	0	-0.83009	-0.0027707	-0.0012473	-0.0022168	-0.83397	0.0075	0.0027745	-0.0011087	-0.0096806	0.0067716	0.19878	0.0068044	0.013911	-0.0029033	0.0080567	-0.2062	-0.003433	-0.55367	-0.68442	-0.014641	-0.0030503	0.0026357	-0.00060448	-0.45027	0.70814	0.0011093	
Deletion Peak 35 - CN values	13q14.13	chr13:44578715-46772305(probes 1163426:1164764)    	chr13:46043234-46104705(probes 1164283:1164320)    	chr13:31123122-85189174(probes 1154507:1185764)    	5.7621e-54	 1.1508e-44		Actual Copy Change Given	0.0023581	0.0030522	0.0093098	-0.0027707	0.0024969	-0.026167	-0.72967	-0.0032238	-0.0027707	0.003191	-0.8984	0.0019418	-0.2283	-0.58343	-0.17158	0.00041593	-0.005261	-0.11352	-0.8244	-0.81219	0.0015255	4.7792e-05	-0.017592	-0.078544	-0.57365	-0.15475	-0.63546	-0.0047079	-0.0084385	-0.82838	0.0037465	-0.79936	-0.0008316	0.00041593	-0.56396	-0.14322	-0.52685	-0.0055375	-0.079343	-1.0005	-0.0051227	-0.0069195	-0.75409	-0.37459	-0.019726	-0.099868	-0.05752	-0.44954	-0.034631	0.0016642	-0.0062286	-0.011611	-0.34814	-0.0010569	-0.52123	-0.3282	-0.28108	0.00083195	-0.58225	-0.136	-0.0078863	-0.63623	0.0044411	0.0023906	-0.80865	-0.0023553	-0.56286	-0.58481	-0.014667	-0.50525	-0.00097017	-0.10342	-0.0017264	-0.2991	0.013911	-0.0092666	-0.65892	-0.0022168	-0.2894	0.00027728	-0.28192	-0.51825	-0.047141	-0.79586	-0.00069303	-0.42134	-0.85265	-0.0037395	-0.0045695	0.00055459	-0.52798	-0.0038779	-0.54108	-0.27093	-0.92629	-0.013815	-0.0031859	-0.34836	0.14191	-0.10697	-0.84931	0.0021379	0	-0.0019399	-0.79811	-0.012576	-0.99444	-0.60541	-0.18144	-0.0053992	-0.016977	0.001803	-0.045499	-0.61448	-0.21787	-0.53327	-0.43875	-0.02562	-0.081339	0.0069435	-0.55844	0.0097276	-0.020385	-0.31604	-0.9452	-0.2435	-0.70442	0.00055459	-0.43181	-0.105	-0.91221	0.0012481	-0.023009	-0.006505	-0.73664	-0.0024938	-0.45018	-0.54391	-0.52041	-0.063703	-0.34125	0.00458	-0.52655	-0.044674	0	-0.17512	-0.50183	-0.78572	-0.41827	-0.17689	-0.0042778	-0.73075	-0.8964	-0.0015243	-0.66892	-0.00633	-0.0076101	-0.0020253	-0.067215	-0.7508	-0.064508	-0.0037395	-0.011335	-0.7568	-0.65965	-0.005814	-0.3685	-0.14528	-0.0084194	-0.86706	-0.0018014	-0.24058	-0.026441	-0.027945	-0.86759	-0.50629	-0.020687	-0.080275	-0.40407	-0.00097017	-0.70594	-0.0077482	0.0027745	0.00055459	-0.4911	0.0034687	-0.59361	-0.36771	-0.37943	-0.85409	-0.26877	-0.70859	-0.053341	0.0022252	-0.032723	0.030873	-0.38781	-0.041383	0.0016642	-0.00055444	-0.56813	-0.0064654	0.0038854	-0.27236	-0.0027707	-0.0015845	-0.54618	0.004719	-0.67177	-0.030267	-0.0063668	-0.0018014	0.0044411	-0.0038779	-0.35321	-0.15016	-0.48283	-0.0008316	-0.34779	-0.58775	-0.95101	-0.34136	-0.56485	-0.16917	0.0011093	-0.0023553	-0.0063668	-0.071606	-0.78555	-0.34194	-0.25633	-0.022195	-0.029857	-0.00097017	-0.00019884	-0.14253	-0.54562	-0.0059522	-0.0040162	-0.00013862	-0.0015243	-0.79494	-0.23569	-0.0022168	-0.65139	-0.25261	-0.020138	0.080601	-0.81745	0.0040243	-0.28346	-0.0027707	-0.0085766	-0.72128	-0.0033243	0.0011093	-0.41597	-0.026851	-0.34335	0.0020805	-0.028765	-0.0022168	-0.38973	-0.060076	-0.31295	-0.54076	-0.55538	-0.61853	-0.59556	-0.080275	0	-0.44081	0.00069327	-0.0032346	-0.0078863	-0.00041585	-0.0073147	-0.045635	0.00041593	0.00083195	-0.81013	-0.6679	-0.0068942	-0.0022332	-0.51897	-0.0041546	-0.012628	-0.275	-0.029584	-0.94576	-0.82342	0.00031363	-0.012024	-0.0029869	-0.67444	-0.41832	0.0031385	-0.42886	-0.20295	-0.60651	-0.57585	-0.6907	0.0055529	-0.033132	-0.54088	-0.0095386	-0.006505	-0.0031859	0.004719	-0.82015	-0.073743	-0.8326	-0.0040162	-0.6326	-0.050776	-0.37752	-0.026304	-0.199	-0.33341	-0.52389	0.0024012	-0.33422	0.00069327	-0.26937	0.0056919	-0.25854	-0.60477	-0.513	-0.062629	0.0015956	-0.0042929	-0.39619	-0.3543	0.0020805	-0.36465	-0.15907	-0.0055116	-0.40152	-0.59633	0.36608	-0.018628	-0.68818	-0.14875	-0.016154	-0.91695	0.017404	-0.56416	0.0024969	-0.025906	-0.0059898	-0.045093	-0.44932	-0.29239	-0.029857	-0.20661	-0.0016629	-0.00027724	-0.60246	-0.2732	-0.74705	-0.00027724	-0.39152	-0.0031859	-0.53602	-0.01496	-0.65053	-0.24204	-0.005814	-0.34618	0.00015774	-0.40157	0.0058309	-0.0014769	0.0038854	-0.3365	-0.0086232	-0.28337	0.0016642	-0.44859	-0.89756	-0.0024938	-0.67444	0.0011093	-0.10749	-0.69921	-0.28525	-0.0077482	-0.46195	-0.0041476	-0.60873	-0.83821	-0.010784	-0.0008316	-0.34968	-0.64667	-0.069198	-0.72818	0	-0.83009	-0.0027707	-0.35396	-0.0022168	-0.83397	-0.028628	-0.052261	-0.23129	-0.18886	0.0067716	-0.7227	-0.5713	-1.1062	-0.0029033	-0.033541	-0.2062	-0.0092666	-0.55367	-0.68579	-0.69477	-0.0030503	0.0026357	-0.00060448	-0.45027	-0.69405	0.0011093	
Deletion Peak 36 - CN values	13q22.1 	chr13:58230678-81226205(probes 1170137:1183583)    	chr13:72773954-73021001(probes 1177907:1178027)    	chr13:31123122-85189174(probes 1154507:1185764)    	1.7e-19	 0.00017059		Actual Copy Change Given	0.0023581	-0.02603	0.014749	-0.0027707	0.0024969	-0.026167	-0.72967	-0.0032238	-0.0027707	0.003191	-0.88511	0.0019418	-0.011436	-0.58343	-0.048262	0.00041593	-0.028355	-0.11352	0.0034687	0.058652	0.0015255	4.7792e-05	-0.017592	-0.078544	-0.57365	-0.15475	-0.61499	-0.0047079	-0.0084385	-0.81367	0.0037465	-0.005814	-0.0008316	0.00041593	-0.56396	-0.14322	-0.52685	-0.0055375	-0.079343	-0.98752	-0.0051227	-0.0069195	0.00055459	-0.37459	-0.019726	-0.10723	-0.05752	0.013512	-0.0044312	0.0016642	-0.0062286	-0.011611	-0.34814	-0.0010569	-0.52123	-0.50494	-0.22883	0.00083195	-0.58225	-0.136	-0.0078863	-0.028901	0.0044411	-0.3935	-0.05037	-0.0023553	0.013772	-0.041567	-0.011887	-0.11521	0.020623	-0.09142	-0.0017264	-0.33399	0.013911	-0.0092666	-0.63282	-0.0022168	-0.70675	0.0091705	-0.15528	-0.51825	-0.61104	-0.77073	-0.00069303	-0.0094046	0.00041593	-0.0037395	-0.0045695	0.00055459	-0.40495	-0.40573	-0.54108	-0.41937	-0.91191	-0.013815	-0.29827	-0.28132	0.1057	-0.10697	-0.84931	0.0026931	-0.88697	-0.0019399	-0.79811	-0.012576	-0.072408	-0.60541	-0.18144	-0.91274	-0.016977	0.001803	0.008892	-0.58844	0.0015255	-0.50442	-0.016704	-0.02562	-0.079742	-0.2862	0.049256	0.0097276	-0.020385	-0.31085	-0.90702	-0.14734	-0.70496	-0.0010217	-0.43181	-0.069198	0.20687	0.0012481	-0.023009	-0.006505	-0.73664	-0.0024938	-0.37603	-0.011951	0.0093098	-0.080171	-0.0087146	0.00032407	-0.52655	-0.0013858	-0.034904	-0.17512	-0.032314	-0.79121	-0.24411	-0.17689	-0.0042778	-0.70424	-0.8964	-0.0015243	-0.66892	-0.00633	-0.0049844	-0.0020253	-0.067215	-0.73854	-0.064508	-0.0037395	-0.011335	-0.067458	0.006537	-0.017391	-0.13031	-0.15093	-0.0089476	0.020946	-0.0018014	-0.24058	0.0034687	-0.027945	-0.09644	-0.50629	-0.020687	0.001803	-0.40407	-0.0041546	-0.031496	-0.0037395	0.0027745	-0.46046	-0.37031	0.0034687	0.14518	-0.36771	-0.38728	-0.84275	-0.076012	0.003645	-0.043331	0.0022252	-0.032723	0.030873	-0.38089	-0.087797	0.0016642	-0.020275	-0.55787	-0.0064654	-0.44297	-0.27236	-0.0027707	-0.0041964	-0.54618	0.004719	-0.64114	-0.030267	-0.0063668	-0.0018014	0.0044411	-0.0055037	0.00036154	-0.085988	-0.0026322	0.0019418	-0.34779	-0.3203	-0.10303	-0.34136	-0.56485	-0.39508	0.0011093	-0.0023553	-0.0063668	-0.071606	0.023426	-0.20548	0.0076774	-0.022195	-0.039778	-0.00097017	-0.0009266	-0.14253	-0.54562	-0.0059522	-0.0030475	-0.00013862	-0.0015243	0.021278	-0.23569	-0.0022168	-0.62627	-0.090758	0.0030522	-0.0069195	-0.81745	0.0040243	-0.13342	-0.30369	-0.0085766	0.0019418	-0.0033243	0.0011093	-0.22704	-0.026851	-0.34171	0.0020805	0.0040243	-0.0022168	-0.048072	-0.0081624	-0.31587	-0.0046792	-0.54785	-0.58255	-0.90008	-0.058731	0	-0.44081	0.00069327	-0.03095	-0.0078863	-0.00041585	-0.0073147	-0.035393	0.00041593	-0.01037	-0.11116	-0.013402	-0.0068942	-0.0022332	0.008892	-0.0041546	-0.6351	-0.012162	-0.029584	0.028341	0.031859	0.00031363	-0.012024	-0.0029869	-0.67444	-0.40804	0.0031385	0.0084743	0.0086135	-0.60651	0.0095883	-0.0048461	0.0055529	-0.033132	-0.53419	-0.0095386	-0.006505	-0.0031859	0.004719	-0.82173	-0.073743	0.089272	-0.0040162	0.042732	0	-0.37752	-0.026304	-0.17424	-0.34859	-0.0023114	0.0024012	-0.33422	0.00069327	-0.26937	-0.0029091	-0.10788	-0.601	-0.19775	-0.062629	0.0015956	0.22391	-0.39619	-0.3543	0.0020805	-0.00055444	-0.50055	-0.0055116	-0.40152	-0.59633	0.38452	-0.018628	-0.67181	-0.15183	-0.016154	-0.85639	-0.82342	-0.55897	0.026429	-1.2929	-0.0025812	-0.045093	-0.5434	-0.015329	-0.029857	-0.20661	-0.0016629	-0.00027724	0.026935	-0.2732	-0.73398	-0.00027724	-0.0030475	-0.0031859	-0.47942	-0.01496	-0.0024938	-0.23423	-0.005814	0.0093098	0.00015774	-0.39575	-0.78589	-0.0014769	-0.00069303	-0.33756	-0.0086232	-0.081762	-0.00057219	-0.44859	-0.87408	-0.0024938	-0.67444	0.0011093	-0.015466	-0.69441	0	-0.0077482	-0.46195	-0.0041476	-0.016567	0.0040891	-0.010784	-0.0008316	-0.043737	-0.72172	-0.072675	-0.73242	0	-0.83199	-0.0027707	-0.007472	-0.0022168	0.064082	-0.049019	-0.052261	-0.0047079	-0.19825	0.0067716	-0.7227	-0.5713	-1.0942	-0.0029033	-0.033541	-0.21332	-0.0092666	-0.55367	0.45803	-0.69477	-0.0030503	0.0026357	-0.00060448	-0.0088253	-0.69405	-0.015604	
Deletion Peak 37 - CN values	13q31.1 	chr13:81226644-84856026(probes 1183586:1185519)    	chr13:84135244-84607894(probes 1185175:1185460)    	chr13:31123122-85189174(probes 1154507:1185764)    	7.7794e-07	  0.0016919		Actual Copy Change Given	-0.029857	-0.02603	0.014749	-0.0027707	0.0065262	-0.026167	0.023005	-0.0032238	-0.0027707	0.003191	0.054233	0.0019418	-0.011436	-0.58343	-0.033269	0.00041593	-0.028355	-0.11352	0.0034687	0.056228	0.0015255	4.7792e-05	-0.017592	-0.081179	-0.57365	-0.0021949	-0.6012	-0.0047079	-0.0084385	0.062503	0.0037465	-0.005814	-0.0008316	0.00041593	-0.034631	-0.14322	-0.529	-0.0055375	-0.079343	0.08739	-0.0084743	-0.0069195	0.00055459	-0.37459	-0.019726	0.0013868	-0.05752	0.00087367	-0.0044312	0.0016642	-0.0062286	-0.011611	-0.34217	-0.0010569	-0.52123	0.037924	-0.22883	0.00083195	-0.58225	-0.136	-0.0078863	0.60107	0.0044411	-0.3935	-0.05037	-0.0023553	0.013772	-0.041567	-0.011887	-0.0023553	0.020623	-0.09142	-0.0017264	-0.33399	0.025812	-0.0092666	-0.63282	-0.0022168	0.029325	-0.41509	-0.11064	-0.0092666	-0.60264	-0.89427	-0.004994	-0.0094046	0.00041593	-0.0037395	-0.0045695	0.00055459	-0.12226	0.0012481	0.0049961	-0.22515	0.10833	-0.013815	-0.28084	0.006109	0.1057	-0.10697	-0.86715	0.0026931	0.017561	-0.0019399	0.051245	-0.012576	-0.072408	-0.60541	-0.18144	0.017124	-0.016977	0.001803	0.008892	-0.58844	0.0015255	-0.50442	-0.016704	-0.02562	-0.044686	-0.2862	-0.51805	-0.10066	-0.020385	-0.31085	-0.89437	-0.14734	0.0076392	-0.0010217	-0.43127	-0.069198	0.20687	0.0012481	-0.023009	-0.006505	-0.72729	-0.0024938	-0.1832	0.0062481	0.0093098	0.085943	-0.0087146	0.00032407	-0.52655	-0.0013858	-0.034904	-0.17512	-0.017132	0.0080567	-0.058462	-0.17689	-0.0042778	-0.7089	-0.86049	-0.0015243	0.015587	-0.0027707	-0.0049844	-0.0020253	-0.067215	0.060222	-0.064508	-0.0037395	-0.011335	-0.067458	0.037652	-0.0033243	-0.13031	-0.15093	-0.0089476	0.037782	-0.0018014	-0.0083005	0.0034687	0.32398	-0.09644	-0.50629	-0.0037395	0.001803	-0.40407	-0.0031446	-0.031496	-0.0037395	0.0027745	-0.0056757	-0.36045	0.0034687	0.14518	-0.36771	-0.35988	-0.78202	-0.034768	0.003645	-0.043331	0.0022252	0.0080567	0.030873	-0.38089	-0.087797	0.0016642	-0.020275	-0.55949	-0.0064654	0.0022193	-0.27236	-0.0027707	-0.0041964	-0.54618	0.004719	-0.64227	-0.030267	-0.0063668	-0.059942	0.0044411	-0.0055037	0.00036154	-0.035857	-0.0026322	0.0019418	-0.34779	-0.33399	-0.062361	-0.34136	-0.56485	-0.39118	0.0011093	-0.0023553	-0.0063668	-0.071606	0.023426	-0.20548	0.0076774	-0.022195	-0.035721	-0.00097017	-0.0009266	-0.14253	-0.54562	-0.0059522	-0.0045695	-0.00013862	-0.0015243	0.05466	-0.23569	-0.0022168	0.062794	-0.0038779	0.0030522	0.0023488	-0.82257	0.0040243	-0.027398	0.0013868	-0.0085766	0.0019418	-0.0033243	0.0011093	-0.22704	-0.026851	0.00044913	0.0020805	0.0040243	-0.0022168	-0.048072	0.0013868	-0.31587	-0.0046792	-0.54785	-0.58255	-0.90008	-0.022469	0	0.012376	0.00069327	0.00083195	-0.0078863	-0.00041585	-0.0073147	-0.035393	0.00041593	-0.01849	-0.081472	-0.013402	-0.0068942	-0.0022332	0.008892	-0.0041546	0.010285	-0.24946	-0.029584	0.081755	0.029466	0.0016642	-0.012024	-0.0029869	0.0043021	0.011121	0.0031385	0.0084743	0.0086135	-0.60651	0.045566	-0.0048461	0.0055529	-0.033132	-0.53419	-0.0095386	-0.006505	-0.0031859	0.004719	-0.79302	-0.073743	0.080309	-0.0040162	0.074696	0	-0.37752	-0.026304	-0.20486	-0.66513	-0.0023114	0.0024012	-0.014916	0.00069327	-0.26937	-0.0029091	-0.27476	-0.28453	0.0013868	-0.062629	0.0015956	0.22391	-0.39619	-0.34905	0.0020805	-0.00055444	-0.47256	-0.0055116	0.011539	-0.59633	0.0015255	-0.018628	-0.62687	-0.14258	-0.016154	-0.84235	-0.82342	0.0027745	0.026429	-0.027261	-0.0025812	-0.014366	-0.53439	-0.35236	-0.029857	-0.20286	-0.032587	-0.00027724	0.026935	-0.2732	-0.040209	0	-0.0030475	-0.0031859	0.062365	-0.01496	-0.0039008	0.023426	-0.005814	0.0034841	0.00015774	0.0084743	-0.010646	-0.0014769	-0.00069303	-0.33756	-0.0086232	-0.28075	-0.00057219	-0.44859	-0.87408	-0.0024938	-0.67444	0.0011093	-0.015466	-0.69441	0	-0.0077482	0.50238	-0.003738	-0.016567	0.0040891	-0.010784	-0.0008316	-0.043737	-0.64668	-0.072675	-0.68396	0	0.011904	-0.0027707	-0.007472	-0.0022168	0.064082	-0.049019	-0.052261	-0.0047079	-0.11378	0.0067716	0.20553	-0.57757	0.56525	-0.0029033	-0.039665	-0.15281	-0.0092666	-0.55367	-0.70684	-0.0044312	-0.0030503	0.0026357	-0.00060448	-0.0088253	-0.69405	-0.054555	
Deletion Peak 38 - CN values	15q21.3 	chr15:25859096-59644289(probes 1256155:1274797)    	chr15:56883252-56927693(probes 1272967:1272986)    	chr15:56760588-57078889(probes 1272907:1273060)    	0.1847	     0.1881		Actual Copy Change Given	-0.5037	0.0097276	0.0012481	0.0040243	-0.0098185	0.0024969	-0.0030475	-0.00059235	0.0052749	0.00041593	-0.040209	-0.0087146	-0.0030475	-0.0033243	0.0065262	-0.0019399	0.02806	0.03637	-0.0096806	-0.0044312	-0.53002	-0.001061	-0.0045695	0	-0.035136	0.0034907	-0.17627	-0.0037395	0	0.006109	0.0024969	0.0086135	-0.0022168	-9.9591e-05	-0.51393	-0.0088573	-0.002728	-0.012851	-0.26805	-0.046799	0.0047297	0.0066653	-0.74881	-0.00055444	0.004447	-0.0018014	-0.00055444	-0.0084385	-0.00013862	-0.0022168	-0.0037372	-0.069734	0.024268	0.0051359	-0.018353	-0.059618	0.018943	0.0013868	-0.12538	0	0.0063871	0.0033299	-0.0027707	0.0036402	0.0114	0.0033299	-0.0040162	0.0023581	-0.0060904	0.08739	-0.005814	-0.0018014	-0.0056009	-0.8347	-0.012576	0.00041593	-0.044957	-0.0123	0.023987	-0.0019399	-0.13949	-0.11208	-0.00013862	-0.0013858	0.001803	0.0079175	-0.0027707	-0.0066432	0.00083195	0.004719	-0.010232	-0.0051227	0.0037457	-0.13807	0.010982	-0.012851	-0.016979	-0.010094	-0.14528	-0.0059522	-0.0026308	-0.0045123	-0.019452	0.013353	-0.017529	-0.46993	-0.1717	-0.5827	-0.00055444	-0.012162	0.0043021	-0.041702	0.68068	-0.025858	-0.0044312	-0.011742	0.0087528	-0.016841	-0.0055375	-0.62379	-0.005261	-0.011335	-0.024771	-0.0059522	-0.061869	-0.0027707	-0.29815	-0.0019399	-0.032587	-0.0070576	-0.27416	-0.0011087	-0.11626	0	-0.08559	-0.005261	-0.0096806	0.0052749	-0.0026322	-0.010784	-0.0089906	-0.0049844	-0.0083005	-0.0083005	-0.043466	-0.037626	-0.026714	-1.2929	0.067805	-0.0027707	0.0080719	-0.065716	-0.43548	-0.0078863	-0.012851	0.0023581	-0.0008316	0.0019752	-0.019752	-0.062764	0.0027745	-0.0030475	0.010982	-0.00013862	-0.0069087	-0.0069195	-0.039394	0.0073609	0.0047383	-0.0073339	0.004719	-0.051586	-0.0034627	0.015028	-0.098418	-0.20406	0.0044411	0.0029133	-0.019589	0.00097064	-0.019314	0.0022193	0.006109	0.005843	0	-0.0011197	0.0037465	-0.0012473	-0.37909	-0.012713	-0.0045695	-0.00076584	-0.014778	-0.0052828	-0.0060904	-0.038306	-0.0016629	0.017034	0.0040243	-0.6715	0.0094491	-0.11741	0.0062481	-0.0008316	0.00458	-0.0022168	-0.0046394	0.0011093	0.0098669	0.0052749	-0.64603	0	0.00083195	0.0037465	-0.0029634	-0.005261	0.0063871	-0.0089906	-0.089302	-0.24727	-0.19212	-0.017254	-0.019314	-0.057924	0.001803	0.004719	-0.0047079	-0.91785	0	-0.006505	0.0028126	0	-0.046041	0.0030522	0.0011878	0.0011093	-0.04577	0.1177	0.0013868	0.0019418	0.0013868	-0.0066432	0.00097064	0.0022193	-0.12966	0.0056919	-0.0034627	0.58811	-0.46035	0.011818	-0.04167	0.0011093	0.00597	0.00041593	0	0.00069327	-0.059084	-0.54361	-0.025756	-0.0020784	0.0020805	-0.00055444	0	0.0023581	-0.1307	-0.0019112	-0.47015	-0.020687	-0.28739	0.029606	-0.00069303	-0.010094	0.0020805	0.0034687	0.0097276	-0.0027841	-0.24993	-0.0020886	-0.0008316	0.025671	0.010424	-0.0016629	0.0031067	0.0044411	-0.010232	-0.005814	-0.13691	-0.24679	-0.0044312	-0.00013862	-0.031496	-0.0031859	-0.010646	0.0052473	0.0075	-0.007472	-0.012989	-0.0037395	0.0012481	0.011958	-0.010508	0.01419	0.0076392	0.0049969	-0.083731	0.017128	-0.098682	0.012376	-0.0038779	0.013492	-0.41267	-0.92085	0.003191	-0.27583	0.0072565	-0.0019399	0.0081959	-0.0096806	-0.044551	0.0027745	0	0.00097064	0	-0.0026322	0.0038854	-0.0023184	-0.0013858	0.0086135	-0.0037395	0.00020867	-0.025756	-0.16777	-0.010784	-0.0023553	-0.10802	0.0099167	0.0039133	-0.017239	-0.037898	-0.02384	0.0069435	-0.0036389	-0.0040162	-0.0048461	0.015447	0.003191	-0.032051	-0.015604	0.0076392	-0.0021658	0.08392	0.021043	-0.0023553	0	-0.15452	0.0030522	0.00097064	-0.016979	-0.28525	-0.0020784	0.0034687	-0.0013858	0.0012481	-0.0012473	0.0014808	0.0057853	-0.0084385	0.011121	-0.0047079	0.0072217	-0.00097017	0.033633	-0.0024464	0.0070826	-0.15649	0.010898	-0.068821	0.0077783	-0.007554	0.031859	-0.0022168	-0.0034627	0.00041593	-0.015879	-0.068395	-0.01849	0.053521	-0.058731	0.0016658	0.013074	0.00048061	0.0011093	-0.0008316	-0.018765	0	-0.041431	-0.0123	-0.0033671	-0.00036112	0.014749	-0.0012473	0.0068044	-0.44016	0.019886	0.012655	0.00077973	0.00069327	-0.0090232	-0.3651	-0.0013858	-0.013264	0.0043079	-0.0095426	-0.0060456	0.0056174	-0.0042929	-0.7456	-0.0032254	0.010842	-0.00069303	0.0028632	2.7405e-05	-0.00013862	0.011679	
Deletion Peak 39 - CN values	16q12.1 	chr16:49851598-55483249(probes 1316158:1320386)    	chr16:52543993-52612463(probes 1318047:1318105)    	chr16:52509697-52617450(probes 1318026:1318110)    	0.021188	   0.021142		Actual Copy Change Given	-0.49277	0.0026357	-0.018353	-0.0044312	-0.010094	0.0027745	-0.019175	-0.060836	0.0095814	0.0034687	-0.050506	-0.0063668	0.020763	-0.0047079	-0.35353	-0.0040162	-0.66892	-0.052396	-0.0073459	0.0052749	0	-0.014043	0.008892	-0.19325	-0.58546	-0.0099346	-0.061428	-0.5719	-0.038714	-0.84971	0.0043021	-0.01354	-0.0020784	0.0075	0.36838	-0.14245	-0.36805	0.011121	-1.0637	1.3739	-0.50525	0.013353	0.011539	0.0038854	-0.45522	-0.088904	-0.0084385	-0.0051227	0.0048579	-0.0086055	-0.034359	0.039902	-0.31307	0.0063871	0.035036	-0.018628	-0.70567	0.0073609	-0.0091813	-0.1458	0.0066653	-0.0064919	-0.0057151	-0.055283	0.020343	-0.0016919	-0.29118	0.0083351	-0.0055375	-0.0092666	-0.014778	-0.0012473	0.02196	-0.70854	-0.020961	-0.33456	-0.16026	-0.0066432	-0.036265	-0.0029091	0.0083351	0.0072217	0.020903	-0.028901	-0.19244	0.028763	0.0093098	-0.0053992	0.00069327	-0.00097017	-0.031905	-0.0036011	0.0012472	-0.024661	-0.025346	-0.17411	-0.012989	-0.020412	-0.025066	-0.0089315	-0.016977	-0.0034055	0.00015291	0.012934	-0.022058	-0.046718	-0.89105	0.062937	-0.0027707	-0.027261	-0.0038331	-0.39074	-0.014916	-0.042753	-0.0078704	-0.022556	-0.072203	0.010842	-0.048342	-0.0078863	-0.0059522	-0.018902	-0.013236	-0.0096806	-0.94403	-0.0041546	-0.019589	-0.00097017	-0.42807	-0.010232	-0.11952	-0.0073356	0.4913	-0.076678	-0.73963	0	-0.0080244	-0.00066492	-0.0098185	-0.030267	-0.040071	-0.00013862	-0.0084385	-0.02151	-0.96085	0.020063	-0.026988	-0.0063668	0	-0.0020784	0.0082111	0.010146	-0.44715	-0.00069303	-0.0077482	-0.0018014	0.0049969	0.006109	-0.0023814	-0.34572	0.0027745	0.0029133	0.020763	0.003191	-0.021636	0.0072217	-0.16942	0.004719	0.0075193	-0.7584	-0.00097017	-0.13173	-0.060614	0.010006	-0.11939	-0.73661	-0.025756	0	-0.0079237	-0.0008316	-0.35886	-0.28323	-0.0040162	0.015308	-0.48155	-0.00097017	0.0055529	0.01433	-0.41003	-0.048748	-0.0099565	0.004507	0.0043021	-1.0163	0.0063699	-0.32461	-0.38504	-0.024613	-0.005814	-1.0684	-0.0016629	0	-0.42057	-0.26853	-0.017529	0.0037465	-0.011818	-0.010232	-0.44805	0.01203	-0.59585	-0.0018014	-0.00097017	0.0069435	0.00063886	-0.11286	-0.20772	-0.0014987	0.013805	-0.50339	-0.007472	-0.42189	0.38452	-0.0084385	0	0.00097064	-0.012024	0.0022193	-0.79761	-0.023018	0.0014249	-0.03395	-0.0031859	-0.0022168	-0.0032461	0.0098669	-0.46408	-0.0067813	0.00013863	-0.10841	-0.0018014	-0.80658	-0.00093952	0.00055459	0.048404	0.0034687	-0.0060904	0.0026357	-0.11456	-0.00069303	-0.0022168	-0.36363	-0.014778	-0.6351	-0.1307	-0.0037141	0.0011093	0.009434	0.009061	-0.0023553	-0.17891	-0.0024938	-0.25079	-0.0080244	-0.27906	-0.0040132	0.080585	-0.60429	-0.27093	0.017253	0.0030522	0.0058309	-6.5718e-06	0.0093098	-0.79745	0.00027728	0.02836	-0.00041585	-0.0015243	0.023426	-0.075745	-0.0013858	-0.21563	0.00083195	-0.017116	0.005565	-0.12849	-0.27081	-0.20174	-0.024798	-0.033677	-0.0026322	0.015587	0.004363	-0.0013858	-0.0033243	-0.017529	-0.42484	-0.20294	0.51644	-0.02151	-0.67683	0.019363	0.012655	-0.70336	0.013217	-0.83672	0.00597	-0.0044312	-0.35202	-0.42996	-0.116	0.012934	-0.025483	-0.85114	-0.0013858	0.013632	-0.0084385	0.0065262	0.00041593	0.0073609	0.0079175	-0.0094046	-0.0045695	0.012934	-0.019726	-0.29556	-0.00027724	0.00083195	0.0050671	-0.029994	-0.10224	-0.74133	-0.32646	0.05694	-0.15076	0.011818	-0.01354	0.24835	-0.0081624	0.023005	-0.038615	-0.0053992	-0.0042929	-0.048883	-0.014641	-0.018765	-0.018216	0.71722	0.0050482	-0.79895	-0.03682	-0.62236	-0.017941	-0.31751	0.0029133	-0.021784	-0.026851	-0.023018	-0.020412	-0.22748	0.039478	-0.19212	-0.047801	0.0070377	-0.63358	-0.017254	0.0065262	-0.0033243	0.016146	0.011958	-0.76261	0.00074073	-0.077078	-0.11182	0.028434	-0.128	0.0086135	-0.062575	-0.0044312	0.00055459	0.0069435	0.0040243	-0.056038	-0.16726	0.0055529	0.15562	-0.10644	0.00027882	0.028903	-0.22656	-0.00055444	0.00069327	-0.4506	-0.20548	0.0086135	-0.026304	0.0013712	-0.27894	0.011261	-0.36352	-0.39051	0.0034687	0.017264	-0.061771	0.010842	-0.042652	-0.0084711	0.027081	-0.10631	-0.29922	-0.013396	-0.024661	-0.0064602	-0.85987	-0.032314	-0.74229	-0.72066	0.0095883	-0.30768	-0.12295	0.0047464	-0.0012473	0.021323	
Deletion Peak 40 - CN values	16q22.3 	chr16:72662248-73092559(probes 1330180:1330418)    	chr16:72773515-73063763(probes 1330233:1330404)    	chr16:69463301-90338345(probes 1328884:1341717)    	3.2659e-26	 3.5121e-11		Actual Copy Change Given	-0.35145	0.0026357	-0.018353	-0.0044312	-0.010094	0.0027745	-0.019175	-0.060836	0.0095814	0.0034687	-0.051856	-0.0063668	-0.11939	-0.0047079	-0.45618	-0.0040162	-0.66726	-0.054252	-0.0073459	-0.83881	0	-0.014043	-0.39408	-0.19325	-0.58546	-0.0099346	-0.063711	-0.5719	-0.13599	-0.85971	-0.026796	-0.01354	-0.0020784	0.0075	0.34096	-0.14245	-0.42757	-1.0835	-0.32437	-0.74238	-0.03095	-0.43148	-0.76364	0.0038854	-0.46664	-0.38649	-0.10841	-0.0051227	-0.0035019	0.0044411	-0.22862	-0.86018	-0.31307	-0.38291	-0.03054	-0.056307	-0.70567	0.0073609	-0.0091813	-0.1458	0.00027728	-0.0055375	-0.051181	-0.18845	0.020343	-0.0016919	-0.45854	-0.55196	-0.013264	-0.072808	-0.014778	-0.0012473	0.02196	-0.72994	-0.020961	-0.33456	-0.18446	-0.06585	-0.028989	-0.42844	-0.75866	-0.52205	0.020903	-0.023977	-0.2474	0.0068044	-0.8838	-0.0053992	-0.0044913	-0.00097017	-0.058866	-0.0084496	0.0012472	-0.89863	-0.064374	-0.70523	-0.011198	-0.020412	-0.021373	-0.13975	-0.017195	-0.0034055	0.00015291	0.012934	-0.022058	-0.046718	-0.91725	-0.604	-0.0027707	-0.020824	-0.0038331	-0.37786	-0.022744	-0.62336	-0.0078704	-0.016835	-0.069734	-0.85289	0.0011093	-0.0078863	-0.052396	-0.018902	-0.013236	-0.32217	-0.92825	-0.011335	-0.019589	-0.00097017	-0.42807	-0.010232	-0.43756	-0.0073356	-0.66772	-0.36193	-1.2929	0	-0.0080244	-0.023292	-0.0098185	-0.074277	-0.34492	-0.00013862	-0.0083005	-0.02151	-0.96085	0.020063	-0.026988	-0.0077482	-0.16243	-0.0020784	0.0082111	0.030029	-0.44715	-0.00069303	-0.70007	-0.0018014	0.0049969	0.006109	-0.0023814	-0.33814	-0.01849	-0.23594	-0.68752	0.003191	-0.021636	-0.18936	-0.16942	-0.73117	-0.72428	-0.89496	-0.00097017	-0.55086	-0.078011	0.010006	-0.0045695	-0.72809	-0.025756	0	-0.0079237	-0.0008316	-0.52968	-0.28323	-0.0040162	-0.33156	-0.099472	-0.00097017	-0.018216	0.01433	-0.40429	-0.042245	-0.0099565	0.0015913	-0.010922	-0.98322	-0.09855	-0.70729	-0.38504	-0.62547	-0.005814	-1.0613	-0.0016629	0	-0.42057	-0.26853	-0.017529	0.0037465	-0.011818	-0.47849	-0.20635	0.01203	-0.59585	-0.0018014	-0.00097017	-0.3385	0.00063886	-0.59263	-0.33825	-0.0014987	-0.34171	-0.50339	-0.99123	-0.488	-0.8726	-0.012851	-0.0056495	0.00097064	-0.030404	-0.8984	-0.77677	-0.0042929	-0.25585	-0.21429	-0.60989	-0.0022168	-0.0032461	0.008102	-0.46302	-0.0067813	0.00013863	-0.82228	-0.0018014	-0.005814	-0.24387	0.00055459	-0.031086	0.0058309	-0.0060904	0.018383	-1.0045	-0.00069303	-0.0022168	-0.39886	-0.014778	-0.0038779	-0.1307	0.0034687	0.0011093	0.0054013	0.009061	-0.0023553	-0.18421	-0.0024938	-0.0037555	-0.0080244	0.025671	-0.0016342	-0.53927	-0.63462	-0.31984	0.049824	-0.0559	0.0058309	-6.5718e-06	0.0093098	0.031999	0.00027728	-0.21179	-0.24216	-0.0026674	0.023426	-0.1905	-0.69006	-0.22166	0.00083195	-0.51486	0.005565	-0.23667	-0.019177	-0.20174	-0.018986	-0.055769	-0.0026322	-0.59575	0.004363	-0.0013858	-0.0033243	-0.017529	-0.42484	-0.20294	-0.6041	-0.02216	-0.67683	0.019363	0.012655	-0.70783	0.013217	-0.83582	-0.21886	-0.0044312	-1.2929	-0.42996	-0.116	0.012934	-0.039122	-0.82757	-0.0013858	0.013632	-0.056038	-0.30039	-0.093139	0.0073609	-0.32352	-0.42896	-0.0045695	-0.18131	-0.037354	-0.29556	-0.53662	0.00083195	-0.71181	-0.25902	-0.10224	-0.74133	-0.32646	-0.012438	-0.15076	-0.52246	-0.01354	0.24835	-0.013815	0.023005	-0.048244	-0.0053992	-0.0042929	-0.051721	-0.014641	-0.018765	-0.029348	-0.74142	0.0050482	-0.79895	-0.018902	-0.6215	-0.017941	-0.31751	0.0029133	-0.021784	-0.025321	-0.028832	-0.010508	-0.22748	0.039478	0.00027728	-0.030677	-0.067099	-0.63358	-0.017254	0.0065262	-0.0016629	-0.64537	-0.40269	-0.76261	0.00074073	-0.077078	-0.10368	0.019449	-0.12202	-0.2843	-0.52221	-0.032723	0.00055459	0.0069435	0.0040243	-0.056038	-0.1572	0.0055529	-0.39152	-0.10644	0.00027882	0.028903	-0.22656	-0.00055444	0.00069327	-0.44555	-0.31459	-0.051316	-0.00027724	0.0035647	-0.39219	0.011261	0.0012481	-0.39419	-0.15682	0.017264	-0.061771	0.010842	-0.061555	-0.0084711	-0.83187	-0.36034	-0.3567	-0.012294	-0.024661	-0.0064602	-0.85789	-0.02384	-0.75495	-0.0024019	0.0095883	-0.0015243	-0.12295	0.0047464	-0.0012473	-0.85456	
Deletion Peak 41 - CN values	16q24.1 	chr16:84142166-86580068(probes 1339190:1340492)    	chr16:85047567-85103662(probes 1339318:1339326)    	chr16:69463301-90338345(probes 1328884:1341717)    	1.0611e-35	 3.4937e-22		Actual Copy Change Given	-0.44394	0.027778	-0.055634	-0.0044312	-0.010094	0.0027745	-0.019175	-0.060836	0.010982	0.0034687	-0.051856	-0.0063668	-0.11939	-0.0047079	-0.49287	-0.0040162	-0.66726	-0.054252	-0.011335	-0.92234	0.0036076	-0.014043	-0.39408	-0.19325	-0.61582	-0.0099346	-0.063711	-0.5719	-0.10592	-0.93504	-0.020687	-0.84739	-0.011749	0.0075	0.24016	-0.14245	-0.76962	-0.89683	-0.32437	-0.79244	-0.03095	-0.43148	-0.76364	-0.37921	-0.47035	-0.38649	-0.10841	-0.0051227	-0.0090294	0.0044411	-0.20983	-0.89481	-0.31307	-0.39404	-0.072408	-0.056307	-0.70567	0.0073609	-0.0091813	-0.1458	0.00027728	-0.0055375	-0.054717	-0.54439	0.0073609	0.0043021	-0.50225	-0.55196	-0.013264	-0.42571	-0.014778	-0.0012473	0.02196	-0.76962	-0.020961	-0.33456	-0.18446	-0.06585	-0.024935	-0.42844	-0.75866	-0.52205	-0.61287	-0.033087	-0.2474	-0.40606	-0.8838	-0.0053992	-0.0044913	-0.00097017	-0.057293	-0.0084496	0.0012472	-0.89863	-0.1779	0.0037465	-0.011198	0.25215	-0.021373	-0.13975	0.0011108	-0.0034055	-0.0012763	-0.56515	-0.022058	-0.046718	-0.91793	-0.62657	-0.0027707	-0.020824	-0.0038331	-0.37786	-0.048072	-0.66168	-0.012845	-0.016835	-0.077089	-0.82749	-0.0028002	-0.018078	-0.070082	-0.018902	-0.013236	-0.0056757	-0.98177	-0.011335	-0.019589	-0.00097017	-0.42807	-0.010232	-0.43648	-0.0073356	-0.66772	-0.32936	-0.74629	-0.011692	-0.0080244	-0.02384	-0.0098185	-0.096836	-0.042381	-0.00013862	-0.0083005	-0.02151	-0.97495	0.020063	-0.026988	-0.010196	-0.22748	-0.0020784	0.0082111	0.030029	-0.44715	-0.00069303	-0.69468	-0.022904	0.0051359	0.006109	-0.0023814	-0.35564	-0.01849	-0.18697	-0.68752	0.003191	-0.021636	-0.18936	-0.024798	-0.78328	-0.72428	-0.0059522	-0.00097017	-0.55086	-0.078011	0.010006	-0.0045695	-0.75409	-0.028081	0	-0.41674	0.0091705	-0.52968	-0.28323	-0.0040162	0.016734	-0.099472	-0.00097017	-0.018216	0.019363	-0.42591	-0.057868	-0.0099565	0.0015913	-0.010922	-1.0719	-0.24277	-0.70729	-0.38504	-0.63083	-0.005814	-1.1255	-0.72279	-0.94076	-0.42057	0.0070826	-0.017529	0.0037465	-0.011818	-0.47849	-0.20635	0.01203	-0.59585	-0.0018014	-0.00097017	-0.3385	0.00063886	-0.62617	-0.33825	-0.12369	-0.34171	-0.50339	-1.1133	0.016705	-0.56932	-0.40241	-0.0056495	-0.051451	-0.030404	0.0036076	-0.83527	-0.026526	-0.25585	-0.21429	-0.6301	-0.0022168	-0.0032461	-0.53388	-0.46302	-0.0067813	-0.0032147	-0.82228	-0.0091286	-0.005814	-0.24387	0.00055459	-0.040209	0.0058309	-0.0060904	-0.66365	-1.0045	0.00012326	-0.0022168	-0.39886	-0.014778	-0.0038779	-0.1307	-0.39575	0.0011093	0.0054013	-0.35852	-0.0062289	-0.18421	-0.0024938	-0.25249	-0.0080244	-0.29183	-0.03504	-0.53927	-0.63462	-0.59692	-0.84875	-0.066788	-0.046195	-6.5718e-06	0.0093098	-0.8138	0.00027728	-0.016547	-0.29544	-0.0026674	-0.58157	-0.21861	-0.69651	-0.22166	-0.091357	-0.024935	0.0016642	-0.020412	-0.2281	-0.22051	-0.018986	-0.055769	-0.0026322	-0.61992	0.004363	-0.0013858	-0.0033243	-0.030841	-0.42484	-0.21644	-0.6041	-0.02216	-0.67683	0.019363	0.0095253	-0.70783	0.013217	0.40211	-0.22596	-0.0044312	-0.84467	-0.42996	-0.116	0.012934	-0.062495	-0.87064	-0.0013858	-0.70926	-0.056038	-0.30039	0.0011093	0.0073609	-0.32352	-0.43214	-0.0045695	-0.18131	-0.051575	-0.29556	-0.59808	0.00083195	-0.72044	-0.25902	-0.10224	-0.74133	-0.34393	-0.012438	-0.15076	-0.52246	-0.01354	-0.61777	0.29883	0.023005	-0.050407	-0.0062286	-0.0029091	-0.085988	-0.014641	-0.018078	-0.029348	-0.78387	0.0050482	-0.79895	-0.059	-0.63216	-0.017941	-0.31751	0.0029133	-0.021784	-0.066654	-0.028832	-0.096836	-0.23439	0.039478	0.00027728	0.036088	0.0014808	-0.68287	-0.017254	0.013632	-0.37256	-0.64537	-0.39797	-0.78268	0.00074073	-0.084266	-0.39152	-0.84614	-0.12202	-0.56306	-0.52221	-0.093403	0.00055459	-0.704	0.0040243	-0.056038	-0.20821	-0.30169	-0.39152	-0.84715	0.0084758	0.028903	-0.22656	-0.00055444	0.00069327	-0.44555	-0.23018	-0.090626	-0.035721	-0.0015233	-0.44189	0.011261	0.0012481	-0.39419	-0.090361	0.017264	-0.061771	0.010842	-0.15208	-0.0084711	-0.87401	-0.26023	-0.36022	-0.012294	-0.029179	-0.0064602	-0.90061	-0.10447	-0.75495	-0.0091286	-0.72429	-0.0022168	-0.12295	-0.45691	-0.0014452	-0.85456	
Deletion Peak 42 - CN values	17p13.1 	chr17:7576375-8006762(probes 1344930:1345098)        	chr17:7851143-7937360(probes 1345037:1345064)        	chr17:5075748-8941358(probes 1343484:1345639)        	6.7762e-24	  6.759e-24		Actual Copy Change Given	-0.51671	0.021744	-0.83373	0.0027745	-0.017391	0.0012481	-0.013718	-0.00017654	0.0063871	-0.0024938	-0.031632	-0.007498	-0.18496	-0.61556	-0.2497	-0.49078	-0.64067	-0.11887	-0.014778	-0.083731	0.0022193	-0.65087	-0.3963	-0.55587	-0.024621	-0.00094826	-0.64349	-0.54512	-0.33722	-0.052531	-0.021647	-0.80443	0	-0.26107	-0.52849	-0.50277	-0.69649	-0.89158	-0.68342	-0.058462	-0.49183	0.008892	0.0036076	-0.00055444	-0.49078	-0.0045695	0.021603	-0.018902	-0.005814	-0.0019399	0.011679	-0.87002	0.00083195	0.0098669	-0.014366	-0.037856	-0.69051	-0.0033243	-0.24752	-0.14644	0.0068044	0.0084743	-0.013677	-0.52509	-0.79277	-0.0036011	-0.020361	0.0037465	-0.0077482	-0.080674	-0.017666	-0.5009	-0.36979	-0.7019	-0.025072	-0.33641	-0.23006	-0.017941	-0.042652	-0.015604	0.0095883	-0.49996	-0.59604	-0.032587	0.0036076	0.00697	-0.86358	-0.0016629	-0.0024938	-0.023429	-0.024935	-0.0088526	-0.0015252	-0.89703	-0.088242	0.012097	-0.020549	-0.043195	-0.61968	-0.013815	-0.8751	-0.002157	-0.36827	-0.11535	-0.029175	-0.0034627	-0.90236	-0.56614	0	-0.019177	-0.0024938	-0.026851	0.62697	-0.032824	0.0023581	-0.017934	-0.10053	-0.048072	-0.013402	0	-0.06758	-0.020961	-0.0046799	-0.013402	-0.0577	-0.005814	-0.72562	-0.0041546	-0.42462	-0.011473	-0.26396	-0.0069195	-0.66254	0.001803	-0.71653	-0.075078	-0.0071958	-0.56932	-0.015054	-0.051046	-0.048883	-0.81499	-0.014503	-0.019427	-0.94835	-0.83535	-0.036129	-0.0060904	-0.45265	-0.028765	-0.00012348	-0.78374	-0.43863	-0.00027724	-0.045564	-0.01106	-0.00027724	0.0054139	0.011513	-0.34676	-0.25962	-0.058691	0.0044411	-0.0063668	-0.074667	-0.013953	-0.16447	0.0098669	-0.73555	-0.017941	-0.00069303	-0.043737	-0.077611	-0.61556	-0.29388	-0.76794	-0.11482	0	-0.014641	-0.34802	-0.0011087	-0.27858	-0.38526	0.006109	-0.093139	0.0093098	-0.39853	-0.013815	-0.43756	-0.085722	-0.0012473	-0.0025665	-0.023429	-0.011543	-0.022788	-0.8513	0.0022193	-0.85223	-0.44437	-0.62255	-0.68378	0.011579	-0.42473	-0.27308	0.00597	-0.0096806	-0.59774	-0.0071958	0.029184	-0.0027707	-0.67285	-0.0008316	-0.0031859	-0.0012473	-0.0055917	-0.04211	-0.4912	-0.00013862	-0.15707	-0.49538	-1.0381	-0.4013	-0.066118	-0.40716	-0.35316	-0.033405	0.0027745	-0.90662	-0.016017	-0.020456	-0.016116	-0.19775	0.0024969	-0.0026322	-0.00075323	-0.33341	-0.45351	-0.020275	0.0011093	0.00027728	-0.36782	-0.028843	-0.24058	-0.00068978	-0.042381	0.0072217	-0.00013862	-0.018628	-1.0326	-0.7982	0.00055459	-0.35658	-0.0034627	0.00055459	0.0015255	-0.0067813	0.0034687	0.0048579	-0.34813	-0.0033243	-0.0098185	-0.0024938	0.016705	0.0023581	-0.27236	-0.0099279	-0.52482	-0.0019399	-0.28192	-0.81655	-0.0038779	-0.0059522	-0.0091286	0.0070826	0.019503	-0.0056757	-0.44014	-0.28323	-0.0084385	-0.37572	-0.0023553	-0.020138	0.0046054	0.00069327	-0.017529	-0.0073339	-0.64621	-0.020824	-0.016292	-0.022195	-0.031768	0.0029133	-0.011887	0.0008927	0.0019418	-0.018628	-0.031632	-0.013953	-0.21144	0.0048579	-0.015741	-0.70226	-0.00027724	-0.032996	-0.70343	-0.0022129	-0.81013	0.0098669	-0.0073339	-0.54078	-0.45415	-0.93016	-0.51105	-0.029994	0.010006	-0.00055444	0.0054139	-0.012438	-0.034721	0.015308	0.001803	-0.58931	0.0040243	-0.0055375	0.00023666	-0.013528	-0.01106	-0.52289	-0.14219	-0.0061588	-0.23789	-0.3875	-0.71622	-0.011611	-0.0020435	-0.37207	-0.26432	-0.015191	-0.60061	-0.038442	-0.55727	-0.050813	-0.27774	0.00041593	-0.049965	-0.01447	-0.38022	-0.021098	-0.73178	0.00043235	-0.85265	-0.038986	-0.0087146	-0.0016629	-0.27093	0.0048579	0.0012481	-0.030131	-0.33848	-0.028218	-0.0015243	-0.0029091	0.003191	-0.027398	-0.0003318	0.018523	-0.016154	0.0075866	-0.0098185	-0.65945	-0.39997	-0.78597	-0.071694	-0.73196	-0.34676	0.026185	-0.18762	-0.55627	-0.012244	-0.049559	-0.0063668	-0.095516	-0.00013862	-0.0047079	-0.78572	0.0016642	-0.37999	-0.078411	-0.009679	-0.54724	-0.84143	0.0029133	-0.0030475	0.010564	-0.44784	-0.33886	-0.038221	-0.0038618	-0.042652	0.00038144	0.0030522	-0.0024938	-0.051451	0.031718	-0.045635	0.0048579	-0.0030475	-0.0050171	-0.91364	-0.59818	-0.10184	0.0083409	-0.039394	-0.00050951	0.0033299	-0.56485	-0.73442	-0.015879	0.0033944	-0.0049844	-0.12282	-0.0052337	-0.73047	-0.84963	
Deletion Peak 43 - CN values	17q21.31	chr17:44022779-44562358(probes 1359349:1359554)    	chr17:44182031-44312259(probes 1359409:1359460)    	chr17:41832900-47177973(probes 1358326:1360180)    	8.4491e-21	 8.4491e-21		Actual Copy Change Given	0.016146	-0.51702	-0.025756	0.0027745	-0.012713	-0.44523	-0.0078863	-0.00017654	0.0063871	-0.0024938	-0.031632	-0.007498	0.0033299	0.0011093	0.011539	0.0012481	0.025952	-0.011887	-0.014778	-0.089567	-0.5201	-0.017385	0.010146	0.026336	-0.024621	-0.00094826	-0.6578	-0.53409	-0.31634	-0.051046	-0.023292	-0.72234	0	-0.0029091	0.0051359	-0.20734	-0.66467	0.010564	0.016985	-0.058462	-0.45554	-0.55797	0.0036076	-0.00055444	-0.42974	-0.0045695	0.021603	-0.018902	-0.11234	-0.0019399	-0.53987	0.060079	0.0034687	0.0098669	-0.040616	-0.023566	-0.67325	-0.0077996	-0.24752	-0.0019399	-0.27941	0.0084743	-0.013677	-0.39127	0.023426	-0.15962	-0.0066432	-0.55887	-0.16675	-0.0095426	-0.017666	-0.40584	0.024203	-0.21552	-0.025072	0.0087528	-0.17145	-0.017941	-0.042652	-0.015604	0.0095883	-0.52133	0.023987	-0.032587	-0.7317	0.00697	0.0055529	-0.0016629	-0.0024938	-0.023429	-0.024935	-0.0088526	-0.0015252	0.027216	-0.10631	0.012097	-0.020549	-0.043195	-0.60757	-0.013815	-0.01574	-0.002157	-0.0088526	-0.51146	-0.029175	-0.0034627	-0.85734	-0.56614	0	-0.019177	-0.0024938	-0.026851	-0.080141	-0.032824	-0.0017796	-0.017934	0.017124	-0.01849	-0.013402	0	-0.046041	-0.020961	-0.0046799	-0.013402	-0.019361	-0.005814	-0.0083005	-0.0041546	0.0033299	-0.011473	-0.26396	-0.0069195	0.013772	0.001803	0.027216	-0.022058	-0.0071958	-0.54411	-0.015054	-0.055229	-0.0016629	-0.059673	-0.014503	-0.019427	0.041317	-0.8292	-0.032723	-0.74002	-0.70253	0	-0.64508	0.016845	0.021205	-0.00027724	-0.69577	-0.082801	-0.00027724	0.0054139	-0.65007	-0.34676	-0.14297	-0.0034627	0.00458	-0.0063668	-0.015593	0.023426	0.027076	-0.7072	0.011977	-0.017941	-0.00069303	-0.67141	-0.50121	-0.0031859	-0.26937	-0.2061	-0.24764	0	-0.017254	0.001803	0.0084743	-0.2744	-0.37887	-0.36113	0.0024969	0.0093098	-0.13693	-0.38055	-0.013264	-0.085722	-0.0012473	-0.0025665	-0.023429	-0.011543	-0.010094	-0.72084	0.0022193	-0.82331	-0.41762	-0.2991	-0.0029091	0.011579	-0.0016629	-0.26949	-0.42046	-0.0096806	-0.015673	-0.0071958	0.027357	-0.0027707	0.0062944	-0.0008316	-0.0031859	-0.11456	-0.0055917	-0.0060904	-0.00055444	-0.00013862	-0.15707	0.081177	-0.10565	-0.39997	-0.066118	0.047126	-0.00045329	-0.26889	0.0027745	-0.0073561	-0.016017	-0.020456	-0.016116	-0.022332	0.0024969	-0.0026322	0.0056315	0.0056919	-0.033541	-0.020275	0.0011093	0.00027728	0.0027745	-0.028843	-0.016292	-0.00068978	-0.70442	0.0072217	-0.00013862	-0.020803	-0.10552	0.00597	0.00055459	-0.006554	-0.0034627	-0.68232	-0.11822	-0.0067813	0.0034687	-0.34973	0.014609	-0.0033243	-0.0031858	-0.0012473	0.016705	0.0023581	0.013772	-0.0034341	0.036779	-0.0019399	-0.55827	0.034959	-0.79302	-0.0059522	-0.0091286	0.0070826	0.019503	-0.0056757	-0.0035819	-0.0019399	-0.0084385	-0.34423	-0.0023553	-0.017846	0.0046054	0.00069327	-0.017529	-0.0073339	-0.013953	-0.68095	-0.016292	-0.022195	-0.031768	0.0029133	-0.011887	0.0008927	-0.63708	-0.42713	-0.031632	-0.013953	0.0013769	0.0048579	-0.015741	-0.67554	-0.00027724	0.0027745	0.0087574	-0.00041187	-0.77575	0.0052152	-0.0066432	-0.024114	-0.057654	-0.91845	-0.4748	-0.029994	0.0056919	-0.00055444	0.0054139	-0.012438	-0.12486	0.00097064	0.001803	-0.22244	0.0040243	-0.0055375	0.00023666	-0.013528	-0.01106	0.011261	-0.0023759	-0.0061588	-0.22699	-0.36454	0.0037465	-0.011611	-0.31213	0.045697	0.0019418	-0.015191	-0.071472	-0.015054	0.010703	-0.050813	0.0081959	0.00041593	-0.054825	-0.011335	0.010842	-0.021098	0.054376	0.00043235	-0.79528	-0.038986	-0.0087146	-0.64678	-0.088374	-0.090626	0.0012481	-0.030131	0.094782	-0.028218	-0.0015243	-0.00041585	0.003191	-0.027398	-0.0014305	-0.59068	-0.016154	0.0075866	-0.0098185	0.0038854	-0.0022168	0.0061021	-0.075699	0	-0.36045	-0.15852	0.078124	0.0013868	-0.012244	-0.049559	-0.38694	-0.013402	-0.21948	-0.0047079	-0.098286	-0.29059	0.013492	-0.087712	-0.009679	0.039337	-0.014026	-0.68342	-0.0030475	0.010564	-0.24338	0.0076392	-0.023018	-0.0038618	-0.088242	0.00038144	0.0030522	0.00068467	-0.073877	0.031718	-0.045635	0.0048579	-0.071606	-0.0050171	0.044007	-0.57861	-0.094396	0.0083409	-0.039394	-0.00050951	-0.076278	-0.27667	-0.7164	-0.68278	0.010205	-0.0049844	0.0061979	-0.0052337	-0.011198	0.042874	
Deletion Peak 44 - CN values	18q22.1 	chr18:57029153-80373285(probes 1410305:1422820)    	chr18:68714322-69057452(probes 1417365:1417596)    	chr18:63458158-80373285(probes 1414685:1422820)    	0.0028502	  0.0028502		Actual Copy Change Given	0.004719	-0.00041585	-0.005261	0.0020805	-0.01937	-0.028491	0.0871	-0.056344	-0.011198	0.0034687	-0.04428	-0.0020784	-0.34033	-0.59682	-0.018216	0.0016642	0.019363	0.00083195	-0.0042929	0.044007	0.0051359	0.018571	-0.01849	-0.17246	0.0022603	-0.0081406	-0.69224	-0.0029091	-0.0083005	0.0093442	-0.85908	-0.84651	0.00055459	0.0034687	-0.28727	-0.68259	0.1783	0.00097064	-0.93858	-0.058788	-0.0034488	0.0044411	0.00047853	0.00055459	0.00027728	-0.07921	-0.61825	0.00041593	-0.0094046	-0.0044312	-0.47522	0.00013863	-0.83622	0.001511	-0.21218	-0.011335	0.023706	0.0024969	0.19041	-0.0066432	0.0016642	-0.63188	-0.72553	-0.52638	0.0043021	-0.0015243	-0.14039	0.0041632	-0.026828	-0.20834	0.0094491	-0.50525	-0.03796	-0.78948	0.0058309	-0.36204	-0.044144	0.0015444	0.063622	-0.42364	0.035947	-0.0020784	-0.15503	0.0084743	0.00013863	0.0080567	0.011679	0.00027728	0.00013863	-0.48533	-0.105	-0.0081624	-8.3109e-07	0.07815	-0.82269	-0.016154	0.0081959	0.011679	-0.60148	-0.0044312	-0.8156	0.0028319	-0.0008316	-0.057116	0.00055459	-0.0048461	-0.90745	-0.57021	-0.18722	-0.0099565	0.0016642	-0.30627	-0.0077482	-0.029822	-0.10376	0.0055597	-0.066788	-0.78159	0.0042516	-0.011611	0.019363	-0.0066432	-0.032968	0.0043021	-0.0024025	-0.0042929	-0.033269	-0.0016629	-0.26709	0.00013863	-0.20286	0.00069327	-0.69277	0.0036076	-0.73196	-0.029311	-0.00069303	-0.0012473	-0.0075854	0.061794	-0.0063668	0.00097064	0.0058309	-0.0027707	-0.0056757	-0.29955	-0.030131	0.0016642	-0.091816	0.00013863	-0.017926	-0.73003	-0.40272	-0.00013862	-0.0024938	0	-0.0013858	0.00013863	-0.024002	-0.10697	-0.011335	-0.066386	-0.68506	0.006109	0.0037573	0.00097064	-0.076146	-0.175	-0.0023361	0.0034687	0.0030522	-0.71042	0.0024969	-0.046718	-0.76408	-0.067056	0.0027745	0.00085389	-0.082004	0.0020805	-0.10329	-0.0076101	-0.38694	-0.0050781	-0.33848	0.0023581	-0.01409	-0.36892	-0.39174	0.074265	0.00048063	-0.0082498	0.032704	-0.99513	-0.075878	-0.67739	-0.0501	-0.081823	0.003191	0.080441	-0.6749	-0.00023753	-0.42855	-0.27404	-0.45661	-0.45394	0.019152	-0.45618	0.020483	0.0015565	0.0072217	-0.0022168	0.0029133	0.0026357	0.00091623	-0.25079	-0.34973	-0.0019399	-0.00041585	-0.28071	0.010982	-0.033269	-0.0040162	-0.39129	-0.0023553	-0.0094046	-0.027535	-0.72473	0.01419	-0.29674	-0.25258	-0.0043709	-0.10745	-0.0033243	-0.0014068	0.003191	-0.34136	-0.0033243	-0.24288	0.00013863	-0.0048392	0	-0.014916	0.0083351	-0.58696	0.0093098	0.0020805	0.0073609	-0.60757	-0.79294	-0.0031859	0.00458	0.0044411	-0.00027724	0.001803	-0.00069303	-0.06048	-0.0070576	-0.0053992	-0.030267	-0.0030475	-0.0042465	-0.10513	-0.0070738	-0.13549	-0.0049558	-0.069881	0.0016642	-0.35829	-0.042788	-0.01578	-0.44037	-0.0055375	-0.0093705	-0.30803	-0.0018014	0.015048	-0.01409	0	-0.37673	-0.00055444	-0.021784	-0.0055122	-0.0053992	-0.010508	-0.088109	0.0063871	-0.85027	-0.21688	-0.91477	0.0015255	-0.0059522	-0.011887	-0.0007709	-0.0013858	-0.0029091	0.0006894	-0.018765	-0.20299	0.00013863	0.0062481	0.0080567	-0.39363	-0.0069195	-0.55657	0.00056217	-0.26252	-0.036538	-0.00013862	-0.70827	-0.27284	-0.12784	0.0036076	-0.49434	0.0069435	0.0026357	0.010564	0.004719	-0.019314	-0.00065852	0.0023581	0.0052749	0.0030522	-0.26612	-0.005261	0	0	-0.00055444	-0.0042929	-0.5499	0.18313	0.00097064	0.006109	0.0049046	-0.016704	-0.35745	-0.47733	-0.00069303	-0.10066	-0.022881	-0.38448	0.051064	-0.0055375	-0.011335	-0.84739	0.053094	-0.010508	0.00027728	0.69185	-0.0018888	0.0034551	-0.019314	-0.43832	-0.00027724	-0.10276	-0.0034627	-0.00033561	-0.011473	-0.27547	-0.0037395	-0.22194	0.00055459	0.001109	0.013213	-0.0039225	-0.013677	-0.0037395	0.0014751	-0.0078863	-0.63793	-0.14361	-0.77855	-0.012316	-0.0074678	-0.46621	0.0046721	-0.011774	-0.36997	0.0050533	0.080745	-0.0048461	-0.045364	0.00049995	-0.10066	-0.70899	-0.05496	-0.0044312	-0.10985	-0.00041431	0.0051359	-0.83668	0.0013868	0.00597	-0.10026	-0.23814	-0.025726	0.023987	0.0018989	0.0054139	0.00083195	-0.0022168	0.0048579	0.01419	-0.0047143	-0.01037	-0.0027707	0.0013868	-0.0016955	-0.44005	0.0033299	-0.06048	0	-0.0087146	-0.0069317	-0.018078	-0.056846	-0.016979	0.66586	-0.73095	-0.24837	0.0025856	-0.003816	0.01339	-0.028765	
Deletion Peak 45 - CN values	19q13.2 	chr19:42250486-42307563(probes 1440567:1440580)    	chr19:42260379-42307563(probes 1440571:1440580)    	chr19:42209980-42601220(probes 1440557:1440717)    	0.0061388	  0.0061388		Actual Copy Change Given	0.0070826	-0.46791	-0.03885	0.00027728	-0.023977	0.0023581	-0.0092666	-0.0046074	0.014051	-0.00055444	-0.020275	-0.0040162	0.013353	-0.0027707	0.024127	-0.00055444	0.0375	-0.13445	-0.015329	-0.09261	-0.0027707	-0.038667	0.018663	-1.0837	-0.032274	0.0018249	-0.067197	0.012516	0.0051359	-0.051856	-0.030131	-0.015604	-0.00097017	0.00069327	-0.0047079	-0.19437	-0.045364	0.01894	-0.3409	-0.059807	0.0046078	0.001803	0.012934	0.0013868	0.0051518	-0.0099555	0.033549	-0.027124	0.00069327	0	0.0040243	-0.090361	-0.11404	0.006109	-0.033814	-0.039937	-0.32953	-0.0047079	-0.20523	-0.0040162	0.012376	0.0086135	-0.021235	-0.0055528	0.017684	-0.0049844	-0.014228	-0.0064784	-0.0055531	-0.011198	-0.017803	-0.013815	-0.0069828	0.097833	-0.032314	0.0052749	-0.07921	-0.013402	-0.048478	-0.019177	-0.70702	-0.49465	0.0044411	-0.040073	0.01042	0.0004028	-0.18896	0.00083195	-0.0023553	-0.0092666	-0.027261	-0.012713	0.0001378	-0.010508	-0.09855	0.012237	-0.022744	-0.022469	-0.050506	-0.015466	-0.82887	-0.0050056	-0.010646	-0.11803	-0.042245	0.00069327	-0.25745	-0.5937	-0.00013862	-0.025346	0.0022193	-0.019863	-0.083731	-0.040581	-0.0063328	-0.025394	0.030169	-0.011335	-0.010232	-0.0045695	-0.066788	-0.029721	0	-0.018902	0.028715	-0.0063668	-0.014641	-0.0044312	-0.00097017	-0.018902	0.17181	0.0037465	0.0084743	0.0083351	-0.66624	-0.037218	-0.0095426	0.0077783	-0.023977	-0.073209	-0.326	-0.0034627	-0.017486	-0.77431	0.059223	0.032563	-0.03994	-0.012576	-0.6867	-0.0044312	0.0089072	-0.012438	-0.0027486	-0.0035743	-0.054286	0.003191	0.00055459	0.001972	-0.020438	0.015727	0.011121	-0.0067813	0.0092527	-0.0081624	-0.021225	-0.00069303	-0.0041546	0.010006	0.020502	-0.014503	0.00089264	-0.012438	-0.0012473	0.016286	0.045566	-0.80302	-0.015604	-0.0011087	-0.024524	0.010703	-0.071123	0.0054139	-0.0013858	-0.027535	-0.0095426	0.0019418	0.012934	-0.018353	-1.1816	-0.047395	-0.0051227	-0.0085111	-0.038306	-0.015914	-0.019177	-0.016292	0.011121	0.010753	0.0040906	-0.66217	-0.66901	-0.33257	-0.0019399	-0.00069303	-0.0033243	-0.014366	-0.022813	-0.01904	-0.020138	-0.0069195	0.0044411	0.0012481	0.00069327	0.0047159	-0.0050387	-0.036674	0.0054139	0.003191	0.0056919	0.046984	-0.99667	0.032422	-0.03095	-0.10802	0.0020805	-0.00055444	-0.005261	-0.015466	-0.017254	-0.030131	-0.026677	-0.55176	0.00083195	-0.0020784	0.0003557	0.0114	0.043299	-0.66235	-0.0024938	0.0024969	0.0070826	-0.028218	0	0.0048579	-0.041024	0.016845	0.0048579	-0.021784	-0.063972	-0.023155	0.00458	-0.01037	0.0044411	-0.57832	0.003191	-0.01409	0.012795	0.0026812	0.015587	-0.0031859	-0.0033243	-0.0038779	0.0043021	0.0041632	0.15666	-0.0042642	0.089256	-0.0092666	-0.27392	-0.056307	-0.0049844	-0.031496	0.004719	0.012376	-0.4381	-0.0029091	-0.12536	-0.0027707	-0.0055375	0.015028	-0.0063668	-0.0179	0.0041886	0.0040243	-0.022332	-0.0071958	-0.016567	-0.048565	-0.0063668	-0.023155	-0.039258	0.0048579	-0.0019399	-0.00029812	0.008892	-0.018972	-0.041295	-0.02151	-0.0029963	0.023005	-0.024935	0.01886	0.01419	0.014609	-0.19124	0.010986	0.0351	0.0069286	-0.0078863	-0.069867	0.21177	-0.012576	-0.0037395	-0.044822	0.011679	0.00027728	-0.00041585	-0.015269	-0.0023175	0.0052749	0.014518	-0.0021418	0.0073609	-0.23031	0.0095832	-0.014916	-0.013127	0.021183	-0.0045695	-0.010714	0.18965	-0.38269	0.0038231	-0.01106	-0.0040162	-0.41208	0.0023581	-0.026988	-0.090493	-0.034904	-0.034706	-0.053243	0.00083195	-0.015191	-0.060883	-0.010508	0.010146	-0.024524	-0.70208	-0.0042419	0.066802	-0.040019	-0.13135	0.00097064	0.0023581	0.01447	0	-0.037354	0.097397	-0.031937	0.0028245	0.00041593	0.00458	-0.04211	0.00523	0.015866	-0.022332	0.0058871	-0.020138	-0.005032	-0.014366	0.0027745	0.0051834	-0.031117	0.050392	0.021836	0.044406	0.00097064	-0.014585	-0.053611	-0.0011087	-0.029175	-0.0031859	-0.0099565	-0.7338	-0.0022168	-0.13936	0	-0.0015228	0.044574	-0.0018753	0.0026357	-0.0048461	-0.026304	-0.026441	0.014051	-0.043737	-0.0059949	-0.0015243	0.0012481	0.01419	0.0027745	-0.070536	0.031014	-0.0049844	0.0073609	0.0034687	-0.0063994	-0.39163	0.0015255	-0.10933	-0.010502	-0.025209	-0.0045247	-0.0077482	-0.020275	0.052668	-0.012152	-0.53987	-0.016017	-0.00060448	-0.0081351	-0.031496	0.044148	
Deletion Peak 46 - CN values	21q22.2 	chr21:38378765-38783136(probes 1501078:1501488)    	chr21:38469691-38669370(probes 1501261:1501441)    	chr21:38465464-41512103(probes 1501245:1503768)    	7.08e-42	  2.335e-10		Actual Copy Change Given	-0.62188	-0.54995	-0.81721	0	-0.020275	-0.43875	0.021463	-0.0020155	-0.0049844	0.0033299	0.65329	-0.0053166	-0.00073221	-0.61978	0.0097276	0.0033299	0.015028	-0.055903	-0.00027724	-0.052801	-0.006505	-0.63326	0.0068044	-0.055095	-0.025032	0.013375	0.049257	-0.58157	-0.0055375	-0.006505	0.00097064	-0.86688	-0.0062286	-0.32843	0.40811	0.058652	0.0031688	-0.89817	-0.17474	-0.080008	-0.49673	0.00069327	0.0079175	0.0041632	0.0011093	-0.0029091	0.56578	-0.0041546	0.0013868	-0.0015243	-0.49705	-0.48176	-0.023429	-0.38526	-0.043195	-0.024114	-0.6465	-0.58088	0.18192	-0.14824	0.00097064	1.1018	-0.012438	0.014223	-1.1602	-0.17424	0.010842	-0.58402	-0.0095426	-0.0056722	-0.019863	0.0016642	0.0018781	-0.72296	-0.024251	-0.31704	0.0093098	0.0012481	-0.026714	0.0048579	-0.71158	-0.0031859	0.61	-0.01797	-0.010002	-0.0036011	-0.0038238	-0.00097017	0.00069327	-0.0059522	0.00097064	0.0016642	-0.55937	-1.0177	-0.012438	0	-0.02562	-0.012576	-0.55847	-0.75374	-0.88858	-0.10376	-0.0046921	0.010982	-0.018353	0.00027728	-0.17424	0.027524	-0.19412	-0.00097017	-0.11796	-0.26372	0.83884	-0.017493	-0.005814	-0.012569	0.012795	0.022164	-0.001132	0.0043021	-0.037354	-0.011887	0.019811	0.010424	0.11047	-0.0055375	-0.73521	-0.0077482	-0.080141	0.00013863	0.75471	-0.0023553	-0.67196	0.0068044	0.035947	-0.029038	-0.010317	-0.59701	0.0037465	-0.031784	-0.17752	-0.84411	-0.015741	-0.020824	0.071104	-0.92525	-0.034631	-0.80965	-0.015604	0.00055459	0.075431	0.061937	0.22209	0.00041593	-0.68633	-0.091552	0.00083195	0.0020805	-0.034248	-0.0042929	0.0027745	-0.012162	0.010842	-0.0045695	-0.017793	-0.001362	0.0030522	0.012516	0.0043214	-0.0011087	-0.0036011	0.001803	-0.62102	0.0041632	0.033549	0.055943	0.0015255	-0.10066	-0.00041585	0.00041593	-0.031261	-0.0083005	-0.38605	-0.0015243	0.00083195	-0.0008316	0.00055459	-0.019468	0.10789	-0.041024	-0.00069303	-0.0015971	-0.021235	0.0019476	-0.0038779	-0.14111	-0.062226	-0.88199	-0.43713	-0.72013	0.015168	0.0055927	0.0022193	-0.26552	0.001803	-0.47258	-0.58544	0.0012481	0.040892	0.0062481	-0.65547	-0.0091286	-0.081168	-0.36624	-0.36662	0.028341	0.00597	-0.0055375	-0.52502	-0.16599	-0.21151	-0.604	-0.65463	-0.12772	-0.0022168	0.0023581	-0.0033243	0.18692	-0.0091286	-0.012024	-0.0049465	-0.0047079	0.0034687	-0.8892	0.0045197	-0.53875	0.35594	-0.74664	0.0079175	-0.0036011	-0.0011087	-0.02958	0.0022193	-0.00027724	0.018523	-0.4186	-0.0027707	0.0036076	0.11228	0.014609	-0.53855	-0.0020784	5.8127e-05	-0.0037395	-0.13665	-0.0018014	0.0011093	-0.0041546	0.010424	-0.0018014	-0.0013858	-0.88673	0.078006	-0.0096806	-0.1272	-0.0046792	-0.0067585	0.017684	0.01261	0.01433	-0.8409	0.0048579	-0.0026322	0.0086135	0.0070826	-0.0011087	0.022464	0.00013863	-0.007472	-0.052126	-0.0029091	-0.676	-0.0050974	-0.30487	-0.00027724	-0.0015243	-0.0085766	-0.27152	0	-0.012989	-0.020001	-0.0011087	-0.0028545	-0.0031253	0.0019418	0.0038854	-0.61239	-0.0019399	-0.019726	0.032563	-0.0077482	-0.71773	0.0020805	-0.0030492	-0.073209	-0.0035971	0.0079175	0.0052749	-0.0023553	-0.005261	0.095217	-0.9473	-0.0034627	0.0090312	0.0098669	-0.0034016	0.011539	0.0019418	0.017124	-0.54421	0.00097064	-0.69658	-0.0016629	0.006109	0.0026357	-0.010646	0.0097276	-0.59175	-0.0019399	0.0010407	0.17528	0.050392	-0.015879	-0.010094	-0.0069195	-0.34992	-0.5351	-0.0033243	0.72867	-0.01037	-0.022606	-0.032624	-0.28952	-0.01037	-0.031632	-0.87362	0.0058309	-0.021098	0.0090312	-0.005763	-0.86476	-0.019452	-0.0024938	-0.87557	-0.35327	-0.17018	0.0043021	-0.01409	0.36608	-0.023566	0.0034687	0	-0.0030475	-0.024251	-0.90087	0.015447	0.0013815	0.001803	0.00069327	0.0079175	0.0040243	0.042024	-0.0042456	-0.065984	-0.13005	0.012469	-0.1408	-0.5717	-0.52426	-0.037762	-0.0037395	0.0070826	-0.0029091	-0.0084385	-0.010232	-0.2726	0.070386	-0.42757	-0.0073323	0.024408	0.011883	-0.0041546	-0.38761	0.013492	0.057368	-0.37087	-0.76552	-0.0054419	-0.8372	0	-0.36963	-0.39564	-0.016017	0.028481	-0.02603	0.010982	-0.0023553	-0.0008643	-0.0026322	-0.59663	-0.041974	0.0020863	-0.0067813	-0.0032795	-0.8765	-0.61691	-0.03286	-0.013264	0.0036076	-0.0013858	-0.027564	-0.45134	-0.71568	0.029237	
Deletion Peak 47 - CN values	21q22.3 	chr21:41455552-41680542(probes 1503636:1503904)    	chr21:41460712-41511243(probes 1503638:1503767)    	chr21:38465464-41512103(probes 1501245:1503768)    	8.8847e-67	 1.4956e-49		Actual Copy Change Given	-0.62188	-0.54995	-0.044822	0	-0.020275	0.0040243	0.021463	0.0019038	-0.0049844	-0.0088091	0.65329	-0.0053166	-0.00073221	-0.61978	0.0097276	-0.49986	-0.65771	-0.055903	-0.00027724	-0.052801	-0.034904	-0.63326	0.0068044	-0.055095	-0.025032	-0.10987	0.049257	-0.58157	-0.0055375	-0.070135	0.00097064	-0.86688	-0.0062286	-0.33503	-0.01409	0.058652	0.0031688	-0.89817	-0.17474	-0.080008	-0.94371	0.00069327	0.0079175	0.0041632	0.0011093	-0.0029091	0.56578	-0.0041546	0.0013868	-0.0015243	-0.49705	-0.48176	-0.027769	0.011818	-0.043195	-0.024114	-0.7055	-0.60487	-0.61393	-0.14824	-0.57407	1.1018	-0.012438	-0.53559	-0.78345	0.0015255	0.010842	-0.58402	-0.0095426	-0.15848	-0.019863	-0.5128	0.0018781	-0.72296	-0.024251	-0.64706	0.0093098	0.0012481	-0.026714	0.0048579	-0.71158	-0.0031859	0.61	-0.01797	-0.010002	-0.0036011	-0.0038238	-0.00097017	0.00069327	-0.0059522	0.00097064	0.0016642	-0.55937	-0.98534	-0.25854	0	-0.02562	-0.012576	-0.55847	-0.75374	-0.88858	-0.11368	-0.0046921	0.023145	-0.86097	0.00027728	-0.17424	0.027524	-0.19412	-0.00097017	-0.11796	-0.26372	0.77118	-0.017493	-0.005814	-0.012569	0.012795	-1.2929	-0.001132	0.0043021	-0.037354	-0.011887	0.019811	0.010424	-0.12477	-0.0055375	-0.73521	-0.0077482	-0.080141	0.00013863	0.75471	-0.1067	-0.67196	0.0068044	0.035947	-0.029038	-0.010317	-0.59701	0.0037465	-0.031784	-0.17752	-0.84411	-0.015741	-0.020824	0.034113	-0.13122	-0.034631	-0.7987	-0.015604	0.00055459	0.075431	-0.77643	0.21162	0.00041593	-0.68633	-0.0063668	0.00083195	-0.053071	-0.034248	-0.0042929	0.0027745	-0.012162	0.010842	-0.0045695	-0.017793	0.18662	0.0030522	0.012516	0.0043214	-0.0011087	-0.055769	0.001803	-0.62102	0.0041632	0.033549	0.055943	-0.25793	-0.019726	-0.42506	0.00041593	-0.031261	-0.0083005	-0.38605	-0.4434	0.00083195	-0.0008316	-0.59925	-0.019468	0.10789	-0.041024	-0.013954	-0.0015971	-0.021235	-1.049	-0.0038779	-0.8779	-0.062226	-0.90081	-0.43713	-0.72013	0.015168	0.0055927	0.0022193	-0.26552	0.001803	-0.47258	-0.58544	0.0012481	0.040892	-0.76886	-0.65547	-0.0091286	-0.099341	-0.36624	-0.36662	0.028341	0.00597	-0.0055375	-0.52502	-0.16599	-0.20137	-0.604	-0.65463	-0.12772	-0.0022168	0.0023581	-0.0033243	0.18692	-0.0091286	-0.012024	-0.0049465	-0.0047079	0.0034687	-0.8892	0.0045197	-0.55153	0.35594	-0.74664	0.0079175	-0.0036011	-0.0011087	-0.02958	0.0022193	-0.00027724	0.018523	-0.46174	-0.0027707	0.0036076	-0.063301	0.014609	-0.022195	-0.39508	5.8127e-05	-0.0037395	-0.13665	-0.0018014	0.0011093	-0.0041546	0.010424	-0.0018014	-0.0013858	-0.88673	0.078006	-0.0096806	-0.1272	-0.0046792	-0.0067585	0.017684	-0.60216	-0.8186	-0.82138	0.0048579	-0.0026322	0.0086135	0.0070826	-0.0011087	0.022464	0.00013863	-0.007472	-0.57101	-0.0029091	-0.676	-0.2419	-0.0066432	-0.00027724	-0.0015243	-0.63916	-0.25866	0	-0.22022	-0.020001	-0.0011087	-0.0028545	-0.0031253	-0.56376	0.0038854	-0.61239	-0.0019399	-0.019726	-0.05469	-0.0077482	-0.73398	0.0020805	-0.0030492	-0.073209	-0.53591	0.0079175	0.0052749	-0.0023553	-0.005261	-0.72659	-0.9473	-0.0034627	-0.042517	0.0098669	-0.0034016	0.011539	0.0019418	0.017124	-0.54421	0.00097064	-0.69658	-0.0016629	0.006109	0.0026357	-0.010646	0.0097276	-0.59175	-0.0019399	0.0010407	0.17528	0.050392	0.017124	-0.010094	-0.0069195	-0.34992	-0.5351	-0.0033243	0.72867	-0.03817	-0.022606	-0.032624	-0.28952	-0.01037	-0.031632	-0.87362	0.0058309	-0.021098	0.034536	-0.012529	-0.85385	-0.019452	-0.0024938	-0.87557	-0.35327	-0.17018	-0.20809	0.29596	-0.1307	-0.023566	0.0034687	0	-0.0027707	-0.024251	-0.90087	0.015447	0.0013815	0.001803	0.00069327	0.0049969	-0.40538	0.014749	-0.0042456	-0.065984	-0.18697	0.012469	-0.21621	-0.5717	-0.52426	-0.037762	-0.0037395	0.0070826	-0.0029091	-0.0084385	-0.010232	0.094782	-0.042381	-0.42757	-0.0073323	0.024408	0.011883	-0.0041546	-0.38761	0.013492	-0.029038	-0.37087	-0.76552	-0.0054419	-0.8372	-0.7131	-0.36963	-0.39564	-0.063972	0.028481	-0.02603	0.010982	-0.0023553	-0.0008643	-0.0026322	-0.59663	-0.2714	0.0020863	-0.024081	-0.0032795	-0.8765	-0.61691	-0.03286	-0.72332	0.0036076	-0.0013858	-0.14191	-0.45134	-0.71568	0.029237	
Deletion Peak 48 - CN values	22q13.31	chr22:46004082-46115764(probes 1521077:1521121)    	chr22:46086844-46091647(probes 1521108:1521109)    	chr22:46087069-46092021(probes 1521109:1521110)    	0.18152	     0.1881		Actual Copy Change Given	0.028341	0.0070789	-0.04726	-0.0024938	-0.021098	0.0026246	-0.020687	0.0071837	0.017264	-0.001787	-0.044415	-0.0036011	-0.14361	-0.020412	-0.049517	-0.0011645	0.057511	-0.11521	-0.01833	-0.089434	0.0055529	-0.02612	0.016845	-0.074277	-0.035	-0.0017795	0.010556	-0.03245	0.0069435	-0.039122	-0.023703	-0.0027707	-0.0026322	-0.00013862	-0.18521	0.053806	-0.010922	0.019189	0.027216	-0.059807	0.010703	0.012655	-0.0020784	0.00013863	0.017544	-0.00069303	0.010146	-0.032723	-0.0038779	-0.0022168	-0.074277	-0.2514	0.039902	0.010424	-0.048072	-0.056712	-0.34756	-0.0045695	-0.26913	-0.0012473	0.013213	0.0022193	-0.015191	0.014921	0.013353	0.004719	-0.023977	0.0076392	-0.01849	-0.024661	-0.021784	-0.011335	-0.0056009	-0.087447	-0.048748	-0.3343	-0.13329	0.065595	-0.072274	-0.020001	-0.73233	0.015866	0.027778	-0.040752	0.0020805	-0.41311	-0.0040162	-0.014916	-0.007472	0.0016642	-0.028081	-0.015604	0.0093089	-0.46035	-0.089699	0.014609	-0.02603	-0.053746	-0.17816	-0.015879	-0.018214	-0.00074109	-0.033541	-0.11548	-0.87817	0.0076392	-0.45458	-0.40241	-0.0092666	-0.026851	-0.0026322	-0.070804	-0.033541	-0.04221	-0.0084385	-0.027391	-0.038259	-0.19262	-0.0047079	0.0058309	-0.061058	-0.024935	0.098881	-0.018353	-0.054466	-0.011749	-0.026361	-0.0026322	0.015866	-0.01904	0.032092	-0.010508	0.027888	-0.0040162	0.0012481	-0.053881	-0.015054	0.0070826	-0.040209	-0.058596	-0.0096806	-0.0083005	-0.018765	-0.025756	0.077286	-0.30733	-0.079476	-0.18219	-0.0083005	-0.006252	0.0076544	-0.0095426	0.0054361	-0.085988	-0.61501	-0.011611	0	0.0058309	-0.025645	0.0013868	-0.0080244	-0.0088526	-0.69423	-0.0008316	-0.027413	-0.010922	0.044715	0.0044411	0.019242	-0.012576	0.00083195	-0.27655	-0.00069303	-0.013953	-0.69947	-0.55005	0.0054139	0.0022193	-0.022332	0.012516	-0.10473	0.011818	-0.064374	0.023566	-0.0055375	0.0015255	0.010424	-0.013953	-0.020961	-0.050641	-0.0036011	-0.0080969	-0.028765	0.0008378	-0.03095	-0.39397	0.004719	0.029938	0.0052749	0.2058	-0.0049844	-0.020785	0.0086135	-0.0053992	0.0091705	-0.010784	-0.022813	-0.0051227	-0.019589	-0.00013862	0.013772	0.0030522	0.00027728	0.0062481	-0.0053552	-0.043331	-0.0076101	-0.0036011	-0.069064	-0.23826	-1.2929	-0.0040162	-0.014916	0.060508	-0.0055375	0.0040243	-0.016491	-0.84523	-0.019726	-0.029448	-0.034321	-0.47512	-0.0036392	-0.0027707	-0.0030979	0.004719	0.0041632	-0.020138	-0.23545	0.0043191	0.011539	-0.060187	-0.015191	0.0036076	-0.03817	-0.051181	-0.0024938	-0.0027707	-0.2128	-0.0020784	-0.005814	0.0019418	-0.0031859	-0.0045695	0.015866	-0.006505	0.0069435	-0.011887	-0.034768	-0.0029091	-0.076924	-0.0070576	-0.34618	-0.007472	-0.12603	-0.031877	0.0049824	-0.0089906	0.020483	0.028763	0.0016642	-0.023018	-0.022332	0.0076392	0.023566	-0.0043876	-1.2929	-0.005814	-0.0045021	-0.36895	-0.032041	-0.014366	-0.21736	0.00027728	-0.022881	-0.029127	-0.055903	-0.041025	0.057226	-0.031496	-0.048748	0.0075	-0.00069303	-0.0046107	0.0058309	-0.012024	-0.030813	-0.0092666	0.0011093	-0.071472	-0.028628	-0.076945	0.0023581	0.0073609	-0.19762	0.021467	-0.082668	0.013911	-0.0067813	-0.011887	-0.49162	0.0020805	0.012376	-0.039937	0.041175	-0.0046657	0.0079175	-0.022881	-0.0011087	0.0093098	0.00055459	0.0044411	-0.020138	-0.010094	-0.17651	-0.029038	-0.0060904	0.001503	-0.0019399	-0.010714	-0.018628	-0.14039	-0.73834	-0.013264	-0.0022168	-0.018167	0.0090312	-0.024798	-0.0049844	-0.042245	0.020903	-0.066958	-0.0042929	-0.0069195	-0.068797	-0.021784	0.011679	-0.028628	0.010703	-1.6003e-05	0.061651	-0.047531	-0.012989	-0.0044312	-0.32994	-0.0056757	0.00097064	-0.042652	-0.30921	-0.03817	0.0043021	-0.0052993	-0.0008316	-0.11835	0.0074551	0.017544	-0.022125	0.010703	-0.017529	0.0073609	0.00041593	-0.071071	0.0035163	0.0090312	0.054233	0.016518	-0.20363	0.032986	-0.011417	-0.063032	0.00041593	-0.020687	0.0038854	-0.0083005	-0.065045	-0.0040505	0.022725	-0.080541	0.003748	0.041741	0.0020065	0.0026357	-0.0063668	-0.056442	-0.01849	-0.0015243	-0.77981	-0.014683	0.014888	0.0015255	0.0038854	0.001759	-0.092036	0.036229	0.0023581	0.013632	0.00083195	-0.020856	0.013632	-0.0038779	-0.11352	-0.34951	-0.028491	-0.0070128	-1.2929	-0.019863	-0.0083005	-0.14284	-0.73451	-0.00027724	-0.0014358	-0.0044039	-0.011198	0.05908	
