chromosome	position	GC.percent	good.reads	adjusted.ratio	F	mutation	CNn	CNt	Mt	LPP
chr1	10228	65	40	1.18146192270352	0.1	T>C	2	7	1	-10.8108625600919
chr1	10247	65	40	1.18146192270352	0.15	T>C	2	7	1	-10.1952871860624
chr1	791643	42	55	0.988547865354298	0.109	T>A	2	6	1	-11.3121827122199
chr1	878972	47	40	0.988547865354298	0.125	A>G	2	6	1	-10.9219231682378
chr1	2748619	62	79	1.08095069231092	0.114	C>T	2	6	1	-11.3239298114617
chr1	2752503	61	48	1.08095069231092	0.146	C>A	2	6	1	-10.2885454541585
chr1	2752902	61	47	1.08095069231092	0.106	T>A	2	6	1	-11.3239298114617
chr1	2756682	61	60	1.08095069231092	0.183	T>C	2	6	1	-10.3328211431065
chr1	2849376	60	68	1.03333329026438	0.132	T>C	2	6	1	-10.6090690402167
chr1	13030035	47	50	0.99068705736788	0.14	T>C	2	6	1	-10.4096252741058
chr1	16021525	60	42	1.02414053628118	0.143	G>A	2	6	1	-10.3956884271395
chr1	16021528	60	43	1.02414053628118	0.163	A>G	2	6	1	-10.2062691496617
chr1	16062860	61	49	1.02414053628118	0.143	T>C	2	6	1	-10.3956884271395
chr1	16756606	36	73	1.01918659909843	0.151	A>G	2	6	1	-10.2767983549166
chr1	16757281	52	66	1.01918659909843	0.167	C>A	2	6	1	-10.236072717803
chr1	22284314	52	40	1.01342732214735	0.1	A>T	2	6	1	-11.8006269337897
chr1	34092661	48	47	1.01342732214735	0.128	G>A	2	6	1	-10.6230058871831
chr1	34092717	48	45	1.01342732214735	0.133	G>A	2	6	1	-10.6230058871831
chr1	34092720	48	45	1.01342732214735	0.133	C>G	2	6	1	-10.6230058871831
chr1	34092733	48	40	1.01342732214735	0.15	T>A	2	6	1	-10.2767983549166
chr1	46887813	38	43	1.01342732214735	0.163	G>A	2	6	1	-10.2202059966281
chr1	47743344	50	40	1.01342732214735	0.325	T>C	2	6	2	-10.4789955242258
chr1	48555059	43	40	1.01342732214735	0.175	T>C	2	6	1	-10.3210740438646
chr1	62180916	41	43	1.07886398700698	0.186	C>T	2	6	1	-10.4840110509707
chr1	62687774	53	41	1.07886398700698	0.122	T>G	2	6	1	-10.9336702674796
chr1	64736159	37	43	1.07886398700698	0.116	G>T	2	6	1	-10.9336702674796
chr1	65933057	39	44	1.07886398700698	0.114	C>T	2	6	1	-11.3239298114617
chr1	67255502	39	40	1.07886398700698	0.1	G>A	2	6	1	-11.8123740330316
chr1	68431177	40	44	1.07886398700698	0.227	C>T	2	6	1	-11.7020506668808
chr1	71323907	43	43	1.07886398700698	0.14	A>T	2	6	1	-10.4213723733477
chr1	71368925	32	56	1.07886398700698	0.143	T>C	2	6	1	-10.4213723733477
chr1	71785568	38	54	1.07886398700698	0.167	G>A	2	6	1	-10.2478198170449
chr1	71866109	30	40	1.07886398700698	0.35	C>G	2	6	2	-10.549658628216
chr1	72406225	28	60	1.07886398700698	0.183	A>C	2	6	1	-10.3328211431065
chr1	73061358	42	47	1.07886398700698	0.128	G>T	2	6	1	-10.634752986425
chr1	73199405	39	41	1.07886398700698	0.293	G>A	2	6	2	-10.8405488344389
chr1	73841623	26	48	1.07886398700698	0.146	A>G	2	6	1	-10.2885454541585
chr1	75479674	38	40	1.07886398700698	0.1	A>G	2	6	1	-11.8123740330316
chr1	79944068	43	42	1.07886398700698	0.143	G>C	2	6	1	-10.4213723733477
chr1	79944091	43	45	1.07886398700698	0.133	C>T	2	6	1	-10.634752986425
chr1	80790410	37	40	1.09536986312291	0.125	A>G	2	6	1	-10.9336702674796
chr1	87317040	42	46	1.09536986312291	0.304	C>A	2	6	2	-10.6772513136497
chr1	87500964	38	42	1.09536986312291	0.19	C>A	2	6	1	-10.4840110509707
chr1	95423006	41	51	1.09536986312291	0.157	G>A	2	6	1	-10.23195309587
chr1	101374669	40	48	1.09536986312291	0.104	G>T	2	6	1	-11.8123740330316
chr1	102677595	33	46	1.09536986312291	0.239	A>G	2	6	1	-12.1497692513371
chr1	103170560	39	48	1.09536986312291	0.125	C>T	2	6	1	-10.9336702674796
chr1	108492588	38	48	1.474	0.104	T>C	2	9	1	-10.0490490325445
chr1	108492608	38	44	1.247	0.114	A>G	2	7	1	-10.4953501154722
chr1	120183276	42	44	1.05995891074422	0.136	A>G	2	6	1	-10.3956884271395
chr1	122603008	39	72	1.08919897651615	0.208	T>G	2	6	1	-10.9747303248259
chr1	122605584	39	62	1.08919897651615	0.113	T>A	2	6	1	-11.3239298114617
chr1	122790743	38	140	1.08919897651615	0.121	T>G	2	6	1	-10.9336702674796
chr1	122826775	39	42	1.08919897651615	0.167	T>A	2	6	1	-10.2478198170449
chr1	122826777	39	42	1.08919897651615	0.167	A>T	2	6	1	-10.2478198170449
chr1	122889335	40	41	1.08919897651615	0.146	G>T	2	6	1	-10.2885454541585
chr1	122913669	40	140	1.08919897651615	0.1	T>C	2	6	1	-11.8123740330316
chr1	122950848	39	45	1.08919897651615	0.222	T>A	2	6	1	-11.3097951016792
chr1	123139121	40	55	1.08919897651615	0.109	G>C	2	6	1	-11.3239298114617
chr1	123157483	39	44	1.08919897651615	0.182	A>T	2	6	1	-10.3328211431065
chr1	123175133	40	44	1.08919897651615	0.114	A>C	2	6	1	-11.3239298114617
chr1	123175150	40	44	1.08919897651615	0.114	G>C	2	6	1	-11.3239298114617
chr1	123208052	40	48	1.08919897651615	0.125	C>G	2	6	1	-10.9336702674796
chr1	123310544	39	56	1.08919897651615	0.161	C>T	2	6	1	-10.23195309587
chr1	123342539	38	74	1.08919897651615	0.108	C>A	2	6	1	-11.3239298114617
chr1	123506148	39	48	1.08773317745638	0.104	G>C	2	6	1	-11.8123740330316
chr1	123542715	39	46	1.08773317745638	0.109	G>C	2	6	1	-11.3239298114617
chr1	123566491	39	47	1.08773317745638	0.106	T>C	2	6	1	-11.3239298114617
chr1	123684891	40	74	1.08773317745638	0.135	T>A	2	6	1	-10.4213723733477
chr1	123684892	40	78	1.08773317745638	0.128	T>G	2	6	1	-10.634752986425
chr1	123684919	40	66	1.08773317745638	0.152	A>G	2	6	1	-10.2885454541585
chr1	123684953	40	62	1.08773317745638	0.161	T>C	2	6	1	-10.23195309587
chr1	123753610	40	144	1.08773317745638	0.104	T>C	2	6	1	-11.8123740330316
chr1	123755370	39	45	1.08773317745638	0.156	A>T	2	6	1	-10.23195309587
chr1	123755438	39	55	1.08773317745638	0.109	A>C	2	6	1	-11.3239298114617
chr1	123758868	39	51	1.08773317745638	0.137	G>T	2	6	1	-10.4213723733477
chr1	123782341	40	40	1.08773317745638	0.1	C>A	2	6	1	-11.8123740330316
chr1	123879631	39	42	1.08773317745638	0.19	G>T	2	6	1	-10.4840110509707
chr1	123999851	39	46	1.08773317745638	0.13	C>T	2	6	1	-10.634752986425
chr1	124019953	39	47	1.08773317745638	0.106	C>A	2	6	1	-11.3239298114617
chr1	124026642	40	87	1.08773317745638	0.287	G>A	2	6	2	-10.8405488344389
chr1	124051488	40	49	1.08773317745638	0.102	G>A	2	6	1	-11.8123740330316
chr1	124051563	40	40	1.08773317745638	0.125	T>G	2	6	1	-10.9336702674796
chr1	124146389	39	43	1.08773317745638	0.116	T>G	2	6	1	-10.9336702674796
chr1	124194725	41	47	1.08773317745638	0.149	C>T	2	6	1	-10.2885454541585
chr1	124246688	39	54	1.08773317745638	0.13	T>C	2	6	1	-10.634752986425
chr1	124342591	40	43	1.08773317745638	0.116	C>G	2	6	1	-10.9336702674796
chr1	124434053	40	44	1.08773317745638	0.159	C>A	2	6	1	-10.23195309587
chr1	124458317	40	59	1.08773317745638	0.136	G>T	2	6	1	-10.4213723733477
chr1	124534103	40	51	1.08773317745638	0.118	G>C	2	6	1	-10.9336702674796
chr1	124534104	40	51	1.08773317745638	0.118	T>C	2	6	1	-10.9336702674796
chr1	124540496	39	44	1.08773317745638	0.114	T>C	2	6	1	-11.3239298114617
chr1	124661486	39	41	1.08773317745638	0.146	G>C	2	6	1	-10.2885454541585
chr1	124661566	39	46	1.08773317745638	0.13	G>C	2	6	1	-10.634752986425
chr1	124705803	40	91	1.08773317745638	0.187	G>C	2	6	1	-10.4840110509707
chr1	124727072	39	46	1.08773317745638	0.152	T>A	2	6	1	-10.2885454541585
chr1	124876013	42	62	1.08773317745638	0.145	A>C	2	6	1	-10.4213723733477
chr1	124919331	42	58	1.08773317745638	0.103	A>G	2	6	1	-11.8123740330316
chr1	124919958	42	48	1.08773317745638	0.146	C>T	2	6	1	-10.2885454541585
chr1	124994498	36	49	1.05551932812332	0.102	T>C	2	6	1	-11.7866900868233
chr1	124994521	36	45	1.05551932812332	0.111	T>A	2	6	1	-11.2982458652535
chr1	124994533	36	46	1.05551932812332	0.109	A>G	2	6	1	-11.2982458652535
chr1	125073729	35	62	1.05551932812332	0.113	G>T	2	6	1	-11.2982458652535
chr1	125073734	35	64	1.05551932812332	0.109	G>A	2	6	1	-11.2982458652535
chr1	143196579	36	95	1.05551932812332	0.158	G>C	2	6	1	-10.2062691496617
chr1	143199177	38	40	1.05551932812332	0.175	C>G	2	6	1	-10.3071371968983
chr1	143271217	36	41	1.05551932812332	0.171	G>A	2	6	1	-10.2221358708367
chr1	143271244	36	46	1.05551932812332	0.152	G>T	2	6	1	-10.2628615079502
chr1	143304366	32	55	1.05551932812332	0.291	A>G	2	6	2	-10.8148648882307
chr1	146644572	41	40	1.05551932812332	0.175	C>T	2	6	1	-10.3071371968983
chr1	161527631	38	45	1.05551932812332	0.178	C>A	2	6	1	-10.3071371968983
chr1	198381924	32	44	1.05551932812332	0.364	A>G	2	6	2	-10.6312913251581
chr1	200081511	38	47	1.05551932812332	0.106	T>A	2	6	1	-11.2982458652535
chr1	201209613	50	49	1.05551932812332	0.163	A>G	2	6	1	-10.2062691496617
chr1	201209748	50	47	1.05551932812332	0.213	G>A	2	6	1	-10.9490463786177
chr1	201767331	43	40	1.05551932812332	0.15	A>G	2	6	1	-10.2628615079502
chr1	201767332	43	40	1.05551932812332	0.175	T>G	2	6	1	-10.3071371968983
chr1	201767384	43	40	1.05551932812332	0.15	G>A	2	6	1	-10.2628615079502
chr1	210614850	36	42	1.05551932812332	0.119	T>C	2	6	1	-10.9079863212714
chr1	231011053	43	41	1.05551932812332	0.22	A>G	2	6	1	-11.284111155471
chr1	231056057	46	40	1.05551932812332	0.275	G>A	2	6	2	-11.0260502026703
chr1	232232205	49	40	1.05551932812332	0.175	C>T	2	6	1	-10.3071371968983
chr1	246200240	42	51	1.05551932812332	0.471	G>T	2	6	3	-10.658869684105
chr1	246200249	42	46	1.05551932812332	0.109	A>G	2	6	1	-11.2982458652535
chr1	248445490	39	52	1.05551932812332	0.25	A>T	2	6	2	-11.9573700125885
chr2	1480744	48	46	1.08029600819866	0.13	G>C	2	6	1	-10.634752986425
chr2	89635132	41	52	1.08583804547755	0.115	G>T	2	6	1	-10.9336702674796
chr2	89635138	41	54	1.08583804547755	0.13	C>T	2	6	1	-10.634752986425
chr2	89635180	41	56	1.08583804547755	0.107	T>A	2	6	1	-11.3239298114617
chr2	89635186	41	58	1.08583804547755	0.121	G>A	2	6	1	-10.9336702674796
chr2	89828044	41	58	1.08583804547755	0.155	A>G	2	6	1	-10.23195309587
chr2	89836237	41	43	1.08583804547755	0.209	G>T	2	6	1	-10.9747303248259
chr2	89839822	39	49	1.08583804547755	0.122	G>C	2	6	1	-10.9336702674796
chr2	89840324	39	52	1.08583804547755	0.173	T>C	2	6	1	-10.2478198170449
chr2	89840361	39	51	1.08583804547755	0.216	C>G	2	6	1	-11.3097951016792
chr2	89840365	39	54	1.08583804547755	0.185	C>G	2	6	1	-10.3328211431065
chr2	89840372	39	53	1.08583804547755	0.189	A>T	2	6	1	-10.4840110509707
chr2	89840376	39	51	1.08583804547755	0.216	G>C	2	6	1	-11.3097951016792
chr2	89840407	39	50	1.08583804547755	0.16	A>G	2	6	1	-10.23195309587
chr2	89840408	39	48	1.08583804547755	0.167	A>T	2	6	1	-10.2478198170449
chr2	90291373	67	60	1.09499433834304	0.1	C>G	2	6	1	-11.8123740330316
chr2	91422941	37	44	1.09499433834304	0.114	A>T	2	6	1	-11.3239298114617
chr2	91429665	27	40	1.09499433834304	0.225	C>T	2	6	1	-11.3097951016792
chr2	91429669	27	43	1.09499433834304	0.302	G>T	2	6	2	-10.6772513136497
chr2	91429684	27	51	1.09499433834304	0.235	G>T	2	6	1	-12.1497692513371
chr2	91442793	67	55	1.09499433834304	0.164	T>C	2	6	1	-10.23195309587
chr2	91442810	67	50	1.09499433834304	0.16	A>C	2	6	1	-10.23195309587
chr2	91442841	67	60	1.09499433834304	0.1	T>A	2	6	1	-11.8123740330316
chr2	91499517	68	49	1.09499433834304	0.102	C>G	2	6	1	-11.8123740330316
chr2	92339677	39	40	0.957093547856126	0.1	A>G	2	6	1	-11.8541690353484
chr2	92912075	38	49	0.957093547856126	0.122	G>C	2	6	1	-10.9754652697965
chr2	92989356	39	45	0.957093547856126	0.111	A>T	2	6	1	-11.3657248137786
chr2	93379528	39	57	0.957093547856126	0.123	T>A	2	6	1	-10.9754652697965
chr2	94201400	50	45	0.892229784444964	0.133	C>G	2	5	1	-11.7775268143151
chr2	94247373	37	43	0.892229784444964	0.186	G>A	2	5	1	-10.2939567539877
chr2	94271758	45	64	0.892229784444964	0.141	T>G	2	5	1	-11.3420081804257
chr2	94505893	37	57	0.892229784444964	0.105	A>T	2	5	1	-13.6215619233583
chr2	94510153	37	41	0.892229784444964	0.146	T>A	2	5	1	-10.9870432404242
chr2	94566525	37	47	0.892229784444964	0.106	A>T	2	5	1	-12.9109796809763
chr2	95941970	32	61	1.05539222483999	0.164	C>G	2	6	1	-10.2062691496617
chr2	113499078	64	41	1.05539222483999	0.146	A>G	2	6	1	-10.2628615079502
chr2	132040571	35	48	1.05539222483999	0.146	G>T	2	6	1	-10.2628615079502
chr2	132361876	56	52	1.05539222483999	0.135	C>T	2	6	1	-10.3956884271395
chr2	167984931	37	40	1.05539222483999	0.325	G>A	2	6	2	-10.4650586772595
chr2	241590328	57	42	1.05539222483999	0.119	C>G	2	6	1	-10.9079863212714
chr3	1704308	39	41	0.96179678376791	0.171	A>G	2	6	1	-10.2896148193618
chr3	9849727	38	57	0.916745688098975	0.123	T>G	2	5	1	-12.3474023802439
chr3	9849734	38	57	0.916745688098975	0.123	A>G	2	5	1	-12.3474023802439
chr3	75675772	49	67	1.00412228269603	0.284	G>C	2	6	2	-11.0399870496367
chr3	75684813	46	49	0.91217382767651	0.143	G>A	2	5	1	-11.3908284444876
chr3	75705996	41	58	0.967432034286486	0.155	G>A	2	6	1	-10.2737480981868
chr3	75860704	37	63	0.967432034286486	0.127	A>G	2	6	1	-10.6765479887419
chr3	90686448	35	64	1.51206291015871	0.234	T>G	2	9	2	-10.340969578012
chr3	90686459	35	63	1.51206291015871	0.302	C>T	2	9	3	-10.6491759087994
chr3	90875979	36	45	0.896858047705901	0.111	G>A	2	5	1	-12.9109796809763
chr3	91191193	38	77	0.915304862193766	0.117	C>G	2	5	1	-12.3474023802439
chr3	91932836	39	54	0.915304862193766	0.13	A>G	2	5	1	-11.8263470783771
chr3	93783632	37	49	0.915304862193766	0.184	C>A	2	5	1	-10.4137251309976
chr3	93783641	37	52	0.915304862193766	0.173	G>A	2	5	1	-10.5508618257482
chr3	93783658	37	48	0.915304862193766	0.229	T>A	2	5	1	-10.672264550711
chr3	93783685	37	49	0.915304862193766	0.184	T>A	2	5	1	-10.4137251309976
chr3	98300947	30	50	0.915304862193766	0.1	T>C	2	5	1	-13.6703821874202
chr3	120666228	42	43	0.915304862193766	0.233	C>A	2	5	1	-10.672264550711
chr3	124640741	43	42	0.915304862193766	0.119	C>T	2	5	1	-12.3474023802439
chr3	125815601	43	40	0.915304862193766	0.275	C>T	2	5	1	-12.3254414858485
chr3	131910357	44	47	0.915304862193766	0.511	C>T	2	5	3	-12.1226554621314
chr3	132137892	53	52	0.915304862193766	0.154	G>A	2	5	1	-11.0358635044861
chr3	132137895	53	51	0.915304862193766	0.157	C>T	2	5	1	-10.7571331253855
chr3	132137909	53	52	0.915304862193766	0.154	C>T	2	5	1	-11.0358635044861
chr3	135401638	39	43	0.915304862193766	0.14	T>A	2	5	1	-11.3908284444876
chr3	137872843	61	40	0.915304862193766	0.125	C>T	2	5	1	-12.3474023802439
chr3	137872891	61	40	0.915304862193766	0.125	C>A	2	5	1	-12.3474023802439
chr3	139885088	39	44	0.915304862193766	0.114	T>C	2	5	1	-12.9597999450382
chr3	139885105	39	44	0.915304862193766	0.114	G>C	2	5	1	-12.9597999450382
chr3	139885106	39	43	0.915304862193766	0.116	A>C	2	5	1	-12.3474023802439
chr3	148745114	37	42	0.915304862193766	0.19	C>T	2	5	1	-10.3427770180497
chr3	173449518	39	45	0.915304862193766	0.111	G>C	2	5	1	-12.9597999450382
chr3	184503007	43	63	0.915304862193766	0.127	A>G	2	5	1	-11.8263470783771
chr3	184503012	43	61	0.915304862193766	0.131	T>C	2	5	1	-11.8263470783771
chr3	184503032	43	59	0.915304862193766	0.102	T>C	2	5	1	-13.6703821874202
chr3	185565266	40	43	0.915304862193766	0.163	C>T	2	5	1	-10.7571331253855
chr3	187815820	43	41	0.915304862193766	0.317	T>C	2	5	2	-11.8049022735343
chr3	195489577	42	59	0.902108833495268	0.102	A>G	2	5	1	-13.6215619233583
chr3	195780318	59	43	0.902108833495268	0.116	G>A	2	5	1	-12.298582116182
chr3	195780749	59	66	0.902108833495268	0.121	T>A	2	5	1	-12.298582116182
chr3	195941442	60	43	0.902108833495268	0.186	A>C	2	5	1	-10.2939567539877
chr3	195969502	44	82	0.902108833495268	0.122	T>C	2	5	1	-12.298582116182
chr3	195969556	44	76	0.902108833495268	0.105	C>A	2	5	1	-13.6215619233583
chr3	196145243	55	40	0.902108833495268	0.1	C>T	2	5	1	-13.6215619233583
chr3	197384090	38	40	0.902108833495268	0.125	C>T	2	5	1	-12.298582116182
chr3	197384096	38	43	0.902108833495268	0.14	G>C	2	5	1	-11.3420081804257
chr3	197459770	57	60	0.902108833495268	0.15	T>C	2	5	1	-10.9870432404242
chr3	197638565	61	76	0.902108833495268	0.105	C>T	2	5	1	-13.6215619233583
chr3	198132254	39	59	0.902108833495268	0.254	A>G	2	5	1	-11.1284994900249
chr4	3815095	42	46	0.862027291373741	0.13	C>T	2	5	1	-11.7684520924632
chr4	9324436	43	48	0.924283945873295	0.104	T>A	2	5	1	-13.6703821874202
chr4	49093584	41	50	1.31969063569708	0.1	C>G	2	8	1	-10.3002326070032
chr4	49095071	42	134	1.31969063569708	0.112	T>A	2	8	1	-10.1471102049015
chr4	49110990	40	41	1.31969063569708	0.146	T>A	2	8	1	-10.4530131254709
chr4	49112907	40	67	1.31969063569708	0.149	A>T	2	8	1	-10.4530131254709
chr4	49115253	40	99	1.31969063569708	0.101	C>G	2	8	1	-10.3002326070032
chr4	49115286	40	97	1.31969063569708	0.103	T>C	2	8	1	-10.3002326070032
chr4	49119829	41	58	1.31969063569708	0.138	T>G	2	8	1	-10.250518225192
chr4	49123247	42	148	1.31969063569708	0.108	A>C	2	8	1	-10.1471102049015
chr4	49123519	42	47	1.31969063569708	0.106	T>G	2	8	1	-10.1471102049015
chr4	49126845	41	40	0.677140734538027	0.125	C>A	2	4	1	-15.240530271611
chr4	49126860	41	46	0.677140734538027	0.109	A>C	2	4	1	-16.138936268299
chr4	49130209	43	67	1.48433760284612	0.104	T>A	2	9	1	-10.0490490325445
chr4	49133693	42	49	1.48433760284612	0.143	C>A	2	9	1	-10.5320211134626
chr4	49136626	41	62	1.48433760284612	0.113	C>T	2	9	1	-10.0290982461251
chr4	49137406	41	47	1.48433760284612	0.191	A>G	2	9	2	-10.5542314064691
chr4	49137438	41	69	1.48433760284612	0.101	T>C	2	9	1	-10.0490490325445
chr4	49137540	41	96	1.48433760284612	0.104	C>A	2	9	1	-10.0490490325445
chr4	49138240	42	43	1.48433760284612	0.186	A>T	2	9	2	-10.5542314064691
chr4	49140923	42	47	1.19598938574551	0.191	G>C	2	7	1	-11.1173553467495
chr4	49142076	40	49	1.19598938574551	0.102	T>C	2	7	1	-10.8108625600919
chr4	49143398	42	59	1.19598938574551	0.237	G>A	2	7	2	-10.8612831321437
chr4	49143578	42	58	1.19598938574551	0.103	A>T	2	7	1	-10.8108625600919
chr4	49145308	39	57	1.19598938574551	0.123	T>C	2	7	1	-10.2954600764774
chr4	49145360	39	74	1.19598938574551	0.257	T>C	2	7	2	-10.5306800320149
chr4	49145366	39	75	1.19598938574551	0.107	G>A	2	7	1	-10.5040689794908
chr4	49145544	39	102	1.19598938574551	0.118	T>A	2	7	1	-10.2954600764774
chr4	49148130	41	67	1.19598938574551	0.239	T>C	2	7	2	-10.8612831321437
chr4	49148990	41	46	1.19598938574551	0.13	C>T	2	7	1	-10.1781934363915
chr4	49148995	41	47	1.19598938574551	0.106	C>T	2	7	1	-10.5040689794908
chr4	49155977	39	50	1.19598938574551	0.1	T>C	2	7	1	-10.8108625600919
chr4	49164038	41	78	1.19598938574551	0.115	G>A	2	7	1	-10.2954600764774
chr4	49164044	41	77	1.19598938574551	0.117	A>C	2	7	1	-10.2954600764774
chr4	49164069	41	77	1.19598938574551	0.117	C>G	2	7	1	-10.2954600764774
chr4	49164081	41	79	1.19598938574551	0.114	G>C	2	7	1	-10.5040689794908
chr4	49174134	41	69	1.19598938574551	0.101	C>T	2	7	1	-10.8108625600919
chr4	49174181	41	64	1.19598938574551	0.125	T>C	2	7	1	-10.2954600764774
chr4	49174190	41	61	1.19598938574551	0.131	C>T	2	7	1	-10.1781934363915
chr4	49238923	40	40	0.979797257065358	0.1	T>A	2	6	1	-11.8541690353484
chr4	49240026	36	56	0.979797257065358	0.446	C>T	2	6	3	-11.0304539970517
chr4	49270808	51	46	0.979797257065358	0.13	C>T	2	6	1	-10.6765479887419
chr4	49313972	38	41	0.979797257065358	0.171	A>C	2	6	1	-10.2896148193618
chr4	49316859	54	45	0.979797257065358	0.2	A>C	2	6	1	-10.7405593481312
chr4	49321512	53	51	0.979797257065358	0.118	A>C	2	6	1	-10.9754652697965
chr4	49523979	50	42	1.48114338758218	0.143	C>A	2	9	1	-10.5320211134626
chr4	49533168	42	41	1.48114338758218	0.146	C>A	2	9	1	-10.8676876294239
chr4	49571515	43	110	1.48114338758218	0.145	G>A	2	9	1	-10.5320211134626
chr4	49589820	43	44	1.48114338758218	0.182	T>C	2	9	2	-10.7608668596966
chr4	49613693	38	41	1.48114338758218	0.122	G>T	2	9	1	-10.1073321372935
chr4	49635313	40	46	1.48114338758218	0.109	T>C	2	9	1	-10.0290982461251
chr4	49636192	40	50	1.48114338758218	0.18	C>T	2	9	2	-10.7608668596966
chr4	49639783	41	51	1.48114338758218	0.118	A>T	2	9	1	-10.1073321372935
chr4	49639836	41	44	1.48114338758218	0.205	C>A	2	9	2	-10.4111593402209
chr4	49649379	41	85	1.48114338758218	0.106	G>C	2	9	1	-10.0290982461251
chr4	49649653	41	62	1.48114338758218	0.161	C>T	2	9	1	-11.2795887062859
chr4	49651799	40	50	1.48114338758218	0.1	A>G	2	9	1	-10.0490490325445
chr4	49654230	40	97	1.48114338758218	0.103	T>G	2	9	1	-10.0490490325445
chr4	49654343	40	50	1.48114338758218	0.12	G>A	2	9	1	-10.1073321372935
chr4	50200373	39	41	1.28140747520796	0.171	A>T	2	7	1	-10.5404225150705
chr4	51107434	27	204	1.28140747520796	0.113	T>G	2	7	1	-10.526628663675
chr4	125459813	32	41	1.30615480514509	0.195	T>A	2	8	2	-10.970591783224
chr4	134392035	32	41	1.24335637541912	0.146	A>T	2	7	1	-10.1865683220438
chr4	136836731	35	45	1.24335637541912	0.311	C>T	2	7	2	-10.5717321648608
chr4	141181701	36	42	1.24335637541912	0.167	A>C	2	7	1	-10.5091439668677
chr4	142615006	36	40	1.24335637541912	0.175	G>A	2	7	1	-10.775795933898
chr4	146286175	51	54	1.1950001690766	0.222	G>C	2	7	2	-11.4076033436057
chr4	158518949	40	44	1.1950001690766	0.25	T>A	2	7	2	-10.6697486121276
chr4	158518951	40	47	1.1950001690766	0.234	C>T	2	7	2	-11.1067117282473
chr4	188507430	43	47	0.796453143092459	0.106	T>C	2	5	1	-13.0034636154202
chr4	188507446	43	49	0.796453143092459	0.184	A>T	2	5	1	-10.4573888013796
chr4	188507485	43	48	0.796453143092459	0.167	G>A	2	5	1	-10.5945254961302
chr5	61919	38	51	1.08768767667917	0.157	T>A	2	6	1	-10.23195309587
chr5	295502	49	40	1.08768767667917	0.1	A>T	2	6	1	-11.8123740330316
chr5	649304	59	44	1.08768767667917	0.136	G>A	2	6	1	-10.4213723733477
chr5	663064	64	41	1.08768767667917	0.171	T>C	2	6	1	-10.2478198170449
chr5	663137	64	47	1.08768767667917	0.149	A>G	2	6	1	-10.2885454541585
chr5	663165	64	52	1.08768767667917	0.115	A>G	2	6	1	-10.9336702674796
chr5	682344	62	57	1.08768767667917	0.158	G>A	2	6	1	-10.23195309587
chr5	784522	74	40	1.08768767667917	0.125	G>C	2	6	1	-10.9336702674796
chr5	1136690	58	46	1.08768767667917	0.152	C>T	2	6	1	-10.2885454541585
chr5	1284481	65	41	1.08768767667917	0.195	C>T	2	6	1	-10.6987643458143
chr5	2150366	50	46	1.08768767667917	0.348	C>T	2	6	2	-10.549658628216
chr5	2150367	50	45	1.08768767667917	0.333	G>A	2	6	2	-10.465927454348
chr5	2204426	50	41	1.08768767667917	0.341	G>A	2	6	2	-10.4857803341631
chr5	2633648	51	51	1.08768767667917	0.118	T>C	2	6	1	-10.9336702674796
chr5	2991239	33	41	1.08768767667917	0.122	C>T	2	6	1	-10.9336702674796
chr5	3785228	50	40	1.08768767667917	0.1	T>C	2	6	1	-11.8123740330316
chr5	3785247	50	42	1.08768767667917	0.119	T>C	2	6	1	-10.9336702674796
chr5	4108620	48	48	1.08768767667917	0.104	T>A	2	6	1	-11.8123740330316
chr5	4267637	41	40	1.08768767667917	0.125	A>C	2	6	1	-10.9336702674796
chr5	5722308	43	52	1.08768767667917	0.231	G>T	2	6	1	-11.7020506668808
chr5	7167410	35	42	1.08768767667917	0.286	A>G	2	6	2	-10.8405488344389
chr5	8035346	40	45	1.08768767667917	0.222	T>A	2	6	1	-11.3097951016792
chr5	9196643	49	54	1.08768767667917	0.241	G>A	2	6	1	-12.1497692513371
chr5	11586006	36	49	1.08768767667917	0.122	C>A	2	6	1	-10.9336702674796
chr5	12664692	47	59	1.08768767667917	0.119	G>T	2	6	1	-10.9336702674796
chr5	13632067	43	40	1.08768767667917	0.1	T>G	2	6	1	-11.8123740330316
chr5	15100400	38	45	1.08768767667917	0.244	C>T	2	6	1	-12.1497692513371
chr5	15100453	38	49	1.08768767667917	0.224	T>C	2	6	1	-11.3097951016792
chr5	15100454	38	49	1.08768767667917	0.224	G>A	2	6	1	-11.3097951016792
chr5	15100460	38	48	1.08768767667917	0.208	A>T	2	6	1	-10.9747303248259
chr5	15712867	36	51	1.08768767667917	0.314	G>C	2	6	2	-10.5609282506753
chr5	16395699	40	59	1.08768767667917	0.288	C>T	2	6	2	-10.8405488344389
chr5	20698991	34	42	1.08768767667917	0.119	T>C	2	6	1	-10.9336702674796
chr5	20897604	29	44	1.08768767667917	0.159	A>G	2	6	1	-10.23195309587
chr5	23205664	31	50	1.08768767667917	0.12	T>C	2	6	1	-10.9336702674796
chr5	25531787	38	50	1.08768767667917	0.24	G>A	2	6	1	-12.1497692513371
chr5	26364617	44	44	1.08768767667917	0.136	A>T	2	6	1	-10.4213723733477
chr5	26589669	28	47	1.08768767667917	0.17	C>T	2	6	1	-10.2478198170449
chr5	26612604	36	47	1.08768767667917	0.213	A>C	2	6	1	-10.9747303248259
chr5	27895971	28	53	1.08768767667917	0.189	C>A	2	6	1	-10.4840110509707
chr5	28198522	39	42	1.08768767667917	0.119	G>A	2	6	1	-10.9336702674796
chr5	28341508	32	43	1.08768767667917	0.395	T>A	2	6	2	-11.5106342833705
chr5	29308425	35	45	1.08768767667917	0.133	G>A	2	6	1	-10.634752986425
chr5	29753505	31	52	1.08768767667917	0.288	C>A	2	6	2	-10.8405488344389
chr5	29794157	34	43	1.08768767667917	0.116	T>A	2	6	1	-10.9336702674796
chr5	29871219	30	52	1.08768767667917	0.346	A>G	2	6	2	-10.549658628216
chr5	29871245	30	59	1.08768767667917	0.356	A>T	2	6	2	-10.6569752713664
chr5	30159830	28	56	1.08768767667917	0.232	A>G	2	6	1	-11.7020506668808
chr5	32377431	47	40	1.08768767667917	0.1	C>T	2	6	1	-11.8123740330316
chr5	34194683	39	46	1.08768767667917	0.196	C>T	2	6	1	-10.6987643458143
chr5	34529871	48	43	1.08768767667917	0.395	C>G	2	6	2	-11.5106342833705
chr5	37488313	33	47	1.08768767667917	0.128	G>C	2	6	1	-10.634752986425
chr5	37488317	33	45	1.08768767667917	0.133	T>C	2	6	1	-10.634752986425
chr5	39479182	37	53	1.08768767667917	0.302	T>C	2	6	2	-10.6772513136497
chr5	40644939	38	59	1.08768767667917	0.136	T>A	2	6	1	-10.4213723733477
chr5	41663118	43	46	1.08768767667917	0.13	C>T	2	6	1	-10.634752986425
chr5	41985585	32	44	1.08768767667917	0.114	G>T	2	6	1	-11.3239298114617
chr5	42122856	43	47	1.08768767667917	0.17	G>A	2	6	1	-10.2478198170449
chr5	45750502	47	48	1.08768767667917	0.167	A>C	2	6	1	-10.2478198170449
chr5	46243752	37	40	1.08768767667917	0.175	C>A	2	6	1	-10.3328211431065
chr5	46323527	36	46	1.08768767667917	0.152	A>G	2	6	1	-10.2885454541585
chr5	46323536	36	47	1.08768767667917	0.17	A>C	2	6	1	-10.2478198170449
chr5	46323540	36	47	1.08768767667917	0.17	A>C	2	6	1	-10.2478198170449
chr5	46323555	36	46	1.08768767667917	0.152	C>G	2	6	1	-10.2885454541585
chr5	46372972	42	50	1.08768767667917	0.16	C>A	2	6	1	-10.23195309587
chr5	47299375	38	49	1.07659192512091	0.184	C>A	2	6	1	-10.3328211431065
chr5	49731309	39	46	0.930238313388817	0.109	A>G	2	5	1	-12.9597999450382
chr5	49758024	40	51	0.930238313388817	0.118	G>A	2	5	1	-12.3474023802439
chr5	49798593	40	43	0.930238313388817	0.163	G>A	2	5	1	-10.7571331253855
chr5	49840285	40	48	0.930238313388817	0.125	C>A	2	5	1	-12.3474023802439
chr5	49971144	39	41	0.930238313388817	0.122	T>A	2	5	1	-12.3474023802439
chr5	49971149	39	40	0.930238313388817	0.125	G>T	2	5	1	-12.3474023802439
chr5	50135727	39	49	0.930238313388817	0.102	T>C	2	5	1	-13.6703821874202
chr5	51154246	36	41	0.930238313388817	0.341	A>G	2	5	2	-11.2279231204421
chr5	52048033	32	45	0.930238313388817	0.4	G>A	2	5	2	-10.5367264782871
chr5	52566375	42	44	0.930238313388817	0.136	C>T	2	5	1	-11.3908284444876
chr5	62673194	39	46	0.930238313388817	0.174	C>A	2	5	1	-10.5508618257482
chr5	65733099	51	43	0.930238313388817	0.233	G>A	2	5	1	-10.672264550711
chr5	65940323	69	40	0.930238313388817	0.125	A>C	2	5	1	-12.3474023802439
chr5	82435270	43	51	0.930238313388817	0.118	G>A	2	5	1	-12.3474023802439
chr5	82435274	43	51	0.930238313388817	0.118	C>A	2	5	1	-12.3474023802439
chr5	82871897	42	54	0.930238313388817	0.241	C>A	2	5	1	-10.8978451143551
chr5	82871907	42	54	0.930238313388817	0.241	T>C	2	5	1	-10.8978451143551
chr5	82871910	42	51	0.930238313388817	0.255	A>G	2	5	1	-11.5092603337218
chr5	82871921	42	51	0.930238313388817	0.255	G>T	2	5	1	-11.5092603337218
chr5	86370809	26	42	0.930238313388817	0.143	A>G	2	5	1	-11.3908284444876
chr5	89737823	38	42	0.930238313388817	0.262	C>T	2	5	1	-11.5092603337218
chr5	100460137	39	40	0.930238313388817	0.2	G>A	2	5	1	-10.3353922920811
chr5	100732160	29	41	0.930238313388817	0.244	G>T	2	5	1	-10.8978451143551
chr5	107104395	44	42	0.930238313388817	0.119	C>T	2	5	1	-12.3474023802439
chr5	109341986	79	46	0.930238313388817	0.109	G>C	2	5	1	-12.9597999450382
chr5	111188653	29	40	0.930238313388817	0.2	A>G	2	5	1	-10.3353922920811
chr5	112184756	34	46	0.930238313388817	0.174	T>C	2	5	1	-10.5508618257482
chr5	113466933	43	49	0.930238313388817	0.102	A>T	2	5	1	-13.6703821874202
chr5	113466935	43	49	0.930238313388817	0.102	T>C	2	5	1	-13.6703821874202
chr5	115152771	37	46	0.930238313388817	0.217	T>C	2	5	1	-10.5021470063216
chr5	116508748	45	46	0.930238313388817	0.109	G>C	2	5	1	-12.9597999450382
chr5	117740197	34	43	0.930238313388817	0.14	A>C	2	5	1	-11.3908284444876
chr5	117853235	37	50	0.930238313388817	0.1	G>T	2	5	1	-13.6703821874202
chr5	120141713	36	52	0.930238313388817	0.346	C>T	2	5	2	-11.0057929826013
chr5	139965015	53	45	0.930238313388817	0.156	A>T	2	5	1	-10.7571331253855
chr5	140724700	41	47	0.930238313388817	0.106	C>T	2	5	1	-12.9597999450382
chr5	148021358	41	40	0.930238313388817	0.125	C>G	2	5	1	-12.3474023802439
chr5	152467128	41	46	0.930238313388817	0.13	T>C	2	5	1	-11.8263470783771
chr5	152526767	40	40	0.930238313388817	0.1	A>G	2	5	1	-13.6703821874202
chr5	155398059	45	40	0.930238313388817	0.275	C>A	2	5	1	-12.3254414858485
chr5	160257749	47	41	0.930238313388817	0.122	T>C	2	5	1	-12.3474023802439
chr5	162974357	34	40	0.930238313388817	0.1	C>A	2	5	1	-13.6703821874202
chr5	163486167	35	43	0.930238313388817	0.116	A>G	2	5	1	-12.3474023802439
chr5	171089566	56	43	0.930238313388817	0.116	C>T	2	5	1	-12.3474023802439
chr5	171089584	56	44	0.930238313388817	0.114	C>T	2	5	1	-12.9597999450382
chr5	175038507	45	42	0.930238313388817	0.167	T>C	2	5	1	-10.5508618257482
chr5	178911996	42	42	0.921069277555513	0.214	C>A	2	5	1	-10.3892202502804
chr5	181060905	44	58	0.921069277555513	0.241	T>C	2	5	1	-10.8978451143551
chr6	285442	39	47	0.956333928518127	0.128	T>A	2	6	1	-10.6765479887419
chr6	325777	60	58	0.956333928518127	0.138	G>A	2	6	1	-10.4631673756646
chr6	325782	60	58	0.956333928518127	0.121	G>C	2	6	1	-10.9754652697965
chr6	325800	60	55	0.956333928518127	0.109	T>C	2	6	1	-11.3657248137786
chr6	16259910	44	42	0.956333928518127	0.19	G>A	2	6	1	-10.5258060532876
chr6	27435941	33	41	0.956333928518127	0.293	T>A	2	6	2	-10.8823438367558
chr6	29788729	41	41	0.956333928518127	0.146	G>T	2	6	1	-10.3303404564753
chr6	32484070	61	43	0.894425556675146	0.116	C>T	2	5	1	-12.298582116182
chr6	32484072	61	43	0.894425556675146	0.116	C>T	2	5	1	-12.298582116182
chr6	32484076	61	41	0.894425556675146	0.122	A>C	2	5	1	-12.298582116182
chr6	32484811	61	50	0.894425556675146	0.12	T>C	2	5	1	-12.298582116182
chr6	32484824	61	48	0.894425556675146	0.125	G>A	2	5	1	-12.298582116182
chr6	32485142	36	69	0.894425556675146	0.145	T>C	2	5	1	-11.3420081804257
chr6	32485143	36	69	0.894425556675146	0.145	G>A	2	5	1	-11.3420081804257
chr6	32530635	43	57	0.930964059259969	0.14	T>C	2	5	1	-11.3908284444876
chr6	36097295	37	44	0.944930853123067	0.205	G>C	2	6	1	-10.7405593481312
chr6	39845145	46	40	0.944930853123067	0.125	C>T	2	6	1	-10.9754652697965
chr6	39845153	46	41	0.944930853123067	0.146	T>A	2	6	1	-10.3303404564753
chr6	39845162	46	45	0.944930853123067	0.133	C>T	2	6	1	-10.6765479887419
chr6	40154065	44	43	0.944930853123067	0.209	C>T	2	6	1	-11.0165253271428
chr6	57335290	53	54	0.944930853123067	0.167	C>T	2	6	1	-10.2896148193618
chr6	57335302	53	63	0.944930853123067	0.143	C>T	2	6	1	-10.4631673756646
chr6	57381070	32	40	0.944930853123067	0.15	G>A	2	6	1	-10.3303404564753
chr6	60241566	37	57	1.27122554538704	0.105	G>C	2	7	1	-10.8334222442761
chr6	60241645	37	60	1.27122554538704	0.1	G>A	2	7	1	-10.8334222442761
chr6	61379569	35	42	1.27122554538704	0.119	T>G	2	7	1	-10.3180197606616
chr6	61379597	35	40	1.27122554538704	0.125	T>G	2	7	1	-10.3180197606616
chr6	65929259	28	44	1.27122554538704	0.318	G>A	2	7	2	-10.7549631066682
chr6	71584152	52	46	1.27122554538704	0.348	C>T	2	7	2	-11.480293173853
chr6	74532727	34	40	1.27122554538704	0.15	T>A	2	7	1	-10.2178468702466
chr6	81034972	37	55	1.27122554538704	0.345	C>G	2	7	2	-11.1942768589879
chr6	81131727	36	43	1.27122554538704	0.349	C>T	2	7	2	-11.480293173853
chr6	81177371	38	44	1.27122554538704	0.136	G>A	2	7	1	-10.1690231484671
chr6	81345660	38	41	1.27122554538704	0.293	A>C	2	7	2	-10.4383552552028
chr6	83876032	35	47	1.27122554538704	0.191	A>T	2	7	1	-11.1399150309338
chr6	86292972	37	47	1.27122554538704	0.255	C>G	2	7	2	-10.5532397161991
chr6	92007557	42	47	1.27122554538704	0.298	T>A	2	7	2	-10.4971957552257
chr6	93141224	31	40	1.27122554538704	0.15	G>C	2	7	1	-10.2178468702466
chr6	99204405	53	42	1.27122554538704	0.214	T>C	2	7	2	-11.7882454314965
chr6	103004670	40	40	1.27122554538704	0.325	G>A	2	7	2	-10.7549631066682
chr6	106108128	38	43	1.27122554538704	0.116	A>G	2	7	1	-10.3180197606616
chr6	119001827	36	40	1.27122554538704	0.35	C>T	2	7	2	-11.480293173853
chr6	119722554	32	40	1.27122554538704	0.2	G>A	2	7	1	-11.5363189667461
chr6	121174864	38	44	1.27122554538704	0.205	T>C	2	7	1	-11.5363189667461
chr6	122947170	43	47	1.27122554538704	0.255	C>T	2	7	2	-10.5532397161991
chr6	123171763	40	42	1.27122554538704	0.167	G>A	2	7	1	-10.5404225150705
chr6	123481751	34	43	1.27122554538704	0.279	G>A	2	7	2	-10.4274025488303
chr6	127128101	35	43	1.27122554538704	0.256	G>A	2	7	2	-10.5532397161991
chr6	129837363	39	41	1.27122554538704	0.195	G>C	2	7	1	-11.5363189667461
chr6	140331555	47	42	1.27122554538704	0.262	G>C	2	7	2	-10.5532397161991
chr6	141232153	29	40	1.27122554538704	0.15	G>T	2	7	1	-10.2178468702466
chr6	143638077	38	48	1.27122554538704	0.229	A>G	2	7	2	-11.1292714124315
chr6	144315290	49	42	1.27122554538704	0.357	A>C	2	7	3	-11.4298372779019
chr6	146957107	38	41	1.27122554538704	0.415	T>C	2	7	3	-10.5264352692967
chr6	149946013	50	41	1.27122554538704	0.22	C>T	2	7	2	-11.4301630277899
chr6	152209472	40	48	1.27122554538704	0.271	G>A	2	7	2	-10.4653344844014
chr6	155449059	46	43	1.27122554538704	0.395	A>G	2	7	3	-10.6616358574734
chr6	156283211	40	46	1.27122554538704	0.565	G>T	2	7	4	-10.5405838172973
chr6	160535643	45	56	1.27122554538704	0.125	G>A	2	7	1	-10.3180197606616
chr6	164909497	29	41	1.27122554538704	0.341	C>T	2	7	2	-11.1942768589879
chr6	165839900	41	40	1.27122554538704	0.125	C>T	2	7	1	-10.3180197606616
chr6	167297600	42	52	1.27122554538704	0.308	T>C	2	7	2	-10.6030107130636
chr6	167297606	42	50	1.27122554538704	0.32	T>C	2	7	2	-10.7549631066682
chr6	168699746	51	47	1.27122554538704	0.34	A>T	2	7	2	-11.1942768589879
chr6	170113990	47	49	1.27122554538704	0.184	T>C	2	7	1	-10.8070744821008
chr6	170113993	47	47	1.27122554538704	0.191	A>G	2	7	1	-11.1399150309338
chr6	170114009	47	52	1.27122554538704	0.212	T>C	2	7	2	-11.7882454314965
chr6	170114024	47	63	1.27122554538704	0.143	T>C	2	7	1	-10.1690231484671
chr6	170114037	51	72	1.27122554538704	0.111	A>G	2	7	1	-10.526628663675
chr6	170144092	43	40	1.27122554538704	0.375	G>C	2	7	3	-10.9617632734848
chr6	170495751	55	45	1.27122554538704	0.178	C>G	2	7	1	-10.8070744821008
chr6	170495755	55	46	1.27122554538704	0.109	G>C	2	7	1	-10.526628663675
chr7	240427	39	40	0.840831343250887	0.125	A>G	2	5	1	-12.28950739433
chr7	258143	66	43	0.840831343250887	0.116	T>C	2	5	1	-12.28950739433
chr7	258147	66	50	0.840831343250887	0.1	G>A	2	5	1	-13.6124872015064
chr7	45610750	58	41	0.840831343250887	0.195	A>G	2	5	1	-10.2774973061672
chr7	45780468	38	48	0.840831343250887	0.146	C>T	2	5	1	-10.9779685185723
chr7	57487708	43	44	1.66	0.114	G>A	2	9	1	-10.0384946189525
chr7	57668271	37	47	0.91097472315911	0.17	C>T	2	5	1	-10.5508618257482
chr7	57857325	27	44	0.91097472315911	0.136	A>C	2	5	1	-11.3908284444876
chr7	57857330	27	47	0.91097472315911	0.17	T>G	2	5	1	-10.5508618257482
chr7	57887855	37	67	0.91097472315911	0.209	G>C	2	5	1	-10.3892202502804
chr7	57908015	36	40	0.91097472315911	0.25	T>C	2	5	1	-11.1773197540868
chr7	58085416	30	72	0.91097472315911	0.111	T>A	2	5	1	-12.9597999450382
chr7	58089989	42	50	0.91097472315911	0.1	C>G	2	5	1	-13.6703821874202
chr7	58092067	45	43	0.91097472315911	0.186	C>T	2	5	1	-10.3427770180497
chr7	58106949	35	40	0.91097472315911	0.1	T>A	2	5	1	-13.6703821874202
chr7	58106952	35	40	0.91097472315911	0.1	A>T	2	5	1	-13.6703821874202
chr7	59172938	39	58	1.48867407110597	0.103	T>G	2	9	1	-10.0490490325445
chr7	60932451	36	54	0.949354222383518	0.148	C>T	2	6	1	-10.3303404564753
chr7	60932485	36	45	0.949354222383518	0.111	T>G	2	6	1	-11.3657248137786
chr7	60985085	33	52	1.04415195927326	0.115	C>T	2	6	1	-10.9079863212714
chr7	61008721	29	50	1.04415195927326	0.1	A>C	2	6	1	-11.7866900868233
chr7	61028852	33	41	1.04415195927326	0.122	A>G	2	6	1	-10.9079863212714
chr7	61028865	33	40	1.04415195927326	0.125	G>C	2	6	1	-10.9079863212714
chr7	61028873	33	44	1.04415195927326	0.114	A>C	2	6	1	-11.2982458652535
chr7	61028877	33	46	1.04415195927326	0.13	A>T	2	6	1	-10.6090690402167
chr7	61043124	36	40	1.412	0.175	C>G	2	8	1	-11.5012004564099
chr7	61043130	36	40	1.412	0.175	A>G	2	8	1	-11.5012004564099
chr7	61043172	36	40	1.35	0.2	A>G	2	8	2	-10.970591783224
chr7	61060269	34	40	1.00860551544984	0.125	C>T	2	6	1	-10.9219231682378
chr7	62264430	39	54	1.00860551544984	0.111	G>A	2	6	1	-11.3121827122199
chr7	62264542	39	45	1.00860551544984	0.133	C>T	2	6	1	-10.6230058871831
chr7	62339823	36	56	1.00860551544984	0.107	T>C	2	6	1	-11.3121827122199
chr7	62340518	33	45	1.00860551544984	0.111	T>A	2	6	1	-11.3121827122199
chr7	62347202	35	49	1.00860551544984	0.102	G>A	2	6	1	-11.8006269337897
chr7	62447071	35	48	1.00860551544984	0.292	A>C	2	6	2	-10.828801735197
chr7	62447075	35	47	1.00860551544984	0.298	T>G	2	6	2	-10.6655042144078
chr7	62447089	35	47	1.00860551544984	0.298	G>A	2	6	2	-10.6655042144078
chr7	62447115	35	46	1.00860551544984	0.304	T>A	2	6	2	-10.6655042144078
chr7	65490582	46	42	1.00568956417257	0.167	T>C	2	6	1	-10.236072717803
chr7	65490602	46	50	1.00568956417257	0.28	T>C	2	6	2	-11.0399870496367
chr7	65490617	46	49	1.00568956417257	0.306	C>G	2	6	2	-10.5491811514335
chr7	65490620	46	48	1.00568956417257	0.292	T>C	2	6	2	-10.828801735197
chr7	67521059	44	40	1.00175434457633	0.225	T>C	2	6	1	-11.2980480024374
chr7	120976439	34	45	1.00472112488168	0.133	A>G	2	6	1	-10.6230058871831
chr7	138622022	38	40	1.00472112488168	0.125	C>G	2	6	1	-10.9219231682378
chr7	150033767	60	43	1.01094977626038	0.419	C>T	2	6	3	-11.733571321463
chr7	152278859	39	105	1.01125404146042	0.143	G>C	2	6	1	-10.4096252741058
chr7	152377167	42	86	1.01125404146042	0.14	G>A	2	6	1	-10.4096252741058
chr7	152408456	44	48	1.01125404146042	0.125	A>C	2	6	1	-10.9219231682378
chr7	156464740	53	45	0.990151292141828	0.178	C>T	2	6	1	-10.3210740438646
chr7	158341357	55	41	0.990151292141828	0.268	A>G	2	6	2	-11.30005700602
chr7	158523404	63	41	0.990151292141828	0.146	G>A	2	6	1	-10.2767983549166
chr7	158806145	41	42	0.990151292141828	0.119	C>A	2	6	1	-10.9219231682378
chr7	159152302	57	42	0.990151292141828	0.238	G>C	2	6	1	-12.1380221520953
chr8	1246991	47	46	0.93900311686128	0.217	G>T	2	5	1	-10.5021470063216
chr8	8157340	37	58	0.93900311686128	0.138	C>G	2	5	1	-11.3908284444876
chr8	12653619	47	47	0.93900311686128	0.106	G>A	2	5	1	-12.9597999450382
chr8	12653625	47	48	0.93900311686128	0.104	A>G	2	5	1	-13.6703821874202
chr8	38071590	47	49	0.93900311686128	0.102	C>T	2	5	1	-13.6703821874202
chr8	38071608	47	45	0.93900311686128	0.111	C>T	2	5	1	-12.9597999450382
chr8	38071646	47	48	0.93900311686128	0.104	C>T	2	5	1	-13.6703821874202
chr8	56618907	48	46	0.893569341490149	0.152	C>T	2	5	1	-10.9870432404242
chr8	91690549	32	51	0.893569341490149	0.137	A>T	2	5	1	-11.3420081804257
chr8	142710204	46	40	0.893569341490149	0.1	G>A	2	5	1	-13.6215619233583
chr8	143072565	59	42	0.893569341490149	0.143	G>A	2	5	1	-11.3420081804257
chr8	143072575	59	47	0.893569341490149	0.149	G>A	2	5	1	-10.9870432404242
chr8	143072580	59	46	0.893569341490149	0.152	C>T	2	5	1	-10.9870432404242
chr8	143072599	59	48	0.893569341490149	0.146	G>C	2	5	1	-10.9870432404242
chr8	143072602	59	45	0.893569341490149	0.133	G>A	2	5	1	-11.7775268143151
chr9	45652	45	55	1.20275104569675	0.109	C>T	2	7	1	-10.4953501154722
chr9	106203	45	59	1.20275104569675	0.169	T>C	2	7	1	-10.5091439668677
chr9	1208879	46	40	1.15582099059343	0.25	C>A	2	7	2	-10.6697486121276
chr9	1785534	48	49	1.15582099059343	0.102	C>A	2	7	1	-10.8108625600919
chr9	2608236	44	46	1.15582099059343	0.283	G>A	2	7	2	-10.4048428646461
chr9	8060167	30	49	1.15582099059343	0.102	T>C	2	7	1	-10.8108625600919
chr9	10094477	32	47	1.15582099059343	0.191	A>G	2	7	1	-11.1173553467495
chr9	17317043	35	51	1.15582099059343	0.176	G>T	2	7	1	-10.7845147979166
chr9	18072858	40	45	1.15582099059343	0.267	C>T	2	7	2	-10.4427748002172
chr9	18179040	43	51	1.15582099059343	0.176	G>A	2	7	1	-10.7845147979166
chr9	18179056	43	50	1.15582099059343	0.1	G>T	2	7	1	-10.8108625600919
chr9	22304906	37	41	1.15582099059343	0.146	C>T	2	7	1	-10.1952871860624
chr9	22838077	38	53	1.15582099059343	0.151	G>T	2	7	1	-10.1952871860624
chr9	26388625	34	43	1.15582099059343	0.209	C>T	2	7	2	-11.7656857473123
chr9	26837002	41	41	1.15582099059343	0.146	T>C	2	7	1	-10.1952871860624
chr9	27589192	52	46	1.15582099059343	0.152	T>A	2	7	1	-10.1952871860624
chr9	31039576	29	43	1.11949281116969	0.326	A>G	2	7	2	-10.9783004820842
chr9	32210497	32	44	1.11949281116969	0.364	C>T	2	7	3	-11.4558518016254
chr9	38559162	49	49	1.11949281116969	0.204	A>T	2	7	1	-11.5623334904696
chr9	39028376	46	75	1.12125734044835	0.133	C>A	2	7	1	-10.2267676442993
chr9	39055079	40	44	1.12125734044835	0.114	G>C	2	7	1	-10.5526431873986
chr9	39055114	40	47	1.12125734044835	0.106	G>A	2	7	1	-10.5526431873986
chr9	39055122	40	45	1.12125734044835	0.111	G>A	2	7	1	-10.5526431873986
chr9	39122315	41	54	1.12125734044835	0.111	A>C	2	7	1	-10.5526431873986
chr9	40542192	37	74	1.15849938357044	0.108	A>G	2	7	1	-10.5040689794908
chr9	40542203	37	82	1.15849938357044	0.11	G>A	2	7	1	-10.5040689794908
chr9	40542215	37	83	1.15849938357044	0.145	G>A	2	7	1	-10.1464634642829
chr9	40829016	37	48	1.15849938357044	0.104	A>T	2	7	1	-10.8108625600919
chr9	40840814	38	52	1.15849938357044	0.115	T>C	2	7	1	-10.2954600764774
chr9	40840815	38	52	1.15849938357044	0.115	C>T	2	7	1	-10.2954600764774
chr9	40957581	39	73	1.15849938357044	0.123	G>A	2	7	1	-10.2954600764774
chr9	40983254	36	100	1.15849938357044	0.13	T>C	2	7	1	-10.1781934363915
chr9	40983296	36	99	1.15849938357044	0.162	C>T	2	7	1	-10.3203454687426
chr9	41002380	37	43	1.15849938357044	0.14	T>A	2	7	1	-10.1464634642829
chr9	41232293	47	48	1.15849938357044	0.167	A>G	2	7	1	-10.5178628308863
chr9	41232298	47	48	1.15849938357044	0.146	T>A	2	7	1	-10.1952871860624
chr9	41266885	56	66	1.15849938357044	0.106	C>T	2	7	1	-10.5040689794908
chr9	41266903	56	68	1.15849938357044	0.103	G>C	2	7	1	-10.8108625600919
chr9	41266941	56	67	1.15849938357044	0.104	A>G	2	7	1	-10.8108625600919
chr9	41781292	36	41	1.15849938357044	0.146	T>C	2	7	1	-10.1952871860624
chr9	42508021	44	53	1.15849938357044	0.151	G>C	2	7	1	-10.1952871860624
chr9	42508321	44	42	1.15849938357044	0.143	A>T	2	7	1	-10.1464634642829
chr9	42508332	44	44	1.15849938357044	0.114	C>T	2	7	1	-10.5040689794908
chr9	43125192	53	43	1.22255037641002	0.14	A>C	2	7	1	-10.1377446002643
chr9	43199643	39	54	1.22255037641002	0.111	T>C	2	7	1	-10.4953501154722
chr9	43199656	39	56	1.22255037641002	0.107	C>T	2	7	1	-10.4953501154722
chr9	43199673	39	57	1.22255037641002	0.105	G>A	2	7	1	-10.8021436960733
chr9	43199677	39	57	1.22255037641002	0.105	G>A	2	7	1	-10.8021436960733
chr9	43199696	39	55	1.22255037641002	0.109	A>C	2	7	1	-10.4953501154722
chr9	43210288	36	48	1.22255037641002	0.125	A>G	2	7	1	-10.2867412124588
chr9	43210315	36	50	1.22255037641002	0.12	A>G	2	7	1	-10.2867412124588
chr9	43210319	36	52	1.22255037641002	0.115	A>G	2	7	1	-10.2867412124588
chr9	43210324	36	54	1.22255037641002	0.111	C>A	2	7	1	-10.4953501154722
chr9	43210326	36	50	1.22255037641002	0.12	A>T	2	7	1	-10.2867412124588
chr9	43211132	37	97	1.22255037641002	0.103	G>A	2	7	1	-10.8021436960733
chr9	43211143	37	98	1.22255037641002	0.102	G>C	2	7	1	-10.8021436960733
chr9	43238570	34	43	1.22255037641002	0.14	C>T	2	7	1	-10.1377446002643
chr9	43337746	35	40	1.22255037641002	0.15	T>C	2	7	1	-10.1865683220438
chr9	43337747	35	43	1.22255037641002	0.14	G>A	2	7	1	-10.1377446002643
chr9	43337760	35	46	1.22255037641002	0.13	A>G	2	7	1	-10.1694745723729
chr9	43337775	35	44	1.22255037641002	0.136	T>C	2	7	1	-10.1377446002643
chr9	43337796	35	43	1.22255037641002	0.14	G>T	2	7	1	-10.1377446002643
chr9	43337815	35	42	1.22255037641002	0.143	C>G	2	7	1	-10.1377446002643
chr9	43532884	37	41	1.22255037641002	0.22	A>G	2	7	2	-11.398884479587
chr9	43717834	37	56	1.30497312463255	0.125	A>G	2	8	1	-10.0921724803875
chr9	44370237	38	76	1.30497312463255	0.118	C>G	2	8	1	-10.0921724803875
chr9	45434833	38	42	1.30497312463255	0.167	T>A	2	8	1	-11.0829311272936
chr9	61155002	41	40	1.17286804259426	0.2	C>T	2	7	1	-11.5137592825619
chr9	63350141	48	68	1.17286804259426	0.176	T>A	2	7	1	-10.7845147979166
chr9	63350168	48	69	1.17286804259426	0.232	C>T	2	7	2	-11.1067117282473
chr9	63756599	44	56	1.22806489927632	0.107	G>C	2	7	1	-10.4953501154722
chr9	65386378	59	43	1.16329700904872	0.209	G>C	2	7	2	-11.7656857473123
chr9	65437947	44	40	1.16329700904872	0.175	C>G	2	7	1	-10.7845147979166
chr9	65437949	44	41	1.16329700904872	0.171	G>C	2	7	1	-10.5178628308863
chr9	65690975	32	51	1.16329700904872	0.118	A>G	2	7	1	-10.2954600764774
chr9	66045513	42	40	1.16329700904872	0.125	G>A	2	7	1	-10.2954600764774
chr9	66357538	32	55	1.16329700904872	0.145	T>C	2	7	1	-10.1464634642829
chr9	66635658	36	41	1.16329700904872	0.122	T>C	2	7	1	-10.2954600764774
chr9	67154884	37	63	1.16329700904872	0.19	C>T	2	7	1	-11.1173553467495
chr9	67716879	52	48	1.16329700904872	0.104	A>C	2	7	1	-10.8108625600919
chr9	67836933	35	40	1.16329700904872	0.225	G>A	2	7	2	-11.4076033436057
chr9	69855340	36	49	1.13731738273665	0.102	T>G	2	7	1	-10.8594367679997
chr9	77484569	34	40	1.13731738273665	0.15	G>A	2	7	1	-10.2438613939702
chr9	80567422	31	47	1.13731738273665	0.17	T>C	2	7	1	-10.5664370387941
chr9	87790862	39	40	1.11824272306613	0.125	T>G	2	7	1	-10.3440342843852
chr9	88875435	40	42	1.11824272306613	0.143	A>G	2	7	1	-10.1950376721907
chr9	89254466	52	51	1.11824272306613	0.176	G>A	2	7	1	-10.8330890058244
chr9	89730387	50	46	1.11824272306613	0.13	G>A	2	7	1	-10.2267676442993
chr9	90484271	39	47	1.11824272306613	0.383	A>G	2	7	3	-10.9877777972083
chr9	96331321	47	43	1.11824272306613	0.186	A>G	2	7	1	-11.1659295546573
chr9	99525250	37	42	1.11824272306613	0.119	G>A	2	7	1	-10.3440342843852
chr9	101621425	41	46	1.11824272306613	0.13	G>T	2	7	1	-10.2267676442993
chr9	101882239	32	47	1.11824272306613	0.17	C>G	2	7	1	-10.5664370387941
chr9	103267509	33	44	1.11824272306613	0.159	T>C	2	7	1	-10.3689196766504
chr9	105747251	38	48	1.11824272306613	0.229	A>G	2	7	2	-11.1552859361551
chr9	106325841	39	46	1.11824272306613	0.174	G>T	2	7	1	-10.5664370387941
chr9	106768454	41	40	1.11824272306613	0.225	G>T	2	7	2	-11.4561775515134
chr9	109523718	45	46	1.0873827260882	0.13	A>C	2	6	1	-10.634752986425
chr9	115594744	39	46	1.0873827260882	0.152	A>C	2	6	1	-10.2885454541585
chr9	115841574	46	43	1.0873827260882	0.14	G>A	2	6	1	-10.4213723733477
chr9	122711254	56	52	1.0873827260882	0.154	G>T	2	6	1	-10.2885454541585
chr9	122711283	56	51	1.0873827260882	0.137	G>A	2	6	1	-10.4213723733477
chr9	124916132	34	40	1.0873827260882	0.15	C>A	2	6	1	-10.2885454541585
chr9	130955131	53	46	1.03533312942735	0.13	C>T	2	6	1	-10.6090690402167
chr9	130972134	54	40	1.03533312942735	0.175	T>C	2	6	1	-10.3071371968983
chr9	137799040	62	40	1.0761908734553	0.1	G>A	2	6	1	-11.8123740330316
chr9	137807222	43	43	1.0761908734553	0.209	G>A	2	6	1	-10.9747303248259
chr10	57734	45	57	1.15745547908347	0.123	T>C	2	7	1	-10.2954600764774
chr10	376242	50	41	1.15745547908347	0.122	G>C	2	7	1	-10.2954600764774
chr10	523316	54	44	1.15745547908347	0.182	A>G	2	7	1	-10.7845147979166
chr10	655746	42	55	1.15745547908347	0.182	C>T	2	7	1	-10.7845147979166
chr10	3062530	43	42	1.10094986408239	0.119	C>A	2	6	1	-10.9336702674796
chr10	3431279	51	63	1.10094986408239	0.127	A>G	2	6	1	-10.634752986425
chr10	6824552	44	47	1.10094986408239	0.298	T>C	2	6	2	-10.6772513136497
chr10	6824607	44	46	1.10094986408239	0.239	A>G	2	6	1	-12.1497692513371
chr10	11284125	54	47	1.10094986408239	0.128	T>C	2	6	1	-10.634752986425
chr10	14607251	42	40	1.10094986408239	0.2	G>C	2	6	1	-10.6987643458143
chr10	17575735	40	47	1.10094986408239	0.149	A>G	2	6	1	-10.2885454541585
chr10	17575741	40	49	1.10094986408239	0.143	G>A	2	6	1	-10.4213723733477
chr10	18730977	48	41	1.10094986408239	0.146	G>A	2	6	1	-10.2885454541585
chr10	20539092	40	41	1.10094986408239	0.122	C>G	2	6	1	-10.9336702674796
chr10	20539099	40	43	1.10094986408239	0.116	A>G	2	6	1	-10.9336702674796
chr10	20539137	40	40	1.10094986408239	0.15	G>T	2	6	1	-10.2885454541585
chr10	20539195	40	44	1.10094986408239	0.136	A>G	2	6	1	-10.4213723733477
chr10	25938515	37	48	1.10094986408239	0.146	T>C	2	6	1	-10.2885454541585
chr10	26588179	56	68	1.16746682110117	0.103	G>T	2	7	1	-10.8108625600919
chr10	26588181	56	68	1.16746682110117	0.103	A>G	2	7	1	-10.8108625600919
chr10	26637832	46	40	1.21310637993555	0.125	C>A	2	7	1	-10.2867412124588
chr10	26945263	36	50	1.05498305552937	0.14	T>A	2	6	1	-10.3956884271395
chr10	26945265	36	50	1.05498305552937	0.14	T>C	2	6	1	-10.3956884271395
chr10	26945277	36	54	1.05498305552937	0.167	C>A	2	6	1	-10.2221358708367
chr10	26945279	36	55	1.05498305552937	0.164	T>C	2	6	1	-10.2062691496617
chr10	26945284	36	55	1.05498305552937	0.164	C>A	2	6	1	-10.2062691496617
chr10	26945286	36	54	1.05498305552937	0.167	A>G	2	6	1	-10.2221358708367
chr10	36794143	37	44	1.07985021617461	0.182	A>G	2	6	1	-10.3328211431065
chr10	38490613	39	55	1.12338509157731	0.145	G>A	2	7	1	-10.1950376721907
chr10	38490657	39	54	1.12338509157731	0.148	A>T	2	7	1	-10.2438613939702
chr10	38519890	40	48	1.12338509157731	0.104	C>A	2	7	1	-10.8594367679997
chr10	38526887	41	60	1.12338509157731	0.133	A>G	2	7	1	-10.2267676442993
chr10	38526893	41	61	1.12338509157731	0.115	T>G	2	7	1	-10.3440342843852
chr10	38526894	41	63	1.12338509157731	0.111	C>T	2	7	1	-10.5526431873986
chr10	38574868	42	46	1.12338509157731	0.13	G>T	2	7	1	-10.2267676442993
chr10	38574874	42	48	1.12338509157731	0.146	T>G	2	7	1	-10.2438613939702
chr10	38574878	42	41	1.12338509157731	0.171	T>C	2	7	1	-10.5664370387941
chr10	38574889	42	42	1.12338509157731	0.167	T>C	2	7	1	-10.5664370387941
chr10	38574890	42	42	1.12338509157731	0.167	G>C	2	7	1	-10.5664370387941
chr10	38577719	39	41	1.12338509157731	0.122	G>T	2	7	1	-10.3440342843852
chr10	38577725	39	44	1.12338509157731	0.114	G>C	2	7	1	-10.5526431873986
chr10	38577728	39	42	1.12338509157731	0.119	T>G	2	7	1	-10.3440342843852
chr10	38577740	39	45	1.12338509157731	0.111	T>G	2	7	1	-10.5526431873986
chr10	38577743	39	45	1.12338509157731	0.111	C>T	2	7	1	-10.5526431873986
chr10	38577748	39	45	1.12338509157731	0.111	T>C	2	7	1	-10.5526431873986
chr10	38577763	39	42	1.12338509157731	0.119	C>T	2	7	1	-10.3440342843852
chr10	38581774	41	68	1.12338509157731	0.147	G>A	2	7	1	-10.2438613939702
chr10	38581776	41	67	1.12338509157731	0.149	C>T	2	7	1	-10.2438613939702
chr10	38581783	41	71	1.12338509157731	0.141	G>A	2	7	1	-10.1950376721907
chr10	38581818	41	72	1.12338509157731	0.125	G>T	2	7	1	-10.3440342843852
chr10	38581823	41	71	1.12338509157731	0.127	A>G	2	7	1	-10.2267676442993
chr10	38581829	41	72	1.12338509157731	0.125	G>A	2	7	1	-10.3440342843852
chr10	38645288	38	71	1.12338509157731	0.169	C>T	2	7	1	-10.5664370387941
chr10	38664468	39	45	1.12338509157731	0.133	C>T	2	7	1	-10.2267676442993
chr10	38784408	38	47	1.12338509157731	0.106	C>T	2	7	1	-10.5526431873986
chr10	38790116	37	41	1.12338509157731	0.146	C>T	2	7	1	-10.2438613939702
chr10	38792859	37	46	1.12338509157731	0.13	T>C	2	7	1	-10.2267676442993
chr10	38799233	38	50	1.12338509157731	0.14	C>A	2	7	1	-10.1950376721907
chr10	38801154	38	52	1.12338509157731	0.173	T>C	2	7	1	-10.5664370387941
chr10	38905305	38	45	1.68118408238316	0.133	C>T	2	10	1	-10.5419760906502
chr10	38918465	32	56	1.14020643980704	0.107	C>T	2	7	1	-10.5526431873986
chr10	38918466	32	53	1.14020643980704	0.151	C>G	2	7	1	-10.2438613939702
chr10	38918482	32	57	1.14020643980704	0.105	A>C	2	7	1	-10.8594367679997
chr10	38918870	32	42	1.14020643980704	0.119	G>T	2	7	1	-10.3440342843852
chr10	38944658	41	43	1.14020643980704	0.116	C>A	2	7	1	-10.3440342843852
chr10	38958835	37	50	1.14020643980704	0.12	A>C	2	7	1	-10.3440342843852
chr10	39334479	37	42	1.14270632834388	0.119	C>A	2	7	1	-10.3440342843852
chr10	39489453	35	48	1.14270632834388	0.104	G>C	2	7	1	-10.8594367679997
chr10	39489464	35	45	1.14270632834388	0.111	A>G	2	7	1	-10.5526431873986
chr10	39489470	35	45	1.14270632834388	0.111	T>A	2	7	1	-10.5526431873986
chr10	39489533	35	50	1.14270632834388	0.14	A>T	2	7	1	-10.1950376721907
chr10	39556294	36	41	1.14270632834388	0.146	G>C	2	7	1	-10.2438613939702
chr10	39556296	36	41	1.14270632834388	0.146	A>G	2	7	1	-10.2438613939702
chr10	39556329	36	40	1.14270632834388	0.15	G>T	2	7	1	-10.2438613939702
chr10	41194371	38	74	1.26097824544414	0.108	T>A	2	7	1	-10.526628663675
chr10	41553303	37	52	1.26097824544414	0.135	C>T	2	7	1	-10.1690231484671
chr10	41587071	38	120	1.26097824544414	0.108	A>G	2	7	1	-10.526628663675
chr10	41709937	37	41	1.16351937436148	0.146	G>T	2	7	1	-10.1952871860624
chr10	41709959	37	43	1.16351937436148	0.163	A>T	2	7	1	-10.3203454687426
chr10	41709961	37	42	1.16351937436148	0.143	G>T	2	7	1	-10.1464634642829
chr10	41709962	37	44	1.16351937436148	0.136	A>G	2	7	1	-10.1464634642829
chr10	41710277	37	42	1.16351937436148	0.167	G>T	2	7	1	-10.5178628308863
chr10	41839999	37	47	1.16351937436148	0.106	G>T	2	7	1	-10.5040689794908
chr10	41848059	36	59	1.16351937436148	0.169	T>C	2	7	1	-10.5178628308863
chr10	41855049	37	42	1.16351937436148	0.167	A>C	2	7	1	-10.5178628308863
chr10	41855845	37	58	1.16351937436148	0.103	T>C	2	7	1	-10.8108625600919
chr10	41855868	37	54	1.16351937436148	0.204	G>A	2	7	1	-11.5137592825619
chr10	41857809	41	60	1.16351937436148	0.15	T>C	2	7	1	-10.1952871860624
chr10	41858790	39	52	1.16351937436148	0.173	C>A	2	7	1	-10.5178628308863
chr10	41863431	40	150	1.16351937436148	0.113	T>A	2	7	1	-10.5040689794908
chr10	41863518	40	123	1.16351937436148	0.122	G>A	2	7	1	-10.2954600764774
chr10	41866206	40	57	1.16351937436148	0.281	T>A	2	7	2	-10.4048428646461
chr10	41870962	40	48	1.16351937436148	0.208	A>T	2	7	2	-11.7656857473123
chr10	41870972	40	53	1.16351937436148	0.264	T>A	2	7	2	-10.5306800320149
chr10	41871335	41	46	1.16351937436148	0.239	C>A	2	7	2	-10.8612831321437
chr10	41872445	40	91	1.16351937436148	0.165	A>T	2	7	1	-10.3203454687426
chr10	41880761	40	58	1.16351937436148	0.121	C>A	2	7	1	-10.2954600764774
chr10	41885227	40	78	1.16351937436148	0.103	C>T	2	7	1	-10.8108625600919
chr10	41885273	40	62	1.16351937436148	0.113	C>T	2	7	1	-10.5040689794908
chr10	41885274	40	65	1.16351937436148	0.138	A>G	2	7	1	-10.1464634642829
chr10	41885296	40	54	1.16351937436148	0.148	T>G	2	7	1	-10.1952871860624
chr10	41885740	40	59	1.16351937436148	0.119	T>A	2	7	1	-10.2954600764774
chr10	41894327	40	70	1.16351937436148	0.171	G>A	2	7	1	-10.5178628308863
chr10	41900794	41	57	1.16351937436148	0.14	G>T	2	7	1	-10.1464634642829
chr10	41900799	41	57	1.16351937436148	0.14	G>T	2	7	1	-10.1464634642829
chr10	41900804	41	57	1.16351937436148	0.14	C>T	2	7	1	-10.1464634642829
chr10	41902101	40	52	1.16351937436148	0.212	A>G	2	7	2	-11.7656857473123
chr10	41902116	40	43	1.16351937436148	0.116	C>G	2	7	1	-10.2954600764774
chr10	41902465	40	61	1.16351937436148	0.213	G>A	2	7	2	-11.7656857473123
chr10	41902552	40	43	1.16351937436148	0.116	C>A	2	7	1	-10.2954600764774
chr10	42101685	37	122	1.16351937436148	0.107	T>C	2	7	1	-10.5040689794908
chr10	42128332	33	48	1.11287191139069	0.104	A>G	2	7	1	-10.8594367679997
chr10	42158839	33	80	1.11287191139069	0.2	G>T	2	7	1	-11.5623334904696
chr10	42158849	33	79	1.11287191139069	0.253	T>C	2	7	2	-10.7183228200354
chr10	42158866	33	75	1.11287191139069	0.173	T>C	2	7	1	-10.5664370387941
chr10	42167013	36	57	1.11287191139069	0.123	A>G	2	7	1	-10.3440342843852
chr10	42291721	34	54	1.14050982172694	0.13	A>T	2	7	1	-10.2267676442993
chr10	42291722	34	54	1.14050982172694	0.13	G>T	2	7	1	-10.2267676442993
chr10	42305454	42	47	1.14050982172694	0.106	T>C	2	7	1	-10.5526431873986
chr10	44127226	41	43	1.14050982172694	0.163	A>C	2	7	1	-10.3689196766504
chr10	45665813	40	47	1.14050982172694	0.106	A>G	2	7	1	-10.5526431873986
chr10	46718504	37	42	1.13311305003835	0.238	T>C	2	7	2	-10.9098573400515
chr10	50296565	37	40	1.12791776063239	0.125	T>G	2	7	1	-10.3440342843852
chr10	50747498	33	48	1.12791776063239	0.146	T>C	2	7	1	-10.2438613939702
chr10	53651409	33	49	1.12143006651141	0.245	C>A	2	7	2	-10.9098573400515
chr10	53839961	32	41	1.12143006651141	0.195	C>A	2	7	1	-11.5623334904696
chr10	54170097	47	45	1.12143006651141	0.2	A>G	2	7	1	-11.5623334904696
chr10	56866764	35	40	1.12143006651141	0.15	A>G	2	7	1	-10.2438613939702
chr10	58658025	41	49	1.12143006651141	0.102	G>T	2	7	1	-10.8594367679997
chr10	64355059	37	49	1.12143006651141	0.143	T>C	2	7	1	-10.1950376721907
chr10	65832837	38	43	1.12143006651141	0.116	T>G	2	7	1	-10.3440342843852
chr10	71689040	60	47	1.12143006651141	0.106	G>C	2	7	1	-10.5526431873986
chr10	79747528	40	40	1.12143006651141	0.15	C>G	2	7	1	-10.2438613939702
chr10	79747548	40	41	1.12143006651141	0.146	C>T	2	7	1	-10.2438613939702
chr10	80233654	43	46	1.11636527469736	0.152	T>C	2	7	1	-10.2438613939702
chr10	123254562	50	49	1.10672261314731	0.102	C>T	2	7	1	-10.8594367679997
chr10	124226994	40	40	1.10672261314731	0.1	T>C	2	7	1	-10.8594367679997
chr10	131176951	51	50	1.10672261314731	0.14	C>T	2	7	1	-10.1950376721907
chr10	131176954	51	51	1.10672261314731	0.137	G>A	2	7	1	-10.1950376721907
chr11	189533	60	40	0.980242097574306	0.4	A>G	2	6	2	-11.4988871841287
chr11	1095012	57	41	0.980242097574306	0.244	C>T	2	6	1	-12.1380221520953
chr11	2984937	47	40	0.980242097574306	0.125	T>G	2	6	1	-10.9219231682378
chr11	3582314	56	41	0.980242097574306	0.122	C>A	2	6	1	-10.9219231682378
chr11	3582323	56	41	0.980242097574306	0.122	G>A	2	6	1	-10.9219231682378
chr11	3582330	56	40	0.980242097574306	0.1	C>T	2	6	1	-11.8006269337897
chr11	18543342	40	41	0.980242097574306	0.146	G>C	2	6	1	-10.2767983549166
chr11	41369608	34	40	0.980242097574306	0.15	G>T	2	6	1	-10.2767983549166
chr11	48913790	36	53	0.980242097574306	0.132	T>G	2	6	1	-10.6230058871831
chr11	48932050	36	40	0.980242097574306	0.1	A>G	2	6	1	-11.8006269337897
chr11	49822955	52	50	0.980242097574306	0.1	G>A	2	6	1	-11.8006269337897
chr11	50757681	37	44	0.980242097574306	0.182	G>T	2	6	1	-10.3210740438646
chr11	51717806	40	49	0.980242097574306	0.102	G>C	2	6	1	-11.8006269337897
chr11	82373733	36	41	0.996614035266478	0.22	T>G	2	6	1	-11.2980480024374
chr11	92267052	38	48	0.996614035266478	0.167	A>T	2	6	1	-10.236072717803
chr11	98264528	29	43	0.996614035266478	0.326	G>A	2	6	2	-10.4541803551061
chr11	102731190	50	40	0.961388863609944	0.125	T>C	2	6	1	-10.9754652697965
chr11	130091092	80	47	0.961388863609944	0.128	T>C	2	6	1	-10.6765479887419
chr12	44520	52	45	1.07927578017166	0.133	C>T	2	6	1	-10.634752986425
chr12	2255803	49	45	1.11131490023472	0.178	A>G	2	7	1	-10.8330890058244
chr12	5932382	43	40	1.07079922299027	0.125	C>T	2	6	1	-10.9336702674796
chr12	7638494	46	46	1.07079922299027	0.304	C>T	2	6	2	-10.6772513136497
chr12	11053681	34	60	1.08752417073098	0.133	T>G	2	6	1	-10.634752986425
chr12	11417176	42	43	1.08329931636624	0.163	G>A	2	6	1	-10.23195309587
chr12	12184409	35	40	1.08329931636624	0.125	C>A	2	6	1	-10.9336702674796
chr12	16777601	31	40	1.08329931636624	0.15	C>T	2	6	1	-10.2885454541585
chr12	20818798	45	59	1.10305733037768	0.102	C>A	2	6	1	-11.8123740330316
chr12	34716909	37	46	1.10305733037768	0.13	A>C	2	6	1	-10.634752986425
chr12	34716936	37	43	1.10305733037768	0.163	C>T	2	6	1	-10.23195309587
chr12	34716949	37	42	1.10305733037768	0.167	G>T	2	6	1	-10.2478198170449
chr12	35058829	38	88	1.1089965826333	0.148	C>G	2	7	1	-10.2438613939702
chr12	35326332	39	40	1.1089965826333	0.15	C>G	2	7	1	-10.2438613939702
chr12	35581525	39	42	1.21350692356116	0.143	T>G	2	7	1	-10.1377446002643
chr12	35655158	38	77	1.21350692356116	0.169	C>G	2	7	1	-10.5091439668677
chr12	35811813	39	48	1.21350692356116	0.125	C>G	2	7	1	-10.2867412124588
chr12	36406590	39	44	1.21350692356116	0.114	C>T	2	7	1	-10.4953501154722
chr12	37639964	37	49	1.07416741080503	0.163	C>A	2	6	1	-10.23195309587
chr12	42724292	42	59	1.07416741080503	0.322	C>T	2	6	2	-10.4907426234677
chr12	60296396	46	42	1.07695564713837	0.238	A>G	2	6	1	-12.1497692513371
chr12	61021773	33	41	1.07695564713837	0.122	C>A	2	6	1	-10.9336702674796
chr12	71246865	34	48	1.07695564713837	0.146	C>A	2	6	1	-10.2885454541585
chr12	71983803	45	45	1.07695564713837	0.111	G>A	2	6	1	-11.3239298114617
chr12	72607036	33	43	1.07695564713837	0.163	C>G	2	6	1	-10.23195309587
chr12	78204632	36	50	1.07695564713837	0.3	A>G	2	6	2	-10.6772513136497
chr12	82312782	39	47	1.07695564713837	0.106	A>G	2	6	1	-11.3239298114617
chr12	82312800	39	45	1.07695564713837	0.111	A>G	2	6	1	-11.3239298114617
chr12	84092195	43	44	1.07695564713837	0.227	T>G	2	6	1	-11.7020506668808
chr12	95582377	41	47	1.07695564713837	0.34	C>T	2	6	2	-10.4857803341631
chr12	103587085	46	48	1.07695564713837	0.125	G>C	2	6	1	-10.9336702674796
chr12	106075784	41	46	1.07695564713837	0.13	T>G	2	6	1	-10.634752986425
chr12	118072068	47	41	1.07695564713837	0.122	C>T	2	6	1	-10.9336702674796
chr12	118072084	47	46	1.07695564713837	0.109	A>C	2	6	1	-11.3239298114617
chr12	118072100	47	40	1.07695564713837	0.125	C>T	2	6	1	-10.9336702674796
chr12	118072103	47	40	1.07695564713837	0.125	G>A	2	6	1	-10.9336702674796
chr12	118072105	47	41	1.07695564713837	0.122	G>C	2	6	1	-10.9336702674796
chr12	125981976	46	42	1.07695564713837	0.119	C>T	2	6	1	-10.9336702674796
chr12	128113587	46	43	1.07695564713837	0.209	A>G	2	6	1	-10.9747303248259
chr12	128113599	46	42	1.07695564713837	0.214	A>G	2	6	1	-10.9747303248259
chr12	130393411	45	47	1.07695564713837	0.128	G>A	2	6	1	-10.634752986425
chr12	131395702	45	42	1.07695564713837	0.119	A>G	2	6	1	-10.9336702674796
chr12	131395726	45	45	1.07695564713837	0.133	G>A	2	6	1	-10.634752986425
chr12	131395759	45	44	1.07695564713837	0.114	A>G	2	6	1	-11.3239298114617
chr12	131576794	54	42	1.07695564713837	0.143	T>C	2	6	1	-10.4213723733477
chr12	132241079	61	57	3.07084017272199	0.105	A>C	2	17	2	-10.0130476918516
chr12	132241118	61	53	3.07084017272199	0.17	A>C	2	17	3	-10.0934726643039
chr12	132241162	61	44	3.07084017272199	0.136	G>A	2	17	2	-10.2331609913821
chr12	132397303	65	43	1.13670462152477	0.14	G>T	2	7	1	-10.1950376721907
chr12	132727656	55	41	1.13670462152477	0.122	C>G	2	7	1	-10.3440342843852
chr13	16194918	38	55	4.15540451750991	0.127	G>T	2	20	3	-10.3977861972992
chr13	16206425	36	80	4.15540451750991	0.125	A>T	2	20	2	-10.4158288565227
chr13	16206426	36	81	4.15540451750991	0.123	A>C	2	20	2	-10.4158288565227
chr13	16206436	36	86	4.15540451750991	0.116	A>T	2	20	2	-10.4158288565227
chr13	16245309	38	45	1.41992354680771	0.156	A>C	2	8	1	-10.7296887702371
chr13	16258456	35	58	1.41992354680771	0.103	A>G	2	8	1	-10.2981787905897
chr13	16707958	39	40	1.41992354680771	0.1	C>A	2	8	1	-10.2981787905897
chr13	16717633	39	43	1.41992354680771	0.116	T>A	2	8	1	-10.0901186639741
chr13	16802079	40	51	1.41992354680771	0.118	C>T	2	8	1	-10.0901186639741
chr13	16802617	40	45	1.41992354680771	0.156	T>C	2	8	1	-10.7296887702371
chr13	16955842	38	56	1.41992354680771	0.125	T>A	2	8	1	-10.0901186639741
chr13	16955864	38	52	1.41992354680771	0.173	A>T	2	8	1	-11.0808773108802
chr13	16976590	38	55	1.41992354680771	0.109	C>G	2	8	1	-10.145056388488
chr13	17055314	38	45	1.41992354680771	0.2	G>A	2	8	2	-10.9685379668106
chr13	17085039	39	55	1.41992354680771	0.127	A>T	2	8	1	-10.1265232023876
chr13	17085062	39	55	1.41992354680771	0.127	G>C	2	8	1	-10.1265232023876
chr13	17106112	39	70	1.41992354680771	0.114	A>G	2	8	1	-10.145056388488
chr13	17129816	38	41	1.41992354680771	0.146	G>C	2	8	1	-10.4509593090574
chr13	17245196	38	43	1.41992354680771	0.116	C>T	2	8	1	-10.0901186639741
chr13	17255891	38	80	1.41992354680771	0.1	A>T	2	8	1	-10.2981787905897
chr13	17293487	40	59	1.41992354680771	0.119	T>G	2	8	1	-10.0901186639741
chr13	17615410	38	55	1.41992354680771	0.145	G>C	2	8	1	-10.2484644087785
chr13	17666619	38	82	1.41992354680771	0.134	G>C	2	8	1	-10.1265232023876
chr13	17775908	39	41	1.38826125869679	0.146	T>A	2	8	1	-10.4316737518794
chr13	17986468	39	43	1.38826125869679	0.116	T>A	2	8	1	-10.0708331067961
chr13	18754860	46	57	1.46473547536524	0.193	G>T	2	8	2	-11.2652812115582
chr13	19253456	36	50	1.49909519023308	0.12	A>G	2	9	1	-10.1073321372935
chr13	22962033	60	67	1.46620326029853	0.119	C>A	2	8	1	-10.0901186639741
chr13	22962811	60	45	1.54098094376214	0.156	T>C	2	9	1	-11.2634977282716
chr13	22962819	60	43	1.54098094376214	0.163	A>G	2	9	1	-11.2634977282716
chr13	22962839	60	46	1.54098094376214	0.196	T>C	2	9	2	-10.3950683622065
chr13	22962849	60	49	1.54098094376214	0.184	A>C	2	9	2	-10.7447758816823
chr13	22962867	60	53	1.54098094376214	0.151	G>C	2	9	1	-10.8515966514095
chr13	22967187	56	46	1.4773071046756	0.152	G>T	2	9	1	-10.8676876294239
chr13	22967204	56	41	1.4773071046756	0.146	A>G	2	9	1	-10.8676876294239
chr13	22967206	56	40	1.4773071046756	0.15	A>G	2	9	1	-10.8676876294239
chr13	22967208	56	42	1.4773071046756	0.143	T>C	2	9	1	-10.5320211134626
chr13	25517442	37	44	1.44858281161479	0.114	G>A	2	8	1	-10.145056388488
chr13	26522182	45	41	1.44858281161479	0.146	A>G	2	8	1	-10.4509593090574
chr13	32000439	66	41	1.44858281161479	0.366	C>T	2	8	3	-10.4750592737635
chr13	32000464	66	41	1.44858281161479	0.244	C>T	2	8	2	-10.3735567139685
chr13	34181611	48	58	1.44858281161479	0.276	C>T	2	8	2	-10.6437190103457
chr13	34181613	48	57	1.44858281161479	0.263	G>A	2	8	2	-10.4062548957771
chr13	34181618	48	56	1.44858281161479	0.125	G>T	2	8	1	-10.0901186639741
chr13	34181646	48	56	1.44858281161479	0.304	C>A	2	8	2	-11.0768134986786
chr13	34987555	39	43	1.4423609273884	0.116	G>C	2	8	1	-10.0901186639741
chr13	35958006	37	43	1.4423609273884	0.14	C>A	2	8	1	-10.2484644087785
chr13	39851296	36	42	1.4423609273884	0.119	T>C	2	8	1	-10.0901186639741
chr13	41805791	38	47	1.4423609273884	0.106	G>T	2	8	1	-10.145056388488
chr13	44569329	31	50	1.4423609273884	0.12	G>A	2	8	1	-10.0901186639741
chr13	47910985	37	46	1.46272846931214	0.217	A>C	2	8	2	-10.556575643493
chr13	51527093	45	42	1.46272846931214	0.19	A>T	2	8	2	-11.2652812115582
chr13	51527097	45	42	1.46272846931214	0.19	C>G	2	8	2	-11.2652812115582
chr13	51527102	45	40	1.46272846931214	0.2	A>T	2	8	2	-10.9685379668106
chr13	51527105	45	40	1.46272846931214	0.2	A>G	2	8	2	-10.9685379668106
chr13	52602280	48	53	1.46272846931214	0.208	G>C	2	8	2	-10.7330074062309
chr13	53072128	44	44	1.46272846931214	0.25	G>A	2	8	2	-10.3636728349212
chr13	54319599	37	50	1.46272846931214	0.12	C>G	2	8	1	-10.0901186639741
chr13	55656205	44	56	1.46272846931214	0.179	T>C	2	8	1	-11.5012004564099
chr13	57358655	40	43	1.46272846931214	0.14	A>G	2	8	1	-10.2484644087785
chr13	57737513	44	42	1.46272846931214	0.405	T>C	2	8	3	-10.6285172200053
chr13	58198782	36	46	1.46272846931214	0.13	C>A	2	8	1	-10.1265232023876
chr13	61495628	36	47	1.46272846931214	0.128	A>T	2	8	1	-10.1265232023876
chr13	62664069	35	47	1.46272846931214	0.17	G>T	2	8	1	-11.0808773108802
chr13	63061303	26	50	1.45374960461612	0.12	G>A	2	8	1	-10.0901186639741
chr13	63062523	33	42	1.45953848467379	0.119	G>T	2	8	1	-10.0901186639741
chr13	63062603	33	42	1.45953848467379	0.167	T>A	2	8	1	-11.0808773108802
chr13	63062973	33	40	1.45953848467379	0.325	T>C	2	8	3	-11.0752422584703
chr13	63062981	33	41	1.45953848467379	0.317	A>G	2	8	3	-11.0752422584703
chr13	70145740	38	47	1.45953848467379	0.255	G>A	2	8	2	-10.4062548957771
chr13	70981353	37	46	1.45953848467379	0.109	T>C	2	8	1	-10.145056388488
chr13	76173768	43	53	1.45953848467379	0.113	G>C	2	8	1	-10.145056388488
chr13	78652064	42	48	1.45953848467379	0.208	C>G	2	8	2	-10.7330074062309
chr13	82559712	27	54	1.45953848467379	0.111	A>C	2	8	1	-10.145056388488
chr13	83910205	46	47	1.45953848467379	0.106	T>C	2	8	1	-10.145056388488
chr13	84048018	31	43	1.45953848467379	0.186	G>C	2	8	2	-11.2652812115582
chr13	87079977	59	44	1.45953848467379	0.136	G>C	2	8	1	-10.2484644087785
chr13	87651991	30	48	1.45953848467379	0.104	A>T	2	8	1	-10.2981787905897
chr13	88487887	39	45	1.45953848467379	0.111	C>A	2	8	1	-10.145056388488
chr13	90726263	36	48	1.45953848467379	0.125	C>A	2	8	1	-10.0901186639741
chr13	90953134	35	45	1.45953848467379	0.133	A>G	2	8	1	-10.1265232023876
chr13	95093085	36	42	1.45953848467379	0.143	A>G	2	8	1	-10.2484644087785
chr13	96574926	47	45	1.45953848467379	0.2	G>T	2	8	2	-10.9685379668106
chr13	103263918	52	42	1.45953848467379	0.262	G>T	2	8	2	-10.4062548957771
chr13	105531665	40	56	1.48465915101606	0.232	G>C	2	9	2	-10.340969578012
chr13	108930977	27	45	1.43508791212936	0.133	A>G	2	8	1	-10.1265232023876
chr13	109513095	48	50	1.43508791212936	0.16	T>G	2	8	1	-10.7296887702371
chr13	109897988	39	41	1.43508791212936	0.293	T>C	2	8	2	-10.836322357687
chr13	110497503	57	40	1.43508791212936	0.225	C>T	2	8	2	-10.556575643493
chr13	111568367	52	47	1.43508791212936	0.106	C>T	2	8	1	-10.145056388488
chr13	111595294	56	40	1.43508791212936	0.45	A>G	2	8	4	-10.9772704899412
chr13	113026121	60	40	1.41198963174179	0.125	G>C	2	8	1	-10.0901186639741
chr13	114111579	56	47	1.48460503966763	0.106	A>C	2	9	1	-10.0290982461251
chr14	65791618	52	66	0.976717134631594	0.106	G>A	2	6	1	-11.3657248137786
chr14	74745272	47	48	1.65249717117737	0.167	C>T	2	9	2	-11.0430872675542
chr14	76304224	50	55	1.293	0.164	C>G	2	7	1	-10.3429051529268
chr14	81679102	61	49	1.03720129160208	0.122	G>C	2	6	1	-10.9079863212714
chr14	85055640	40	41	1.09331904983724	0.22	C>T	2	6	1	-11.3097951016792
chr14	85837534	37	42	1.09331904983724	0.286	T>G	2	6	2	-10.8405488344389
chr14	86688802	49	40	1.09331904983724	0.15	A>T	2	6	1	-10.2885454541585
chr14	88951338	41	42	1.09331904983724	0.214	G>A	2	6	1	-10.9747303248259
chr14	92869630	47	41	1.09331904983724	0.122	C>T	2	6	1	-10.9336702674796
chr14	93490237	42	41	1.09331904983724	0.22	T>C	2	6	1	-11.3097951016792
chr14	93982006	57	45	1.09331904983724	0.267	T>C	2	6	2	-11.3118041052619
chr14	104215593	56	45	1.10213620659874	0.133	G>C	2	6	1	-10.634752986425
chr14	105266367	48	44	1.10213620659874	0.114	G>T	2	6	1	-11.3239298114617
chr14	105594663	55	47	1.3217766674153	0.17	G>A	2	8	1	-11.0829311272936
chr14	105654629	50	55	1.3217766674153	0.218	G>A	2	8	2	-10.5586294599065
chr14	105821013	42	46	2.471	0.109	T>C	2	14	2	-10.4100393697839
chr14	105884124	63	55	1.27541702663049	0.273	T>C	2	7	2	-10.4653344844014
chr14	106235169	50	56	1.27541702663049	0.125	T>A	2	7	1	-10.3180197606616
chr14	106433404	34	46	1.27023973990833	0.283	G>A	2	7	2	-10.4274025488303
chr14	106433412	34	40	1.27023973990833	0.325	A>G	2	7	2	-10.7549631066682
chr14	106433416	34	40	1.27023973990833	0.325	G>A	2	7	2	-10.7549631066682
chr14	106433427	34	42	1.27023973990833	0.31	T>C	2	7	2	-10.6030107130636
chr15	17021845	37	41	1.917	0.122	C>T	2	11	1	-10.502280407008
chr15	17021848	37	41	1.917	0.122	C>T	2	11	1	-10.502280407008
chr15	17081440	46	85	1.06900363241735	0.129	T>G	2	6	1	-10.634752986425
chr15	17082099	46	60	1.06900363241735	0.1	A>T	2	6	1	-11.8123740330316
chr15	17082819	46	62	1.06900363241735	0.161	G>A	2	6	1	-10.23195309587
chr15	17082828	46	42	1.06900363241735	0.143	T>C	2	6	1	-10.4213723733477
chr15	17082892	46	44	1.06900363241735	0.25	A>G	2	6	2	-11.9830539587967
chr15	20102469	67	54	0.905662025070122	0.111	G>C	2	5	1	-12.9597999450382
chr15	20250196	45	40	0.905662025070122	0.225	G>T	2	5	1	-10.5021470063216
chr15	20263364	46	44	0.905662025070122	0.136	G>T	2	5	1	-11.3908284444876
chr15	20301326	64	51	0.905662025070122	0.137	G>C	2	5	1	-11.3908284444876
chr15	20301340	64	47	0.905662025070122	0.149	T>C	2	5	1	-11.0358635044861
chr15	20301343	64	46	0.905662025070122	0.152	C>T	2	5	1	-11.0358635044861
chr15	20301357	64	45	0.905662025070122	0.156	T>C	2	5	1	-10.7571331253855
chr15	20301372	64	42	0.905662025070122	0.167	G>A	2	5	1	-10.5508618257482
chr15	20341895	67	104	0.905662025070122	0.106	G>C	2	5	1	-12.9597999450382
chr15	20343682	67	45	0.905662025070122	0.111	C>A	2	5	1	-12.9597999450382
chr15	20343718	67	41	0.905662025070122	0.146	C>A	2	5	1	-11.0358635044861
chr15	23042147	63	43	1.23272850625115	0.14	G>A	2	7	1	-10.1377446002643
chr15	41382525	75	40	0.805217165135781	0.1	C>T	2	5	1	-13.6432678235436
chr15	75976816	47	41	0.805217165135781	0.195	C>A	2	5	1	-10.3082779282044
chr16	847072	58	40	1.01744317172246	0.1	G>T	2	6	1	-11.8006269337897
chr16	1025478	63	73	1.01744317172246	0.137	T>G	2	6	1	-10.4096252741058
chr16	1025645	63	48	1.01744317172246	0.188	T>C	2	6	1	-10.4722639517289
chr16	1025646	63	50	1.01744317172246	0.14	G>T	2	6	1	-10.4096252741058
chr16	8564235	43	41	1.01744317172246	0.195	T>G	2	6	1	-10.6870172465725
chr16	12981214	47	47	1.01744317172246	0.106	C>T	2	6	1	-11.3121827122199
chr16	18212543	50	46	1.01744317172246	0.13	G>T	2	6	1	-10.6230058871831
chr16	24399525	31	41	1.01744317172246	0.22	A>T	2	6	1	-11.2980480024374
chr16	32107346	36	55	1.01744317172246	0.182	T>C	2	6	1	-10.3210740438646
chr16	33336543	67	74	1.1916319049629	0.122	G>A	2	7	1	-10.2954600764774
chr16	33729180	29	46	1.1916319049629	0.109	C>A	2	7	1	-10.5040689794908
chr16	33729191	29	45	1.1916319049629	0.133	G>C	2	7	1	-10.1781934363915
chr16	34065848	46	43	1.1916319049629	0.14	T>A	2	7	1	-10.1464634642829
chr16	34065861	46	45	1.1916319049629	0.111	G>A	2	7	1	-10.5040689794908
chr16	34065869	46	43	1.1916319049629	0.163	G>C	2	7	1	-10.3203454687426
chr16	34098050	48	49	1.1916319049629	0.143	C>T	2	7	1	-10.1464634642829
chr16	34098055	48	55	1.1916319049629	0.109	C>T	2	7	1	-10.5040689794908
chr16	34099187	46	55	1.1916319049629	0.127	C>T	2	7	1	-10.1781934363915
chr16	34121218	30	58	1.1916319049629	0.155	C>G	2	7	1	-10.3203454687426
chr16	34189435	36	41	1.1916319049629	0.122	A>T	2	7	1	-10.2954600764774
chr16	34277176	39	93	0.919836359042229	0.14	A>G	2	5	1	-11.3908284444876
chr16	34620227	38	43	0.919836359042229	0.186	G>T	2	5	1	-10.3427770180497
chr16	34620282	38	42	0.919836359042229	0.167	T>A	2	5	1	-10.5508618257482
chr16	34644677	33	45	0.919836359042229	0.178	A>G	2	5	1	-10.4137251309976
chr16	34710749	36	45	0.919836359042229	0.133	G>A	2	5	1	-11.8263470783771
chr16	34710753	36	49	0.919836359042229	0.122	T>C	2	5	1	-12.3474023802439
chr16	34710757	36	49	0.919836359042229	0.122	T>A	2	5	1	-12.3474023802439
chr16	34710758	36	50	0.919836359042229	0.12	C>T	2	5	1	-12.3474023802439
chr16	34710759	36	48	0.919836359042229	0.125	A>G	2	5	1	-12.3474023802439
chr16	34710762	36	45	0.919836359042229	0.111	T>A	2	5	1	-12.9597999450382
chr16	34710764	36	48	0.919836359042229	0.125	C>T	2	5	1	-12.3474023802439
chr16	34710768	36	45	0.919836359042229	0.133	T>C	2	5	1	-11.8263470783771
chr16	34808410	28	40	0.919836359042229	0.15	G>T	2	5	1	-11.0358635044861
chr16	34808554	28	40	0.919836359042229	0.2	T>C	2	5	1	-10.3353922920811
chr16	34816367	35	42	0.919836359042229	0.167	C>T	2	5	1	-10.5508618257482
chr16	36096404	41	69	0.919836359042229	0.217	C>A	2	5	1	-10.5021470063216
chr16	36250311	35	41	0.919836359042229	0.122	A>G	2	5	1	-12.3474023802439
chr16	36250312	35	42	0.919836359042229	0.119	G>A	2	5	1	-12.3474023802439
chr16	37852236	40	51	0.905971198710328	0.137	A>T	2	5	1	-11.3908284444876
chr16	46404723	36	42	0.905971198710328	0.143	A>T	2	5	1	-11.3908284444876
chr16	46405430	35	54	0.905971198710328	0.13	C>G	2	5	1	-11.8263470783771
chr16	46405442	35	50	0.905971198710328	0.14	C>A	2	5	1	-11.3908284444876
chr16	46405448	35	50	0.905971198710328	0.14	C>T	2	5	1	-11.3908284444876
chr16	46405452	35	52	0.905971198710328	0.135	G>T	2	5	1	-11.3908284444876
chr16	46405487	35	54	0.905971198710328	0.13	G>A	2	5	1	-11.8263470783771
chr16	46405496	35	52	0.905971198710328	0.115	T>A	2	5	1	-12.3474023802439
chr16	46421979	35	48	0.905971198710328	0.146	G>T	2	5	1	-11.0358635044861
chr16	46421985	35	49	0.905971198710328	0.163	A>T	2	5	1	-10.7571331253855
chr16	46424486	40	75	0.905971198710328	0.107	T>A	2	5	1	-12.9597999450382
chr16	57351127	43	49	0.905971198710328	0.143	C>T	2	5	1	-11.3908284444876
chr16	57351131	43	51	0.905971198710328	0.137	C>T	2	5	1	-11.3908284444876
chr16	70927654	45	44	0.905971198710328	0.159	G>A	2	5	1	-10.7571331253855
chr16	72616048	37	42	0.905971198710328	0.19	T>A	2	5	1	-10.3427770180497
chr16	78309123	43	44	0.905971198710328	0.227	A>T	2	5	1	-10.672264550711
chr16	84051440	61	43	0.905971198710328	0.233	T>G	2	5	1	-10.672264550711
chr16	86419523	45	43	0.905971198710328	0.116	T>C	2	5	1	-12.3474023802439
chr16	86419532	45	44	0.905971198710328	0.136	T>C	2	5	1	-11.3908284444876
chr16	86419565	45	42	0.905971198710328	0.119	T>C	2	5	1	-12.3474023802439
chr17	139827	57	50	1.09887681797728	0.12	A>G	2	6	1	-10.9336702674796
chr17	139836	57	54	1.09887681797728	0.111	T>C	2	6	1	-11.3239298114617
chr17	221501	54	66	1.09887681797728	0.121	G>T	2	6	1	-10.9336702674796
chr17	243420	40	46	1.09887681797728	0.152	T>C	2	6	1	-10.2885454541585
chr17	646680	53	53	0.966951496675243	0.113	C>T	2	6	1	-11.3657248137786
chr17	2355001	52	43	0.966951496675243	0.116	C>T	2	6	1	-10.9754652697965
chr17	2355003	52	42	0.966951496675243	0.119	C>T	2	6	1	-10.9754652697965
chr17	7765215	54	48	0.966951496675243	0.125	G>T	2	6	1	-10.9754652697965
chr17	13768528	35	41	0.966951496675243	0.22	A>G	2	6	1	-11.3515901039961
chr17	16822727	60	45	0.966951496675243	0.111	G>A	2	6	1	-11.3657248137786
chr17	20974676	38	42	0.966951496675243	0.167	A>C	2	6	1	-10.2896148193618
chr17	21349989	57	40	1.05015964361988	0.15	G>A	2	6	1	-10.2628615079502
chr17	21433736	49	54	1.05015964361988	0.167	C>T	2	6	1	-10.2221358708367
chr17	21687986	56	43	1.0368691854636	0.186	C>T	2	6	1	-10.4583271047625
chr17	21722811	53	50	1.0368691854636	0.2	G>A	2	6	1	-10.6730803996061
chr17	21788239	38	42	1.0368691854636	0.143	G>C	2	6	1	-10.3956884271395
chr17	21788240	38	42	1.0368691854636	0.143	C>G	2	6	1	-10.3956884271395
chr17	21834546	34	72	1.0368691854636	0.125	A>C	2	6	1	-10.9079863212714
chr17	21856454	39	57	1.0368691854636	0.105	T>A	2	6	1	-11.7866900868233
chr17	21856459	39	41	1.0368691854636	0.146	G>C	2	6	1	-10.2628615079502
chr17	21856465	39	41	1.0368691854636	0.146	T>G	2	6	1	-10.2628615079502
chr17	21856466	39	42	1.0368691854636	0.143	T>A	2	6	1	-10.3956884271395
chr17	21856470	39	41	1.0368691854636	0.146	G>A	2	6	1	-10.2628615079502
chr17	21856480	39	40	1.0368691854636	0.15	G>A	2	6	1	-10.2628615079502
chr17	21856495	39	40	1.0368691854636	0.15	G>C	2	6	1	-10.2628615079502
chr17	21856503	39	42	1.0368691854636	0.143	C>T	2	6	1	-10.3956884271395
chr17	21856504	39	43	1.0368691854636	0.14	T>C	2	6	1	-10.3956884271395
chr17	21856505	39	43	1.0368691854636	0.14	G>A	2	6	1	-10.3956884271395
chr17	21856513	39	44	1.0368691854636	0.136	T>C	2	6	1	-10.3956884271395
chr17	21861208	39	40	1.0368691854636	0.15	G>T	2	6	1	-10.2628615079502
chr17	21865042	37	42	1.0368691854636	0.119	T>G	2	6	1	-10.9079863212714
chr17	21873729	40	47	1.0368691854636	0.106	G>A	2	6	1	-11.2982458652535
chr17	21874954	38	48	1.0368691854636	0.104	G>T	2	6	1	-11.7866900868233
chr17	21874959	38	45	1.0368691854636	0.111	A>G	2	6	1	-11.2982458652535
chr17	21883778	40	101	1.304	0.188	A>G	2	8	2	-11.2673350279717
chr17	21987865	36	61	1.05971993239012	0.131	G>C	2	6	1	-10.6090690402167
chr17	22053154	48	44	1.05971993239012	0.136	C>T	2	6	1	-10.3956884271395
chr17	22058385	40	53	1.05971993239012	0.17	T>C	2	6	1	-10.2221358708367
chr17	22058434	40	49	1.05971993239012	0.184	T>C	2	6	1	-10.3071371968983
chr17	22157132	32	45	1.05971993239012	0.111	T>C	2	6	1	-11.2982458652535
chr17	22915511	41	52	1.05971993239012	0.154	A>T	2	6	1	-10.2628615079502
chr17	25604851	41	65	1.67552942243927	0.154	G>T	2	10	2	-10.9583191280401
chr17	26625693	40	47	0.891759612524351	0.106	G>C	2	5	1	-12.9109796809763
chr17	26734671	38	46	0.891759612524351	0.217	G>T	2	5	1	-10.4533267422596
chr17	26734689	38	43	0.891759612524351	0.233	A>G	2	5	1	-10.6234442866491
chr17	26740663	38	50	0.891759612524351	0.1	C>G	2	5	1	-13.6215619233583
chr17	26750034	31	58	0.891759612524351	0.138	T>C	2	5	1	-11.3420081804257
chr17	26750042	31	55	0.891759612524351	0.145	G>C	2	5	1	-11.3420081804257
chr17	26778692	33	54	0.891759612524351	0.167	T>C	2	5	1	-10.5020415616863
chr17	26791274	40	40	0.996160366790854	0.1	A>T	2	6	1	-11.8006269337897
chr17	26796152	38	94	1.10416110346268	0.128	T>A	2	6	1	-10.634752986425
chr17	26796179	38	85	1.10416110346268	0.106	G>C	2	6	1	-11.3239298114617
chr17	26796189	38	83	1.10416110346268	0.108	G>T	2	6	1	-11.3239298114617
chr17	26817706	39	43	0.983936714999208	0.14	T>C	2	6	1	-10.4096252741058
chr17	26817707	39	44	0.983936714999208	0.136	G>A	2	6	1	-10.4096252741058
chr17	26817712	39	41	0.983936714999208	0.146	G>T	2	6	1	-10.2767983549166
chr17	26817722	39	45	0.983936714999208	0.222	A>C	2	6	1	-11.2980480024374
chr17	26817723	39	45	0.983936714999208	0.222	C>T	2	6	1	-11.2980480024374
chr17	26817765	39	54	0.983936714999208	0.222	C>T	2	6	1	-11.2980480024374
chr17	26817770	39	56	0.983936714999208	0.214	T>A	2	6	1	-10.962983225584
chr17	26817801	39	68	0.983936714999208	0.176	G>A	2	6	1	-10.3210740438646
chr17	26817826	39	74	0.983936714999208	0.149	T>C	2	6	1	-10.2767983549166
chr17	26817827	39	75	0.983936714999208	0.133	G>A	2	6	1	-10.6230058871831
chr17	26817832	39	76	0.983936714999208	0.132	G>A	2	6	1	-10.6230058871831
chr17	26817835	39	80	0.983936714999208	0.125	T>C	2	6	1	-10.9219231682378
chr17	26819048	37	43	0.983936714999208	0.302	T>A	2	6	2	-10.6655042144078
chr17	26819059	37	47	0.983936714999208	0.298	A>C	2	6	2	-10.6655042144078
chr17	26828147	38	55	1.398	0.109	G>T	2	8	1	-10.12577083131
chr17	26828152	38	52	1.42	0.115	A>T	2	8	1	-10.0901186639741
chr17	26828214	38	51	1.504	0.137	C>T	2	9	1	-10.5320211134626
chr17	26836103	38	58	1.20071210994129	0.121	A>T	2	7	1	-10.2867412124588
chr17	26842638	38	50	1.20071210994129	0.1	C>T	2	7	1	-10.8021436960733
chr17	26842641	38	52	1.20071210994129	0.115	G>A	2	7	1	-10.2867412124588
chr17	26936310	45	59	1.20071210994129	0.186	A>G	2	7	1	-11.1086364827309
chr17	26937664	45	69	1.20071210994129	0.116	G>A	2	7	1	-10.2867412124588
chr17	26945316	35	42	1.20071210994129	0.119	G>A	2	7	1	-10.2867412124588
chr17	26945321	35	42	1.20071210994129	0.119	C>G	2	7	1	-10.2867412124588
chr17	26945396	35	40	1.20071210994129	0.1	A>G	2	7	1	-10.8021436960733
chr17	26977040	28	51	1.20071210994129	0.118	C>T	2	7	1	-10.2867412124588
chr17	27007891	38	41	1.20071210994129	0.171	C>G	2	7	1	-10.5091439668677
chr17	34011156	53	45	0.954227241278469	0.111	T>C	2	6	1	-11.3657248137786
chr17	35976009	44	40	0.954227241278469	0.125	T>C	2	6	1	-10.9754652697965
chr17	38272808	53	40	0.954227241278469	0.125	C>T	2	6	1	-10.9754652697965
chr17	52054201	41	54	0.954227241278469	0.13	A>G	2	6	1	-10.6765479887419
chr17	60200716	43	56	0.954227241278469	0.107	T>A	2	6	1	-11.3657248137786
chr17	63703965	55	42	0.954227241278469	0.143	C>T	2	6	1	-10.4631673756646
chr17	66293991	39	46	0.954227241278469	0.217	A>C	2	6	1	-11.3515901039961
chr17	66640113	44	54	0.954227241278469	0.296	A>G	2	6	2	-10.7190463159665
chr17	66799190	57	71	0.954227241278469	0.183	G>A	2	6	1	-10.3746161454234
chr17	71091472	40	46	0.954227241278469	0.109	G>A	2	6	1	-11.3657248137786
chr17	78474965	55	41	0.954227241278469	0.341	C>T	2	6	2	-10.52757533648
chr17	78474966	55	41	0.954227241278469	0.317	A>G	2	6	2	-10.5325376257846
chr17	78474972	55	43	0.954227241278469	0.326	T>C	2	6	2	-10.5077224566649
chr18	4059257	46	42	0.956340768504266	0.119	T>C	2	6	1	-10.9754652697965
chr18	4578655	52	43	0.956340768504266	0.326	T>C	2	6	2	-10.5077224566649
chr18	14282712	45	47	0.956340768504266	0.128	G>A	2	6	1	-10.6765479887419
chr18	15173963	35	57	0.956340768504266	0.105	G>T	2	6	1	-11.8541690353484
chr18	20081379	40	42	0.98823650167644	0.119	G>C	2	6	1	-10.9219231682378
chr18	20944911	36	42	0.98823650167644	0.143	T>C	2	6	1	-10.4096252741058
chr18	49067266	46	49	0.98823650167644	0.184	A>T	2	6	1	-10.3210740438646
chr18	53513522	40	40	0.98823650167644	0.825	T>C	2	6	5	-10.2917076524355
chr18	69253719	41	46	0.98823650167644	0.217	G>T	2	6	1	-11.2980480024374
chr18	79039335	44	51	0.98823650167644	0.196	G>C	2	6	1	-10.6870172465725
chr18	79039336	44	47	0.98823650167644	0.191	C>T	2	6	1	-10.4722639517289
chr18	79546260	61	40	0.98823650167644	0.175	C>G	2	6	1	-10.3210740438646
chr18	79620530	47	42	0.98823650167644	0.143	C>T	2	6	1	-10.4096252741058
chr19	615657	56	43	0.994983093545845	0.14	T>A	2	6	1	-10.4096252741058
chr19	8781631	42	46	0.994983093545845	0.174	A>G	2	6	1	-10.236072717803
chr19	53363058	40	43	0.929660850699297	0.14	G>A	2	5	1	-11.3908284444876
chr19	54584565	40	40	0.929660850699297	0.125	A>G	2	5	1	-12.3474023802439
chr19	54630102	53	40	0.929660850699297	0.35	C>G	2	5	2	-11.0057929826013
chr19	54630105	53	40	0.929660850699297	0.375	G>C	2	5	2	-10.5979405418696
chr19	54630125	53	40	0.929660850699297	0.425	G>A	2	5	2	-10.6404392425392
chr19	54630128	53	40	0.929660850699297	0.425	G>T	2	5	2	-10.6404392425392
chr19	54630141	53	41	0.929660850699297	0.463	T>A	2	5	2	-11.3336598948465
chr19	54762530	45	46	0.929660850699297	0.13	G>T	2	5	1	-11.8263470783771
chr19	54762560	45	41	0.929660850699297	0.146	T>C	2	5	1	-11.0358635044861
chr19	58539133	57	41	0.929660850699297	0.171	T>C	2	5	1	-10.5508618257482
chr20	65770	48	40	1.03247417188254	0.125	C>T	2	6	1	-10.9079863212714
chr20	65771	48	40	1.03247417188254	0.15	C>G	2	6	1	-10.2628615079502
chr20	7628592	34	40	1.03247417188254	0.175	A>C	2	6	1	-10.3071371968983
chr20	8166698	41	42	1.03247417188254	0.19	T>A	2	6	1	-10.4583271047625
chr20	9525836	39	43	1.03247417188254	0.233	C>T	2	6	1	-11.6763667206726
chr20	10595496	39	57	1.03247417188254	0.123	A>G	2	6	1	-10.9079863212714
chr20	18010323	75	44	1.03247417188254	0.136	C>G	2	6	1	-10.3956884271395
chr20	18010503	75	43	1.03247417188254	0.116	C>T	2	6	1	-10.9079863212714
chr20	19392022	42	51	1.03247417188254	0.176	A>G	2	6	1	-10.3071371968983
chr20	21633406	43	45	1.03247417188254	0.133	T>C	2	6	1	-10.6090690402167
chr20	26081574	60	64	1.03247417188254	0.172	T>G	2	6	1	-10.2221358708367
chr20	27295294	33	46	1.12924527154752	0.109	C>G	2	7	1	-10.5526431873986
chr20	27295301	33	46	1.12924527154752	0.109	A>G	2	7	1	-10.5526431873986
chr20	28538327	38	53	0.861435783278916	0.113	T>G	2	5	1	-12.9019049591243
chr20	28549875	39	45	0.861435783278916	0.133	A>T	2	5	1	-11.7684520924632
chr20	28631412	38	52	1.00604010657418	0.115	T>C	2	6	1	-10.9219231682378
chr20	28640415	40	68	1.00604010657418	0.118	T>C	2	6	1	-10.9219231682378
chr20	28754121	36	40	1.05763812497607	0.1	C>T	2	6	1	-11.7866900868233
chr20	28766743	37	64	1.05763812497607	0.109	T>G	2	6	1	-11.2982458652535
chr20	28774952	35	40	1.00527280225813	0.125	T>A	2	6	1	-10.9219231682378
chr20	28805768	36	40	1.00527280225813	0.1	G>A	2	6	1	-11.8006269337897
chr20	28830981	36	56	1.00527280225813	0.214	C>T	2	6	1	-10.962983225584
chr20	28831665	37	51	1.00527280225813	0.157	T>C	2	6	1	-10.2202059966281
chr20	28841010	36	41	1.00527280225813	0.122	A>C	2	6	1	-10.9219231682378
chr20	28873063	37	47	1.00527280225813	0.234	A>G	2	6	1	-11.690303567639
chr20	28884545	36	109	1.00527280225813	0.101	A>G	2	6	1	-11.8006269337897
chr20	28886686	35	47	1.00527280225813	0.128	A>C	2	6	1	-10.6230058871831
chr20	28897410	43	41	1.00527280225813	0.268	C>A	2	6	2	-11.30005700602
chr20	28897419	43	40	1.00527280225813	0.275	T>C	2	6	2	-11.0399870496367
chr20	28897427	43	42	1.00527280225813	0.262	A>G	2	6	2	-11.6101002586299
chr20	28897456	43	42	1.00527280225813	0.262	C>T	2	6	2	-11.6101002586299
chr20	28898543	46	40	1.00527280225813	0.125	A>T	2	6	1	-10.9219231682378
chr20	28916073	36	43	1.00527280225813	0.279	G>T	2	6	2	-11.0399870496367
chr20	28916105	36	42	1.00527280225813	0.286	T>C	2	6	2	-10.828801735197
chr20	28916122	36	45	1.00527280225813	0.267	A>C	2	6	2	-11.30005700602
chr20	28924422	36	76	1.00527280225813	0.132	C>T	2	6	1	-10.6230058871831
chr20	28938142	37	43	1.00527280225813	0.14	G>A	2	6	1	-10.4096252741058
chr20	28943639	37	65	1.00527280225813	0.123	G>C	2	6	1	-10.9219231682378
chr20	28943680	37	63	1.00527280225813	0.111	T>C	2	6	1	-11.3121827122199
chr20	28943685	37	63	1.00527280225813	0.111	T>C	2	6	1	-11.3121827122199
chr20	28943686	37	61	1.00527280225813	0.115	G>A	2	6	1	-10.9219231682378
chr20	28943721	37	52	1.00527280225813	0.154	A>G	2	6	1	-10.2767983549166
chr20	28943726	37	49	1.00527280225813	0.102	G>A	2	6	1	-11.8006269337897
chr20	28943743	37	57	1.00527280225813	0.105	T>G	2	6	1	-11.8006269337897
chr20	28943745	37	54	1.00527280225813	0.111	C>T	2	6	1	-11.3121827122199
chr20	29029470	41	42	1.00527280225813	0.167	T>A	2	6	1	-10.236072717803
chr20	29042016	39	47	1.00527280225813	0.191	A>G	2	6	1	-10.4722639517289
chr20	29043136	45	51	1.00527280225813	0.176	C>T	2	6	1	-10.3210740438646
chr20	29107039	31	49	1.00527280225813	0.102	A>T	2	6	1	-11.8006269337897
chr20	29217278	35	82	1.00527280225813	0.11	G>C	2	6	1	-11.3121827122199
chr20	29243274	35	51	1.00527280225813	0.196	G>C	2	6	1	-10.6870172465725
chr20	29407778	36	60	0.953499768264127	0.1	T>C	2	6	1	-11.8541690353484
chr20	29476465	31	61	0.953499768264127	0.115	T>C	2	6	1	-10.9754652697965
chr20	29502708	31	45	0.953499768264127	0.133	T>A	2	6	1	-10.6765479887419
chr20	29505667	36	99	0.953499768264127	0.111	G>C	2	6	1	-11.3657248137786
chr20	29510668	31	49	0.953499768264127	0.163	A>G	2	6	1	-10.2737480981868
chr20	29633734	40	61	0.953499768264127	0.115	A>T	2	6	1	-10.9754652697965
chr20	29647858	36	40	0.953499768264127	0.1	C>T	2	6	1	-11.8541690353484
chr20	29647863	36	40	0.953499768264127	0.1	A>T	2	6	1	-11.8541690353484
chr20	29679961	37	47	0.953499768264127	0.128	T>G	2	6	1	-10.6765479887419
chr20	29790764	44	40	0.953499768264127	0.125	T>C	2	6	1	-10.9754652697965
chr20	29800277	45	42	0.953499768264127	0.357	C>T	2	6	2	-10.6987702736832
chr20	29800287	45	48	0.953499768264127	0.208	G>A	2	6	1	-11.0165253271428
chr20	29859307	36	61	0.953499768264127	0.131	T>C	2	6	1	-10.6765479887419
chr20	29883370	36	49	0.946326599035481	0.122	A>G	2	6	1	-10.9754652697965
chr20	29883371	36	49	0.946326599035481	0.122	C>T	2	6	1	-10.9754652697965
chr20	29883372	36	48	0.946326599035481	0.125	C>G	2	6	1	-10.9754652697965
chr20	29883382	36	53	0.946326599035481	0.151	T>A	2	6	1	-10.3303404564753
chr20	30171796	35	43	0.966872144965915	0.209	C>T	2	6	1	-11.0165253271428
chr20	30176910	41	42	0.966872144965915	0.143	T>C	2	6	1	-10.4631673756646
chr20	30176918	41	42	0.966872144965915	0.143	T>G	2	6	1	-10.4631673756646
chr20	30176939	41	45	0.966872144965915	0.133	A>T	2	6	1	-10.6765479887419
chr20	30202255	44	45	0.966872144965915	0.222	A>G	2	6	1	-11.3515901039961
chr20	30202265	44	46	0.966872144965915	0.217	A>G	2	6	1	-11.3515901039961
chr20	30202303	44	46	0.966872144965915	0.217	A>G	2	6	1	-11.3515901039961
chr20	30202339	44	41	0.966872144965915	0.244	G>A	2	6	1	-12.191564253654
chr20	30403769	31	72	0.966872144965915	0.139	G>C	2	6	1	-10.4631673756646
chr20	30413993	40	55	0.966872144965915	0.164	G>A	2	6	1	-10.2737480981868
chr20	30576534	35	43	0.966872144965915	0.163	G>T	2	6	1	-10.2737480981868
chr20	30588499	33	54	0.966872144965915	0.148	G>A	2	6	1	-10.3303404564753
chr20	30626978	40	52	0.966872144965915	0.173	C>G	2	6	1	-10.2896148193618
chr20	30814582	61	43	0.966872144965915	0.209	C>T	2	6	1	-11.0165253271428
chr20	30915313	53	41	0.966872144965915	0.122	C>A	2	6	1	-10.9754652697965
chr20	30915364	53	43	0.966872144965915	0.116	G>A	2	6	1	-10.9754652697965
chr20	30915371	53	49	0.966872144965915	0.102	C>G	2	6	1	-11.8541690353484
chr20	30977573	36	43	0.853899054640079	0.14	A>C	2	5	1	-11.3329334585737
chr20	30977595	36	40	0.853899054640079	0.125	C>A	2	5	1	-12.28950739433
chr20	31106866	37	66	0.853899054640079	0.152	T>A	2	5	1	-10.9779685185723
chr20	31157147	40	43	0.853899054640079	0.116	C>A	2	5	1	-12.28950739433
chr20	31157851	40	47	0.853899054640079	0.106	G>A	2	5	1	-12.9019049591243
chr20	31166601	39	40	0.853899054640079	0.125	A>G	2	5	1	-12.28950739433
chr20	31185697	40	40	0.853899054640079	0.1	G>T	2	5	1	-13.6124872015064
chr20	31187247	40	48	0.853899054640079	0.125	G>T	2	5	1	-12.28950739433
chr20	31187255	40	44	0.853899054640079	0.159	G>T	2	5	1	-10.6992381394716
chr20	31187313	40	43	0.853899054640079	0.14	A>G	2	5	1	-11.3329334585737
chr20	31187354	40	40	0.853899054640079	0.125	T>C	2	5	1	-12.28950739433
chr20	42496318	39	42	0.853899054640079	0.119	T>G	2	5	1	-12.28950739433
chr20	42496319	39	45	0.853899054640079	0.111	T>C	2	5	1	-12.9019049591243
chr20	48507280	56	49	0.853899054640079	0.122	T>C	2	5	1	-12.28950739433
chr20	48507333	56	45	0.853899054640079	0.133	A>G	2	5	1	-11.7684520924632
chr20	58197163	52	46	0.853899054640079	0.109	T>C	2	5	1	-12.9019049591243
chr20	61691143	47	41	0.853899054640079	0.195	G>A	2	5	1	-10.2774973061672
chr20	64096897	51	45	0.853899054640079	0.156	G>A	2	5	1	-10.6992381394716
chr20	64096899	51	46	0.853899054640079	0.152	C>T	2	5	1	-10.9779685185723
chr21	5323722	36	41	1.12979982425076	0.146	C>A	2	7	1	-10.2438613939702
chr21	5379291	37	51	1.12979982425076	0.118	A>T	2	7	1	-10.3440342843852
chr21	7205207	37	41	1.12979982425076	0.122	A>G	2	7	1	-10.3440342843852
chr21	7244077	37	44	1.19668773218277	0.136	C>A	2	7	1	-10.1464634642829
chr21	7253782	36	40	1.19668773218277	0.175	G>A	2	7	1	-10.7845147979166
chr21	7259642	45	43	1.19668773218277	0.116	A>G	2	7	1	-10.2954600764774
chr21	7261529	46	76	1.19668773218277	0.171	G>T	2	7	1	-10.5178628308863
chr21	7302547	35	44	1.11883340008689	0.136	A>C	2	7	1	-10.1950376721907
chr21	7930699	37	113	1.11883340008689	0.142	T>C	2	7	1	-10.1950376721907
chr21	7930701	37	110	1.11883340008689	0.127	G>A	2	7	1	-10.2267676442993
chr21	7957247	49	141	1.11883340008689	0.121	G>C	2	7	1	-10.3440342843852
chr21	7988455	37	46	1.11883340008689	0.174	G>C	2	7	1	-10.5664370387941
chr21	8764880	44	65	1.11883340008689	0.108	T>A	2	7	1	-10.5526431873986
chr21	8786611	34	66	1.11883340008689	0.121	C>T	2	7	1	-10.3440342843852
chr21	8786634	34	68	1.11883340008689	0.132	G>A	2	7	1	-10.2267676442993
chr21	8798794	53	46	1.11883340008689	0.196	C>A	2	7	1	-11.5623334904696
chr21	8798823	53	57	1.11883340008689	0.158	A>C	2	7	1	-10.3689196766504
chr21	8811964	54	79	1.11883340008689	0.101	T>C	2	7	1	-10.8594367679997
chr21	9025390	40	79	1.18472035549398	0.114	C>T	2	7	1	-10.5040689794908
chr21	9025448	40	89	1.18472035549398	0.101	G>A	2	7	1	-10.8108625600919
chr21	9071517	63	42	1.18472035549398	0.214	T>C	2	7	2	-11.7656857473123
chr21	9158515	38	41	1.18472035549398	0.195	G>C	2	7	1	-11.5137592825619
chr21	9575210	47	56	1.18472035549398	0.107	G>A	2	7	1	-10.5040689794908
chr21	9575221	47	52	1.18472035549398	0.115	C>A	2	7	1	-10.2954600764774
chr21	9575226	47	52	1.18472035549398	0.115	C>G	2	7	1	-10.2954600764774
chr21	9575236	47	46	1.18472035549398	0.13	A>G	2	7	1	-10.1781934363915
chr21	9823067	59	75	1.41947492162894	0.107	C>A	2	8	1	-10.145056388488
chr21	9888942	36	102	1.13941775934513	0.108	T>C	2	7	1	-10.5526431873986
chr21	10146043	55	51	1.26476805430931	0.196	T>C	2	7	1	-11.5363189667461
chr21	10395584	47	68	1.26476805430931	0.103	C>T	2	7	1	-10.8334222442761
chr21	10455941	30	120	1.26476805430931	0.117	A>G	2	7	1	-10.3180197606616
chr21	10656549	40	67	1.14290185719805	0.149	C>G	2	7	1	-10.2438613939702
chr21	10673022	41	44	1.14290185719805	0.114	C>A	2	7	1	-10.5526431873986
chr21	10708333	45	60	1.14290185719805	0.133	T>C	2	7	1	-10.2267676442993
chr21	10716461	43	108	1.14290185719805	0.111	C>T	2	7	1	-10.5526431873986
chr21	10718658	45	97	1.14290185719805	0.124	T>C	2	7	1	-10.3440342843852
chr21	13174211	36	42	1.27998015242682	0.238	G>C	2	7	2	-10.8838428163279
chr21	13905042	40	46	1.18114959186895	0.174	T>G	2	7	1	-10.5178628308863
chr21	14893507	36	55	1.18114959186895	0.109	C>T	2	7	1	-10.5040689794908
chr21	21813923	36	40	1.09734550689841	0.15	C>A	2	6	1	-10.2885454541585
chr21	26455708	39	41	1.09734550689841	0.244	G>C	2	6	1	-12.1497692513371
chr21	27862425	41	53	1.09734550689841	0.396	C>T	2	6	2	-11.5106342833705
chr21	28009888	32	44	1.09734550689841	0.182	A>G	2	6	1	-10.3328211431065
chr21	29011672	74	45	1.09734550689841	0.111	G>A	2	6	1	-11.3239298114617
chr21	29011690	74	42	1.09734550689841	0.119	G>A	2	6	1	-10.9336702674796
chr21	29985383	49	45	1.09734550689841	0.156	C>G	2	6	1	-10.23195309587
chr21	43336960	56	54	1.09734550689841	0.13	C>T	2	6	1	-10.634752986425
chr21	43336969	56	51	1.09734550689841	0.118	C>T	2	6	1	-10.9336702674796
chr21	45898974	65	40	1.09734550689841	0.1	A>G	2	6	1	-11.8123740330316
chr21	46170215	61	106	1.09734550689841	0.132	T>C	2	6	1	-10.634752986425
chr22	10721054	39	59	1.35180869371811	0.119	G>T	2	8	1	-10.0921724803875
chr22	10721056	39	60	1.35180869371811	0.117	C>T	2	8	1	-10.0921724803875
chr22	10721165	39	65	1.35180869371811	0.108	T>G	2	8	1	-10.1471102049015
chr22	10747515	45	110	1.19988731390009	0.182	A>G	2	7	1	-10.775795933898
chr22	10747536	45	105	1.19988731390009	0.124	C>T	2	7	1	-10.2867412124588
chr22	10925394	35	56	1.19988731390009	0.143	C>G	2	7	1	-10.1377446002643
chr22	10929388	43	61	1.19988731390009	0.148	A>G	2	7	1	-10.1865683220438
chr22	11058316	54	66	1.34426481047599	0.106	C>T	2	8	1	-10.1471102049015
chr22	11058506	54	91	1.34426481047599	0.143	C>T	2	8	1	-10.250518225192
chr22	11359830	40	56	1.30853272554745	0.107	T>C	2	8	1	-10.1471102049015
chr22	11359968	40	59	1.30853272554745	0.102	A>G	2	8	1	-10.3002326070032
chr22	11359971	40	57	1.30853272554745	0.105	T>G	2	8	1	-10.3002326070032
chr22	11708001	46	47	1.30853272554745	0.149	C>T	2	8	1	-10.4530131254709
chr22	11708009	46	54	1.30853272554745	0.13	G>T	2	8	1	-10.1285770188011
chr22	11911507	56	63	1.30853272554745	0.206	C>T	2	8	2	-10.7350612226444
chr22	11911528	56	56	1.30853272554745	0.107	G>A	2	8	1	-10.1471102049015
chr22	11911544	56	52	1.30853272554745	0.115	T>C	2	8	1	-10.0921724803875
chr22	11924772	53	86	1.30853272554745	0.105	C>T	2	8	1	-10.3002326070032
chr22	11924779	53	85	1.30853272554745	0.106	C>T	2	8	1	-10.1471102049015
chr22	11928893	39	43	1.30853272554745	0.349	A>G	2	8	3	-10.5862308177441
chr22	11930732	38	43	1.30853272554745	0.14	A>C	2	8	1	-10.250518225192
chr22	11930904	38	53	1.30853272554745	0.113	C>T	2	8	1	-10.1471102049015
chr22	11933814	56	55	1.30853272554745	0.145	C>A	2	8	1	-10.250518225192
chr22	11934176	43	40	1.30853272554745	0.125	C>T	2	8	1	-10.0921724803875
chr22	12035977	41	44	1.30853272554745	0.25	C>T	2	8	2	-10.3657266513346
chr22	12045588	27	76	1.30853272554745	0.118	T>A	2	8	1	-10.0921724803875
chr22	12178683	45	45	1.30853272554745	0.156	C>T	2	8	1	-10.7317425866505
chr22	12178694	45	41	1.30853272554745	0.171	C>G	2	8	1	-11.0829311272936
chr22	12186511	40	49	1.30853272554745	0.143	T>C	2	8	1	-10.250518225192
chr22	12196511	36	43	1.30853272554745	0.14	T>C	2	8	1	-10.250518225192
chr22	12196512	36	42	1.30853272554745	0.143	G>A	2	8	1	-10.250518225192
chr22	12196529	36	43	1.30853272554745	0.14	G>A	2	8	1	-10.250518225192
chr22	12203122	38	58	1.30853272554745	0.103	C>T	2	8	1	-10.3002326070032
chr22	12204652	40	44	1.30853272554745	0.205	T>A	2	8	2	-10.970591783224
chr22	12579740	35	42	1.20173638749203	0.119	A>T	2	7	1	-10.2867412124588
chr22	12579742	35	41	1.20173638749203	0.122	C>T	2	7	1	-10.2867412124588
chr22	12581385	42	60	1.20173638749203	0.117	T>A	2	7	1	-10.2867412124588
chr22	12581387	42	60	1.20173638749203	0.1	C>T	2	7	1	-10.8021436960733
chr22	12695232	43	44	1.01476451500343	0.182	T>C	2	6	1	-10.3210740438646
chr22	12706171	36	48	1.01476451500343	0.188	T>C	2	6	1	-10.4722639517289
chr22	12718358	33	44	1.193	0.295	G>A	2	7	2	-10.4746360710415
chr22	15952620	38	55	1.28479771385514	0.218	G>A	2	7	2	-11.4301630277899
chr22	16222288	48	50	1.28479771385514	0.1	A>T	2	7	1	-10.8334222442761
chr22	16403619	53	48	1.21967954311209	0.208	A>T	2	7	2	-11.7569668832937
chr22	16423856	46	40	1.21967954311209	0.1	T>C	2	7	1	-10.8021436960733
chr22	16435786	33	40	1.21967954311209	0.15	T>G	2	7	1	-10.1865683220438
chr22	16528715	65	60	1.26337036058595	0.1	G>A	2	7	1	-10.8334222442761
chr22	16563466	68	47	1.26337036058595	0.128	A>G	2	7	1	-10.2007531205757
chr22	20333511	44	49	1.12623071558694	0.286	A>T	2	7	2	-10.4643697789264
chr22	21883643	65	49	1.14963565872672	0.102	G>A	2	7	1	-10.8594367679997
chr22	23448475	68	41	1.16575470754511	0.146	A>G	2	7	1	-10.1952871860624
chr22	23448480	68	40	1.16575470754511	0.15	T>C	2	7	1	-10.1952871860624
chr22	23640770	56	54	1.16575470754511	0.204	G>C	2	7	1	-11.5137592825619
chr22	23640784	56	54	1.16575470754511	0.204	T>C	2	7	1	-11.5137592825619
chr22	23640791	56	52	1.16575470754511	0.212	G>C	2	7	2	-11.7656857473123
chr22	23640809	56	51	1.16575470754511	0.196	T>C	2	7	1	-11.5137592825619
chr22	35007765	51	49	1.14614571405296	0.102	A>G	2	7	1	-10.8594367679997
chr22	35007793	51	49	1.14614571405296	0.102	T>C	2	7	1	-10.8594367679997
chr22	35007809	51	46	1.14614571405296	0.109	T>C	2	7	1	-10.5526431873986
chr22	35007810	51	46	1.14614571405296	0.109	G>A	2	7	1	-10.5526431873986
chr22	35058250	59	52	1.14614571405296	0.173	G>T	2	7	1	-10.5664370387941
chr22	38589023	42	40	1.11066563647651	0.1	A>G	2	7	1	-10.8594367679997
chr22	45590718	61	44	1.11066563647651	0.205	C>T	2	7	1	-11.5623334904696
chr22	46606693	54	52	1.11066563647651	0.154	T>C	2	7	1	-10.2438613939702
chr22	46606700	54	49	1.11066563647651	0.122	T>C	2	7	1	-10.3440342843852
chr22	46606701	54	47	1.11066563647651	0.128	T>C	2	7	1	-10.2267676442993
chr22	48628042	62	42	1.11066563647651	0.119	G>C	2	7	1	-10.3440342843852
chr22	49387005	39	48	1.11066563647651	0.146	C>T	2	7	1	-10.2438613939702
chr22	50276237	68	40	1.11066563647651	0.225	G>C	2	7	2	-11.4561775515134
chrX	269365	60	66	1.22718531841381	0.167	T>C	2	7	1	-10.5091439668677
chrX	310243	55	87	1.22718531841381	0.103	C>A	2	7	1	-10.8021436960733
chrX	315673	54	42	1.22718531841381	0.119	G>A	2	7	1	-10.2867412124588
chrX	439599	54	40	1.22718531841381	0.1	C>T	2	7	1	-10.8021436960733
chrX	484798	54	46	1.22718531841381	0.109	T>A	2	7	1	-10.4953501154722
chrX	498845	56	59	1.22718531841381	0.102	A>G	2	7	1	-10.8021436960733
chrX	580785	38	45	1.22718531841381	0.133	A>T	2	7	1	-10.1694745723729
chrX	870813	49	49	1.22718531841381	0.122	T>A	2	7	1	-10.2867412124588
chrX	1030199	53	48	1.22718531841381	0.208	C>T	2	7	2	-11.7569668832937
chrX	1118886	42	40	1.22718531841381	0.15	T>A	2	7	1	-10.1865683220438
chrX	2393535	48	47	1.22718531841381	0.191	A>C	2	7	1	-11.1086364827309
chrX	2393546	48	47	1.22718531841381	0.213	C>A	2	7	2	-11.7569668832937
chrX	2393548	48	48	1.22718531841381	0.25	T>C	2	7	2	-10.661029748109
chrX	2393549	48	47	1.22718531841381	0.255	G>A	2	7	2	-10.5219611679963
chrX	3524734	48	50	1.22718531841381	0.12	C>T	2	7	1	-10.2867412124588
chrX	49344667	37	62	1.17850604692486	0.161	T>C	2	7	1	-10.3203454687426
chrX	62513335	38	58	1.19956977239934	0.103	A>C	2	7	1	-10.8021436960733
chrX	62513345	38	58	1.19956977239934	0.103	G>T	2	7	1	-10.8021436960733
chrX	62513368	38	58	1.19956977239934	0.103	A>C	2	7	1	-10.8021436960733
chrX	62513371	38	56	1.19956977239934	0.107	T>G	2	7	1	-10.4953501154722
chrX	62513385	38	53	1.19956977239934	0.113	C>T	2	7	1	-10.4953501154722
chrX	62513409	38	49	1.19956977239934	0.102	T>C	2	7	1	-10.8021436960733
chrX	62513830	38	57	1.19956977239934	0.105	C>G	2	7	1	-10.8021436960733
chrX	62513841	38	53	1.19956977239934	0.208	T>A	2	7	2	-11.7569668832937
chrX	62513856	38	54	1.19956977239934	0.111	T>G	2	7	1	-10.4953501154722
chrY	9462573	38	70	1.3689136708834	0.186	G>C	2	8	2	-11.2459956543802
chrY	10210790	35	40	1.3689136708834	0.3	C>T	2	8	2	-11.0575279415006
chrY	10658488	45	52	1.68540238942718	0.231	C>T	2	10	2	-10.574594377487
chrY	10658534	45	54	1.68540238942718	0.185	A>C	2	10	2	-10.3286335807598
chrY	10671494	45	47	1.52119771035555	0.128	C>T	2	9	1	-10.2769082913894
chrY	10673910	45	56	1.52119771035555	0.179	T>C	2	9	2	-10.7608668596966
chrY	10673915	45	50	1.52119771035555	0.14	T>C	2	9	1	-10.5320211134626
chrY	10677360	46	67	1.52119771035555	0.119	C>A	2	9	1	-10.1073321372935
chrY	10683255	45	48	1.52119771035555	0.104	C>T	2	9	1	-10.0490490325445
chrY	10746885	44	48	1.39444486970553	0.354	T>A	2	8	3	-10.5648914441526
chrY	10746920	44	58	1.39444486970553	0.19	T>A	2	8	2	-11.2459956543802
chrY	10763166	45	62	1.39444486970553	0.145	C>A	2	8	1	-10.2291788516005
chrY	10789495	45	54	1.44589614312881	0.241	A>G	2	8	2	-10.3735567139685
chrY	10799508	46	57	1.44589614312881	0.123	A>G	2	8	1	-10.0901186639741
chrY	10799535	46	55	1.44589614312881	0.127	C>A	2	8	1	-10.1265232023876
chrY	10813042	46	40	1.44589614312881	0.25	T>A	2	8	2	-10.3636728349212
chrY	10878300	44	51	1.44589614312881	0.118	G>T	2	8	1	-10.0901186639741
chrY	10878312	44	50	1.44589614312881	0.1	T>A	2	8	1	-10.2981787905897
chrY	10885201	45	53	1.44589614312881	0.151	C>G	2	8	1	-10.4509593090574
chrY	10885206	45	51	1.44589614312881	0.157	C>G	2	8	1	-10.7296887702371
chrY	10893787	46	42	1.44589614312881	0.119	C>A	2	8	1	-10.0901186639741
chrY	10965560	32	52	1.44726642923373	0.115	A>T	2	8	1	-10.0901186639741
chrY	10965618	32	50	1.44726642923373	0.2	C>A	2	8	2	-10.9685379668106
chrY	10973979	46	51	1.44726642923373	0.118	T>C	2	8	1	-10.0901186639741
chrY	10983483	48	42	1.44726642923373	0.143	T>C	2	8	1	-10.2484644087785
chrY	10983493	48	42	1.44726642923373	0.143	T>C	2	8	1	-10.2484644087785
chrY	10983498	48	40	1.44726642923373	0.15	T>C	2	8	1	-10.4509593090574
chrY	10983500	48	45	1.44726642923373	0.133	C>A	2	8	1	-10.1265232023876
chrY	10983501	48	45	1.44726642923373	0.133	C>T	2	8	1	-10.1265232023876
chrY	10983516	48	44	1.44726642923373	0.182	C>T	2	8	1	-11.5012004564099
chrY	10983517	48	42	1.44726642923373	0.19	A>G	2	8	2	-11.2652812115582
chrY	10983525	48	45	1.44726642923373	0.111	G>C	2	8	1	-10.145056388488
chrY	10983528	48	45	1.44726642923373	0.111	T>A	2	8	1	-10.145056388488
chrY	10983550	48	43	1.44726642923373	0.186	G>T	2	8	2	-11.2652812115582
chrY	10983552	48	44	1.44726642923373	0.295	G>C	2	8	2	-11.0768134986786
chrY	10983555	48	45	1.44726642923373	0.289	T>G	2	8	2	-10.836322357687
chrY	10983562	48	47	1.44726642923373	0.128	C>T	2	8	1	-10.1265232023876
chrY	10983563	48	47	1.44726642923373	0.17	T>C	2	8	1	-11.0808773108802
chrY	10983569	48	48	1.44726642923373	0.167	A>T	2	8	1	-11.0808773108802
chrY	10988545	46	59	1.44726642923373	0.119	C>T	2	8	1	-10.0901186639741
chrY	10989166	48	41	1.44726642923373	0.122	C>G	2	8	1	-10.0901186639741
chrY	11026178	46	41	1.44726642923373	0.122	C>T	2	8	1	-10.0901186639741
chrY	11254733	31	41	1.38544506083623	0.22	G>A	2	8	2	-10.537290086315
chrY	11267583	27	40	1.38544506083623	0.25	T>C	2	8	2	-10.3443872777431
chrY	11277671	35	55	1.38544506083623	0.127	C>A	2	8	1	-10.1072376452096
chrY	11280069	32	62	1.38544506083623	0.113	G>A	2	8	1	-10.12577083131
chrY	11289226	30	85	1.19216676446708	0.106	C>T	2	7	1	-10.5040689794908
chrY	11291033	44	45	1.19216676446708	0.2	C>T	2	7	1	-11.5137592825619
chrY	11296582	49	65	1.19216676446708	0.123	C>A	2	7	1	-10.2954600764774
chrY	11296590	49	65	1.19216676446708	0.138	T>A	2	7	1	-10.1464634642829
chrY	11309784	46	63	1.39021507520423	0.127	A>G	2	8	1	-10.1072376452096
chrY	11309792	46	64	1.39021507520423	0.125	G>T	2	8	1	-10.0708331067961
chrY	11320586	49	48	1.39021507520423	0.125	A>T	2	8	1	-10.0708331067961
chrY	11331146	56	85	2.09772906883848	0.129	C>A	2	12	2	-10.5560802383041
chrY	11333776	69	63	1.16233357824523	0.127	C>T	2	7	1	-10.1781934363915
chrY	11562948	38	46	1.38148971159566	0.109	C>T	2	8	1	-10.12577083131
chrY	20282311	43	66	1.23120201878636	0.121	T>A	2	7	1	-10.2867412124588
chrY	20282387	43	66	1.23120201878636	0.106	G>A	2	7	1	-10.4953501154722
chrY	20282393	43	65	1.23120201878636	0.108	C>G	2	7	1	-10.4953501154722
chrY	20282439	43	56	1.23120201878636	0.125	G>T	2	7	1	-10.2867412124588
chrY	20285598	43	118	1.23120201878636	0.119	T>G	2	7	1	-10.2867412124588
chrY	20322174	44	40	1.23120201878636	0.1	T>G	2	7	1	-10.8021436960733
chrY	20348163	44	59	1.23120201878636	0.169	G>C	2	7	1	-10.5091439668677
chrY	20349477	44	57	1.31181305956159	0.123	G>A	2	8	1	-10.0921724803875
chrY	26436833	33	56	1.40526351536808	0.125	G>A	2	8	1	-10.0708331067961
chrY	26639851	42	42	1.40526351536808	0.119	G>A	2	8	1	-10.0708331067961
chrY	26640539	43	42	1.40526351536808	0.214	A>G	2	8	2	-10.7137218490529
chrY	26640547	43	49	1.40526351536808	0.122	G>C	2	8	1	-10.0708331067961
chrY	26640549	43	42	1.40526351536808	0.167	A>G	2	8	1	-11.0615917537021
chrY	26640585	43	50	1.40526351536808	0.16	T>C	2	8	1	-10.710403213059
chrY	56684096	37	51	1.40526351536808	0.196	T>C	2	8	2	-10.9492524096325
chrY	56727690	38	59	1.40526351536808	0.119	A>T	2	8	1	-10.0708331067961
chrY	56828064	39	47	1.2081416520659	0.106	A>C	2	7	1	-10.4953501154722
chrY	56828069	39	44	1.2081416520659	0.114	A>C	2	7	1	-10.4953501154722
