Unique Name	Descriptor	Wide Peak Limits	Peak Limits	Region Limits	q values	Residual q values after removing segments shared with higher peaks	Broad or Focal	Amplitude Threshold	TCGA-HC-8260-01A-11D-2259-01	TCGA-H9-A6BY-01A-11D-A30D-01	TCGA-HC-A6AL-01A-11D-A30D-01	TCGA-HC-8258-01A-11D-2259-01	TCGA-ZG-A9L1-01A-11D-A41J-01	TCGA-VP-A87C-01A-11D-A34T-01	TCGA-2A-AAYF-01A-11D-A41J-01	TCGA-EJ-A65B-01A-12D-A30D-01	TCGA-ZG-A9L2-01A-31D-A41J-01	TCGA-ZG-A9LY-01A-11D-A41J-01	TCGA-EJ-5519-01A-01D-1574-01	TCGA-KK-A7AZ-01A-12D-A32A-01	TCGA-EJ-7325-01B-11D-A32A-01	TCGA-H9-A6BX-01A-31D-A30W-01	TCGA-EJ-A46I-01A-12D-A26L-01	TCGA-J9-A52B-01A-11D-A26L-01	TCGA-HC-7211-01A-11D-2112-01	TCGA-HC-A6AQ-01A-11D-A30D-01	TCGA-XK-AAJT-01A-11D-A41J-01	TCGA-EJ-5502-01A-01D-1574-01	TCGA-KK-A6DY-01A-12D-A30W-01	TCGA-HC-7821-01A-12D-2112-01	TCGA-KC-A4BR-01A-32D-A256-01	TCGA-XK-AAJR-01A-11D-A41J-01	TCGA-J4-A67T-01A-11D-A30W-01	TCGA-G9-6348-01A-11D-1785-01	TCGA-2A-A8VV-01A-11D-A376-01	TCGA-CH-5739-01A-11D-1574-01	TCGA-HC-7738-01A-11D-2112-01	TCGA-XJ-A9DI-01A-11D-A376-01	TCGA-EJ-7792-01A-11D-2112-01	TCGA-YL-A8SR-01B-11D-A376-01	TCGA-XK-AAIV-01A-11D-A41J-01	TCGA-VN-A88L-01A-11D-A34T-01	TCGA-G9-6356-01A-11D-1785-01	TCGA-EJ-A46F-01A-31D-A256-01	TCGA-KK-A7AU-01A-11D-A32A-01	TCGA-QU-A6IL-01A-11D-A31K-01	TCGA-V1-A9ZG-01A-11D-A41J-01	TCGA-KK-A7B1-01A-11D-A32A-01	TCGA-XK-AAIW-01A-11D-A41J-01	TCGA-HC-7078-01A-11D-2112-01	TCGA-XJ-A9DX-01A-11D-A376-01	TCGA-ZG-A9LZ-01A-11D-A41J-01	TCGA-QU-A6IP-01A-11D-A31K-01	TCGA-G9-7510-01A-11D-2259-01	TCGA-HI-7171-01A-12D-2112-01	TCGA-FC-7708-01A-11D-2112-01	TCGA-ZG-A9ND-01A-11D-A41J-01	TCGA-YL-A8SB-01A-31D-A376-01	TCGA-EJ-7312-01B-21D-A32A-01	TCGA-YL-A8SJ-01B-11D-A376-01	TCGA-TK-A8OK-01A-22D-A363-01	TCGA-EJ-AB20-01A-12D-A41J-01	TCGA-HC-7817-01B-11D-A323-01	TCGA-V1-A8MG-01A-11D-A363-01	TCGA-V1-A8MJ-01A-11D-A363-01	TCGA-HC-7750-01A-11D-2112-01	TCGA-G9-6373-01A-11D-1785-01	TCGA-HC-8216-01A-11D-A323-01	TCGA-EJ-7330-01A-11D-2112-01	TCGA-EJ-5518-01A-01D-1574-01	TCGA-HC-7752-01A-11D-2112-01	TCGA-Y6-A8TL-01A-21D-A376-01	TCGA-V1-A8MM-01A-11D-A376-01	TCGA-FC-A6HD-01A-11D-A31K-01	TCGA-HC-7742-01A-11D-2112-01	TCGA-XK-AAJU-01A-11D-A41J-01	TCGA-G9-6342-01A-11D-1959-01	TCGA-G9-7521-01A-11D-2259-01	TCGA-V1-A9O7-01A-21D-A41J-01	TCGA-XJ-A83H-01A-11D-A34T-01	TCGA-EJ-5510-01A-01D-1574-01	TCGA-ZG-A9KY-01A-11D-A41J-01	TCGA-XJ-A83G-01A-11D-A34T-01	TCGA-KK-A6E8-01A-11D-A31K-01	TCGA-ZG-A9LB-01A-11D-A41J-01	TCGA-HC-7740-01B-04D-2297-01	TCGA-HC-A8CY-01A-11D-A363-01	TCGA-EJ-7125-01A-11D-1959-01	TCGA-CH-5751-01A-11D-1574-01	TCGA-HC-A4ZV-01A-11D-A26L-01	TCGA-V1-A8WN-01A-11D-A376-01	TCGA-KK-A8IK-01A-11D-A363-01	TCGA-QU-A6IM-01A-11D-A31K-01	TCGA-EJ-5516-01A-01D-1574-01	TCGA-HC-7818-01A-11D-2112-01	TCGA-FC-7961-01A-11D-A323-01	TCGA-SU-A7E7-01A-22D-A33S-01	TCGA-HC-A632-01A-11D-A323-01	TCGA-VN-A88R-01A-11D-A363-01	TCGA-HI-7169-01A-11D-2112-01	TCGA-ZG-A9NI-01A-11D-A41J-01	TCGA-YL-A9WJ-01A-11D-A376-01	TCGA-HC-7741-01C-05D-2297-01	TCGA-V1-A8WW-01A-11D-A376-01	TCGA-Y6-A9XI-01A-11D-A41J-01	TCGA-HC-8266-01A-11D-2259-01	TCGA-CH-5737-01A-11D-1574-01	TCGA-J4-A67S-01A-11D-A30D-01	TCGA-VN-A88N-01A-11D-A363-01	TCGA-EJ-7328-01A-31D-2112-01	TCGA-VN-A88I-01A-11D-A34T-01	TCGA-KK-A8I5-01A-11D-A363-01	TCGA-EJ-5497-01A-02D-1574-01	TCGA-YL-A8SI-01A-11D-A41J-01	TCGA-CH-5744-01A-11D-1574-01	TCGA-YL-A9WY-01A-11D-A41J-01	TCGA-KK-A59Z-01A-12D-A26L-01	TCGA-J4-A67Q-01A-21D-A30D-01	TCGA-FC-A4JI-01A-11D-A256-01	TCGA-XK-AAJ3-01A-11D-A41J-01	TCGA-EJ-5498-01A-01D-1574-01	TCGA-MG-AAMC-01A-11D-A41J-01	TCGA-TP-A8TT-01A-12D-A41J-01	TCGA-EJ-A7NF-01A-11D-A33S-01	TCGA-VP-A87D-01A-11D-A34T-01	TCGA-ZG-A9LN-01A-11D-A41J-01	TCGA-EJ-5527-01A-01D-1574-01	TCGA-KK-A7AQ-01A-11D-A33S-01	TCGA-YL-A9WI-01A-11D-A376-01	TCGA-YL-A8SL-01B-21D-A376-01	TCGA-EJ-5509-01A-01D-1574-01	TCGA-KK-A7AP-01A-12D-A33S-01	TCGA-EJ-A46H-01A-31D-A26L-01	TCGA-EJ-A7NJ-01A-22D-A34T-01	TCGA-YL-A8HJ-01A-11D-A363-01	TCGA-ZG-A9LM-01A-11D-A41J-01	TCGA-J4-A6G3-01A-11D-A30W-01	TCGA-VN-A88K-01A-11D-A34T-01	TCGA-EJ-7123-01A-11D-1959-01	TCGA-VP-A879-01A-11D-A34T-01	TCGA-G9-A9S0-01A-11D-A41J-01	TCGA-VP-A87K-01A-11D-A34T-01	TCGA-EJ-5525-01A-01D-1574-01	TCGA-HC-7230-01A-11D-2112-01	TCGA-KK-A6E3-01A-21D-A30D-01	TCGA-EJ-A65G-01A-21D-A323-01	TCGA-HC-A6AO-01A-11D-A30D-01	TCGA-CH-5769-01A-11D-1574-01	TCGA-KC-A7F6-01A-11D-A33S-01	TCGA-KK-A8IJ-01A-11D-A34T-01	TCGA-CH-5791-01A-11D-1574-01	TCGA-EJ-A8FS-01A-11D-A34T-01	TCGA-EJ-A46G-01A-31D-A26L-01	TCGA-V1-A9OQ-01A-11D-A41J-01	TCGA-HC-A48F-01A-11D-A256-01	TCGA-KK-A7B0-01A-11D-A32A-01	TCGA-HC-7749-01A-11D-2112-01	TCGA-EJ-A65J-01A-11D-A30W-01	TCGA-2A-A8W1-01A-11D-A376-01	TCGA-CH-5772-01A-11D-1574-01	TCGA-HI-7170-01A-11D-2112-01	TCGA-J9-A52C-01A-11D-A26L-01	TCGA-HC-7744-01A-11D-2112-01	TCGA-KK-A7AW-01A-11D-A32A-01	TCGA-HC-A76W-01A-11D-A33S-01	TCGA-HC-A8D0-01A-11D-A363-01	TCGA-EJ-7315-01A-31D-2112-01	TCGA-EJ-A8FU-01A-11D-A363-01	TCGA-KK-A6E6-01A-11D-A30W-01	TCGA-J4-A83L-01A-11D-A34T-01	TCGA-J4-A67O-01A-11D-A30D-01	TCGA-VP-A875-01A-31D-A34T-01	TCGA-ZG-A9L6-01A-11D-A41J-01	TCGA-FC-A8O0-01A-41D-A376-01	TCGA-V1-A9ZR-01A-11D-A41J-01	TCGA-VP-AA1N-01A-31D-A41J-01	TCGA-QU-A6IN-01A-11D-A31K-01	TCGA-VN-A943-01A-11D-A41J-01	TCGA-HC-7231-01A-11D-2112-01	TCGA-KK-A8IA-01A-11D-A363-01	TCGA-KK-A6E5-01A-11D-A30W-01	TCGA-KK-A6E1-01A-11D-A30W-01	TCGA-J4-AATV-01A-11D-A41J-01	TCGA-XJ-A83F-01A-11D-A34T-01	TCGA-KK-A59Y-01A-11D-A26L-01	TCGA-G9-6336-01A-11D-1785-01	TCGA-HC-8261-01B-05D-2297-01	TCGA-YL-A8HO-01A-11D-A363-01	TCGA-XJ-A9DK-01A-11D-A376-01	TCGA-YL-A8SH-01B-11D-A376-01	TCGA-EJ-7797-01A-11D-2259-01	TCGA-2A-A8VL-01A-21D-A376-01	TCGA-KK-A7B3-01A-11D-A33S-01	TCGA-HC-7209-01A-11D-2112-01	TCGA-ZG-A9L0-01A-11D-A41J-01	TCGA-YL-A8HL-01A-11D-A363-01	TCGA-EJ-7788-01A-11D-2112-01	TCGA-EJ-7793-01A-31D-2259-01	TCGA-HC-7210-01A-11D-2112-01	TCGA-EJ-7783-01A-11D-2112-01	TCGA-EJ-5506-01A-01D-1574-01	TCGA-G9-6378-01A-11D-1785-01	TCGA-V1-A8MU-01A-11D-A376-01	TCGA-KC-A7F5-01A-11D-A33S-01	TCGA-KK-A8IF-01A-11D-A363-01	TCGA-KK-A7AV-01A-11D-A32A-01	TCGA-CH-5794-01A-11D-1574-01	TCGA-EJ-5526-01A-01D-1574-01	TCGA-XK-AAJA-01A-11D-A41J-01	TCGA-EJ-5504-01A-01D-1574-01	TCGA-CH-5738-01A-11D-1574-01	TCGA-G9-6365-01A-11D-1785-01	TCGA-G9-6354-01A-11D-A30W-01	TCGA-VN-A88M-01A-11D-A34T-01	TCGA-KC-A4BV-01A-31D-A26L-01	TCGA-2A-A8VO-01A-11D-A376-01	TCGA-HC-7075-01A-11D-1959-01	TCGA-HC-7748-01A-11D-2112-01	TCGA-V1-A9OX-01A-11D-A41J-01	TCGA-YL-A8HM-01A-11D-A363-01	TCGA-HC-A6HX-01A-11D-A31K-01	TCGA-CH-5762-01A-11D-1574-01	TCGA-EJ-A7NG-01A-31D-A33S-01	TCGA-ZG-A8QZ-01A-11D-A376-01	TCGA-WW-A8ZI-01A-11D-A376-01	TCGA-KC-A7FA-01A-21D-A33S-01	TCGA-EJ-7314-01A-31D-2112-01	TCGA-VP-A87H-01A-11D-A34T-01	TCGA-FC-A66V-01A-21D-A30D-01	TCGA-G9-6353-01A-11D-1959-01	TCGA-EJ-7327-01A-11D-2112-01	TCGA-CH-5743-01A-21D-1574-01	TCGA-XK-AAJP-01A-11D-A41J-01	TCGA-EJ-A6RC-01A-11D-A32A-01	TCGA-XA-A8JR-01A-11D-A363-01	TCGA-XK-AAK1-01A-11D-A41J-01	TCGA-HC-A6AN-01A-11D-A30D-01	TCGA-YL-A9WL-01A-11D-A41J-01	TCGA-EJ-5496-01A-01D-1574-01	TCGA-KK-A6E2-01A-11D-A30W-01	TCGA-J4-A83J-01A-11D-A363-01	TCGA-CH-5764-01A-21D-1574-01	TCGA-YL-A8S8-01A-11D-A376-01	TCGA-HC-8265-01B-04D-2297-01	TCGA-M7-A723-01A-12D-A32A-01	TCGA-EJ-A65F-01A-21D-A30W-01	TCGA-V1-A9OL-01A-11D-A41J-01	TCGA-CH-5746-01A-11D-1574-01	TCGA-CH-5740-01A-11D-1574-01	TCGA-ZG-A9LS-01A-12D-A41J-01	TCGA-J4-A67K-01A-21D-A30D-01	TCGA-HC-7747-01A-11D-2112-01	TCGA-HC-A76X-01A-11D-A33S-01	TCGA-G9-6494-01A-11D-1785-01	TCGA-HC-8264-01B-11D-2391-01	TCGA-M7-A725-01A-12D-A32A-01	TCGA-KK-A59X-01A-11D-A323-01	TCGA-EJ-7794-01A-11D-2112-01	TCGA-KK-A8I8-01A-11D-A363-01	TCGA-V1-A9O9-01A-11D-A41J-01	TCGA-VP-A876-01A-11D-A34T-01	TCGA-M7-A722-01A-12D-A363-01	TCGA-HC-7081-01A-11D-1959-01	TCGA-J4-A83N-01A-11D-A34T-01	TCGA-CH-5754-01A-11D-1574-01	TCGA-ZG-A9LU-01A-11D-A41J-01	TCGA-G9-6363-01A-21D-1785-01	TCGA-J9-A8CM-01A-11D-A34T-01	TCGA-EJ-7331-01A-11D-2112-01	TCGA-2A-AAYU-01A-11D-A41J-01	TCGA-EJ-7218-01B-11D-A32A-01	TCGA-G9-A9S4-01A-11D-A41J-01	TCGA-KK-A8IH-01A-11D-A363-01	TCGA-V1-A9OT-01A-11D-A41J-01	TCGA-EJ-AB27-01A-11D-A41J-01	TCGA-EJ-5542-01A-01D-1574-01	TCGA-CH-5790-01A-11D-1574-01	TCGA-G9-6384-01A-11D-1785-01	TCGA-XQ-A8TB-01A-11D-A363-01	TCGA-HC-8261-01A-11D-2259-01	TCGA-V1-A9OH-01A-11D-A41J-01	TCGA-VP-A872-01A-11D-A34T-01	TCGA-2A-A8VX-01A-11D-A376-01	TCGA-EJ-5505-01A-01D-1574-01	TCGA-J4-8198-01A-11D-2259-01	TCGA-G9-7509-01A-11D-A41J-01	TCGA-YL-A8SO-01B-31D-A376-01	TCGA-KK-A8IG-01A-11D-A363-01	TCGA-KK-A8I4-01A-11D-A363-01	TCGA-J4-8200-01A-11D-A323-01	TCGA-G9-6377-01A-11D-1959-01	TCGA-ZG-A9M4-01A-11D-A41J-01	TCGA-G9-6339-01A-12D-A30W-01	TCGA-EJ-5515-01A-01D-1574-01	TCGA-HC-8258-01B-05D-2297-01	TCGA-V1-A9OF-01A-11D-A41J-01	TCGA-YL-A8SA-01A-21D-A376-01	TCGA-G9-6498-01A-12D-A30W-01	TCGA-EJ-7317-01A-31D-2112-01	TCGA-EJ-7789-01A-11D-2112-01	TCGA-YJ-A8SW-01A-11D-A376-01	TCGA-EJ-A8FO-01A-21D-A363-01	TCGA-HC-8213-01A-11D-A323-01	TCGA-ZG-A8QY-01A-11D-A376-01	TCGA-EJ-7321-01A-31D-2259-01	TCGA-ZG-A9N3-01A-11D-A41J-01	TCGA-CH-5748-01A-11D-1574-01	TCGA-G9-6385-01A-11D-1785-01	TCGA-KC-A4BO-01A-61D-A256-01	TCGA-J4-A6M7-01A-11D-A31K-01	TCGA-J4-A67M-01A-11D-A30D-01	TCGA-J9-A8CN-01A-11D-A34T-01	TCGA-J4-A67N-01A-11D-A30D-01	TCGA-ZG-A8QW-01A-11D-A376-01	TCGA-ZG-A9L4-01A-11D-A41J-01	TCGA-XJ-A9DQ-01A-11D-A376-01	TCGA-EJ-8472-01A-11D-2391-01	TCGA-YL-A8HK-01A-11D-A363-01	TCGA-ZG-A8QX-01A-11D-A376-01	TCGA-VN-A88Q-01A-11D-A34T-01	TCGA-HC-7080-01A-11D-1959-01	TCGA-J4-A67R-01A-21D-A30D-01	TCGA-HC-A6AS-01A-11D-A30D-01	TCGA-EJ-5524-01A-01D-1574-01	TCGA-G9-6333-01A-12D-1959-01	TCGA-CH-5765-01A-11D-1574-01	TCGA-KK-A8I9-01A-11D-A363-01	TCGA-KK-A8I6-01A-11D-A363-01	TCGA-ZG-A9L9-01A-11D-A41J-01	TCGA-EJ-8468-01A-21D-2391-01	TCGA-V1-A9OA-01A-11D-A41J-01	TCGA-V1-A9Z7-01A-11D-A41J-01	TCGA-HC-8265-01A-11D-2259-01	TCGA-H9-7775-01A-11D-2112-01	TCGA-G9-6338-01A-12D-1959-01	TCGA-G9-7525-01A-31D-2259-01	TCGA-KK-A6E0-01A-11D-A30W-01	TCGA-G9-6367-01A-11D-1785-01	TCGA-EJ-A8FP-01A-21D-A363-01	TCGA-CH-5767-01A-11D-1785-01	TCGA-HC-7077-01A-11D-1959-01	TCGA-TP-A8TV-01A-11D-A41J-01	TCGA-2A-AAYO-01A-11D-A41J-01	TCGA-EJ-8470-01A-11D-2391-01	TCGA-KK-A7AY-01A-11D-A33S-01	TCGA-VN-A88O-01A-11D-A34T-01	TCGA-J4-A83K-01A-11D-A34T-01	TCGA-HC-7745-01A-11D-2112-01	TCGA-EJ-A65E-01A-11D-A323-01	TCGA-QU-A6IO-01A-11D-A31K-01	TCGA-2A-A8VT-01A-11D-A376-01	TCGA-VP-A87B-01A-11D-A34T-01	TCGA-G9-A9S7-01A-11D-A41J-01	TCGA-G9-6361-01A-21D-1959-01	TCGA-CH-5752-01A-11D-1574-01	TCGA-EJ-5501-01A-01D-1574-01	TCGA-4L-AA1F-01A-11D-A41J-01	TCGA-V1-A9Z8-01A-11D-A41J-01	TCGA-J4-A83M-01A-11D-A34T-01	TCGA-V1-A9ZK-01A-11D-A41J-01	TCGA-M7-A721-01A-12D-A32A-01	TCGA-G9-6329-01A-13D-1959-01	TCGA-HC-7079-01A-11D-1959-01	TCGA-KC-A7FD-01A-11D-A33S-01	TCGA-EJ-5508-01A-02D-1574-01	TCGA-V1-A9OY-01A-11D-A41J-01	TCGA-EJ-5531-01A-01D-1574-01	TCGA-EJ-8474-01A-11D-2391-01	TCGA-EJ-A65M-01A-11D-A323-01	TCGA-EJ-A7NM-01A-21D-A33S-01	TCGA-V1-A8WS-01A-11D-A376-01	TCGA-CH-5789-01A-11D-1574-01	TCGA-YL-A8SC-01A-11D-A376-01	TCGA-EJ-7785-01A-11D-2112-01	TCGA-EJ-5522-01A-01D-1574-01	TCGA-YL-A8SQ-01B-11D-A376-01	TCGA-HC-7819-01A-11D-2112-01	TCGA-EJ-5507-01A-01D-1574-01	TCGA-KK-A8IM-01A-11D-A363-01	TCGA-EJ-5532-01A-01D-1574-01	TCGA-G9-6362-01A-11D-1785-01	TCGA-KK-A7B4-01A-11D-A32A-01	TCGA-YL-A9WK-01A-11D-A376-01	TCGA-HC-8212-01B-05D-2297-01	TCGA-EJ-5512-01A-01D-1574-01	TCGA-YL-A8S9-01A-11D-A376-01	TCGA-HC-7736-01A-11D-2112-01	TCGA-KK-A59V-01A-11D-A323-01	TCGA-G9-6370-01A-11D-1785-01	TCGA-HC-8259-01A-11D-2259-01	TCGA-J4-AATZ-01A-11D-A41J-01	TCGA-KK-A8I7-01A-21D-A363-01	TCGA-ZG-A9L5-01A-12D-A41J-01	TCGA-HC-7737-01A-11D-2112-01	TCGA-2A-A8W3-01A-11D-A376-01	TCGA-EJ-A46B-01A-31D-A256-01	TCGA-HC-7213-01A-11D-2112-01	TCGA-HC-8257-01A-11D-2259-01	TCGA-CH-5761-01A-11D-1574-01	TCGA-EJ-7318-01B-11D-A32A-01	TCGA-KK-A6E7-01A-11D-A31K-01	TCGA-M7-A71Y-01A-22D-A32A-01	TCGA-G9-6343-01A-21D-1959-01	TCGA-J4-A83I-01A-11D-A363-01	TCGA-CH-5753-01A-11D-1574-01	TCGA-VP-A87J-01A-11D-A34T-01	TCGA-V1-A8X3-01A-11D-A376-01	TCGA-HC-A6AP-01A-11D-A30D-01	TCGA-KK-A8IB-01A-11D-A363-01	TCGA-EJ-7791-01A-11D-2112-01	TCGA-HC-7740-01A-11D-2112-01	TCGA-HC-7820-01A-11D-2112-01	TCGA-G9-6332-01A-11D-1785-01	TCGA-EJ-5530-01A-01D-1574-01	TCGA-EJ-A6RA-01A-11D-A33S-01	TCGA-G9-6371-01A-11D-1785-01	TCGA-VN-A88P-01A-11D-A34T-01	TCGA-EJ-5495-01A-01D-1574-01	TCGA-YL-A8SK-01B-21D-A376-01	TCGA-EJ-5494-01A-01D-1574-01	TCGA-J4-A67L-01A-11D-A30D-01	TCGA-G9-7523-01A-11D-2259-01	TCGA-KC-A4BL-01A-31D-A256-01	TCGA-EJ-A65D-01A-11D-A30D-01	TCGA-J4-AAU2-01A-11D-A41J-01	TCGA-KC-A7FE-01A-12D-A33S-01	TCGA-KK-A8II-01A-11D-A363-01	TCGA-M7-A720-01A-12D-A32A-01	TCGA-CH-5768-01A-11D-1574-01	TCGA-EJ-A8FN-01A-11D-A34T-01	TCGA-VP-A878-01A-31D-A34T-01	TCGA-CH-5741-01A-11D-1574-01	TCGA-XQ-A8TA-01A-11D-A363-01	TCGA-KK-A8IL-01A-11D-A363-01	TCGA-HC-8262-01A-11D-2259-01	TCGA-HC-A9TE-01A-11D-A41J-01	TCGA-HC-A6HY-01A-11D-A31K-01	TCGA-CH-5745-01A-11D-1574-01	TCGA-EJ-5521-01A-01D-1574-01	TCGA-EJ-7782-01A-11D-2112-01	TCGA-KK-A8ID-01A-11D-A363-01	TCGA-G9-6351-01A-21D-1959-01	TCGA-HC-7232-01A-11D-2112-01	TCGA-V1-A8WL-01A-11D-A376-01	TCGA-HC-A631-01A-11D-A323-01	TCGA-FC-A5OB-01A-11D-A323-01	TCGA-EJ-7786-01A-11D-2112-01	TCGA-ZG-A9MC-01A-31D-A41J-01	TCGA-CH-5771-01A-21D-1574-01	TCGA-G9-6364-01A-21D-1785-01	TCGA-EJ-5499-01A-01D-1574-01	TCGA-V1-A9Z9-01A-21D-A41J-01	TCGA-J9-A8CK-01A-11D-A34T-01	TCGA-X4-A8KQ-01A-12D-A363-01	TCGA-J9-A8CL-01A-11D-A34T-01	TCGA-EJ-A46E-01A-31D-A256-01	TCGA-EJ-5503-01A-01D-1574-01	TCGA-HI-7168-01A-11D-2112-01	TCGA-V1-A9O5-01A-11D-A41J-01	TCGA-HC-7212-01A-11D-2112-01	TCGA-G9-6499-01A-12D-1959-01	TCGA-HC-7233-01A-11D-2112-01	TCGA-G9-6369-01A-21D-1959-01	TCGA-EJ-7784-01A-11D-2112-01	TCGA-CH-5788-01A-11D-1574-01	TCGA-HC-A8D1-01A-11D-A363-01	TCGA-EJ-7781-01A-11D-2112-01	TCGA-XK-AAIR-01A-11D-A41J-01	TCGA-EJ-8469-01A-11D-2391-01	TCGA-CH-5766-01A-11D-1574-01	TCGA-EJ-7115-01A-11D-2112-01	TCGA-V1-A8MF-01A-11D-A363-01	TCGA-KK-A7B2-01A-12D-A32A-01	TCGA-M7-A71Z-01A-12D-A32A-01	TCGA-EJ-A7NH-01A-12D-A33S-01	TCGA-YL-A8SP-01B-11D-A376-01	TCGA-YL-A9WX-01A-21D-A41J-01	TCGA-EJ-5514-01A-01D-1574-01	TCGA-G9-6347-01A-11D-A31K-01	TCGA-KK-A8IC-01A-11D-A363-01	TCGA-M7-A724-01A-12D-A32A-01	TCGA-J9-A52E-01A-11D-A26L-01	TCGA-EJ-A7NK-01A-12D-A34T-01	TCGA-J4-A6G1-01A-11D-A30W-01	TCGA-CH-5750-01A-11D-1574-01	TCGA-V1-A8ML-01A-11D-A376-01	TCGA-YL-A8SF-01A-11D-A376-01	TCGA-EJ-5511-01A-01D-1574-01	TCGA-V1-A8MK-01A-11D-A363-01	TCGA-KK-A6E4-01A-11D-A30D-01	TCGA-CH-5792-01A-11D-1574-01	TCGA-G9-7522-01A-11D-2259-01	TCGA-CH-5763-01A-11D-1574-01	TCGA-KC-A7F3-01A-21D-A33S-01	TCGA-VP-A87E-01A-31D-A34T-01	TCGA-X4-A8KS-01A-12D-A363-01	TCGA-G9-7519-01A-11D-2259-01	TCGA-HC-8256-01A-11D-2259-01	TCGA-J9-A8CP-01A-11D-A34T-01	TCGA-EJ-A46D-01A-21D-A256-01	TCGA-YL-A9WH-01A-11D-A376-01	TCGA-EJ-5517-01A-01D-1574-01	TCGA-KC-A4BN-01A-61D-A256-01	TCGA-V1-A8WV-01A-11D-A376-01	TCGA-HC-A9TH-01A-11D-A41J-01	TCGA-G9-6366-01A-11D-2112-01	TCGA-G9-6379-01A-11D-A31K-01	TCGA-V1-A9ZI-01A-11D-A41J-01	TCGA-G9-6496-01A-11D-1785-01	
Amplification Peak  1	1q21.3  	chr1:150050799-152019897(probes 68850:69659)      	chr1:150694638-150705580(probes 69055:69067)      	chr1:119979138-155579015(probes 68777:71487)      	5.9888e-05	  0.0023663		0: t<0.1; 1: 0.1<t< 0.9; 2: t>0.9	0	0	0	0	0	0	0	0	0	1	1	0	0	0	0	0	0	0	0	0	0	0	0	0	0	0	0	0	0	0	0	1	1	0	0	0	0	0	0	0	0	0	2	1	0	0	0	0	0	0	0	0	0	0	0	0	0	0	0	1	0	0	0	0	0	0	0	0	0	0	1	0	0	1	0	0	0	1	0	0	1	0	0	0	0	0	0	1	0	0	0	0	1	0	0	1	0	0	0	0	0	0	0	0	0	0	0	0	0	0	2	0	0	0	0	0	0	1	0	0	0	0	0	0	0	0	0	0	0	1	0	0	0	1	2	0	0	0	0	0	0	0	0	0	1	0	0	0	0	2	0	0	0	0	0	0	0	0	0	0	0	0	0	1	0	0	0	0	0	0	0	0	0	0	0	0	0	0	0	0	0	0	0	0	0	0	0	0	1	0	0	0	0	0	0	0	0	0	0	0	0	0	0	0	0	0	0	0	0	0	0	1	0	0	0	0	0	0	0	0	0	0	0	0	0	0	0	0	0	0	0	0	0	0	0	1	0	0	0	0	0	2	0	0	0	0	0	1	0	0	0	0	0	0	0	0	0	1	0	1	0	0	0	0	0	0	0	0	0	0	0	0	0	0	0	0	0	0	0	0	1	0	0	0	0	0	0	0	0	0	0	0	1	0	0	0	0	0	0	0	0	0	0	0	0	0	0	0	0	0	0	1	2	0	0	0	0	0	0	0	0	0	0	0	0	0	0	0	0	0	1	0	0	0	0	0	0	0	0	0	0	0	0	0	0	0	0	1	0	0	0	0	0	0	0	0	0	0	0	0	0	1	0	0	0	0	0	1	0	0	0	0	1	0	0	0	0	1	0	0	0	0	1	0	1	0	0	0	1	0	0	0	0	0	0	0	0	0	0	0	0	0	0	0	0	0	0	0	0	0	0	0	0	0	0	0	0	0	0	0	0	0	0	0	0	0	0	1	0	0	0	0	2	0	1	0	0	0	0	0	0	0	0	0	0	0	0	0	0	1	2	0	0	0	0	1	0	0	0	0	0	1	0	0	0	0	0	0	0	0	0	0	0	1	0	0	0	0	0	0	0	0	0	0	0	0	0	0	0	0	0	0	0	0	0	0	0	1	0	0	0	
Amplification Peak  2	1q22    	chr1:155159139-155317730(probes 71316:71386)      	chr1:155159198-155269669(probes 71317:71353)      	chr1:119979138-155579015(probes 68777:71487)      	4.3325e-05	   0.001479		0: t<0.1; 1: 0.1<t< 0.9; 2: t>0.9	0	0	0	0	0	0	0	0	0	1	1	0	0	0	0	1	0	0	0	0	0	0	0	0	0	0	0	0	0	0	0	1	1	0	0	0	0	0	0	0	0	0	1	1	0	0	0	0	0	0	0	0	0	0	0	0	0	0	0	0	0	1	0	0	0	0	0	0	0	1	1	0	0	2	0	0	0	1	0	0	1	0	0	0	0	0	0	1	0	0	0	0	1	0	0	1	0	0	0	0	0	0	0	0	0	0	0	0	0	0	2	0	0	0	0	0	0	1	0	0	0	0	0	0	0	0	0	0	0	1	0	0	0	1	2	0	0	0	0	0	0	0	0	0	2	0	0	0	0	0	0	0	0	0	0	0	0	0	0	0	0	0	0	1	0	0	0	0	0	0	0	0	0	0	0	0	0	0	0	0	0	0	0	0	0	0	0	0	1	0	0	0	0	0	0	0	0	0	0	0	0	0	0	0	0	0	0	0	0	0	0	1	1	0	0	0	0	0	0	0	0	0	0	0	0	0	0	0	0	0	0	0	0	0	0	0	0	0	0	0	0	2	0	0	0	0	0	1	0	0	0	0	0	0	0	0	0	1	1	1	0	0	0	0	0	0	0	0	0	0	0	0	0	0	0	0	0	0	0	0	1	0	0	0	0	0	0	0	0	0	0	0	1	0	0	0	0	0	0	0	0	0	0	0	0	0	0	0	0	0	0	1	1	0	0	1	0	0	0	0	0	0	0	0	1	0	0	0	0	0	0	0	0	0	0	0	0	0	0	0	0	0	0	0	0	0	0	0	0	0	0	0	0	0	0	0	0	0	0	1	0	1	0	0	0	0	0	1	0	0	0	0	1	0	0	0	0	0	0	0	0	0	1	0	1	0	0	0	0	0	0	0	0	0	0	0	0	0	0	0	0	0	0	0	0	0	0	0	0	0	0	0	0	0	0	0	0	0	0	0	0	0	0	0	0	0	0	1	0	0	0	0	2	0	1	0	0	0	0	0	0	0	0	0	0	0	1	0	0	1	2	0	1	0	0	1	0	0	0	0	0	1	0	0	0	0	0	0	0	0	0	0	0	1	0	0	0	0	0	0	0	0	0	0	0	0	0	0	0	0	0	0	0	0	0	0	0	1	0	0	0	
Amplification Peak  3	1q44    	chr1:243583492-243984232(probes 128976:129259)    	chr1:243862698-243881342(probes 129191:129200)    	chr1:243586434-243992457(probes 128977:129261)    	0.061582	   0.061582		0: t<0.1; 1: 0.1<t< 0.9; 2: t>0.9	0	0	0	0	0	0	0	0	0	0	0	0	0	0	0	0	0	0	0	0	0	0	0	0	0	0	0	0	0	0	0	0	1	0	0	0	0	0	0	0	0	0	1	1	0	0	0	0	0	0	0	0	0	0	0	0	0	0	0	0	0	0	0	0	0	0	0	0	0	0	1	0	0	1	0	0	0	0	0	0	0	1	0	0	0	0	0	1	0	0	0	0	1	0	0	1	0	0	0	0	0	0	0	0	0	0	0	0	0	0	2	0	0	0	1	0	0	1	0	0	0	0	0	0	0	0	0	0	0	1	0	0	0	0	0	0	0	0	0	0	0	0	0	0	0	0	0	0	0	0	0	0	0	0	0	0	0	0	0	0	0	0	0	1	0	0	0	0	0	0	0	0	0	0	0	0	0	0	0	0	0	0	0	0	0	0	1	0	1	0	0	0	0	0	0	0	0	0	0	0	0	0	0	0	0	0	0	0	0	0	0	1	0	0	0	0	0	0	0	0	0	0	0	0	0	0	0	0	0	0	0	0	0	0	0	1	0	1	0	0	0	0	0	0	0	0	0	1	0	0	2	0	0	0	0	0	0	1	0	0	0	0	0	0	0	0	0	0	0	0	0	0	0	0	0	0	0	0	0	0	1	0	0	1	0	0	0	0	0	0	0	0	0	0	0	0	0	0	0	0	0	0	0	0	0	0	0	0	0	0	0	1	0	0	0	0	0	0	0	0	0	0	0	0	2	0	0	0	0	0	0	0	0	0	0	0	0	0	0	0	0	0	0	0	0	0	0	0	0	0	0	0	0	0	0	0	0	0	0	0	0	1	0	0	0	0	0	0	0	0	0	0	1	0	0	0	0	0	0	0	0	0	1	0	1	0	0	0	0	0	0	0	0	0	0	0	0	0	0	0	0	0	0	0	0	0	0	0	0	0	0	0	0	0	0	0	0	0	0	0	0	0	0	0	0	0	0	0	0	0	0	0	0	0	0	0	0	0	0	0	0	0	0	0	0	0	0	0	0	1	1	0	0	0	0	1	0	0	0	2	0	1	0	0	0	0	0	0	0	0	0	0	0	1	0	0	0	0	0	0	0	0	0	0	0	0	0	0	0	0	0	0	0	0	0	1	0	0	0	0	0	
Amplification Peak  4	3q11.2  	chr3:95333466-98373641(probes 316638:318211)        	chr3:96252653-96569562(probes 317120:317273)        	chr3:96252653-96579892(probes 317120:317276)        	0.2348	     0.2348		0: t<0.1; 1: 0.1<t< 0.9; 2: t>0.9	0	0	0	0	0	0	0	0	0	0	0	0	0	0	0	0	0	0	0	0	0	0	0	0	0	0	0	0	0	0	0	1	1	0	0	0	0	0	0	0	0	0	2	1	0	0	0	0	0	0	0	0	0	0	0	0	0	0	0	1	1	1	0	0	0	0	0	0	0	0	0	0	0	1	1	0	1	0	0	0	1	0	0	0	0	0	0	1	0	1	0	0	0	0	0	1	0	0	0	0	0	0	0	0	0	0	0	0	0	0	0	0	0	0	0	0	0	1	0	0	1	0	0	0	0	0	0	0	0	0	0	0	1	0	0	0	0	0	0	0	0	0	1	0	0	0	1	0	0	0	0	0	0	0	0	0	0	0	0	0	0	0	0	1	0	0	0	0	0	0	0	1	0	0	0	0	0	0	0	0	0	0	0	0	1	0	1	0	0	0	0	0	0	0	0	0	1	0	0	0	0	0	0	0	0	0	0	0	0	0	0	0	0	0	0	0	0	0	0	1	0	0	0	0	0	0	0	0	0	0	0	0	0	0	1	0	0	0	0	0	0	0	0	0	0	0	0	0	0	0	0	0	0	1	0	0	0	0	1	0	0	0	0	1	0	0	0	0	0	0	0	0	0	1	0	0	0	0	0	0	0	0	0	0	0	0	0	0	0	0	0	0	1	0	0	0	0	0	0	0	0	0	0	0	0	0	0	0	0	0	0	0	1	0	1	0	0	0	0	0	0	0	0	0	1	0	0	0	0	0	0	0	0	0	0	0	0	0	0	0	0	0	0	1	0	0	0	0	1	1	0	0	0	0	0	0	0	0	1	0	1	0	0	0	0	0	0	0	0	1	0	0	0	0	0	0	0	0	0	0	0	0	0	0	1	0	0	0	0	0	0	0	0	0	0	0	0	0	0	0	1	0	0	0	0	0	0	0	0	0	0	0	0	0	0	0	0	0	1	0	0	0	0	0	0	0	0	1	0	0	0	1	0	0	0	0	1	0	0	0	1	0	0	0	0	0	0	0	0	0	1	0	0	0	0	0	1	0	0	0	1	0	0	0	0	0	0	0	0	1	0	0	0	0	0	0	0	0	0	0	0	0	0	0	0	0	0	0	0	0	0	0	1	0	0	0	0	0	0	1	0	
Amplification Peak  5	3q21.3  	chr3:128424256-128532834(probes 335740:335806)    	chr3:128424892-128455595(probes 335741:335759)    	chr3:126875508-130166831(probes 334783:336439)    	0.00025058	 0.00036545		0: t<0.1; 1: 0.1<t< 0.9; 2: t>0.9	0	0	0	0	0	0	0	0	1	0	0	0	0	0	0	0	0	0	0	0	0	0	0	0	0	0	0	0	0	0	0	0	1	0	0	0	0	0	0	0	0	0	2	1	0	0	0	0	0	0	0	0	1	0	0	0	0	0	0	1	1	1	0	0	0	0	0	0	0	1	1	0	0	2	1	0	1	0	1	0	1	1	0	1	0	0	0	1	0	1	2	0	1	1	0	1	0	0	0	0	0	0	0	0	0	0	0	0	0	0	2	0	0	0	0	0	0	1	1	0	1	0	0	0	0	0	0	0	0	0	0	0	1	0	0	0	0	0	0	0	0	0	1	0	0	0	1	0	0	2	0	0	0	0	0	0	0	0	0	0	0	0	0	1	0	0	0	0	0	0	0	1	0	2	0	0	1	0	0	0	0	0	0	0	1	0	1	0	0	0	1	0	0	0	0	0	1	0	0	0	0	0	0	0	0	0	0	0	0	0	0	2	0	0	0	0	0	0	0	1	0	0	0	0	0	0	0	0	0	0	0	0	0	0	1	1	0	1	0	0	0	0	0	0	0	0	0	0	0	0	0	0	0	0	0	0	0	0	1	0	0	0	0	0	0	0	0	0	0	0	0	0	0	1	0	0	0	0	0	0	0	1	0	0	0	0	0	0	0	0	0	0	1	0	0	0	0	0	0	0	0	0	0	0	0	0	0	0	0	0	0	0	0	0	1	0	1	0	0	0	0	1	0	0	2	0	1	0	0	0	0	0	0	0	0	0	0	0	0	0	0	0	0	0	0	0	0	0	1	1	0	0	0	0	0	0	0	0	1	0	1	0	0	0	0	0	0	0	1	0	0	0	0	1	0	0	0	1	0	0	0	0	1	0	1	0	0	0	0	0	0	0	1	0	0	0	0	0	0	1	1	0	0	0	0	0	0	0	0	0	0	0	0	0	0	0	0	0	1	0	0	0	0	0	0	0	0	1	0	0	1	1	2	0	0	0	1	0	0	1	1	0	0	0	0	0	0	0	0	0	0	0	1	0	0	0	1	0	0	0	1	0	0	0	0	0	0	0	0	1	0	1	0	0	0	0	0	0	0	0	0	0	0	0	0	0	0	1	0	0	0	0	1	0	0	1	0	0	0	0	0	
Amplification Peak  6	3q26.2  	chr3:169915972-170121828(probes 357715:357847)    	chr3:169917129-169965483(probes 357716:357748)    	chr3:166854748-180074795(probes 356013:363004)    	1.7801e-05	 0.00022929		0: t<0.1; 1: 0.1<t< 0.9; 2: t>0.9	0	0	0	0	0	0	0	0	1	0	0	0	0	0	0	0	2	0	1	0	0	0	0	0	0	0	0	1	0	0	2	0	1	0	0	0	0	0	0	0	0	0	1	0	0	0	0	0	0	0	0	0	1	0	0	0	0	0	0	1	1	1	0	0	0	0	0	0	0	1	1	0	1	1	1	0	1	0	1	0	1	1	0	1	0	0	0	1	0	0	1	0	1	1	0	1	0	0	0	0	0	0	0	0	2	0	0	0	0	0	1	0	0	0	0	0	0	1	1	0	1	0	1	0	0	0	0	0	0	0	0	0	1	0	0	0	0	0	0	0	0	0	1	0	2	0	1	0	0	2	0	0	0	0	0	0	0	0	0	0	0	0	0	1	0	0	0	0	0	0	0	1	0	1	0	0	1	0	0	0	0	0	0	0	1	0	1	0	0	0	0	0	0	0	1	0	1	0	0	0	0	0	0	0	0	0	0	0	0	0	0	0	0	0	0	0	0	0	0	1	0	0	0	0	0	0	0	0	0	0	0	0	0	0	1	0	0	0	0	0	0	0	0	0	0	0	0	0	0	0	0	0	0	0	0	0	1	0	1	1	0	0	0	0	0	0	0	1	0	0	0	0	0	1	0	1	0	0	0	0	0	2	0	0	0	0	0	0	0	0	0	0	2	0	0	0	0	0	0	0	0	0	0	0	0	0	0	0	0	0	0	0	0	0	1	0	1	0	0	0	1	1	0	1	0	0	1	0	0	0	0	0	0	0	0	0	0	0	0	0	0	0	0	0	1	0	0	0	1	1	0	0	0	0	0	0	0	0	1	0	1	0	0	0	0	0	0	0	2	0	0	0	0	1	0	0	0	1	0	0	0	0	1	0	1	0	0	0	0	0	0	0	1	1	0	0	0	0	0	1	0	0	0	0	0	0	0	0	0	0	2	0	0	0	0	0	0	0	1	0	0	0	0	0	0	0	0	1	0	0	1	1	0	0	0	0	1	0	0	1	1	0	0	0	0	0	0	0	0	0	1	0	1	0	0	0	1	0	0	0	0	0	0	0	0	0	0	1	0	1	0	1	0	0	0	0	0	0	0	0	0	0	0	0	0	0	0	1	0	0	0	0	1	0	0	0	0	1	0	0	0	
Amplification Peak  7	3q26.32 	chr3:176260197-179110507(probes 360823:362303)    	chr3:177300683-177457480(probes 361289:361364)    	chr3:166854748-180074795(probes 356013:363004)    	0.00019527	  0.0060687		0: t<0.1; 1: 0.1<t< 0.9; 2: t>0.9	0	0	0	0	0	0	0	0	0	0	0	0	0	0	0	0	0	0	1	0	0	0	0	0	0	0	0	0	0	0	1	0	1	0	0	0	0	0	0	0	0	0	0	0	0	1	0	0	0	0	0	0	1	0	0	0	0	0	0	0	1	1	0	0	0	0	0	0	0	2	1	0	1	0	1	0	1	0	1	0	1	1	0	1	0	0	0	1	0	0	1	0	0	1	0	1	0	0	0	0	0	0	0	0	1	0	0	0	0	0	2	0	0	0	0	0	0	1	1	0	1	0	0	0	0	0	0	0	0	0	0	0	1	0	0	0	0	0	0	0	0	0	1	0	0	0	1	0	0	2	0	0	0	0	0	0	0	0	0	0	0	0	0	0	0	0	0	0	0	0	0	1	0	1	0	0	1	0	0	0	0	0	0	0	1	0	2	0	0	0	0	0	0	0	0	0	1	0	0	0	1	0	0	0	0	0	0	0	0	0	0	0	0	0	0	0	0	0	0	1	0	0	0	0	0	0	0	0	0	0	0	0	0	0	1	1	0	0	0	0	0	0	0	0	0	0	0	0	0	0	0	0	0	0	0	0	1	0	0	0	0	0	0	0	0	0	0	0	0	0	0	0	0	0	0	0	0	0	0	0	0	2	0	0	0	1	0	0	0	0	0	0	2	0	0	0	0	0	0	0	0	0	0	0	0	0	0	0	0	0	0	0	0	0	1	0	1	0	0	0	1	1	0	1	1	0	1	0	0	0	0	0	0	0	0	0	0	0	0	0	0	0	0	0	1	0	0	0	1	1	0	0	0	0	0	0	0	0	1	0	1	0	0	0	0	0	0	0	2	0	0	0	0	1	0	0	0	1	0	0	0	0	1	0	1	0	0	0	0	0	0	0	1	0	0	0	0	0	0	0	1	0	0	0	0	0	0	0	0	0	2	0	0	0	0	0	0	0	1	0	0	0	0	0	0	0	0	0	0	0	1	1	1	0	0	0	1	0	0	1	1	0	0	0	0	0	1	0	0	0	1	0	1	0	0	0	1	0	0	0	0	0	0	0	0	0	0	1	0	1	0	1	0	0	0	0	0	0	0	0	0	0	0	0	0	0	0	1	0	0	0	0	1	0	0	0	0	1	0	0	0	
Amplification Peak  8	4q13.3  	chr4:73121992-73261136(probes 412680:412728)        	chr4:73127260-73212734(probes 412681:412713)        	chr4:72524293-73430009(probes 412291:412803)        	0.00090606	 0.00090606		0: t<0.1; 1: 0.1<t< 0.9; 2: t>0.9	0	0	1	0	0	0	0	0	0	1	0	0	0	0	0	0	0	0	2	0	0	0	0	0	0	0	0	0	0	0	0	0	0	0	0	0	0	0	0	0	0	0	2	0	0	0	0	0	0	0	0	0	0	0	0	0	0	0	0	0	0	0	0	0	0	0	0	0	0	0	0	0	0	2	0	0	0	0	0	0	1	0	0	0	0	0	0	0	0	0	0	0	0	0	0	0	0	1	0	0	1	0	0	0	0	0	0	0	0	0	0	0	0	0	0	0	0	1	0	0	1	0	0	0	0	0	0	0	0	0	0	0	0	0	1	0	0	0	0	0	0	0	0	0	1	0	0	0	0	0	0	0	0	0	0	0	0	0	0	0	0	0	0	1	0	0	0	0	0	0	0	1	0	2	0	0	0	0	0	0	0	0	0	0	0	0	0	0	0	0	0	0	0	0	0	0	0	0	0	0	0	0	0	0	0	0	0	0	0	0	0	0	1	0	0	0	0	0	0	0	0	0	0	0	0	0	0	0	0	0	0	0	0	0	1	1	0	0	0	0	0	1	0	0	0	0	0	0	0	0	0	0	0	0	0	0	0	0	0	0	0	0	0	0	0	0	0	0	0	0	0	0	0	0	0	0	0	0	0	0	1	0	0	0	0	0	0	0	0	0	0	0	2	0	0	0	0	1	0	0	0	0	0	0	0	0	0	0	0	1	0	0	0	0	0	0	0	0	0	0	0	0	0	0	1	0	0	0	0	0	0	0	0	0	0	0	0	0	0	0	0	0	0	0	0	0	0	0	1	0	0	0	0	0	0	0	0	0	0	0	0	0	0	0	0	0	0	0	0	0	0	0	0	0	0	0	0	0	0	0	0	0	0	0	0	0	0	0	0	0	0	0	0	0	0	0	0	0	0	0	0	0	0	0	0	0	0	0	0	0	0	0	0	0	0	0	0	0	0	0	0	0	0	0	0	0	0	0	0	0	0	0	1	0	0	0	0	0	0	0	0	0	0	0	0	0	0	0	0	0	0	0	0	0	0	0	0	0	0	0	0	0	0	0	0	0	0	0	0	0	0	0	2	0	0	0	0	0	0	0	0	0	0	0	0	0	0	0	0	0	0	0	0	0	0	1	0	0	0	0	0	
Amplification Peak  9	4q32.3  	chr4:146382311-190214555(probes 454078:476651)    	chr4:168823417-169206491(probes 466834:467064)    	chr4:168821315-169211573(probes 466833:467067)    	0.14119	    0.14119		0: t<0.1; 1: 0.1<t< 0.9; 2: t>0.9	0	0	0	0	0	0	0	0	0	0	0	0	0	0	0	0	0	0	0	0	0	0	0	0	0	0	0	0	0	0	0	0	0	0	0	0	0	0	0	0	0	0	1	0	0	0	0	0	0	0	0	0	0	0	0	0	0	0	0	1	0	0	0	0	0	0	0	0	0	0	0	0	0	0	0	0	0	0	0	0	0	0	0	0	0	0	0	0	0	0	0	0	0	0	0	0	0	0	0	0	0	0	0	0	0	0	0	0	0	0	1	0	0	0	0	0	0	1	0	0	1	0	0	0	0	0	0	0	0	0	0	0	0	0	0	0	0	0	0	0	0	0	0	0	0	0	0	0	0	0	0	0	0	0	0	0	0	0	0	0	0	0	0	1	0	0	0	0	0	0	0	0	0	0	0	0	0	0	0	0	0	0	0	0	0	0	1	0	0	0	0	0	0	0	0	0	0	0	0	0	0	0	0	0	0	0	0	0	0	0	0	0	0	0	0	0	0	0	0	0	0	0	0	0	0	0	0	0	0	0	0	0	0	0	1	1	0	0	1	0	0	0	0	0	0	0	0	0	0	0	0	0	0	0	0	0	0	0	0	0	0	0	0	0	0	0	0	1	0	0	0	0	0	0	0	0	0	0	0	0	1	0	0	0	0	0	0	0	0	0	0	1	1	0	0	0	0	0	0	0	0	0	0	0	0	0	0	0	0	0	0	0	0	0	0	0	0	0	0	0	0	0	0	0	0	0	0	0	0	0	0	0	0	0	0	0	0	0	0	0	0	0	0	0	0	0	0	0	0	0	0	0	0	0	0	0	0	0	0	0	1	0	0	0	0	0	0	0	0	0	0	0	0	0	0	0	0	0	0	0	0	0	1	0	0	0	0	0	0	0	0	0	0	0	0	0	0	0	0	0	0	0	0	0	0	0	0	0	0	0	0	0	0	0	0	0	0	0	0	0	0	0	0	0	0	0	0	0	0	0	0	0	2	0	0	0	0	0	0	0	0	0	0	0	0	0	2	0	0	0	0	0	0	0	0	0	0	0	0	0	0	0	0	0	0	0	0	0	0	0	0	0	0	0	0	0	0	0	0	0	0	0	0	0	0	0	0	0	0	0	0	0	0	0	0	1	0	0	0	0	0	
Amplification Peak 10	7p14.3  	chr7:23706454-38414054(probes 688781:698660)        	chr7:33204043-33436763(probes 695106:695234)        	chr7:33086064-33598091(probes 695071:695352)        	0.10334	    0.10334		0: t<0.1; 1: 0.1<t< 0.9; 2: t>0.9	1	0	1	0	1	0	0	0	0	0	0	0	0	0	0	0	0	0	0	0	0	0	0	0	0	0	0	0	0	0	0	1	0	0	0	1	0	0	0	0	0	1	2	1	0	0	1	0	0	1	0	0	0	1	0	1	0	0	0	0	1	0	0	0	0	0	1	0	0	0	1	1	0	1	0	1	1	0	0	1	1	1	0	2	1	0	0	1	0	0	0	0	1	0	0	1	0	0	0	0	0	0	0	0	0	0	0	0	2	0	2	1	0	0	0	0	0	0	0	0	2	0	1	1	0	0	0	2	0	0	0	0	0	0	0	0	0	0	0	0	1	0	1	0	0	0	0	1	0	0	0	1	0	0	0	0	1	0	0	0	0	0	0	0	0	0	0	1	0	0	0	1	0	0	0	0	0	0	0	2	0	0	0	0	0	0	1	0	0	0	0	0	0	0	0	0	1	0	0	0	0	0	0	0	0	0	0	0	0	0	1	1	0	1	0	0	0	0	1	1	0	0	0	0	0	0	0	0	0	0	0	0	0	0	2	0	0	0	0	0	0	0	0	0	0	0	0	0	0	0	0	0	0	0	0	0	1	0	0	0	0	0	0	0	0	0	0	1	0	0	0	1	0	1	0	0	1	0	0	1	1	0	1	0	0	0	0	0	0	1	0	1	2	0	0	0	0	1	0	0	0	0	0	1	0	0	0	0	0	0	1	0	0	0	0	0	0	0	0	0	0	0	0	0	1	0	1	0	0	0	0	0	0	1	0	0	1	0	0	0	0	0	0	2	0	0	0	0	1	0	0	0	1	0	0	0	0	0	1	0	1	0	0	0	0	0	0	1	0	0	0	0	0	1	1	0	0	0	0	0	0	0	0	0	0	0	0	0	2	0	0	1	0	0	0	0	0	0	0	1	1	0	0	0	0	0	0	1	1	1	0	1	0	1	0	0	0	0	0	0	1	1	0	0	0	0	0	1	0	0	0	0	0	0	0	1	1	0	1	0	1	0	0	0	0	1	1	0	0	1	0	0	1	0	0	2	2	0	0	0	0	0	0	0	0	0	1	0	0	0	0	0	0	2	0	0	0	0	1	0	0	0	0	0	0	0	0	0	0	0	0	0	1	0	0	1	0	1	0	1	2	
Amplification Peak 11	7q22.1  	chr7:57876480-125974759(probes 710418:741428)      	chr7:100386635-100479662(probes 727973:727997)    	chr7:100386635-100499667(probes 727973:728000)    	0.15369	    0.15369		0: t<0.1; 1: 0.1<t< 0.9; 2: t>0.9	1	0	0	0	1	0	0	0	0	0	0	0	0	0	0	0	0	0	0	0	0	0	0	0	0	0	0	0	0	0	0	1	0	0	0	1	0	0	0	0	0	1	2	1	0	0	1	0	1	1	0	0	0	1	0	1	0	0	0	0	1	0	0	0	0	0	1	0	0	0	1	1	0	1	0	1	1	0	1	1	1	1	0	2	1	0	0	1	0	0	0	0	1	0	0	2	0	0	0	0	0	0	0	0	0	0	0	0	2	0	1	1	0	0	0	0	0	1	0	0	1	0	1	0	0	0	0	2	0	0	0	0	0	0	1	0	0	0	0	0	0	0	1	0	2	0	0	1	0	0	0	1	0	0	0	0	1	0	0	0	0	0	0	1	0	0	0	1	0	0	0	1	0	0	0	0	0	0	0	2	0	0	0	0	0	0	1	0	0	0	0	0	0	0	0	0	1	0	0	0	0	0	0	0	0	0	0	0	0	0	1	1	1	0	0	0	0	0	1	1	0	0	0	0	0	0	0	0	0	0	0	0	0	0	2	0	0	0	0	0	0	0	0	0	0	0	0	0	0	0	0	0	0	0	0	0	0	0	0	0	0	0	0	0	0	0	0	1	0	0	0	1	0	1	0	0	1	0	1	1	1	0	1	1	0	0	0	0	0	1	0	1	1	0	0	0	0	2	0	0	0	0	0	1	0	0	0	0	0	0	1	0	0	0	0	0	0	0	0	0	0	0	0	0	1	0	1	0	0	0	0	0	0	1	0	0	1	0	0	0	0	0	0	1	0	0	0	0	0	0	0	0	0	0	0	0	0	0	0	0	1	0	0	0	0	0	0	1	0	0	0	0	0	1	1	0	0	0	0	0	0	0	0	0	0	0	0	0	0	0	0	1	0	0	0	0	0	0	0	1	1	0	0	0	0	0	0	1	1	1	0	1	0	1	0	0	0	0	0	0	1	1	0	0	0	0	0	1	0	0	1	0	0	0	0	1	1	0	1	0	1	0	0	0	0	1	2	0	0	1	0	0	2	0	0	2	1	0	0	0	0	0	0	0	0	0	1	0	0	0	0	0	0	2	0	0	0	0	0	0	0	0	0	0	0	0	0	0	0	0	0	0	1	0	0	1	0	0	0	1	2	
Amplification Peak 12	7q34    	chr7:142554532-142768622(probes 750871:750883)    	chr7:142554631-142581255(probes 750872:750882)    	chr7:142544397-142810922(probes 750870:750886)    	6.5562e-05	 6.5562e-05		0: t<0.1; 1: 0.1<t< 0.9; 2: t>0.9	1	0	0	0	1	0	0	0	0	0	0	1	0	0	0	0	0	0	0	0	0	0	0	0	0	0	0	0	0	0	0	1	1	0	0	1	0	0	0	0	0	1	2	1	0	0	0	0	0	1	0	0	0	1	0	1	0	0	0	1	1	0	0	0	0	0	2	0	0	0	1	1	0	0	0	1	1	0	1	1	1	1	0	2	0	0	0	1	0	0	0	0	1	0	0	1	0	0	0	0	0	0	0	0	0	0	0	0	2	0	0	1	0	0	0	0	0	0	0	0	0	0	1	1	0	0	0	2	0	0	0	0	0	0	1	0	0	0	0	0	0	0	1	0	0	0	0	1	0	0	0	1	0	0	0	0	1	0	0	0	0	0	0	1	0	0	0	0	0	0	0	1	0	0	0	0	0	0	0	2	0	0	0	0	0	0	1	0	0	0	0	0	0	0	0	0	1	0	0	0	0	0	0	0	0	0	0	0	0	0	1	1	1	0	0	0	0	0	1	1	0	0	0	0	0	0	0	0	0	0	0	0	0	0	2	0	0	0	0	0	0	0	0	0	0	0	0	0	0	0	0	0	0	0	0	0	0	0	0	0	0	0	0	1	0	0	0	1	0	0	0	1	0	1	0	0	1	0	1	1	0	0	1	1	0	0	0	0	0	1	0	1	1	0	0	0	0	0	0	0	0	0	0	1	0	0	0	0	0	0	1	0	0	0	0	0	0	0	2	0	0	0	0	1	1	0	1	0	0	0	0	0	0	1	0	0	2	0	0	0	0	0	0	1	0	0	1	0	1	0	0	2	0	0	2	0	0	0	0	0	1	0	0	0	0	0	0	2	1	0	0	0	0	1	1	0	0	1	0	0	0	0	0	0	0	0	2	0	0	0	0	0	0	0	0	0	0	0	0	1	1	0	0	0	0	0	0	1	1	1	0	1	0	1	0	0	0	0	0	0	1	1	0	0	0	0	0	1	0	0	0	0	0	0	0	0	1	0	0	0	1	0	0	0	0	1	1	0	0	1	0	0	1	0	0	2	1	0	0	0	0	0	0	0	0	0	1	0	0	0	0	0	0	2	0	0	0	0	1	0	0	0	0	0	0	0	0	0	0	0	0	0	1	0	0	1	0	0	0	1	2	
Amplification Peak 13	8p11.22 	chr8:38722994-38923521(probes 781927:782004)        	chr8:38763781-38845586(probes 781944:781964)        	chr8:36827926-40450126(probes 780934:782854)        	2.8585e-05	 2.8585e-05		0: t<0.1; 1: 0.1<t< 0.9; 2: t>0.9	0	0	0	0	2	0	0	0	0	0	0	0	0	0	0	0	0	0	1	0	0	0	0	0	0	0	0	0	0	0	0	0	1	0	0	0	0	0	0	0	0	1	2	1	0	0	0	0	1	0	0	0	0	0	0	1	0	0	1	0	0	0	0	0	2	0	0	0	0	0	0	0	0	0	1	0	2	0	0	1	1	0	0	0	0	0	0	1	0	0	0	0	1	0	0	0	0	1	0	0	0	0	0	0	0	0	0	0	2	0	2	0	0	0	0	0	0	0	0	1	1	0	1	0	0	0	0	1	0	0	0	0	0	0	0	0	0	0	0	0	1	0	0	0	0	0	0	0	0	0	0	0	0	0	0	0	1	0	0	0	0	0	0	0	1	0	0	1	0	1	0	2	0	0	0	0	0	0	0	1	0	0	0	0	0	0	1	0	0	0	0	0	0	0	0	1	0	1	0	0	0	1	0	0	0	0	0	0	0	0	0	1	0	0	0	0	0	0	0	1	0	0	0	0	0	0	0	0	0	0	0	0	0	0	1	1	0	0	1	0	0	0	0	0	0	0	0	2	0	0	2	0	0	0	0	0	0	0	0	0	0	0	0	1	0	0	0	0	0	0	0	0	0	0	0	0	0	0	1	0	1	0	0	0	0	0	0	0	0	0	0	0	2	0	0	0	0	0	0	0	0	0	0	0	0	0	0	0	0	0	0	0	0	0	0	0	0	0	0	0	0	0	1	2	1	0	0	0	0	0	0	1	0	0	0	0	0	0	0	0	0	0	0	0	0	0	0	0	0	0	0	0	0	0	0	0	0	0	0	0	1	0	0	0	0	0	0	1	0	0	0	0	0	0	2	0	0	0	0	1	0	0	0	1	1	0	0	0	1	1	0	0	0	0	0	0	0	0	0	0	1	0	0	0	0	0	0	0	0	0	2	0	0	0	0	0	0	0	0	0	0	0	0	0	0	0	0	0	0	0	0	0	2	0	0	0	0	0	0	0	0	0	0	0	0	0	1	0	0	1	1	0	1	0	0	1	2	0	0	0	0	0	0	2	0	0	0	0	0	1	0	0	0	0	0	0	0	0	0	0	0	0	0	0	0	0	0	0	0	0	0	0	0	0	0	0	0	1	0	0	0	
Amplification Peak 14	8q21.11 	chr8:66378596-75143215(probes 795856:801198)        	chr8:72681459-72807145(probes 799661:799728)        	chr8:69311893-73115632(probes 797517:799943)        	0.0063045	    0.02606		0: t<0.1; 1: 0.1<t< 0.9; 2: t>0.9	0	0	1	0	2	0	0	0	0	1	0	1	0	0	0	0	0	0	1	0	1	0	0	0	0	0	0	1	0	1	0	1	2	0	0	1	1	2	0	0	0	2	1	1	0	1	1	0	2	0	1	0	0	0	0	2	0	0	1	1	0	1	0	0	2	0	2	0	0	2	1	1	0	0	1	2	2	0	2	1	2	1	0	2	0	0	0	1	0	1	0	0	2	1	0	1	0	1	0	0	0	0	0	0	0	0	0	1	2	0	2	0	0	0	0	0	0	1	1	1	1	0	1	1	0	0	0	1	0	0	1	0	1	0	2	0	0	0	2	0	0	0	0	0	2	0	0	0	0	1	2	0	0	0	0	1	1	0	0	0	0	0	0	1	1	0	0	1	0	1	0	2	0	0	0	0	1	0	0	1	0	0	0	0	0	0	1	0	0	0	0	0	0	0	0	1	2	1	0	1	0	1	0	0	0	1	1	0	0	0	0	2	1	0	0	0	0	0	0	2	0	0	0	0	0	0	0	0	0	0	0	1	1	0	1	1	0	0	2	0	0	1	0	0	0	1	0	2	0	0	2	0	0	0	0	0	1	1	0	1	0	0	0	1	0	0	1	0	0	0	0	0	1	0	0	0	0	1	1	1	1	0	1	0	0	0	0	0	0	0	0	2	2	0	0	0	0	0	0	0	0	0	1	0	0	0	0	0	0	0	0	0	0	0	0	0	0	0	1	0	2	0	1	0	1	0	0	0	0	0	0	1	0	0	0	0	0	0	0	1	0	1	1	0	0	0	0	0	0	1	0	0	0	0	0	0	0	0	0	0	0	1	0	0	0	0	0	1	0	0	0	1	0	1	2	0	0	2	0	1	0	0	1	1	1	0	0	0	1	0	1	0	0	0	0	0	1	0	0	0	1	0	0	0	1	0	0	0	1	0	1	0	0	0	1	0	0	0	0	0	0	0	0	0	1	0	0	1	0	0	1	0	2	0	0	0	0	0	0	0	1	0	0	0	0	0	1	0	0	1	2	1	1	0	0	1	0	0	1	0	2	0	0	2	0	0	0	0	0	1	0	0	2	1	0	0	0	0	0	1	0	0	0	0	0	0	0	0	0	0	0	0	1	1	0	2	0	2	0	2	0	
Amplification Peak 15	8q21.13 	chr8:80331951-82074102(probes 804054:805046)        	chr8:81478483-81777839(probes 804731:804887)        	chr8:76749515-86355704(probes 802115:807145)        	2.8585e-05	 0.00010794		0: t<0.1; 1: 0.1<t< 0.9; 2: t>0.9	0	0	1	0	2	0	0	0	0	1	0	1	0	0	0	0	0	0	1	0	1	0	0	0	0	0	0	1	0	1	0	1	1	0	0	1	1	2	0	0	0	2	2	1	0	1	1	0	1	0	1	0	0	0	0	2	0	0	1	1	0	1	0	0	2	0	2	0	0	2	1	1	0	0	1	2	2	0	2	1	2	1	0	2	0	0	0	1	0	1	0	0	2	1	0	2	0	1	0	0	0	0	0	0	0	0	0	1	2	0	2	0	0	0	0	0	0	1	1	1	1	0	1	1	0	0	0	1	0	0	1	0	1	0	2	0	0	0	2	0	0	0	0	0	1	0	0	0	0	1	2	0	0	0	0	1	1	0	0	0	0	0	0	1	1	0	0	1	0	1	0	2	0	0	0	0	1	0	0	1	0	0	0	0	0	0	1	0	0	0	1	0	0	0	0	1	2	1	0	1	1	1	0	0	0	1	1	0	0	0	1	2	0	0	0	0	0	0	0	2	0	0	0	0	0	0	0	0	0	0	0	1	1	0	1	1	0	0	2	0	0	1	0	0	0	1	0	2	0	0	2	0	0	0	0	0	1	1	0	1	0	0	0	1	0	0	1	0	0	0	0	0	1	0	2	0	0	1	1	1	1	0	1	0	0	0	0	0	0	0	0	2	2	0	0	0	0	2	0	0	0	0	1	0	0	0	0	0	0	0	0	0	0	0	0	0	0	0	1	0	2	0	1	2	1	0	0	0	0	0	0	1	0	0	0	0	0	0	0	1	0	1	1	0	0	0	0	0	1	1	0	0	0	0	0	0	0	0	0	0	1	1	0	0	0	0	0	1	0	0	0	1	0	1	2	0	0	2	0	1	0	0	1	1	1	0	0	0	1	0	1	0	0	0	0	0	1	0	0	0	1	0	0	0	1	0	0	0	1	0	1	0	0	0	1	0	0	0	0	0	0	0	0	0	1	0	0	1	0	0	1	0	0	0	0	0	0	0	0	0	1	0	0	0	0	0	2	0	0	1	2	1	1	0	0	1	0	0	1	0	2	0	0	2	0	0	0	0	0	1	0	0	2	1	0	0	0	0	0	1	0	0	0	0	0	0	0	0	0	0	0	0	1	1	0	2	0	2	0	2	0	
Amplification Peak 16	8q22.3  	chr8:101248200-101583358(probes 815820:816052)    	chr8:101456415-101480880(probes 815957:815983)    	chr8:88665731-104629192(probes 808392:817824)      	3.5113e-05	 0.00044111		0: t<0.1; 1: 0.1<t< 0.9; 2: t>0.9	0	0	1	0	2	0	0	0	0	1	0	1	0	0	0	0	0	0	1	0	1	0	0	0	0	0	1	1	0	1	0	1	1	0	0	1	1	2	0	0	0	0	2	1	0	1	1	0	1	0	1	0	0	0	0	2	0	0	1	1	0	1	0	0	1	0	2	0	0	2	1	1	0	0	1	2	2	0	2	1	2	2	0	2	0	0	0	1	0	1	0	0	2	1	0	1	0	1	0	0	0	0	0	0	0	0	0	2	2	0	2	0	0	0	0	0	1	1	1	0	1	0	1	1	0	0	0	1	0	0	1	0	1	0	2	0	0	0	2	0	0	0	0	0	1	0	0	0	0	1	2	0	0	0	0	1	1	0	0	0	0	0	0	1	1	0	0	1	0	1	0	2	0	0	0	0	1	0	0	1	0	0	0	0	0	0	1	0	0	0	0	0	0	0	0	1	2	1	0	1	0	1	0	0	0	1	1	0	0	0	1	2	0	1	0	0	0	0	0	2	0	0	0	0	0	0	0	0	0	0	0	1	0	0	1	2	0	1	1	0	0	1	0	0	0	1	0	2	0	0	2	0	0	0	0	0	1	1	0	1	0	0	0	1	0	0	1	0	0	0	0	0	1	0	1	0	0	1	1	1	1	0	1	0	0	0	0	0	0	0	0	2	2	0	0	0	0	2	0	0	0	0	1	0	0	0	0	0	0	0	0	0	0	0	0	0	0	0	1	0	1	0	1	1	1	0	0	0	0	0	0	2	0	0	0	0	0	0	0	1	0	1	1	0	1	1	0	0	1	1	0	0	0	0	0	0	0	0	0	0	1	0	0	0	0	0	0	1	0	1	0	1	0	1	2	0	0	2	0	1	0	0	1	1	1	0	0	0	1	0	1	0	0	0	0	0	1	0	0	0	1	0	0	0	0	0	0	0	1	0	1	0	0	0	1	0	0	0	0	0	0	0	0	0	2	0	0	1	0	0	1	0	2	0	0	1	0	0	0	0	1	0	0	0	0	1	1	0	0	1	2	1	1	0	0	1	0	0	1	0	2	0	0	2	0	0	0	0	0	1	0	0	2	1	0	0	0	0	0	1	0	0	0	0	0	0	0	0	0	0	0	0	1	1	0	2	0	2	0	2	0	
Amplification Peak 17	8q24.21 	chr8:126998524-127806762(probes 831296:831888)    	chr8:127454817-127570067(probes 831612:831703)    	chr8:120837142-135035690(probes 827111:837296)    	1.8655e-06	 4.0807e-06		0: t<0.1; 1: 0.1<t< 0.9; 2: t>0.9	0	0	1	0	2	0	0	0	0	1	1	1	0	0	0	0	0	0	1	0	1	0	0	0	0	0	1	1	0	1	0	1	2	0	0	1	1	2	0	0	0	1	2	1	0	1	1	0	1	0	0	0	0	0	0	2	0	0	1	1	0	0	0	0	2	0	2	0	0	2	1	1	0	1	1	2	2	1	2	1	2	1	0	2	0	0	0	1	0	1	0	0	2	1	0	1	0	1	0	0	0	0	0	0	0	0	0	0	2	0	2	0	0	0	0	0	1	1	1	1	1	0	1	1	0	0	0	1	0	0	1	0	2	0	2	0	0	0	2	0	0	0	0	0	2	0	0	0	0	0	2	0	0	0	0	1	1	0	0	0	0	0	0	1	1	0	0	1	0	1	0	2	0	0	0	0	1	0	0	1	0	0	0	0	0	0	2	0	0	0	0	0	0	0	0	1	2	1	0	1	0	1	0	0	0	1	2	0	0	0	1	2	0	1	0	0	0	0	0	2	0	0	0	0	0	0	0	0	0	0	0	1	0	0	1	1	0	1	1	0	0	0	0	0	0	1	0	2	0	0	2	0	0	0	0	0	2	0	0	1	0	0	0	1	0	0	1	0	0	0	0	0	1	0	1	1	0	1	1	1	1	0	1	0	0	1	0	0	0	0	0	2	2	0	0	0	0	1	0	0	0	0	1	0	0	0	0	0	0	0	0	0	0	0	0	0	0	0	1	0	1	0	1	2	1	0	0	0	0	0	0	2	0	0	0	0	0	0	0	1	0	1	1	0	1	0	0	0	1	1	0	1	0	0	0	0	1	0	0	0	1	0	0	0	0	0	0	1	0	1	0	1	0	1	2	0	0	2	0	1	0	0	1	1	1	0	0	0	1	0	1	0	0	0	0	0	1	0	0	0	1	0	0	0	0	0	0	0	1	0	2	0	0	0	1	0	0	0	0	0	0	0	0	0	2	0	0	1	0	0	1	0	1	0	0	1	0	0	0	0	1	0	0	0	0	1	2	0	0	1	2	1	1	0	0	1	0	0	1	0	2	0	0	2	0	0	0	0	0	1	0	0	2	1	0	0	0	0	0	1	0	0	0	0	0	0	0	0	0	0	0	0	1	1	0	2	0	1	0	2	0	
Amplification Peak 18	11q13.2 	chr11:67271142-67381552(probes 1029257:1029294)    	chr11:67271231-67370474(probes 1029258:1029293)    	chr11:64828201-70943072(probes 1028723:1030971)    	1.8655e-06	 1.8655e-06		0: t<0.1; 1: 0.1<t< 0.9; 2: t>0.9	0	0	0	0	1	0	0	0	0	0	0	0	0	0	0	0	0	0	0	0	0	0	0	0	0	0	0	0	0	0	0	0	0	0	0	0	0	0	0	0	0	0	1	1	0	0	0	0	0	1	0	0	0	0	0	0	0	0	0	1	0	0	0	0	0	0	0	0	0	0	1	0	0	2	0	1	1	0	0	0	1	0	0	1	0	0	0	0	0	0	0	0	0	0	0	0	0	0	0	0	0	0	0	0	0	0	0	0	0	0	2	0	0	0	0	0	0	1	0	0	1	0	0	0	0	0	0	0	0	1	0	0	0	0	0	0	0	0	0	0	0	0	0	1	2	0	0	0	0	0	0	0	0	0	0	0	0	0	0	0	0	0	0	1	0	0	0	0	0	0	0	1	0	0	0	0	0	0	0	0	0	0	0	0	0	0	1	0	0	0	0	0	0	0	0	0	0	0	0	0	0	0	0	0	0	0	0	0	0	0	0	1	1	0	0	0	0	1	0	0	0	0	0	0	0	0	0	0	0	0	0	0	0	0	0	1	0	0	0	0	0	1	0	0	0	0	0	0	0	0	0	0	0	0	0	0	0	0	0	1	0	0	0	0	0	0	0	0	0	0	0	0	1	0	0	0	0	0	0	0	1	0	0	1	0	0	0	0	0	0	0	0	2	0	0	0	0	1	0	0	0	0	1	0	0	0	0	0	1	0	0	0	0	0	0	1	0	0	0	0	0	0	0	0	2	0	0	0	0	0	0	0	0	0	0	0	0	0	0	1	0	0	0	0	0	0	0	0	1	0	0	0	0	0	0	0	0	0	0	0	0	0	0	0	0	0	0	1	0	0	0	0	0	0	0	0	0	2	0	0	0	0	0	0	1	0	0	0	0	0	0	0	0	0	0	0	0	0	0	0	0	0	0	0	0	0	0	0	0	0	1	0	0	1	0	0	0	0	0	0	0	0	0	0	0	0	0	0	0	0	0	0	1	0	0	0	0	0	0	0	0	0	0	0	0	0	2	0	0	1	0	0	1	0	0	1	1	0	0	0	0	0	0	0	0	0	0	0	0	0	0	0	0	0	0	0	0	0	0	0	0	0	0	0	0	0	0	1	0	0	0	0	1	0	0	1	0	0	0	0	0	
Amplification Peak 19	12q13.13	chr12:51735907-52392241(probes 1098424:1098760)    	chr12:51986207-52096076(probes 1098539:1098586)    	chr12:51986207-52102441(probes 1098539:1098589)    	0.2348	     0.2348		0: t<0.1; 1: 0.1<t< 0.9; 2: t>0.9	0	0	0	0	0	0	0	0	0	1	0	1	0	0	0	0	0	0	0	0	0	0	0	0	0	0	0	0	0	0	0	0	1	0	0	0	0	0	0	0	0	0	0	0	0	0	0	0	0	0	0	0	0	0	0	0	0	0	0	0	0	0	0	0	0	0	0	0	0	1	0	0	0	0	0	0	1	0	0	0	0	0	0	0	0	0	0	0	0	0	0	0	0	1	0	0	0	0	0	0	0	0	0	0	0	0	0	0	0	0	1	0	0	0	0	0	0	1	0	0	0	0	0	0	0	0	0	0	0	0	0	0	0	0	0	0	0	0	0	0	0	0	0	0	2	0	0	0	0	0	0	0	0	0	0	0	0	0	0	0	0	0	0	1	0	0	0	0	0	0	0	0	0	0	0	0	0	0	0	0	0	0	0	0	0	0	1	0	0	0	0	0	0	0	0	0	0	0	0	1	0	0	0	0	0	0	0	0	0	0	0	0	0	0	0	0	0	0	0	1	0	0	0	0	0	0	0	0	0	0	0	0	0	0	0	1	0	0	0	0	0	0	0	0	0	0	0	0	0	0	0	0	0	0	0	0	0	1	0	0	0	0	0	0	0	0	0	0	0	0	0	0	0	0	0	0	0	0	0	0	0	0	0	0	0	0	0	0	0	0	0	0	2	0	0	0	0	0	0	0	0	0	0	0	0	0	0	0	0	0	0	0	0	0	0	0	0	0	0	0	0	0	0	0	1	0	0	0	0	0	0	0	0	0	0	0	0	0	0	0	0	0	0	0	0	0	0	0	0	0	0	0	0	0	0	0	0	0	0	0	0	0	0	0	0	0	0	1	0	0	0	0	0	0	0	0	0	0	0	0	0	0	0	0	0	0	0	0	0	0	0	0	0	0	0	0	0	0	0	0	0	0	0	0	0	0	0	0	0	0	0	0	0	0	0	0	0	0	0	0	0	0	0	0	0	0	0	1	0	0	0	0	1	0	0	0	0	0	0	0	0	0	0	0	0	0	1	0	0	0	0	0	0	0	0	0	0	0	0	0	0	0	0	2	0	0	0	0	0	0	0	0	0	0	0	0	0	0	0	0	0	0	0	0	0	0	0	0	0	0	0	0	1	0	0	0	0	0	0	0	0	
Amplification Peak 20	12q23.1 	chr12:59695757-133275309(probes 1102939:1146547)  	chr12:98477594-98521477(probes 1127154:1127173)    	chr12:98332478-98626361(probes 1127051:1127226)    	0.15369	    0.15369		0: t<0.1; 1: 0.1<t< 0.9; 2: t>0.9	0	0	0	0	0	0	0	0	0	1	1	1	0	0	0	0	0	0	0	0	0	0	0	0	0	0	0	0	0	0	0	1	1	0	0	0	0	0	0	0	0	0	2	0	0	1	0	0	0	0	0	0	0	0	0	0	0	0	0	0	0	0	0	0	0	0	0	0	0	0	0	0	1	0	0	0	1	0	0	0	0	0	0	0	0	0	0	0	0	0	0	0	1	0	0	0	0	0	0	0	0	0	0	0	0	0	0	1	0	0	1	0	0	0	0	0	0	0	0	0	0	0	0	0	0	0	0	0	0	0	0	0	0	0	0	0	0	0	0	0	0	0	0	0	0	0	0	0	0	0	0	0	0	0	0	0	0	0	0	0	0	0	0	0	0	0	0	0	0	0	0	0	0	0	0	0	0	0	0	0	0	0	0	0	0	0	1	0	0	0	1	0	0	0	0	0	0	0	0	1	0	0	0	0	0	0	0	0	0	0	0	0	1	1	0	0	0	0	0	1	0	0	0	0	0	0	0	0	0	0	0	0	0	0	1	0	0	1	0	0	0	0	0	0	0	0	1	0	0	0	0	0	0	0	0	0	0	1	0	0	0	0	0	0	0	0	0	0	0	0	0	0	1	0	0	0	0	0	1	0	1	0	0	0	0	0	0	0	0	0	0	0	0	0	0	0	0	1	0	0	0	0	0	2	0	0	0	0	0	0	0	0	0	0	0	0	0	0	0	0	2	0	0	0	0	0	0	0	0	0	0	0	0	1	0	0	0	0	0	0	0	0	0	0	0	0	0	0	0	0	0	0	0	0	0	0	0	0	0	0	0	0	0	0	0	0	0	1	0	0	0	0	0	0	0	0	0	0	0	0	0	0	0	1	1	0	1	0	0	0	1	0	0	0	0	0	0	0	0	0	0	0	0	0	0	0	0	0	0	0	0	0	0	0	0	0	0	0	0	0	0	0	0	0	0	0	0	0	0	0	0	0	1	0	0	0	0	0	0	0	0	0	0	0	0	0	1	0	0	0	0	0	0	0	0	0	0	0	0	0	0	0	0	1	0	0	1	0	0	1	0	0	0	0	0	0	0	0	0	0	0	0	0	0	0	0	0	0	0	0	1	0	1	0	0	0	0	0	0	0	0	
Amplification Peak 21	13q12.11	chr13:20221750-20915721(probes 1147059:1147256)    	chr13:20820347-20830683(probes 1147217:1147221)    	chr13:19430793-21418650(probes 1146905:1147576)    	0.012162	   0.012162		0: t<0.1; 1: 0.1<t< 0.9; 2: t>0.9	0	0	0	0	0	0	0	0	0	0	0	0	0	0	0	1	0	0	0	0	0	0	0	0	0	0	0	0	0	0	0	0	0	0	0	0	0	0	0	0	0	0	1	0	0	0	0	0	0	0	0	0	0	0	0	0	0	0	0	0	0	0	0	0	0	0	0	0	0	0	0	0	0	1	0	0	0	0	0	0	1	0	0	0	0	0	0	0	0	0	0	0	0	0	0	0	0	0	0	0	0	0	0	0	0	0	0	0	0	0	1	0	0	0	0	0	0	0	0	0	0	0	0	0	0	0	0	0	0	0	0	0	0	0	0	0	0	0	0	0	0	0	0	0	2	0	0	0	0	0	0	0	0	0	0	0	0	0	0	0	0	0	0	0	0	0	0	0	0	0	0	0	0	0	0	0	0	0	0	1	0	0	0	0	0	1	0	0	0	0	0	0	0	0	0	0	0	0	0	0	0	0	0	0	0	0	0	0	0	0	0	0	0	0	0	0	0	0	0	0	0	0	0	0	0	0	0	0	0	0	0	0	0	0	0	0	0	0	0	0	0	0	0	0	0	0	0	0	0	0	0	0	0	0	0	0	0	0	0	0	0	0	0	0	0	0	0	0	0	0	0	0	0	1	0	0	0	0	0	0	0	0	0	0	0	0	0	0	0	0	0	1	0	0	0	0	0	1	0	0	0	0	0	0	0	0	0	0	1	0	0	0	0	0	0	0	0	0	0	0	0	0	0	0	0	0	0	0	0	0	0	0	0	0	0	0	0	0	0	0	0	0	0	0	0	0	0	0	0	0	0	0	0	1	0	0	0	0	0	0	1	0	0	0	0	0	0	0	0	0	0	0	0	0	0	0	0	1	0	0	0	0	0	0	1	0	0	0	0	0	0	0	0	0	0	0	0	0	0	0	0	0	0	0	0	0	0	0	0	0	0	0	0	0	0	0	0	0	1	0	0	0	0	0	0	0	0	0	0	0	0	0	2	0	0	0	0	0	0	0	0	0	0	0	0	0	0	0	0	0	0	0	0	0	0	1	1	0	0	0	0	0	0	0	0	0	0	0	0	0	0	0	0	2	0	0	0	0	1	0	0	0	0	0	0	0	0	0	0	0	0	0	0	0	0	0	0	0	0	1	0	
Amplification Peak 22	13q34   	chr13:107962021-111494319(probes 1200332:1203025)	chr13:109414836-109823393(probes 1201461:1201786)	chr13:109214794-111130322(probes 1201339:1202757)	0.050383	   0.050383		0: t<0.1; 1: 0.1<t< 0.9; 2: t>0.9	0	0	0	0	0	0	0	0	0	0	0	0	0	0	0	0	0	0	0	0	0	0	0	0	0	0	0	0	0	0	0	0	0	0	0	0	0	0	0	0	0	0	2	0	0	0	0	0	0	0	0	0	0	0	0	0	0	0	0	0	0	0	0	0	0	0	0	0	0	0	0	0	0	0	0	0	0	0	0	0	0	0	0	0	0	0	0	0	0	0	0	0	0	0	0	0	0	0	0	0	0	0	0	0	0	0	0	0	0	0	1	0	0	0	0	0	0	0	0	0	0	0	0	0	0	0	0	0	0	0	0	0	0	0	0	0	0	0	0	0	1	0	0	0	1	0	0	0	0	0	0	0	0	0	0	0	0	0	0	0	0	0	0	0	0	0	0	0	0	0	0	0	0	0	0	0	0	0	0	1	0	0	0	0	0	0	0	0	0	0	0	0	0	0	0	0	0	0	0	0	0	0	0	0	0	0	0	0	0	0	0	1	0	0	0	0	0	0	0	0	0	0	0	0	0	0	0	0	0	0	0	0	0	0	1	1	0	0	0	0	1	0	0	0	0	0	0	0	0	0	0	0	0	0	0	0	0	0	0	0	0	0	0	0	0	0	0	0	0	0	0	0	0	1	0	0	0	0	0	0	0	0	0	0	0	0	0	0	0	0	0	0	0	0	0	0	0	0	0	0	0	0	0	0	0	0	0	0	2	0	0	0	0	0	0	0	0	0	0	0	1	0	0	0	0	0	0	0	0	0	0	0	0	0	0	0	0	0	0	0	0	0	0	0	0	0	0	0	0	0	0	0	0	0	0	0	0	0	0	0	0	0	0	0	0	0	0	0	0	0	0	0	0	0	0	0	0	0	0	0	0	0	0	0	1	0	0	0	0	0	0	0	0	0	0	0	0	0	0	0	0	0	0	0	0	0	0	0	0	1	0	0	1	0	0	0	0	0	0	0	0	0	0	0	0	0	0	0	0	0	0	0	1	0	0	0	0	0	0	0	0	0	0	0	0	0	1	0	0	0	0	0	1	0	0	1	0	0	0	0	1	0	0	0	0	0	0	0	0	0	0	0	0	0	0	0	0	0	0	0	0	0	0	0	0	0	0	0	0	0	0	0	0	0	0	0	0	0	0	0	0	
Amplification Peak 23	14q21.1 	chr14:37558383-37577552(probes 1213960:1213970)    	chr14:37562444-37576056(probes 1213961:1213969)    	chr14:35813416-37713075(probes 1212748:1214018)    	1.8655e-06	 1.8655e-06		0: t<0.1; 1: 0.1<t< 0.9; 2: t>0.9	0	0	0	0	2	0	0	0	0	0	0	0	0	0	0	0	0	0	0	0	0	0	0	0	0	0	0	0	0	0	0	0	1	0	0	0	0	0	0	0	0	0	1	0	0	0	0	0	0	0	0	0	0	0	0	0	0	0	0	0	0	0	0	0	0	0	0	0	0	0	0	1	0	0	0	0	2	0	0	0	1	0	0	0	0	0	0	0	0	0	0	0	1	0	0	1	0	0	0	0	0	0	0	0	0	0	0	0	1	0	1	1	0	0	0	0	0	1	0	0	0	0	0	0	0	0	0	0	0	0	0	0	2	0	0	0	0	0	0	0	0	0	0	0	2	0	0	0	0	1	0	1	0	0	0	0	0	0	0	0	0	0	0	0	0	0	0	0	0	0	0	0	1	0	0	0	0	0	0	0	0	0	0	0	0	0	1	0	0	0	0	0	0	0	0	1	0	0	0	0	0	0	0	0	0	0	0	0	0	0	0	0	0	0	0	0	0	1	0	0	0	0	0	0	0	0	0	0	0	0	0	0	0	0	0	2	0	0	0	0	0	0	0	0	0	0	0	0	0	0	0	0	0	0	0	0	0	1	0	0	1	0	0	0	0	0	0	0	0	0	0	1	0	1	0	0	0	0	0	0	1	0	0	0	0	0	0	0	0	0	0	0	0	0	0	0	0	0	0	0	0	0	0	0	0	0	0	0	0	0	0	0	0	0	0	0	0	0	0	0	0	0	0	0	1	0	0	0	0	0	0	0	0	0	0	0	0	0	0	0	0	0	0	0	0	0	1	0	0	0	0	0	0	0	0	0	0	0	0	0	0	0	0	0	0	0	0	0	0	0	0	0	0	0	0	0	0	0	0	0	0	0	1	0	0	0	0	0	0	0	1	0	0	0	0	0	0	0	0	0	0	0	0	0	0	0	0	0	0	1	1	0	0	0	0	0	0	0	0	0	0	0	0	0	0	0	0	0	0	0	0	0	0	0	0	0	1	0	0	0	0	0	0	0	0	0	0	0	0	0	0	0	0	0	0	0	0	0	0	0	1	0	0	1	0	0	0	0	0	2	0	0	0	0	0	0	0	0	0	0	0	0	0	0	0	0	0	0	0	0	0	0	0	0	0	0	2	2	1	0	0	
Amplification Peak 24	15q11.2 	chr15:23611274-25768151(probes 1254580:1255690)    	chr15:25278980-25428668(probes 1255320:1255382)    	chr15:1-25772395(probes 1254443:1255692)           	0.0033821	  0.0033821		0: t<0.1; 1: 0.1<t< 0.9; 2: t>0.9	0	0	0	0	0	0	0	0	0	0	0	0	0	0	0	0	0	0	0	0	0	0	0	0	0	0	0	0	0	0	0	0	1	0	0	0	1	0	0	0	0	0	2	0	0	0	0	0	0	0	0	0	0	0	0	0	0	0	0	0	0	0	0	0	0	0	0	0	0	0	0	0	0	1	0	0	0	0	0	0	0	0	0	0	0	0	0	0	0	0	0	0	0	0	0	0	0	0	0	0	0	2	0	0	0	0	0	0	0	0	0	0	0	0	0	0	0	0	0	0	0	0	0	1	0	0	0	0	0	0	0	0	0	0	0	0	0	0	2	0	0	0	0	0	0	0	0	0	0	0	0	0	0	0	0	0	0	0	0	0	0	0	0	0	0	0	0	0	0	0	0	0	0	0	0	0	0	0	0	0	0	0	0	0	0	0	0	0	0	0	0	0	0	0	0	0	0	0	0	0	0	0	0	0	0	0	0	0	0	0	0	0	0	0	0	0	0	0	0	0	0	0	0	0	0	0	0	0	0	0	0	0	0	0	0	1	0	0	0	0	0	0	0	0	0	0	0	0	0	0	0	0	0	0	0	0	0	0	0	0	0	0	0	0	0	0	0	0	0	0	0	0	1	0	0	0	0	0	0	0	0	0	0	0	0	0	0	0	0	0	0	0	0	0	0	0	0	0	0	0	0	0	0	0	0	0	0	0	1	0	0	0	0	0	0	0	0	0	0	0	0	0	0	0	1	0	0	1	0	0	0	0	0	0	0	0	0	0	0	0	0	0	0	0	0	0	0	0	0	0	0	0	0	0	0	0	0	0	0	0	0	0	0	0	0	0	0	0	0	0	0	0	0	0	0	0	0	0	0	0	0	0	0	0	0	0	0	0	0	0	0	0	0	0	0	0	0	0	0	0	0	0	0	0	0	0	0	0	0	0	1	0	0	0	0	0	0	0	0	0	0	0	0	0	0	0	0	1	0	0	0	0	1	0	0	0	0	0	0	0	0	0	0	0	0	0	0	0	0	0	0	0	0	0	0	0	0	0	0	0	0	0	0	0	0	0	0	0	0	0	0	0	0	0	0	0	0	0	0	0	0	0	0	0	0	0	0	0	0	0	0	0	1	0	0	0	0	0	0	0	0	
Amplification Peak 25	16q11.2 	chr16:46606784-47160862(probes 1313897:1314127)    	chr16:46768078-46801649(probes 1313973:1313979)    	chr16:31841586-48888438(probes 1313870:1314988)    	0.0002189	  0.0002189		0: t<0.1; 1: 0.1<t< 0.9; 2: t>0.9	0	0	0	0	1	0	0	0	0	0	0	0	0	0	0	0	0	0	0	0	0	0	0	0	0	0	0	1	0	0	0	0	0	0	0	0	0	1	0	0	0	0	1	1	0	0	0	0	0	0	0	0	0	0	0	0	0	0	0	0	0	0	0	0	0	0	1	0	0	0	1	0	0	0	0	0	0	0	2	0	1	1	0	0	0	0	0	0	0	0	0	0	1	0	0	0	0	0	0	0	0	1	0	0	0	0	0	0	0	0	1	0	0	0	0	0	1	0	0	0	0	0	0	1	0	0	0	0	0	0	0	0	0	0	0	0	0	0	0	0	0	0	0	0	0	0	0	0	0	0	0	0	0	0	0	0	0	0	0	0	0	0	0	0	0	0	0	0	0	0	0	0	0	0	0	0	0	0	0	0	0	0	0	0	0	0	0	0	0	0	1	1	0	0	0	0	2	0	0	0	0	0	0	0	0	0	0	0	0	0	0	0	0	0	0	0	0	0	0	0	0	0	0	0	0	0	0	0	0	0	0	0	0	0	0	2	0	0	0	0	0	0	0	0	0	0	0	0	0	0	0	0	0	0	0	0	0	0	0	0	0	0	0	0	0	0	0	0	0	0	0	0	0	0	0	0	0	0	0	0	0	0	0	0	0	0	0	0	0	0	0	0	2	0	0	0	0	0	0	0	0	0	0	0	0	0	0	0	0	0	0	0	0	0	0	0	0	0	0	0	0	0	1	0	1	0	0	0	0	0	0	0	0	0	0	0	0	0	0	0	0	0	0	0	0	0	0	0	0	0	0	0	0	0	0	0	0	0	0	0	0	0	0	0	0	0	0	0	0	0	0	0	0	1	0	0	0	2	0	0	0	0	0	1	0	0	0	0	0	0	2	0	0	0	0	0	0	0	0	0	0	0	0	0	0	0	0	0	0	0	0	0	0	0	0	0	0	0	0	0	0	0	0	0	0	0	0	0	0	0	0	0	1	0	1	0	0	0	0	0	0	0	0	0	0	0	0	0	0	1	0	0	0	0	0	0	0	0	0	0	2	0	0	0	0	0	0	0	1	0	0	0	0	0	0	0	0	0	0	0	0	0	0	0	0	0	0	0	0	0	0	0	1	0	0	0	0	0	0	2	0	
Amplification Peak 26	17p11.2 	chr17:18957451-19361418(probes 1350378:1350435)    	chr17:19248790-19273749(probes 1350381:1350391)    	chr17:18957998-19367133(probes 1350379:1350437)    	0.040217	   0.040217		0: t<0.1; 1: 0.1<t< 0.9; 2: t>0.9	0	0	0	0	0	0	0	0	0	0	0	0	0	0	0	0	0	0	0	0	0	0	0	0	0	0	1	0	0	0	0	0	0	0	0	0	0	0	0	0	0	0	0	0	0	0	0	0	0	1	0	0	0	0	0	0	0	0	0	0	0	0	0	0	0	0	0	0	0	0	0	0	0	2	0	0	0	0	0	0	1	0	0	0	0	0	0	0	0	0	0	0	0	0	0	0	0	0	0	0	0	0	0	0	0	0	0	2	0	0	0	0	0	0	0	0	0	1	1	0	0	0	0	1	0	0	0	0	0	0	0	0	0	0	0	0	0	0	0	0	0	0	0	0	1	0	0	0	0	0	0	0	0	0	0	0	0	0	1	0	0	0	0	0	0	0	0	0	0	0	0	0	0	0	0	0	0	0	0	0	0	0	0	0	0	0	0	0	0	0	0	0	0	0	0	0	0	0	0	0	0	0	0	0	0	0	0	0	0	0	0	0	0	0	0	0	0	0	0	0	0	0	0	0	0	0	0	0	0	0	0	0	0	0	0	0	0	0	0	0	0	0	0	0	0	0	0	0	0	0	0	0	0	0	0	0	1	0	0	0	0	0	0	0	0	0	0	0	0	0	0	0	0	0	0	0	0	1	0	0	0	0	0	0	0	0	0	0	0	0	0	0	0	0	0	0	0	0	0	0	0	0	0	0	0	0	0	0	0	0	0	0	0	0	0	0	0	0	0	0	0	0	0	0	0	0	0	0	0	0	0	0	0	0	0	0	0	0	0	0	0	0	1	0	0	0	0	0	0	0	0	0	0	0	0	0	0	0	0	0	0	0	0	0	0	0	0	0	0	0	0	0	0	0	0	0	0	0	0	0	0	0	0	0	0	0	0	0	1	0	0	0	0	0	0	0	0	0	0	0	0	0	0	0	0	0	0	0	0	0	0	0	0	0	0	0	0	0	0	0	0	0	0	0	0	0	0	0	0	0	0	0	2	0	0	0	0	0	0	0	1	0	0	0	0	0	0	0	0	0	0	0	0	0	0	0	0	0	0	0	0	0	0	0	0	0	1	0	0	0	0	0	0	0	0	0	0	0	0	0	0	0	0	0	0	0	0	0	0	0	0	0	0	0	0	1	0	0	0	0	0	
Amplification Peak 27	17q23.2 	chr17:61711457-62112204(probes 1368051:1368223)    	chr17:61827366-61896888(probes 1368102:1368133)    	chr17:61395043-62226083(probes 1367873:1368270)    	0.0039347	  0.0039347		0: t<0.1; 1: 0.1<t< 0.9; 2: t>0.9	0	0	0	0	0	0	0	0	0	1	0	0	0	0	0	0	0	0	0	0	0	0	0	0	0	0	0	0	0	0	0	0	0	0	0	0	0	0	0	0	0	0	0	0	0	0	0	1	0	0	0	0	0	0	0	0	0	0	0	1	0	0	0	0	0	0	0	0	0	0	0	0	0	1	0	0	0	0	0	0	0	0	0	0	0	0	0	0	0	0	0	0	1	0	0	0	0	0	0	0	0	0	0	0	0	0	0	0	0	0	0	0	0	0	1	0	0	0	1	0	0	0	0	1	0	0	0	0	0	0	0	0	0	0	0	0	0	0	0	0	0	0	0	0	2	0	0	0	0	0	0	0	0	0	0	0	0	0	0	0	0	0	0	0	0	0	0	0	0	0	0	0	0	0	0	0	0	0	0	0	0	0	0	0	0	0	0	0	0	0	0	0	0	0	0	0	0	0	0	0	0	0	0	0	0	0	0	0	0	0	0	0	0	0	0	0	0	0	0	0	0	0	0	0	0	0	0	0	0	0	0	0	0	0	0	1	0	1	0	0	0	0	0	0	0	0	0	0	0	0	0	0	0	0	0	0	0	0	0	0	0	0	0	0	0	0	0	0	0	0	0	0	0	0	0	0	0	0	1	0	0	0	0	1	0	0	0	0	0	0	0	0	2	0	0	0	0	0	0	0	0	0	0	0	0	0	0	0	0	0	0	0	0	0	0	0	0	0	0	1	0	0	0	0	0	0	0	0	0	0	0	0	0	0	0	0	0	0	0	1	0	0	1	0	0	0	0	0	0	0	0	0	0	0	0	0	0	0	0	0	0	0	0	0	0	0	0	0	0	1	0	0	0	0	0	0	0	0	0	0	0	0	0	0	0	0	0	0	0	0	0	0	0	0	0	0	0	0	0	0	0	0	0	0	0	0	0	0	0	0	0	0	1	0	0	0	0	0	0	0	0	0	0	0	1	0	0	0	0	0	0	0	1	0	0	0	0	0	0	1	0	0	0	0	0	0	0	0	0	1	0	0	0	0	0	0	0	0	1	0	0	0	0	0	0	0	0	0	0	1	0	0	0	0	0	0	0	0	0	0	0	0	0	0	0	0	0	0	0	0	0	0	2	0	0	0	0	0	0	0	0	
Amplification Peak 28	18q21.31	chr18:58350292-58603764(probes 1410887:1411004)    	chr18:58444396-58457680(probes 1410888:1410902)    	chr18:58250974-58781698(probes 1410817:1411080)    	0.028024	   0.028024		0: t<0.1; 1: 0.1<t< 0.9; 2: t>0.9	0	0	0	0	1	0	0	0	0	0	0	0	0	0	0	0	0	0	0	0	0	0	0	0	0	0	0	0	0	0	0	0	0	0	0	0	0	0	0	0	0	0	0	0	0	0	1	0	0	0	0	0	0	0	0	0	0	0	0	0	0	0	0	0	0	0	0	0	0	0	0	0	0	0	0	0	0	0	0	0	0	0	0	0	0	0	0	0	0	0	0	0	1	0	0	0	0	0	0	0	0	0	0	0	0	0	0	0	0	0	0	0	0	0	0	0	0	0	1	0	0	0	0	0	0	0	0	0	0	0	0	0	0	0	0	0	0	0	0	0	0	0	0	0	2	0	0	0	0	0	0	0	0	0	0	0	0	0	0	0	0	0	0	1	0	0	0	0	0	0	0	0	0	0	0	0	0	0	0	0	0	0	0	0	0	0	0	0	0	0	0	0	0	0	0	0	0	0	0	0	0	0	0	0	0	0	0	0	0	0	0	0	0	0	0	0	0	0	0	0	0	0	0	0	0	0	0	0	0	0	0	0	0	0	0	2	0	0	0	0	0	0	0	0	0	0	0	0	0	0	0	0	0	0	0	0	0	0	0	0	0	0	0	0	0	0	0	0	0	0	0	0	0	0	0	0	0	0	0	0	1	0	0	1	0	0	0	0	0	0	0	0	2	0	0	0	0	0	0	0	0	0	0	0	0	0	0	0	0	0	0	0	0	0	0	0	0	0	0	0	0	0	0	0	1	0	0	0	0	0	0	0	0	0	0	0	0	0	0	0	0	0	0	0	0	0	0	0	0	0	0	0	0	0	0	0	0	0	0	0	0	0	0	0	0	0	0	0	0	0	0	0	0	0	0	0	0	0	0	0	0	0	0	0	0	0	0	0	0	0	0	0	0	0	0	0	0	0	0	0	0	0	0	0	0	0	0	0	0	0	0	0	0	0	0	0	0	0	0	0	0	0	0	0	0	0	0	0	0	0	0	0	2	0	0	0	0	0	0	0	0	0	0	0	0	0	0	0	0	0	0	0	1	0	0	0	0	0	0	0	0	0	0	0	0	0	0	0	0	0	0	0	0	1	0	0	0	0	0	0	0	0	0	0	0	0	0	0	0	0	0	0	0	0	0	0	0	0	0	0	0	
Amplification Peak 29	19q13.43	chr19:53399441-57184987(probes 1444647:1446242)    	chr19:56438925-56481245(probes 1445761:1445788)    	chr19:55930081-56708133(probes 1445544:1445955)    	0.059376	   0.059376		0: t<0.1; 1: 0.1<t< 0.9; 2: t>0.9	0	0	0	0	0	0	0	0	0	0	0	0	0	0	0	0	0	0	0	0	0	0	0	0	0	0	0	0	0	0	0	0	0	0	0	0	0	0	0	0	0	1	0	0	0	0	0	0	0	1	0	0	0	0	0	0	0	0	0	0	0	1	0	0	0	0	0	0	0	0	1	0	0	0	0	0	0	0	0	0	0	0	0	0	0	0	0	0	0	0	0	0	0	0	0	0	0	0	0	0	0	0	0	0	0	0	0	0	0	0	0	0	0	0	0	0	2	0	0	0	0	0	0	0	0	0	0	0	0	0	0	0	0	0	0	0	0	0	0	0	0	0	0	0	2	0	0	0	0	0	0	0	0	0	0	0	0	0	0	0	0	0	0	1	0	0	0	0	0	0	0	0	0	0	0	0	0	0	0	1	0	0	0	0	0	0	0	0	0	0	0	0	0	0	0	0	0	0	0	0	0	0	0	0	0	0	0	0	0	0	0	0	0	0	0	0	0	0	0	0	0	0	0	0	0	0	0	0	0	0	0	0	0	0	0	0	0	0	0	0	0	0	0	0	0	0	0	0	0	0	0	0	0	0	0	0	0	1	0	0	0	0	0	0	0	0	0	0	0	0	0	0	0	0	0	0	0	0	0	0	0	0	0	0	0	0	0	0	0	0	0	0	1	0	0	0	0	1	0	0	0	0	0	0	0	0	0	0	0	0	0	0	0	0	0	0	0	0	0	0	0	0	0	0	0	0	0	0	0	0	0	0	0	0	0	0	0	0	0	0	0	0	0	0	0	0	0	0	0	0	0	0	0	0	0	0	0	0	0	0	0	0	0	0	0	0	0	0	0	0	0	0	0	1	0	0	0	0	0	0	0	0	0	0	0	0	0	0	0	0	0	0	0	0	0	0	0	0	0	0	0	0	0	0	0	0	0	0	0	0	0	0	0	0	0	0	0	0	0	0	0	0	0	0	1	0	0	1	0	0	0	0	1	0	0	0	0	0	0	0	0	0	0	0	0	0	0	0	0	1	0	0	0	0	0	0	0	0	0	0	0	0	0	0	0	0	0	0	0	0	0	0	0	0	0	0	0	0	0	0	0	0	0	0	0	0	0	0	0	0	0	0	0	0	0	2	0	0	0	0	0	
Deletion Peak  1	1p36.22 	chr1:10376685-11048651(probes 4178:4499)            	chr1:10471563-10634067(probes 4214:4302)            	chr1:10427929-10989345(probes 4196:4473)            	0.038807	   0.038807		0: t>-0.1; 1: -0.1>t> -1.3; 2: t< -1.3	0	0	0	0	0	0	0	0	0	0	0	0	0	0	0	0	0	0	1	0	0	1	0	0	0	0	0	0	0	0	0	0	0	0	0	0	0	0	0	0	0	1	0	1	0	0	0	0	0	0	0	1	0	0	0	0	0	0	0	0	0	0	0	0	0	0	0	0	0	0	1	0	0	1	0	0	0	1	0	0	0	1	0	1	0	0	0	1	0	0	0	0	1	0	1	0	0	0	0	0	0	0	0	0	1	0	0	1	1	0	1	0	0	0	0	0	0	0	0	0	0	0	0	1	0	0	0	1	0	0	0	0	0	0	1	0	0	0	0	0	0	0	1	0	0	0	0	0	1	0	0	0	0	0	0	0	0	0	0	0	1	0	0	1	0	0	1	1	0	0	0	1	0	0	0	0	0	0	0	0	0	0	0	0	0	0	0	0	1	0	0	0	0	0	0	0	0	0	0	0	0	0	0	0	1	0	0	0	0	0	0	1	0	0	0	0	0	0	1	0	0	0	0	0	0	0	0	0	0	1	0	0	0	0	0	0	0	0	0	0	0	0	0	0	0	0	0	1	1	0	0	0	1	0	0	0	0	0	1	0	0	0	0	0	1	0	0	0	0	0	0	0	0	0	0	0	0	0	0	1	0	0	0	0	0	0	1	0	0	0	0	0	0	0	0	0	0	1	0	0	0	0	1	0	0	0	0	0	1	0	0	0	1	0	0	0	0	0	0	0	1	0	1	1	0	0	0	0	1	0	0	0	0	1	0	0	1	0	0	0	0	0	0	0	0	1	0	0	1	0	0	1	0	0	0	0	0	0	0	1	0	0	0	0	0	0	0	1	0	0	0	0	0	0	0	1	0	0	0	0	0	0	0	0	1	0	0	0	1	0	0	0	0	0	0	0	0	0	0	0	0	0	0	0	0	0	0	0	1	1	0	0	0	0	0	0	0	0	0	0	0	0	0	0	1	0	0	0	0	0	0	0	0	0	0	0	0	0	0	0	0	0	0	0	0	1	1	0	0	1	0	0	0	0	0	0	0	0	0	0	0	1	0	0	0	0	0	0	0	0	0	0	0	0	0	0	0	0	0	0	0	1	0	0	0	0	0	0	1	0	0	0	1	0	0	1	0	0	1	0	0	
Deletion Peak  2	1p31.3  	chr1:64179269-64979858(probes 34757:35493)          	chr1:64577916-64592684(probes 35056:35057)          	chr1:62936275-65705059(probes 33856:35863)          	0.0001769	  0.0001769		0: t>-0.1; 1: -0.1>t> -1.3; 2: t< -1.3	0	0	0	0	0	0	0	0	0	0	0	0	0	0	0	0	0	0	0	0	0	0	1	0	0	0	0	0	0	0	0	0	0	1	0	0	0	0	0	0	0	1	0	1	0	0	1	0	0	0	0	1	0	0	0	0	0	0	0	1	0	0	0	0	0	0	0	0	1	0	1	0	0	1	0	0	0	0	0	0	0	1	0	1	0	1	0	1	0	1	0	0	0	0	0	1	0	0	0	0	0	0	0	0	0	0	0	1	1	0	0	0	0	0	0	0	0	0	0	0	0	1	0	0	0	0	0	1	0	0	0	0	0	0	0	0	0	0	0	1	1	0	1	0	0	0	1	0	1	0	0	0	0	0	0	0	0	0	0	0	1	0	0	1	0	0	0	1	0	0	1	1	0	1	0	0	0	0	0	0	0	0	0	0	0	0	0	0	1	0	0	0	0	0	0	0	0	0	1	0	0	1	0	0	0	0	0	0	0	0	0	0	0	0	0	0	0	0	0	0	0	0	0	0	0	0	0	0	0	1	0	1	0	0	0	0	0	0	0	0	1	0	0	0	0	0	0	1	0	0	0	0	0	0	1	0	0	0	0	0	0	1	0	0	0	1	0	0	0	0	1	0	0	0	0	0	0	0	0	1	0	0	0	1	0	0	0	0	0	0	0	0	0	0	0	0	0	1	0	0	0	0	1	0	0	0	0	0	1	0	0	0	0	0	0	0	0	0	0	0	1	1	0	1	0	0	0	1	1	0	0	0	1	0	0	0	0	0	0	0	0	0	0	0	0	1	0	0	0	0	0	1	0	0	0	0	0	0	0	0	0	0	0	0	0	0	0	1	0	0	0	0	0	0	0	0	0	0	0	0	0	0	0	0	1	0	0	0	1	0	0	0	0	0	0	0	1	0	0	0	0	0	0	0	1	0	0	0	0	0	0	0	0	0	0	0	0	0	1	0	0	0	0	0	0	0	0	1	0	0	0	0	0	1	0	0	0	0	0	0	0	0	1	0	0	0	1	0	0	1	0	0	1	0	0	1	0	0	0	0	0	0	0	0	0	0	0	0	0	0	0	0	0	1	1	1	0	0	0	0	0	1	0	0	0	0	0	0	0	0	0	0	1	0	0	1	0	1	1	0	0	
Deletion Peak  3	1p22.1  	chr1:89934684-102878160(probes 50818:58643)        	chr1:92824237-92845319(probes 52472:52479)          	chr1:91905233-98751226(probes 52058:56044)          	0.0021613	  0.0021613		0: t>-0.1; 1: -0.1>t> -1.3; 2: t< -1.3	0	0	0	0	0	0	0	0	0	0	0	0	0	0	0	0	0	0	1	0	0	0	0	0	0	0	0	0	0	0	0	1	0	1	0	0	0	0	0	0	0	1	0	1	0	0	0	0	1	0	1	1	0	0	0	1	0	0	0	0	0	0	0	0	0	0	0	0	1	0	1	0	0	1	1	0	0	0	0	0	0	0	0	1	0	0	0	1	0	0	0	0	0	0	0	1	1	0	0	0	0	0	0	1	0	0	0	1	1	0	0	0	0	0	0	0	1	0	0	0	0	1	0	0	0	0	0	1	0	0	0	0	0	0	0	0	0	0	0	0	0	1	0	0	0	0	0	0	1	0	0	0	0	0	0	0	0	0	0	0	1	0	0	1	0	0	0	1	0	0	0	1	0	0	0	1	0	0	0	0	0	0	0	0	0	0	1	0	1	0	0	0	0	1	0	0	0	0	0	0	1	1	0	0	0	0	0	0	0	0	0	1	0	0	0	0	0	0	0	0	0	0	0	0	0	0	0	0	0	1	0	0	0	0	0	0	0	0	0	0	0	0	0	1	0	0	0	1	0	0	0	1	0	0	0	0	1	0	0	0	0	0	0	0	1	0	0	0	0	0	1	0	0	0	0	0	0	0	0	1	0	0	0	0	0	0	0	0	0	0	0	0	0	0	0	1	0	1	0	0	0	0	0	0	1	0	0	0	1	0	0	0	0	0	0	0	0	0	1	0	0	0	0	0	0	0	1	0	1	0	0	0	0	0	0	1	0	0	0	1	0	0	0	0	0	1	0	0	0	0	0	0	0	0	0	0	0	0	0	0	0	0	0	0	0	0	0	1	0	0	0	0	0	0	0	0	0	0	1	0	0	0	0	0	1	0	0	0	1	1	0	0	0	1	0	0	1	0	0	0	1	0	0	1	1	0	1	0	0	0	0	0	0	0	0	0	0	0	0	0	0	0	1	0	1	0	0	0	1	0	0	0	0	1	0	0	0	0	0	0	0	0	0	0	0	0	1	0	0	0	0	0	0	0	1	1	0	0	0	0	0	0	0	0	0	0	0	0	0	0	0	0	0	0	0	0	0	0	0	0	0	0	0	0	0	0	0	0	0	0	0	0	1	0	0	1	0	0	0	0	0	
Deletion Peak  4	1q23.1  	chr1:156571331-174800071(probes 71927:84392)      	chr1:157121158-157779792(probes 72219:72669)      	chr1:157096956-157169178(probes 72201:72244)      	0.10601	    0.10601		0: t>-0.1; 1: -0.1>t> -1.3; 2: t< -1.3	0	0	0	0	0	0	0	0	0	0	0	0	0	0	0	0	0	0	0	0	0	0	0	0	0	0	0	0	0	0	0	0	0	0	0	0	0	0	0	0	0	0	0	0	0	0	0	0	0	0	0	0	0	0	0	0	0	0	0	1	0	0	1	0	0	0	0	0	0	0	0	0	0	0	0	0	0	0	0	0	0	0	0	0	0	0	0	1	0	0	0	0	0	0	0	0	0	0	0	0	0	0	0	0	0	0	0	0	0	1	0	0	0	0	0	0	0	0	0	0	0	0	0	0	0	0	0	1	0	0	0	0	0	0	1	0	1	0	0	0	0	0	0	1	0	0	0	0	0	0	0	0	0	0	1	0	0	0	1	0	0	0	0	0	1	0	0	0	0	1	0	0	0	0	0	0	0	0	0	0	0	1	0	0	0	0	0	0	0	0	0	0	0	0	0	0	0	0	0	0	1	0	0	0	0	0	0	0	1	0	0	0	0	0	0	0	0	0	0	0	0	0	0	0	1	0	1	0	0	0	0	0	0	0	0	0	0	0	0	0	0	0	0	0	0	0	0	0	0	0	0	0	0	0	0	0	0	0	0	0	0	0	1	0	0	0	0	0	0	0	0	0	0	0	0	0	0	0	0	1	0	0	0	0	0	0	0	0	0	0	0	0	0	0	0	0	0	0	0	0	0	0	1	0	0	0	0	0	0	0	0	0	1	0	0	0	0	0	1	0	0	0	0	0	0	0	0	0	1	0	0	0	0	0	0	0	0	0	0	0	1	0	0	1	0	0	0	0	0	1	0	0	0	0	0	0	0	0	0	0	1	0	0	0	0	0	0	0	0	0	0	0	0	0	0	0	0	0	0	0	0	0	0	0	0	0	0	0	0	1	0	0	0	0	0	0	0	0	1	0	0	0	0	0	0	0	0	0	0	0	0	0	0	0	0	0	0	0	0	0	0	0	0	0	0	0	0	0	0	0	0	0	0	0	0	0	0	0	1	0	0	0	0	0	0	0	1	0	0	0	0	0	0	0	0	0	0	0	0	0	0	0	1	0	0	0	0	0	0	0	0	0	0	0	0	0	0	0	0	0	0	0	0	0	0	0	0	0	0	0	0	0	0	0	0	0	0	1	0	0	0	
Deletion Peak  5	1q42.3  	chr1:224740267-237043888(probes 116288:124221)    	chr1:234598910-234616557(probes 122632:122638)    	chr1:220179775-240276684(probes 113430:126793)    	1.6805e-06	 1.6805e-06		0: t>-0.1; 1: -0.1>t> -1.3; 2: t< -1.3	0	0	0	0	0	0	0	0	0	0	1	0	0	0	0	0	0	0	0	0	0	0	0	1	0	0	0	0	0	0	0	1	0	0	1	0	0	0	0	0	0	0	0	0	0	1	1	0	0	0	0	0	0	0	0	1	0	0	0	0	1	1	0	0	1	0	0	0	0	0	0	0	0	0	0	0	0	0	0	0	0	0	0	0	0	0	0	0	0	0	0	0	0	0	0	0	1	0	1	1	0	0	0	1	0	0	0	0	0	0	0	0	0	0	0	0	0	0	0	1	0	0	0	0	0	0	0	0	0	0	1	0	1	0	0	0	0	0	0	0	0	1	0	0	0	0	1	0	0	0	0	0	0	0	0	0	0	0	0	0	0	0	0	0	0	0	1	0	0	0	0	1	1	0	0	0	0	0	0	0	0	1	0	0	0	0	1	0	0	0	1	0	0	0	0	0	0	1	0	0	0	0	0	0	0	0	0	0	0	0	0	0	0	0	0	0	1	1	0	0	0	0	0	0	0	0	0	0	0	0	0	1	0	1	0	0	0	0	1	0	1	0	0	0	0	0	1	0	0	0	0	0	0	0	0	0	0	0	0	0	0	0	0	0	1	0	0	0	0	0	0	0	0	0	0	0	0	0	0	1	0	0	0	0	0	0	0	0	0	0	0	0	0	0	0	1	0	0	0	0	0	0	0	0	0	1	0	0	0	0	0	0	0	0	0	0	0	0	0	0	1	0	0	0	0	0	0	0	0	0	0	0	0	0	0	1	0	0	0	0	0	1	0	0	0	0	0	0	0	0	0	1	0	0	0	0	0	0	0	1	0	0	0	0	0	0	0	1	0	0	0	0	0	0	0	0	0	0	1	0	0	0	1	0	0	1	0	0	0	0	0	0	0	0	0	0	0	0	0	0	0	0	0	0	0	0	0	0	0	0	1	0	0	0	0	0	0	0	1	0	0	0	1	0	0	1	0	0	0	0	0	0	0	0	0	0	1	0	0	0	0	1	0	0	0	0	1	0	0	0	0	0	0	0	0	0	0	0	0	0	0	0	0	0	0	0	0	0	0	1	0	0	1	0	0	0	0	0	0	0	0	0	0	0	0	0	0	0	0	0	0	0	0	0	0	0	0	0	1	0	0	
Deletion Peak  6	2p21    	chr2:30642183-63068580(probes 149937:168284)        	chr2:43026421-43043755(probes 156704:156707)        	chr2:42638949-43657917(probes 156436:157052)        	0.048854	   0.048023		0: t>-0.1; 1: -0.1>t> -1.3; 2: t< -1.3	0	0	0	0	0	0	0	0	0	0	0	1	0	0	0	0	0	0	1	0	0	0	0	0	0	0	0	0	0	1	0	0	0	0	0	1	0	0	0	1	0	0	0	1	0	0	0	0	1	0	1	1	0	0	1	1	0	0	0	1	0	0	0	0	0	1	0	0	0	0	0	0	0	0	1	0	0	0	0	0	1	0	0	0	0	0	0	1	0	0	0	0	0	0	0	0	0	0	0	0	0	0	0	0	0	0	0	0	0	0	0	0	0	0	0	0	1	0	0	0	0	0	0	0	0	0	0	0	0	0	0	0	0	0	0	0	0	0	0	0	0	0	0	0	0	0	1	0	1	0	0	0	0	1	0	0	1	0	0	0	1	0	0	1	0	0	1	0	0	0	0	0	0	0	0	1	0	0	0	1	0	0	0	0	0	0	1	0	0	0	0	0	0	0	1	0	0	0	0	0	0	1	0	0	0	0	0	0	0	0	0	0	0	0	0	0	0	0	0	0	0	0	0	0	0	0	0	0	0	0	0	0	0	0	0	0	0	0	1	0	0	0	0	1	0	0	0	0	1	0	1	0	0	0	0	0	0	0	0	1	0	0	0	1	0	0	0	1	0	0	0	0	0	0	0	0	1	0	0	0	0	0	0	1	0	0	0	0	1	0	0	0	0	0	0	1	0	0	0	0	0	0	1	0	0	0	0	0	0	0	0	0	0	0	0	1	0	0	1	0	0	0	0	0	0	0	1	0	0	0	0	0	0	1	0	0	0	0	0	0	0	0	0	0	0	0	0	0	0	0	0	0	0	0	0	0	0	0	0	0	0	1	1	0	1	0	0	0	1	0	0	0	0	0	1	0	0	0	0	1	0	0	0	0	1	0	0	0	1	0	0	0	0	0	0	0	1	0	0	0	0	0	0	0	0	0	0	0	0	0	0	0	0	0	1	0	0	0	0	0	0	0	0	0	0	1	0	1	0	1	0	0	0	0	0	0	0	0	0	0	0	0	0	0	0	0	1	0	0	0	0	0	0	1	0	0	0	0	0	0	0	0	0	0	0	0	0	0	0	0	0	0	0	0	0	0	0	1	0	0	0	1	0	0	0	0	0	0	0	0	0	1	0	0	0	0	0	0	0	0	0	
Deletion Peak  7	2q14.2  	chr2:113638793-138311045(probes 191583:204015)    	chr2:120460718-120467808(probes 195199:195202)    	chr2:115229038-181288062(probes 192494:229851)    	1.3009e-10	   0.050061		0: t>-0.1; 1: -0.1>t> -1.3; 2: t< -1.3	0	0	0	0	0	0	0	0	0	0	0	0	0	0	0	0	0	0	1	0	0	1	0	0	0	0	0	0	1	0	0	0	0	0	0	0	0	0	0	0	0	0	1	1	0	1	1	0	1	0	0	1	0	0	0	1	0	0	0	0	1	1	0	0	1	0	0	0	0	0	1	0	0	1	1	1	1	0	0	0	0	0	0	1	0	0	0	1	0	1	1	0	0	0	0	0	0	1	0	0	0	0	0	0	0	0	0	0	1	0	1	0	0	0	0	0	0	0	1	1	1	0	0	0	0	0	0	1	0	0	1	0	0	0	1	1	0	0	1	0	0	0	0	0	0	1	0	1	1	0	0	0	0	0	1	0	1	0	0	0	0	0	0	1	0	0	0	1	0	0	0	0	1	0	0	0	0	0	0	1	0	0	0	0	1	0	1	0	0	0	0	0	0	0	0	1	0	0	0	0	0	0	0	0	0	0	0	0	0	0	1	1	0	0	0	0	0	0	0	0	0	0	0	0	0	0	0	0	0	0	0	0	0	0	0	0	0	0	1	0	0	0	0	0	0	0	0	0	0	0	0	0	0	0	0	0	0	1	1	0	0	0	1	1	0	0	0	1	0	0	0	0	0	0	0	0	0	0	1	1	0	0	0	1	0	0	1	0	0	0	0	1	0	0	0	1	0	0	0	0	0	0	0	0	0	0	0	0	0	0	0	0	1	0	0	0	0	0	1	0	0	1	0	0	0	0	0	1	0	0	0	1	0	1	0	0	0	0	0	0	0	0	0	0	0	0	0	0	0	0	0	0	0	0	0	0	0	0	1	1	0	0	1	0	0	0	0	0	0	0	0	0	1	0	1	0	1	0	1	0	0	0	1	0	1	0	0	0	1	1	0	0	1	0	0	0	0	1	0	1	1	0	0	0	0	0	0	0	0	0	0	0	0	0	0	0	0	0	0	0	0	0	0	0	1	0	1	0	0	0	1	0	0	0	0	0	0	0	0	0	0	0	0	0	0	0	0	0	0	0	0	0	0	0	0	1	0	0	0	0	0	0	0	0	0	0	0	0	0	0	0	0	1	0	0	0	0	0	0	0	0	1	0	0	0	1	0	0	0	0	0	0	0	0	0	0	0	0	0	0	0	
Deletion Peak  8	2q22.1  	chr2:131751547-140242732(probes 200698:205091)    	chr2:138499232-138574257(probes 204096:204127)    	chr2:115229038-181288062(probes 192494:229851)    	2.5196e-24	  0.0019032		0: t>-0.1; 1: -0.1>t> -1.3; 2: t< -1.3	0	0	0	0	0	0	0	1	0	0	0	0	0	0	1	0	0	0	1	0	0	0	0	0	0	0	0	0	0	1	0	0	1	0	0	0	0	0	0	0	0	0	0	1	0	1	1	0	1	0	0	1	0	0	0	0	0	0	0	0	1	1	0	1	1	0	0	0	0	0	1	0	0	1	1	1	1	0	0	0	0	0	1	1	1	0	0	1	0	1	1	0	0	0	0	0	0	1	0	0	0	0	0	0	0	0	0	1	1	0	1	0	0	0	0	0	0	0	0	1	1	1	0	0	0	0	0	1	0	0	1	0	0	1	1	0	0	0	1	0	0	0	0	0	0	1	0	1	1	0	1	0	0	0	1	0	1	0	1	0	0	0	0	1	0	0	0	1	0	0	1	1	1	0	0	0	0	0	0	1	0	0	0	0	1	0	1	0	0	0	0	0	0	0	0	1	1	0	0	0	0	1	0	0	0	0	0	0	0	0	1	1	0	0	0	1	0	0	0	0	0	0	0	0	1	0	1	0	0	0	0	0	1	0	0	0	1	1	1	0	0	0	0	0	0	0	0	0	0	0	0	1	0	0	0	0	0	1	0	0	0	0	1	1	0	0	0	0	0	0	0	0	0	1	1	0	0	0	1	1	0	0	0	1	0	0	0	0	0	0	0	1	0	0	0	1	0	0	0	0	0	0	0	1	0	0	0	0	0	0	1	0	1	0	0	0	0	0	0	0	0	0	0	0	0	0	0	1	1	0	0	1	0	1	0	0	0	0	0	0	0	0	0	1	0	1	0	0	0	0	0	0	1	0	0	0	0	0	1	0	1	0	1	0	0	0	0	0	0	0	0	0	0	0	1	0	0	0	1	0	0	0	1	0	1	1	0	0	1	1	0	0	0	0	0	0	0	0	0	1	0	0	0	0	0	0	0	0	0	0	0	0	0	0	0	0	0	0	0	0	0	0	1	0	1	0	0	1	0	0	1	1	1	0	0	0	0	0	0	0	0	0	0	1	0	0	1	0	0	0	0	0	1	0	1	1	1	0	0	0	0	0	0	0	0	1	0	0	0	0	0	0	1	0	0	0	0	0	0	0	0	1	0	0	0	1	0	0	0	0	1	0	0	0	0	0	0	0	0	0	0	
Deletion Peak  9	2q22.1  	chr2:138774622-142880269(probes 204275:206823)    	chr2:140223496-142136706(probes 205091:206382)    	chr2:115229038-181288062(probes 192494:229851)    	3.5419e-18	 1.4094e-08		0: t>-0.1; 1: -0.1>t> -1.3; 2: t< -1.3	0	0	0	0	0	0	0	1	0	0	0	0	0	0	1	0	0	0	1	0	0	0	0	0	0	0	0	0	0	1	0	0	1	0	0	0	0	0	0	0	0	0	0	1	0	1	1	0	1	0	1	1	0	0	0	0	0	0	0	0	1	1	0	0	1	0	0	0	0	0	1	0	0	1	1	1	1	0	0	0	0	0	0	1	1	0	0	1	0	1	1	0	0	0	0	0	0	1	0	0	0	0	0	0	0	1	0	1	1	0	1	0	0	0	0	0	0	0	0	1	0	1	1	0	0	0	0	1	0	0	1	0	0	1	1	0	0	0	1	0	0	0	0	0	0	1	0	1	1	0	1	0	0	0	1	0	1	0	0	0	0	0	0	1	0	0	0	1	0	0	1	1	1	0	0	0	0	0	0	1	0	1	0	0	1	0	1	0	0	0	1	0	0	0	0	1	0	0	0	0	0	1	0	0	0	0	0	0	0	0	1	1	0	0	0	1	0	0	0	0	0	0	0	0	1	0	1	0	0	0	0	0	1	0	0	0	1	1	1	0	0	0	0	0	0	0	0	0	0	0	0	0	0	0	0	0	0	0	0	0	0	0	0	1	0	0	0	0	0	0	0	0	0	1	0	0	0	0	1	1	0	0	0	1	0	0	0	0	0	0	0	1	0	0	0	0	0	0	0	0	0	0	0	0	0	0	0	0	0	0	0	0	1	0	0	0	0	0	0	0	0	0	0	0	0	0	0	0	1	0	0	1	0	1	0	0	0	0	0	0	0	0	0	1	0	1	0	0	0	0	0	0	1	0	0	0	0	0	1	0	1	0	1	0	1	0	0	0	0	0	0	0	0	0	1	0	0	0	1	0	0	0	1	0	1	0	0	0	1	1	0	0	0	0	0	0	0	0	0	1	0	1	0	0	0	0	0	0	0	0	0	0	0	0	0	0	0	0	0	0	0	0	1	0	1	0	0	1	0	0	1	1	0	0	0	0	0	0	0	0	0	0	0	1	0	0	1	0	0	0	0	0	1	0	1	1	1	0	0	0	0	0	0	0	0	1	0	0	0	0	0	0	1	0	0	0	0	0	0	0	0	1	0	0	0	0	0	0	0	0	0	0	0	0	0	0	0	0	0	0	1	
Deletion Peak 10	2q22.3  	chr2:143041529-151249196(probes 206934:211601)    	chr2:147839270-147940886(probes 209523:209561)    	chr2:115229038-181288062(probes 192494:229851)    	3.6751e-15	  0.0045123		0: t>-0.1; 1: -0.1>t> -1.3; 2: t< -1.3	0	0	0	0	0	0	0	1	0	1	0	0	0	0	1	0	0	0	1	0	0	0	0	0	0	0	0	0	0	1	0	1	1	0	0	0	0	0	1	0	0	1	0	1	0	1	1	0	1	0	1	1	0	0	0	0	0	0	0	0	1	0	0	1	1	0	0	0	0	0	0	0	0	1	1	1	1	0	0	0	1	0	1	1	1	0	0	0	0	1	0	0	0	0	0	0	0	1	0	0	0	0	0	0	0	0	0	1	0	0	0	0	0	0	0	0	0	0	0	1	1	1	1	0	0	0	0	1	0	0	1	0	0	1	1	0	0	0	0	0	0	0	0	0	0	1	0	0	1	0	0	0	0	0	1	0	1	0	0	0	0	0	0	1	0	0	0	0	0	0	1	1	1	0	0	0	0	0	0	1	0	0	0	0	1	0	1	0	0	0	1	0	0	0	0	0	0	1	0	0	0	0	0	0	0	0	0	0	0	0	1	1	0	0	0	1	0	0	0	0	0	0	0	0	1	0	1	0	0	0	0	0	1	0	0	0	0	1	0	0	0	0	0	0	0	0	0	0	0	1	0	0	0	0	0	0	0	0	0	0	0	0	0	1	1	0	0	0	0	0	0	1	0	1	0	0	0	0	1	1	0	0	0	1	0	0	0	1	0	0	0	1	0	0	0	0	0	0	1	0	0	0	0	0	0	0	0	0	0	0	1	0	1	0	0	0	1	0	0	0	0	0	0	0	0	0	0	0	1	0	0	0	0	1	0	1	0	0	0	0	0	1	0	1	0	1	0	0	0	0	0	0	1	0	0	0	0	0	1	0	1	0	1	0	0	0	0	0	0	1	0	0	0	0	1	0	0	0	0	0	0	0	1	0	1	0	0	0	1	1	0	0	0	0	1	0	0	0	0	1	1	1	0	0	0	0	0	0	0	0	0	0	0	0	0	0	0	0	0	0	0	1	1	0	1	0	0	1	0	0	1	0	0	0	0	0	0	0	0	0	0	0	0	1	0	0	1	0	0	0	0	0	1	0	0	1	1	0	0	0	0	0	0	0	0	1	0	0	0	1	0	0	0	0	0	0	0	0	0	0	0	1	0	0	0	0	0	0	0	0	1	0	0	0	0	0	0	0	0	0	1	
Deletion Peak 11	2q31.1  	chr2:173051717-174403417(probes 224658:225556)    	chr2:173903442-173968238(probes 225282:225303)    	chr2:115229038-181288062(probes 192494:229851)    	9.4243e-06	  0.0048388		0: t>-0.1; 1: -0.1>t> -1.3; 2: t< -1.3	0	0	0	0	1	0	0	0	0	1	0	0	0	0	0	0	0	0	1	0	0	1	0	0	0	0	0	0	0	1	0	0	1	0	0	0	0	0	1	0	0	0	0	1	0	1	1	0	1	0	0	1	0	0	0	0	0	0	0	0	1	0	0	0	0	0	0	0	0	0	0	0	0	1	0	0	1	0	0	0	1	0	0	1	0	0	0	0	0	1	0	1	0	0	0	0	0	1	0	0	0	0	0	0	0	0	0	1	0	0	0	0	0	0	0	0	0	0	0	0	0	1	1	0	0	0	0	1	0	0	0	0	0	1	1	0	0	0	0	0	0	0	0	0	0	1	0	0	1	0	0	0	0	0	1	0	1	0	1	0	0	0	0	1	0	0	0	0	0	0	0	1	1	0	0	0	0	0	0	1	0	0	0	0	1	0	1	0	0	0	0	0	0	0	0	0	0	0	1	0	0	0	0	0	0	0	0	0	0	0	0	0	0	0	0	1	0	0	0	0	0	0	0	0	0	0	1	1	0	0	0	0	0	0	0	0	0	1	0	0	0	0	0	0	0	0	0	0	0	0	0	1	0	0	1	0	0	0	0	1	0	1	0	1	0	1	0	0	0	0	0	0	0	0	0	0	0	0	0	1	0	1	0	0	0	0	0	0	1	0	0	0	0	0	0	0	0	1	0	0	0	0	0	0	0	0	0	0	0	0	1	0	1	0	0	0	0	0	0	0	0	0	0	0	0	0	0	0	1	0	0	0	0	0	0	0	0	0	0	0	0	0	0	0	0	1	0	0	0	0	0	0	0	0	0	0	0	0	0	1	1	0	1	0	0	0	0	0	0	0	0	0	0	0	1	0	0	0	0	0	0	0	0	0	1	0	0	0	1	0	0	0	0	0	0	0	0	0	0	0	0	0	0	0	0	0	0	0	0	0	0	0	0	0	0	0	0	0	0	0	0	1	0	0	1	0	0	0	0	0	0	1	0	0	0	0	0	0	0	0	0	1	1	0	1	0	1	0	0	0	0	0	1	0	1	1	0	0	0	0	0	0	0	0	0	1	0	0	0	0	0	0	0	0	0	0	0	0	0	0	0	1	1	0	0	0	0	0	0	0	0	0	0	0	0	1	0	0	0	0	0	
Deletion Peak 12	3p25.3  	chr3:1-12154121(probes 264267:270292)                	chr3:9699625-9733305(probes 268727:268737)            	chr3:9504490-9965417(probes 268634:268840)            	0.073949	   0.074455		0: t>-0.1; 1: -0.1>t> -1.3; 2: t< -1.3	0	0	0	0	0	0	0	0	1	0	0	0	0	0	0	1	0	0	0	0	0	0	0	0	0	1	0	0	0	0	1	0	0	0	0	1	0	0	0	1	0	0	0	0	0	0	0	0	0	0	0	0	0	0	0	0	0	0	0	0	0	0	0	0	0	0	0	0	0	0	1	0	0	0	1	0	0	0	0	0	0	0	0	0	0	1	0	0	0	0	0	0	0	0	0	0	0	0	0	0	0	0	0	0	1	0	0	1	0	0	0	0	1	0	0	0	0	0	1	0	0	0	0	0	0	0	0	0	0	0	0	0	0	0	0	0	0	0	0	0	1	0	0	0	0	0	0	0	0	0	0	0	0	0	0	0	0	0	0	0	1	0	0	1	0	0	0	0	0	0	0	0	0	1	0	1	0	0	1	0	0	0	0	1	0	0	0	0	0	0	0	0	0	0	0	0	0	0	0	0	0	0	0	0	0	0	0	1	0	1	0	0	0	0	0	1	0	0	0	0	0	0	0	0	0	0	0	0	0	0	0	0	0	0	0	0	0	0	0	0	1	0	0	0	1	0	0	0	0	0	0	0	1	0	1	0	0	0	1	0	0	0	0	1	1	0	0	0	0	0	0	0	0	0	0	0	0	0	0	0	0	0	0	1	1	0	0	0	0	0	0	0	0	0	0	0	0	1	0	0	0	0	0	0	0	0	0	0	0	0	0	1	0	0	0	0	0	0	0	1	1	0	0	0	0	1	0	0	0	0	0	0	0	0	0	0	0	0	1	0	0	0	0	0	0	0	0	0	1	0	1	0	0	0	0	0	0	0	0	0	0	0	1	0	0	1	0	1	0	0	0	0	0	0	0	0	0	0	0	0	0	1	0	0	0	0	0	0	0	0	0	0	0	0	0	1	1	0	0	0	0	0	0	0	0	0	0	0	0	0	0	0	0	1	0	0	0	0	0	0	0	0	0	0	0	0	0	0	0	0	1	0	0	1	0	0	0	0	0	0	1	0	0	0	0	0	0	0	0	0	0	0	0	0	0	0	0	0	1	0	0	0	0	0	0	0	0	0	0	0	0	0	0	0	1	0	0	0	0	0	0	0	0	0	0	0	0	0	0	0	0	0	0	0	0	0	0	0	0	0	0	
Deletion Peak 13	3p13    	chr3:72100067-72665008(probes 306358:306819)        	chr3:72372981-72452842(probes 306607:306659)        	chr3:69096482-75200237(probes 304182:308523)        	6.2242e-27	 6.2242e-27		0: t>-0.1; 1: -0.1>t> -1.3; 2: t< -1.3	1	1	1	0	0	0	0	0	0	0	0	1	0	0	0	0	0	1	0	0	0	0	1	0	0	0	1	1	0	0	0	0	0	1	0	0	0	0	0	1	0	0	0	1	0	0	0	0	0	0	0	0	1	0	0	0	0	0	0	0	0	0	0	0	0	1	0	0	0	0	1	0	1	0	0	0	0	0	0	0	0	0	1	0	1	0	1	0	0	0	0	0	0	0	0	0	0	0	0	1	0	0	0	0	1	0	0	0	0	0	0	0	0	0	0	0	0	0	0	0	0	1	0	0	0	0	0	1	0	0	0	0	0	1	0	1	0	0	0	0	0	1	0	0	0	0	0	0	1	0	0	0	0	0	0	0	1	1	0	0	1	0	0	1	0	0	0	0	0	1	0	0	0	1	0	0	1	1	0	0	0	0	1	0	1	0	0	0	1	0	0	0	0	0	1	0	0	0	0	0	0	0	1	0	1	1	0	0	0	0	0	0	0	0	0	0	0	0	0	0	0	0	1	0	0	0	0	1	0	1	0	1	0	1	0	0	0	0	0	1	0	0	0	1	1	0	0	1	0	0	0	0	1	0	0	0	0	0	1	0	0	1	0	1	0	0	0	1	0	1	0	0	0	0	0	1	0	1	0	0	0	0	0	0	0	0	0	0	0	0	0	0	0	1	1	0	1	1	0	0	0	1	0	0	0	0	0	1	0	1	0	1	0	1	0	1	0	0	0	0	0	0	1	0	0	0	0	0	0	0	0	0	1	0	0	0	0	0	0	0	0	0	0	0	1	0	1	1	0	0	1	0	0	0	0	0	0	0	0	0	0	0	1	0	0	0	0	0	0	0	1	0	1	0	0	0	0	0	0	0	0	1	1	0	0	0	0	0	0	0	0	1	0	0	0	0	1	0	0	0	0	0	0	0	1	0	0	0	0	0	0	0	0	1	0	1	0	0	1	0	0	0	0	1	0	0	0	0	1	0	1	0	0	0	0	0	0	0	0	0	0	1	0	0	0	0	0	0	0	1	0	0	0	0	0	0	0	1	1	0	1	0	0	0	1	1	0	1	1	0	0	0	0	0	0	0	0	0	0	0	0	0	0	0	0	0	0	0	0	0	0	1	0	1	1	0	0	0	0	0	0	
Deletion Peak 14	3q29    	chr3:195428693-197799168(probes 371824:372262)    	chr3:196640530-197243253(probes 372119:372121)    	chr3:195428693-198295559(probes 371824:372272)    	0.016595	   0.016607		0: t>-0.1; 1: -0.1>t> -1.3; 2: t< -1.3	0	0	0	0	0	0	0	0	1	0	0	0	0	0	0	0	0	0	0	0	0	1	0	0	0	0	0	0	0	0	1	0	0	0	1	0	0	0	0	0	0	0	0	0	0	0	0	0	0	0	0	0	0	0	0	0	0	0	0	0	0	0	0	0	0	0	0	0	0	0	0	0	0	0	0	0	1	0	0	0	0	0	0	0	0	0	0	0	0	0	1	0	0	0	0	0	0	0	0	0	0	0	0	0	1	0	0	0	0	0	0	0	0	0	0	0	0	0	0	0	0	1	0	0	0	0	0	0	0	0	0	0	0	0	0	0	0	0	0	0	0	0	0	0	1	0	0	0	0	0	0	0	0	0	0	0	0	0	0	0	1	0	0	1	0	0	1	0	0	0	0	0	0	0	0	0	1	0	0	0	0	0	1	1	0	0	0	0	0	0	0	0	0	0	0	0	0	0	0	0	0	0	0	0	0	0	0	0	0	0	0	0	0	0	0	1	0	0	0	0	0	0	0	0	0	0	0	0	0	0	0	0	0	0	0	0	0	1	0	0	0	0	0	0	0	0	0	0	0	0	0	0	1	0	0	0	0	0	1	0	0	0	0	0	0	0	0	1	0	0	0	0	1	0	0	0	0	0	0	0	0	1	0	0	0	0	0	0	0	0	0	0	0	0	0	0	0	0	0	0	0	0	0	0	0	0	0	0	0	1	0	0	0	0	0	1	0	0	0	0	0	0	0	0	0	0	0	1	0	0	0	0	0	0	0	0	0	0	0	0	0	0	0	0	0	0	0	0	0	0	0	0	0	0	0	0	0	1	0	1	0	0	0	0	0	0	0	1	1	0	0	0	0	0	0	0	0	0	0	0	0	0	0	0	1	0	0	0	0	1	0	0	0	0	0	0	0	0	0	0	0	0	0	0	1	0	0	0	0	0	1	0	1	1	0	0	0	0	0	0	1	0	0	0	0	0	0	0	0	0	0	0	0	1	0	0	0	0	0	0	0	0	0	0	0	0	0	0	0	1	0	1	0	0	0	0	0	0	0	0	0	0	0	0	0	0	0	0	0	0	0	0	0	0	0	0	0	0	0	0	0	0	0	0	0	0	0	0	0	0	0	1	0	0	0	0	0	0	0	0	0	
Deletion Peak 15	4q28.1  	chr4:112653079-133099621(probes 435593:446738)    	chr4:124659473-124716784(probes 442504:442527)    	chr4:118540643-131662930(probes 438997:446045)    	0.00063415	  0.0021613		0: t>-0.1; 1: -0.1>t> -1.3; 2: t< -1.3	0	0	0	0	0	0	0	1	0	0	0	0	0	0	0	1	0	0	1	0	0	0	0	0	0	0	0	0	1	0	0	0	0	0	0	0	0	0	0	0	0	0	0	1	0	1	0	0	0	0	0	0	0	0	0	0	0	0	0	0	1	1	0	0	0	0	0	0	0	0	0	0	0	0	0	1	0	0	0	0	1	0	0	1	0	0	0	1	1	0	0	0	0	0	0	0	0	0	0	0	0	0	1	0	0	0	0	0	1	0	0	0	0	0	0	0	0	0	0	0	0	1	1	0	0	0	0	1	0	0	1	0	0	1	0	0	0	0	1	0	0	0	0	0	0	0	1	0	1	0	0	0	0	0	0	0	0	0	0	0	0	0	0	0	0	0	0	1	0	0	0	0	0	0	0	0	0	0	0	0	0	1	0	0	0	0	0	0	0	0	0	0	0	0	0	0	0	0	0	0	1	0	0	0	0	0	0	0	0	0	0	1	0	0	0	0	0	0	0	0	0	0	0	0	0	0	0	0	0	1	0	0	0	0	0	0	0	0	0	0	0	0	0	0	0	0	0	0	0	1	0	0	0	1	0	0	0	0	1	0	1	0	0	1	0	0	0	0	0	0	0	0	0	1	0	0	0	0	0	0	0	0	1	1	0	0	0	0	0	0	0	1	0	0	0	0	0	1	1	0	0	0	0	0	0	0	0	0	0	0	0	0	0	0	1	0	0	0	1	0	1	0	0	1	0	0	0	0	0	0	0	0	0	0	0	0	0	0	0	0	0	0	1	0	0	1	0	0	0	0	0	0	0	0	0	0	0	0	0	0	0	0	0	0	0	0	0	0	0	0	0	0	0	0	0	0	0	0	0	0	0	0	0	0	0	1	1	0	0	1	0	0	0	0	1	0	0	0	0	1	0	1	0	0	0	0	0	0	1	0	0	0	0	0	0	0	0	0	0	0	0	0	0	0	0	0	0	1	0	0	1	1	0	0	0	0	1	0	0	0	0	0	0	1	0	0	0	0	0	0	1	0	1	0	0	0	0	0	0	0	0	0	0	0	0	0	0	0	0	0	0	0	0	0	0	0	0	0	0	0	0	0	0	0	0	0	0	0	0	0	0	0	1	0	0	0	0	0	0	0	0	
Deletion Peak 16	4q28.3  	chr4:133932679-137227349(probes 447071:448617)    	chr4:135863826-135892108(probes 447915:447925)    	chr4:135798135-136394701(probes 447879:448144)    	0.029483	   0.097287		0: t>-0.1; 1: -0.1>t> -1.3; 2: t< -1.3	0	0	0	0	0	0	0	1	0	0	0	0	0	0	0	1	0	0	1	0	0	0	0	0	0	0	0	0	0	0	0	0	0	0	0	0	0	0	0	0	0	0	0	1	0	1	0	0	0	0	0	0	0	0	0	0	0	0	0	0	1	0	0	0	0	0	0	0	0	0	0	0	0	0	1	1	0	0	0	0	1	0	0	1	0	0	0	1	0	0	0	0	0	0	0	0	0	0	0	0	0	0	0	0	0	0	0	0	0	0	0	0	0	0	0	0	0	0	0	0	0	1	0	0	0	0	0	1	0	0	0	0	0	1	0	0	0	0	1	0	0	0	0	0	0	0	1	0	0	0	0	0	0	0	0	0	0	0	0	0	0	0	0	0	0	0	0	0	0	1	0	0	0	0	0	0	0	0	0	1	0	1	0	0	0	0	0	0	0	0	0	0	0	0	0	0	1	0	0	0	1	0	0	0	0	0	0	0	0	0	0	1	0	0	0	0	0	0	0	0	0	0	0	0	0	0	0	0	0	1	0	0	0	1	0	0	0	0	0	0	0	0	0	0	0	0	0	0	0	0	0	0	0	1	0	0	0	0	0	0	0	0	0	1	0	0	0	0	0	0	0	0	0	0	0	0	0	0	0	0	0	0	0	1	0	0	0	0	0	0	0	1	0	0	0	0	0	0	0	0	0	0	0	0	0	0	0	0	0	1	0	0	1	0	0	0	0	0	1	0	1	0	0	1	0	0	1	0	1	0	0	0	0	0	0	0	0	0	0	0	0	0	1	1	0	1	0	0	0	0	0	0	1	0	0	0	0	0	1	0	0	0	1	0	0	0	0	0	0	0	0	0	0	0	0	0	0	0	0	0	0	0	0	0	1	0	0	0	0	0	0	0	0	0	0	0	0	0	0	0	0	0	0	0	0	0	0	0	0	0	0	0	0	0	0	0	0	0	0	0	0	0	0	0	0	0	0	1	0	0	1	0	0	0	0	0	1	0	0	0	0	0	0	0	0	0	0	0	0	1	1	0	0	0	0	0	0	0	0	0	0	0	0	0	0	0	0	0	0	0	0	0	1	0	0	0	0	0	0	0	0	0	0	0	0	1	0	0	0	0	0	0	1	0	0	0	0	0	0	0	0	
Deletion Peak 17	5q11.2  	chr5:55815416-57480983(probes 506040:507160)        	chr5:55989707-56011830(probes 506134:506137)        	chr5:45383301-81992304(probes 502985:520777)        	7.883e-30	 7.9994e-19		0: t>-0.1; 1: -0.1>t> -1.3; 2: t< -1.3	0	0	0	0	0	0	0	0	1	0	1	0	1	0	0	1	0	0	1	0	0	1	1	0	0	0	0	0	0	1	0	1	0	0	0	0	1	0	0	0	0	1	0	1	0	1	0	0	1	0	1	0	1	0	0	1	0	0	0	1	0	0	0	0	0	0	0	0	0	1	1	0	0	0	0	0	1	0	0	0	1	0	0	1	0	0	0	0	0	0	1	0	0	0	0	0	0	1	0	0	0	0	0	1	0	0	0	0	1	0	1	1	0	0	0	0	1	0	0	1	0	0	1	0	0	0	0	1	0	1	0	0	0	0	1	0	0	0	0	0	0	1	0	0	0	0	1	1	1	0	0	0	0	0	0	0	0	0	0	0	0	0	0	0	0	0	1	1	1	0	0	1	0	1	0	0	1	0	0	0	0	1	0	0	0	0	1	0	0	0	0	1	0	0	0	0	1	0	0	1	0	0	0	0	0	0	0	0	0	0	0	1	0	1	0	0	0	1	0	1	0	0	0	0	1	0	0	0	0	1	0	0	1	0	1	0	0	0	0	0	0	0	0	0	0	0	1	0	1	0	0	0	1	0	0	0	0	1	1	1	0	1	0	0	1	1	0	0	0	0	0	0	0	1	0	0	0	0	1	0	0	0	1	0	0	0	0	0	1	0	0	1	0	0	0	0	0	1	0	0	0	0	0	0	0	0	1	0	1	0	0	0	0	0	1	0	0	1	1	0	1	1	1	0	0	1	1	0	1	0	0	0	1	1	0	0	0	0	1	0	0	0	1	0	0	0	0	1	1	0	0	0	0	1	0	0	0	0	0	1	1	0	0	0	0	0	0	0	0	1	0	0	0	1	0	0	0	0	0	0	0	0	0	1	0	1	0	0	0	0	1	0	0	0	0	0	0	0	0	1	1	0	0	0	0	0	0	0	0	0	0	0	0	0	0	0	0	0	1	0	1	0	1	0	1	0	0	1	0	0	1	0	0	0	0	0	0	0	0	1	1	0	0	0	0	0	1	0	0	1	1	0	1	0	0	0	0	1	0	0	0	1	1	0	0	0	0	0	0	0	0	0	0	0	0	0	0	0	0	0	0	0	1	0	0	0	0	0	0	0	0	0	0	0	0	1	1	0	0	1	0	
Deletion Peak 18	5q13.2  	chr5:67196585-73454225(probes 512798:515498)        	chr5:69444827-71454769(probes 514237:514278)        	chr5:45383301-81992304(probes 502985:520777)        	1.0997e-21	 3.6422e-08		0: t>-0.1; 1: -0.1>t> -1.3; 2: t< -1.3	0	0	0	0	0	0	0	0	0	0	1	0	1	0	0	1	1	0	1	0	0	0	1	0	0	0	0	0	0	1	0	1	0	0	0	0	0	0	0	1	0	0	0	0	0	1	0	0	1	0	1	1	0	0	0	1	0	0	0	1	0	0	0	0	0	0	0	0	0	1	0	0	0	0	1	0	1	0	0	0	1	0	0	1	0	1	0	1	0	1	1	0	1	0	0	0	0	1	0	0	1	0	0	0	0	0	0	1	1	0	1	0	0	0	0	0	1	0	0	1	0	0	1	0	0	0	0	1	0	1	0	0	0	0	0	0	0	0	0	0	1	1	0	0	0	0	1	1	1	0	0	0	0	0	0	0	0	0	0	0	0	0	0	0	0	0	1	1	0	0	0	1	0	1	0	0	0	0	0	0	0	1	0	0	0	0	1	0	0	0	0	1	0	0	1	0	1	0	0	1	0	0	0	0	0	0	0	0	0	0	1	1	0	1	0	1	0	1	0	1	0	0	0	0	1	0	0	0	0	1	0	0	1	1	1	0	0	0	0	0	0	0	0	0	0	0	0	0	1	0	0	1	0	0	0	0	0	1	1	0	0	0	0	0	1	1	0	0	0	0	1	0	0	1	0	0	0	0	1	0	0	0	1	0	0	0	0	0	1	0	0	1	0	0	0	0	0	1	0	0	0	0	0	0	0	0	0	0	1	0	0	0	0	0	1	1	0	1	1	1	1	0	1	0	0	0	1	0	1	0	0	0	0	1	0	0	0	0	0	0	0	1	1	0	0	0	0	0	1	0	0	0	0	0	0	0	0	0	0	0	1	0	0	0	1	0	0	0	0	1	0	0	0	1	0	0	0	0	0	0	0	0	0	1	0	1	0	0	0	0	1	0	0	0	0	0	0	0	0	1	1	0	0	0	0	0	0	0	0	0	0	0	0	0	0	0	0	0	1	0	1	0	0	0	1	0	0	1	0	1	1	0	0	0	0	0	0	0	0	1	1	0	1	0	0	1	1	0	0	1	1	0	1	0	0	1	0	0	0	0	0	1	1	0	0	0	0	0	0	0	0	0	0	0	0	0	0	0	0	0	0	0	1	0	0	0	0	0	0	0	0	0	0	0	0	1	1	0	0	1	0	
Deletion Peak 19	5q15    	chr5:98795802-98934559(probes 529660:529724)        	chr5:98847647-98934559(probes 529675:529724)        	chr5:84557490-121917541(probes 522213:542236)      	2.0071e-36	 7.7553e-27		0: t>-0.1; 1: -0.1>t> -1.3; 2: t< -1.3	0	0	0	1	0	0	0	0	0	0	0	0	1	0	0	1	0	0	1	0	0	0	0	1	0	0	0	0	0	1	0	1	0	0	0	0	0	0	0	0	0	0	0	0	0	1	0	0	1	0	1	0	0	0	0	1	0	0	0	1	1	0	0	1	1	0	0	0	0	0	1	0	0	0	1	0	1	0	0	0	1	0	0	1	1	0	1	1	0	0	1	0	1	0	0	0	0	1	1	0	0	0	0	0	0	0	0	0	1	0	1	1	0	0	1	0	0	0	0	1	1	0	1	0	0	0	0	0	0	0	1	0	0	0	0	0	0	0	0	0	0	1	0	1	0	0	1	1	1	0	0	0	0	0	0	0	0	0	1	0	0	0	0	0	1	0	0	1	1	1	0	1	1	1	0	0	0	0	0	0	0	1	0	0	0	0	1	0	0	0	0	0	0	0	0	1	1	0	0	0	1	1	0	0	0	0	0	0	0	0	1	1	0	0	0	0	0	1	0	0	0	0	1	0	1	0	0	1	0	1	0	0	0	0	0	0	0	0	0	0	0	0	0	0	0	0	0	0	1	0	0	1	0	0	0	0	0	1	0	0	1	0	0	0	1	0	0	0	0	0	0	1	0	0	1	1	0	0	1	1	0	0	0	0	0	0	0	0	1	0	0	1	0	0	0	1	0	1	1	0	0	0	0	0	0	0	0	0	1	0	1	0	1	0	0	0	0	0	1	1	1	1	0	1	0	0	1	0	1	0	0	0	0	1	0	1	0	0	0	0	1	1	1	1	0	0	0	1	1	0	0	1	1	0	0	0	0	0	1	0	1	0	0	0	1	0	0	0	0	1	0	0	0	1	0	0	0	0	0	0	0	0	0	0	0	1	0	0	0	0	1	0	0	0	1	0	0	0	0	1	1	0	0	0	0	0	0	0	0	0	0	0	0	0	0	0	0	0	1	0	0	0	1	0	1	0	0	1	0	0	1	1	0	0	0	0	0	0	0	0	0	0	0	0	0	0	0	0	0	1	0	0	1	0	1	1	1	0	0	1	0	1	0	0	0	0	0	0	0	0	0	0	0	0	0	0	0	0	0	0	0	0	1	0	0	0	0	1	0	0	1	0	0	0	0	1	1	0	1	1	1	
Deletion Peak 20	5q21.3  	chr5:98930638-112983230(probes 529725:536928)      	chr5:105089880-105171908(probes 532182:532183)    	chr5:84557490-121917541(probes 522213:542236)      	1.1476e-14	    0.16287		0: t>-0.1; 1: -0.1>t> -1.3; 2: t< -1.3	0	0	0	0	0	0	0	0	0	0	0	0	1	0	0	1	0	0	1	0	0	0	0	1	0	0	0	0	0	1	0	0	0	0	0	0	0	1	0	0	0	0	0	0	0	1	0	0	0	0	0	0	0	0	0	1	0	0	0	1	1	0	0	1	1	0	0	0	0	0	1	0	0	0	1	0	1	0	0	0	0	0	0	1	0	0	1	1	0	0	0	0	1	0	0	0	0	1	0	0	0	0	0	0	0	0	0	0	0	0	1	1	0	0	1	0	0	0	0	1	1	0	1	0	0	0	0	0	0	0	0	0	0	0	0	0	0	0	0	0	0	1	0	1	0	0	1	1	1	0	0	0	0	0	0	0	0	0	1	0	0	0	0	0	1	0	0	1	1	0	0	1	1	1	0	0	0	0	0	0	0	1	0	0	0	0	0	0	0	0	0	0	0	0	0	1	1	0	0	0	0	1	0	0	0	0	0	0	0	0	1	0	0	0	0	0	0	1	0	0	0	0	1	0	1	0	0	0	0	1	0	0	0	0	1	0	0	0	0	0	0	0	0	0	0	0	0	0	0	0	0	1	0	0	0	0	0	1	0	0	1	0	0	0	0	0	0	0	0	0	0	1	0	0	1	1	0	0	1	0	0	0	0	0	0	0	0	0	1	0	0	0	0	0	0	1	0	1	1	0	0	0	0	0	0	0	0	0	1	0	0	0	1	0	0	0	0	0	1	1	1	1	0	1	0	0	0	0	1	0	0	0	0	1	0	1	0	0	0	0	0	0	1	0	0	0	0	1	1	0	0	1	0	0	0	0	0	0	1	0	0	0	0	0	1	0	0	0	0	1	0	0	0	1	0	0	0	0	0	0	0	0	0	0	0	1	0	0	0	0	1	0	0	0	1	0	0	0	0	0	1	0	0	0	0	0	0	0	0	0	0	0	0	0	0	0	0	0	1	0	0	0	1	0	1	0	0	1	0	0	1	1	0	0	0	0	0	0	0	0	0	0	0	1	0	0	0	0	0	1	0	0	1	0	1	1	0	0	0	1	0	1	0	0	0	0	0	0	0	0	0	0	0	0	0	0	0	0	0	0	0	0	0	0	0	1	0	0	0	0	0	0	0	0	0	1	1	0	1	1	0	
Deletion Peak 21	5q22.3  	chr5:105091363-123361187(probes 532183:543124)    	chr5:115640444-115685755(probes 538660:538674)    	chr5:84557490-121917541(probes 522213:542236)      	1.1823e-06	   0.032487		0: t>-0.1; 1: -0.1>t> -1.3; 2: t< -1.3	0	0	0	0	0	0	0	0	0	0	0	0	1	0	0	1	0	0	0	0	0	1	0	1	0	0	0	0	0	0	0	0	0	0	0	0	1	1	0	0	0	0	0	0	0	0	0	0	0	0	1	0	0	0	0	0	0	0	0	1	0	0	0	0	1	0	0	0	0	0	0	0	0	0	0	0	1	0	0	0	0	0	0	1	0	0	0	1	0	0	0	0	1	0	0	0	0	1	0	0	0	0	0	0	0	0	0	0	0	1	1	1	0	0	0	0	0	0	0	0	1	0	0	0	0	0	0	0	0	0	0	0	0	0	0	0	0	0	0	0	0	1	0	1	0	0	1	1	1	0	1	0	0	0	0	0	0	0	1	0	1	0	0	0	0	0	0	1	0	0	0	1	0	0	0	0	0	0	0	0	0	1	0	0	0	0	0	0	0	0	0	0	0	0	0	0	1	0	0	0	0	1	0	0	0	0	0	0	0	0	1	0	0	0	0	1	0	1	0	0	0	0	1	0	0	0	0	0	0	1	0	1	0	0	1	0	0	0	0	0	0	0	0	0	0	0	0	0	0	1	0	1	0	0	1	0	0	1	0	0	0	0	0	0	0	0	0	0	0	0	0	0	0	0	0	0	0	0	1	0	0	0	0	0	0	0	0	0	0	0	0	0	0	0	0	1	0	1	0	0	0	0	0	0	0	0	0	0	0	0	0	0	1	0	0	1	1	0	1	0	1	0	0	0	1	0	0	0	0	0	0	0	0	0	0	0	0	0	0	0	0	0	1	1	0	0	0	1	1	0	0	0	0	0	0	0	0	0	0	0	0	0	0	0	1	0	0	0	0	1	0	0	0	1	0	0	0	0	1	0	0	0	0	0	0	1	0	0	0	0	1	0	0	0	0	0	0	0	0	0	1	0	0	0	1	0	0	0	0	0	0	0	0	0	0	0	0	0	1	0	0	0	0	0	1	0	0	0	0	0	1	0	0	0	0	0	0	0	0	0	0	0	0	0	0	0	0	0	0	1	0	0	0	0	0	1	1	0	0	0	0	1	0	0	0	1	0	0	0	0	0	0	0	0	0	0	0	0	0	0	0	0	0	0	0	1	0	0	0	0	0	0	0	0	0	1	1	0	1	1	0	
Deletion Peak 22	6p24.3  	chr6:3848695-10400535(probes 580645:585432)          	chr6:7099544-7254035(probes 583072:583169)            	chr6:5520637-7642275(probes 581771:583419)            	0.0094789	  0.0093432		0: t>-0.1; 1: -0.1>t> -1.3; 2: t< -1.3	0	0	0	0	0	1	0	0	0	0	0	0	0	0	0	1	0	0	0	0	0	1	0	0	0	0	0	0	0	0	0	0	0	0	0	0	0	0	0	0	0	0	0	0	0	0	0	1	0	0	0	0	0	0	0	0	1	0	0	0	0	0	0	0	0	0	0	0	0	0	0	0	0	0	0	0	0	0	0	0	0	0	0	0	0	0	0	0	0	1	0	0	0	0	0	1	1	0	0	0	0	0	0	0	0	0	0	0	0	0	0	0	1	0	0	0	0	0	0	0	0	1	0	0	0	0	0	1	0	0	0	0	0	0	0	0	0	0	0	0	1	0	0	0	0	0	1	0	0	0	0	0	0	0	0	0	0	0	0	0	1	0	0	1	0	0	1	1	0	0	0	0	0	0	0	0	0	0	0	1	0	0	0	0	0	0	0	0	0	0	0	0	0	0	0	0	0	0	0	0	0	1	0	0	0	0	0	0	0	0	0	0	0	0	0	0	0	1	0	1	0	0	0	0	0	0	0	0	0	1	0	0	0	0	0	0	0	0	0	0	1	0	0	0	0	0	0	0	0	0	0	0	0	0	0	0	1	0	0	0	0	0	0	1	0	0	0	0	0	0	0	0	0	0	0	0	0	0	0	0	0	0	1	1	0	0	0	0	0	0	0	0	0	0	0	0	0	0	0	0	0	0	0	0	1	1	0	0	0	0	0	0	0	0	0	1	0	0	0	0	1	0	1	0	0	0	0	0	0	0	0	0	0	0	0	0	0	0	0	0	0	0	1	0	0	0	0	0	0	0	0	0	0	0	0	0	0	0	0	0	0	0	0	0	0	0	0	1	0	1	1	0	1	1	0	0	0	1	0	0	0	0	0	0	1	0	0	0	1	1	0	0	0	0	0	0	0	0	0	0	0	0	0	0	0	0	0	0	1	0	0	0	0	0	0	0	0	0	1	0	0	0	0	0	1	0	0	0	0	0	0	0	0	0	0	0	0	0	1	0	0	0	1	0	1	0	1	0	0	0	0	0	0	0	0	1	0	0	0	0	0	0	0	0	0	0	0	0	0	0	0	1	0	0	0	0	0	0	0	0	0	0	0	0	0	0	0	0	0	0	0	0	1	0	0	0	0	0	0	1	0	
Deletion Peak 23	6q14.3  	chr6:87090342-87291345(probes 627216:627332)        	chr6:87145513-87264648(probes 627249:627308)        	chr6:66850381-124827878(probes 615680:648473)      	6.1291e-71	 4.9738e-60		0: t>-0.1; 1: -0.1>t> -1.3; 2: t< -1.3	0	1	1	0	0	0	0	0	0	0	1	0	1	0	1	1	0	1	1	0	0	1	0	1	0	0	0	0	0	1	0	1	1	1	0	1	0	1	1	0	0	1	0	0	0	1	0	0	1	0	1	0	1	0	1	1	1	0	0	0	1	1	0	1	1	0	0	0	0	0	0	1	0	0	1	1	1	0	0	0	1	1	0	1	0	1	0	1	0	1	1	0	0	1	0	1	1	1	1	0	0	0	0	0	0	1	0	0	1	0	1	1	1	0	0	0	0	0	0	0	1	1	1	1	0	0	0	1	1	0	1	0	1	1	0	0	0	1	1	0	1	1	0	1	0	1	1	1	1	1	1	0	0	0	0	0	0	0	0	0	0	0	0	0	1	0	0	1	0	0	0	1	1	1	0	1	0	0	0	1	0	1	1	0	0	0	1	1	1	0	1	0	0	0	1	0	0	1	0	0	1	1	0	0	0	1	0	0	0	0	1	1	0	0	0	0	0	1	0	1	0	0	0	0	1	1	1	1	0	0	0	0	1	1	1	0	0	1	0	0	0	1	0	1	0	0	1	0	1	1	0	1	0	1	0	0	1	1	0	0	1	0	1	1	0	1	1	0	0	1	1	1	1	1	1	1	0	0	1	1	1	0	0	1	0	0	0	1	0	1	1	1	0	0	0	1	0	1	1	0	0	0	0	1	0	1	0	0	0	1	1	0	1	0	1	0	1	0	1	1	0	1	0	0	0	0	1	0	0	0	0	1	0	1	0	1	0	1	0	1	1	1	1	1	0	1	0	0	1	0	1	1	1	0	0	0	0	0	1	1	1	0	1	0	0	0	0	1	0	1	0	0	1	0	1	0	0	0	1	0	0	1	1	1	1	1	0	0	1	1	1	0	0	0	1	0	1	1	0	1	1	1	0	0	0	0	1	0	0	0	1	0	0	0	0	1	0	0	1	0	0	1	1	0	1	0	1	1	0	0	0	1	0	1	0	0	0	1	1	1	1	0	0	1	0	1	1	0	0	0	1	1	1	0	0	1	1	0	0	1	0	1	1	0	0	1	0	0	0	1	0	1	1	1	0	0	0	0	0	1	0	0	1	0	0	1	0	1	0	1	1	0	1	1	0	0	0	0	1	0	1	
Deletion Peak 24	6q22.1  	chr6:100878919-119452669(probes 634769:645390)    	chr6:116089843-116247609(probes 643799:643872)    	chr6:66850381-124827878(probes 615680:648473)      	3.7237e-30	 2.6774e-10		0: t>-0.1; 1: -0.1>t> -1.3; 2: t< -1.3	0	1	0	0	0	0	0	0	0	0	1	0	0	0	1	1	0	0	1	0	0	1	0	1	0	0	0	0	0	1	0	1	1	1	0	0	0	1	0	0	0	1	0	0	0	1	0	0	1	0	1	0	0	0	0	1	0	0	0	0	1	1	0	1	1	0	0	0	0	0	0	0	0	0	1	1	1	0	0	0	0	1	0	1	0	0	0	1	0	1	1	0	1	1	0	1	1	0	0	0	0	0	0	0	0	1	1	0	1	0	1	1	0	0	0	0	0	0	1	1	1	0	1	1	0	0	0	1	1	0	1	0	1	1	0	0	0	0	1	0	1	1	0	1	0	0	1	1	0	1	1	0	0	0	0	0	0	0	0	0	0	0	0	0	1	0	0	1	0	0	0	1	0	1	0	0	0	0	0	1	0	0	1	0	1	0	1	0	0	0	0	0	0	0	1	0	0	1	0	0	1	1	0	0	0	1	1	0	0	0	1	1	0	0	0	0	0	1	0	1	0	0	1	0	1	1	1	1	0	0	0	0	1	0	1	0	0	0	0	0	0	1	0	0	0	0	0	0	1	1	0	0	0	1	0	0	1	1	0	0	1	0	1	1	0	1	0	0	0	0	0	0	0	0	0	1	0	0	1	1	0	0	0	1	0	0	0	1	0	0	0	0	0	0	0	1	0	1	1	0	0	0	0	0	0	1	0	0	0	0	1	0	1	0	1	0	1	0	1	1	0	1	0	0	0	0	1	1	1	0	0	0	0	0	0	1	0	1	0	1	1	1	1	1	0	1	0	0	0	0	1	1	1	0	0	0	0	1	1	1	0	0	0	0	0	0	0	1	0	1	0	0	1	1	1	0	0	0	0	0	0	1	0	1	1	1	0	1	1	0	0	0	0	0	1	0	1	0	0	0	0	0	0	0	0	0	1	0	0	0	0	0	0	0	0	0	0	0	1	0	0	0	0	0	1	0	0	1	0	0	0	1	0	0	0	0	0	0	1	0	0	0	0	1	0	1	0	0	0	0	0	0	0	0	0	1	1	0	0	1	0	1	1	0	0	1	0	0	0	0	0	1	1	1	0	0	0	0	1	1	0	0	0	0	0	0	0	1	0	0	1	0	1	1	0	0	0	0	1	0	1	
Deletion Peak 25	7q31.33 	chr7:124926631-128004158(probes 740942:742625)    	chr7:127213118-127230557(probes 742123:742136)    	chr7:127078427-127245958(probes 742025:742152)    	0.17032	    0.16914		0: t>-0.1; 1: -0.1>t> -1.3; 2: t< -1.3	0	0	0	0	0	0	0	0	0	0	0	0	0	0	0	0	0	0	0	0	0	1	0	0	0	0	0	0	0	0	0	0	1	1	0	0	0	0	0	0	0	0	0	0	0	1	0	0	0	0	0	0	0	0	0	0	0	0	0	0	0	0	0	0	0	0	0	0	0	0	0	0	0	0	0	0	0	0	0	0	0	0	0	0	0	0	0	0	1	0	0	0	0	0	0	0	0	0	0	0	0	0	0	0	0	0	0	0	0	0	0	1	0	0	0	0	1	0	0	0	1	1	0	0	0	0	0	0	0	0	1	0	0	0	0	0	0	0	1	0	0	0	0	0	0	0	0	0	0	0	0	0	0	0	0	0	0	0	0	0	0	0	0	0	0	0	0	0	0	0	0	0	0	0	0	0	0	0	0	0	0	0	0	0	0	0	0	0	0	0	0	0	0	0	0	0	0	0	0	0	1	0	0	0	0	0	0	0	0	0	0	0	0	0	0	1	0	0	0	0	0	0	0	0	0	0	0	0	0	0	0	0	1	0	0	0	0	0	0	0	0	0	0	0	0	0	0	0	0	0	0	0	0	0	0	0	0	0	0	0	0	0	0	1	1	0	0	0	0	0	0	0	0	0	0	0	0	1	0	0	0	0	0	0	0	0	0	0	0	0	0	0	0	0	0	0	0	1	0	0	0	0	0	0	0	0	0	0	0	0	0	0	1	0	0	0	0	0	0	0	0	0	0	0	0	0	0	0	0	0	0	0	0	0	0	0	0	0	0	0	0	1	0	1	0	0	0	0	1	0	0	0	0	0	0	0	0	0	1	0	0	0	0	0	0	0	0	0	0	0	0	0	0	0	0	0	0	1	0	1	0	0	1	0	0	0	0	0	0	0	1	0	0	0	0	1	0	0	0	0	1	0	0	0	0	0	0	0	0	0	0	0	0	0	0	0	0	0	0	0	0	0	0	0	0	0	0	0	0	0	1	0	0	0	0	0	0	0	0	0	0	0	0	0	0	0	0	0	0	0	0	0	0	0	0	0	1	0	0	0	0	0	0	0	0	0	0	0	0	0	0	0	0	0	0	0	0	0	0	0	0	1	0	0	0	0	0	0	0	0	0	0	0	0	1	0	0	1	0	0	0	
Deletion Peak 26	8p23.2  	chr8:2166023-6404670(probes 759916:761853)            	chr8:2926897-4996752(probes 759952:761450)            	chr8:3688999-3690711(probes 760702:760703)            	0.0061646	  0.0062435		0: t>-0.1; 1: -0.1>t> -1.3; 2: t< -1.3	0	0	1	0	0	1	0	1	0	1	1	1	1	0	1	0	0	1	0	0	0	1	0	1	0	0	1	1	0	1	0	1	1	0	1	1	1	1	0	0	0	1	0	0	0	1	1	1	1	0	0	1	1	0	0	1	1	0	1	1	0	1	1	0	1	0	1	0	1	1	1	1	1	1	1	1	1	1	1	0	1	1	0	1	0	0	0	1	1	1	0	0	1	1	0	1	0	1	0	1	0	1	0	1	0	0	1	0	0	0	1	1	0	1	1	0	1	0	0	1	0	0	0	1	0	0	0	1	1	1	1	0	1	1	1	0	0	0	1	0	1	1	1	1	0	0	1	0	0	0	1	0	1	0	1	1	0	0	0	0	0	1	1	1	1	0	0	0	0	0	1	1	0	1	0	1	1	0	1	0	0	0	0	0	0	0	0	0	0	0	0	1	0	0	0	0	0	1	0	1	1	1	0	0	1	1	0	0	0	0	0	0	0	0	0	0	0	1	1	0	0	0	0	0	1	0	0	0	0	1	0	1	0	1	0	1	0	1	1	0	0	1	0	0	0	1	1	1	0	0	1	0	1	0	1	1	1	1	1	1	0	1	0	1	0	0	1	1	0	1	0	0	1	0	1	0	0	1	1	1	1	1	1	1	1	0	1	0	0	0	0	0	1	0	0	0	1	1	0	0	0	0	1	1	1	0	0	1	1	1	0	0	0	0	0	1	1	1	1	1	1	0	1	1	1	1	0	0	0	0	0	1	1	1	1	0	0	1	1	1	1	1	1	0	1	1	0	1	1	0	1	1	0	1	0	1	0	0	0	1	0	0	1	0	1	0	0	0	1	1	1	1	0	1	1	1	0	1	0	0	0	0	1	1	0	0	1	0	1	1	1	0	0	0	1	1	1	1	1	1	1	0	0	0	1	1	0	1	1	0	1	0	0	0	1	1	0	1	1	0	0	0	0	0	1	0	1	1	0	0	1	0	0	0	0	1	0	0	0	1	1	1	1	0	0	0	1	0	0	1	0	0	0	1	1	0	1	0	1	1	1	1	1	1	1	1	0	1	0	0	1	0	0	1	0	1	0	0	1	1	0	0	0	1	0	0	0	0	0	1	0	0	1	0	0	1	1	1	0	1	1	
Deletion Peak 27	8p21.3  	chr8:22345922-24302367(probes 771914:773015)        	chr8:22680872-22698068(probes 772003:772004)        	chr8:18073609-28056041(probes 768531:775818)        	1.3462e-10	 1.3462e-10		0: t>-0.1; 1: -0.1>t> -1.3; 2: t< -1.3	0	0	1	0	0	1	1	1	1	1	1	1	1	0	0	0	1	1	1	0	1	1	0	1	1	0	1	1	0	1	0	1	1	0	1	0	1	1	1	0	0	1	0	1	1	1	1	1	1	0	0	1	1	0	1	1	1	0	1	1	1	1	1	0	1	0	1	0	1	1	1	1	1	1	1	1	1	1	1	0	1	1	0	1	0	0	0	1	1	1	1	0	1	1	0	1	1	1	0	1	0	1	1	1	1	0	1	1	0	1	1	1	0	1	1	0	1	0	1	1	0	1	0	1	0	0	0	1	1	1	1	0	1	1	1	0	0	0	1	0	1	1	1	1	0	0	1	1	1	0	1	0	1	0	1	1	1	0	0	0	0	1	1	1	1	0	1	1	1	1	1	1	1	1	0	1	1	0	0	0	0	1	1	0	1	0	1	1	1	0	0	1	0	1	0	0	1	1	0	1	0	1	0	0	1	1	1	1	0	1	0	1	0	1	0	1	0	1	1	0	0	0	0	0	1	0	1	1	1	1	1	1	0	1	1	0	0	1	1	0	0	1	0	1	0	1	1	1	0	0	1	1	1	0	1	1	1	1	1	1	0	1	0	1	0	0	1	1	1	1	1	0	1	0	1	0	1	1	1	1	1	1	1	1	1	0	0	0	1	0	0	1	1	0	0	1	1	1	1	0	0	0	1	1	1	0	0	1	1	1	1	1	0	0	1	1	1	1	1	1	1	0	1	1	1	1	1	0	0	0	0	1	1	1	1	1	0	1	1	1	1	1	1	1	1	1	1	1	1	1	1	1	0	1	0	1	1	0	1	1	1	0	1	0	1	0	0	0	1	1	1	1	1	1	1	0	1	1	0	0	0	0	1	1	1	0	1	0	1	1	1	1	0	1	1	1	1	1	1	1	0	0	1	1	1	1	0	1	1	1	1	0	0	0	1	1	0	1	1	0	1	0	1	1	1	0	1	1	0	0	1	0	1	0	0	1	0	0	0	1	1	1	1	0	1	0	1	0	0	1	0	1	0	1	1	0	1	0	1	1	1	1	1	1	1	1	1	1	1	0	1	1	0	1	0	1	1	0	1	1	0	1	1	1	0	0	0	0	0	1	1	1	1	1	0	1	1	1	1	1	1	
Deletion Peak 28	8p11.21 	chr8:41894191-42158596(probes 783829:783950)        	chr8:41935063-42066756(probes 783847:783904)        	chr8:41494941-42476821(probes 783563:784220)        	0.0044246	   0.004447		0: t>-0.1; 1: -0.1>t> -1.3; 2: t< -1.3	0	0	1	0	0	1	0	1	0	0	0	1	1	0	0	0	0	1	0	0	0	1	0	1	0	0	1	1	0	1	0	0	1	0	0	0	1	1	0	1	0	1	0	0	0	1	1	1	0	0	0	0	1	0	0	0	1	0	0	1	1	0	1	0	0	1	1	0	1	1	1	0	1	1	0	1	0	0	1	0	0	0	0	1	0	0	0	0	0	1	1	0	0	1	0	1	0	0	0	1	0	0	1	0	0	0	1	0	0	0	0	0	0	1	0	0	1	0	1	0	0	1	0	1	0	0	0	0	0	1	1	0	1	1	0	0	0	0	1	0	1	1	0	0	0	0	0	0	0	0	1	0	1	0	0	1	0	0	0	0	0	0	1	1	1	0	0	0	1	0	1	0	0	1	0	0	1	0	0	0	0	0	0	0	0	0	0	0	0	0	0	1	0	0	0	0	1	0	1	0	0	0	0	0	1	1	1	0	0	1	0	0	0	0	0	0	0	1	0	0	0	0	0	0	0	0	1	0	1	1	0	1	0	1	0	0	0	0	0	0	0	1	0	0	0	1	0	0	0	0	0	0	1	0	0	1	1	1	1	0	0	1	0	1	1	0	0	1	1	0	0	0	0	0	1	0	0	1	0	1	1	0	1	1	1	0	0	0	1	0	0	1	0	0	0	0	1	1	1	0	0	0	0	1	1	0	0	1	1	1	0	0	0	0	0	0	1	1	0	1	0	0	0	0	0	0	0	0	0	0	0	0	1	0	0	1	0	1	1	0	1	1	1	0	1	1	0	1	1	1	1	1	0	0	0	1	0	0	0	1	0	0	1	0	1	0	1	0	1	1	1	1	1	1	0	0	0	1	0	0	0	0	1	0	0	0	0	0	0	0	1	1	0	1	1	0	1	1	1	0	0	0	0	0	1	1	0	1	1	0	0	0	0	0	0	1	0	1	1	0	1	0	0	0	1	0	1	1	0	0	1	0	0	0	0	0	0	0	0	1	1	1	1	0	0	0	0	0	0	1	0	1	0	1	1	0	0	0	0	1	1	1	1	0	0	1	1	1	1	0	0	0	0	1	0	1	1	0	1	0	0	1	0	1	0	0	0	0	0	1	0	0	1	1	0	1	1	0	0	1	0	
Deletion Peak 29	9p23    	chr9:7799607-10619051(probes 846309:848013)          	chr9:8310705-10619051(probes 846641:848013)          	chr9:9224801-9231960(probes 847328:847329)            	5.7018e-05	 5.6621e-05		0: t>-0.1; 1: -0.1>t> -1.3; 2: t< -1.3	0	0	0	0	1	0	0	0	1	1	1	0	0	0	0	1	0	0	0	0	1	0	0	0	0	0	0	0	0	0	0	0	1	0	0	0	0	0	0	0	0	0	0	0	0	0	0	0	0	1	0	0	0	0	0	0	0	0	0	1	1	0	0	0	0	0	0	0	0	1	0	0	0	0	0	0	0	0	0	0	1	0	0	0	0	0	0	1	0	0	0	0	0	0	0	1	0	0	0	0	0	0	0	0	0	0	0	1	0	0	1	0	0	0	0	0	1	0	0	0	0	0	0	0	0	0	0	0	0	0	0	0	0	0	0	0	0	0	0	0	1	0	0	0	0	0	0	0	0	0	0	0	0	0	0	0	0	0	0	0	0	0	0	0	0	0	0	0	0	0	0	0	0	0	0	1	0	0	0	0	0	0	0	0	0	0	0	0	1	0	0	0	0	0	0	0	0	0	0	0	1	0	0	0	0	0	0	0	0	0	0	0	0	0	0	0	0	0	0	0	0	0	0	0	0	0	0	0	0	0	0	0	1	0	1	0	0	0	0	1	0	0	0	0	0	0	0	1	0	0	0	1	0	0	0	0	0	0	0	0	0	0	0	0	1	0	0	0	0	0	0	0	1	0	1	0	0	0	0	0	0	0	1	0	0	0	0	0	0	0	0	0	1	0	0	0	0	0	0	0	0	0	0	0	0	0	0	0	0	0	0	0	0	0	0	0	0	0	0	0	0	0	0	0	0	0	0	0	0	0	0	0	0	0	0	0	0	0	0	0	0	0	0	0	0	0	0	0	1	1	0	0	0	0	0	0	0	0	0	0	0	0	1	0	0	0	0	0	0	1	0	0	0	0	0	0	0	0	0	0	0	0	0	0	0	0	0	0	1	0	0	0	0	0	0	0	1	0	0	0	0	0	0	0	0	0	0	0	0	0	0	0	1	0	0	0	0	0	0	0	0	0	0	0	0	0	0	0	0	0	1	0	0	0	0	0	1	0	0	0	0	0	0	0	0	0	0	0	0	1	1	0	1	0	0	1	0	0	1	0	0	1	0	0	0	0	0	0	0	0	0	1	0	0	0	0	0	0	0	0	0	0	0	0	0	0	0	0	0	0	0	0	1	1	0	1	0	0	0	0	0	
Deletion Peak 30	9p21.3  	chr9:21555228-22448738(probes 855545:856083)        	chr9:21959053-21997723(probes 855764:855777)        	chr9:21957146-22071270(probes 855761:855850)        	0.139	     0.1549		0: t>-0.1; 1: -0.1>t> -1.3; 2: t< -1.3	0	0	0	0	0	0	0	0	0	0	1	0	0	0	0	1	0	0	0	0	1	1	0	0	0	0	0	0	0	0	0	0	0	1	0	0	0	0	0	0	0	0	0	0	0	0	0	0	0	1	0	0	0	0	0	0	0	0	0	1	0	0	0	0	0	0	0	0	0	1	0	0	0	0	0	0	0	0	0	0	1	0	0	1	0	0	0	1	0	0	0	0	0	0	0	1	0	0	0	0	0	0	0	0	0	0	0	1	0	0	1	0	0	0	1	0	1	0	0	0	0	0	1	0	0	0	0	0	0	0	0	0	0	1	0	0	0	0	0	0	1	0	0	0	0	0	0	0	0	0	0	0	0	0	0	0	0	0	0	0	0	0	0	0	0	0	0	0	0	0	0	0	0	0	0	1	0	0	0	0	0	0	0	0	0	0	1	1	0	0	0	0	0	0	0	0	0	0	0	0	1	0	0	0	0	0	0	0	0	0	0	1	0	0	0	0	0	0	0	0	0	0	1	0	0	0	0	0	0	0	0	0	0	0	0	0	0	0	0	0	0	0	0	0	0	0	0	0	0	0	0	0	0	0	0	0	0	0	0	0	0	0	0	0	1	0	0	1	0	0	0	0	0	0	0	0	0	0	0	0	0	0	0	0	0	0	0	0	0	0	0	0	0	0	0	0	0	0	0	0	0	0	0	0	0	0	0	0	0	0	0	0	0	0	0	0	0	0	1	0	0	0	0	0	0	0	0	0	0	0	0	0	0	0	0	0	1	0	0	0	0	0	0	0	0	0	1	0	1	1	0	0	0	0	0	0	0	0	0	0	0	0	1	0	0	0	0	0	0	1	0	0	0	0	0	0	0	0	0	0	0	0	1	0	0	0	0	0	0	0	0	0	0	0	0	0	0	0	0	0	1	0	0	0	0	0	0	0	0	0	0	0	1	0	0	0	0	0	0	0	0	1	0	0	1	0	0	0	0	0	1	0	0	0	0	0	1	0	0	0	0	0	0	0	0	0	1	0	0	1	1	0	1	0	0	0	0	0	1	0	0	0	0	0	0	0	0	0	0	0	0	1	1	0	0	0	0	0	0	0	0	0	0	0	0	0	0	0	0	0	1	0	1	0	0	1	0	0	0	0	0	
Deletion Peak 31	10q11.22	chr10:38694110-65913002(probes 937674:950874)      	chr10:46039118-47084998(probes 939728:939729)      	chr10:46041002-47085456(probes 939729:939730)      	0.15762	    0.15762		0: t>-0.1; 1: -0.1>t> -1.3; 2: t< -1.3	0	0	0	0	0	0	0	0	0	0	0	0	0	0	0	1	0	0	1	0	0	0	0	0	0	0	0	0	0	0	0	0	1	0	1	0	0	0	0	0	0	0	0	0	0	0	1	0	0	0	0	1	0	0	0	0	1	0	0	0	0	1	0	0	1	0	1	0	0	1	0	0	0	1	0	0	0	0	0	0	1	0	0	0	0	0	0	1	0	0	0	0	0	0	0	0	0	1	0	0	0	0	0	1	1	0	0	1	1	0	0	0	0	0	1	0	0	0	0	0	0	1	0	0	0	0	0	0	0	0	0	0	0	1	0	1	0	0	1	0	0	0	0	0	0	0	1	0	0	1	0	0	0	0	0	0	0	1	0	0	1	0	0	1	0	0	0	1	0	0	0	0	0	0	0	0	1	0	0	1	0	0	0	0	0	0	1	0	0	0	1	0	0	0	0	0	0	0	0	0	0	1	0	0	0	0	1	0	0	0	0	0	0	0	0	1	0	0	0	0	0	0	0	0	0	0	0	0	1	0	0	0	0	0	0	0	0	0	0	0	0	0	0	0	0	0	0	0	0	0	0	0	0	0	0	0	0	0	0	0	0	0	0	1	1	0	0	1	1	0	1	0	0	0	0	0	0	0	0	0	0	0	1	1	0	0	0	0	0	0	0	1	0	0	0	0	1	0	0	0	0	0	0	0	0	0	0	0	0	0	0	0	0	0	0	0	0	0	0	0	1	0	0	1	0	0	0	0	0	0	0	0	1	0	0	0	0	0	0	0	0	0	1	0	0	0	0	0	0	0	0	1	0	0	0	0	0	0	0	0	0	0	0	0	0	0	0	1	0	0	0	0	0	0	1	0	0	0	0	0	0	0	0	0	0	1	0	0	1	0	0	0	1	0	0	0	0	0	0	1	0	0	0	0	1	0	0	0	0	0	0	0	0	0	0	0	0	0	0	0	0	0	0	0	0	0	0	0	0	0	0	0	0	0	1	0	0	0	0	0	0	0	0	0	0	0	0	0	0	1	1	0	1	0	0	0	0	0	0	0	0	0	0	0	1	0	0	0	0	0	0	0	0	0	0	0	0	0	1	0	0	0	0	0	0	0	0	0	0	0	0	0	0	0	0	0	0	0	0	0	0	
Deletion Peak 32	10q23.31	chr10:87746731-87819888(probes 964080:964122)      	chr10:87750473-87819888(probes 964082:964122)      	chr10:79400395-105845346(probes 959041:974957)    	5.0811e-79	 7.9131e-07		0: t>-0.1; 1: -0.1>t> -1.3; 2: t< -1.3	0	0	1	0	0	0	0	0	1	1	1	0	0	0	0	1	0	1	1	0	1	0	0	0	0	1	0	0	0	1	0	0	1	1	1	1	1	0	1	1	0	0	0	1	0	0	1	1	0	0	0	1	0	0	1	0	1	0	1	0	0	1	0	0	0	0	1	0	1	1	0	0	1	1	0	0	1	0	0	0	1	0	0	1	0	1	0	1	0	0	0	0	0	0	0	1	0	1	1	1	0	0	0	1	0	0	1	1	1	0	0	0	0	1	1	0	1	0	1	1	0	1	0	0	0	0	0	1	0	0	0	0	0	1	0	1	0	0	0	1	0	0	1	0	0	0	1	0	0	1	0	0	0	0	1	0	0	1	1	0	1	0	1	1	0	0	0	1	0	0	1	1	0	1	0	1	1	0	0	0	0	0	0	0	1	1	1	1	1	0	1	0	0	0	0	0	0	0	1	0	0	1	0	0	0	1	1	0	0	1	0	0	0	0	0	1	0	0	1	0	0	0	1	0	0	0	0	0	1	0	0	0	1	0	0	1	0	0	1	0	0	0	1	0	0	0	0	0	0	0	0	1	1	0	1	0	1	0	1	1	0	1	0	0	1	0	0	1	1	0	1	0	0	1	0	0	0	0	0	0	0	0	1	1	1	0	0	0	1	0	0	0	0	0	0	0	0	1	0	0	0	0	0	0	1	0	1	0	0	1	0	0	0	1	1	1	0	0	0	1	1	0	0	1	1	0	0	1	1	0	0	0	1	0	0	0	1	0	0	0	0	0	1	0	1	1	1	0	0	1	0	1	1	0	0	0	0	1	0	0	0	1	0	0	1	0	1	0	0	1	1	0	0	1	1	0	0	0	0	0	0	0	1	0	0	1	0	0	1	0	0	0	1	0	0	1	0	1	0	0	0	1	0	0	1	0	0	0	0	1	0	0	0	0	0	0	0	0	1	0	0	0	0	1	1	0	0	1	0	0	1	0	0	0	1	0	1	0	0	1	0	1	1	1	0	0	0	0	0	1	1	1	1	0	0	0	0	0	0	0	1	1	0	0	1	0	0	0	0	1	0	1	0	0	0	1	0	0	1	0	0	0	0	1	0	0	0	0	0	0	0	0	1	0	0	0	1	0	0	0	0	
Deletion Peak 33	10q23.31	chr10:87857401-88274281(probes 964147:964577)      	chr10:87857645-87976150(probes 964148:964335)      	chr10:79400395-105845346(probes 959041:974957)    	1.0704e-105	 6.3396e-51		0: t>-0.1; 1: -0.1>t> -1.3; 2: t< -1.3	0	0	1	0	0	0	0	0	1	1	1	0	0	0	0	1	0	1	1	0	1	0	0	0	0	1	0	0	0	1	0	0	1	1	1	1	1	0	1	1	0	0	0	1	0	0	1	1	0	0	1	1	0	0	1	0	1	0	1	0	0	1	0	0	0	0	1	0	1	1	0	1	1	1	0	0	1	0	0	0	1	0	0	1	0	1	0	1	1	0	0	0	0	0	0	1	0	1	1	1	0	0	0	1	0	0	1	1	1	0	0	0	0	1	1	0	1	0	1	1	0	1	0	0	0	0	0	1	0	0	0	0	0	1	0	1	0	0	0	1	0	0	1	0	0	0	1	0	1	1	0	0	0	0	1	0	0	1	1	0	1	0	0	1	0	0	0	1	0	0	1	1	0	1	0	1	1	0	0	0	0	0	0	0	1	1	1	1	1	0	1	0	0	0	0	0	0	0	1	0	0	1	0	0	0	1	1	0	0	1	0	0	0	0	0	1	0	1	1	0	0	0	1	0	0	0	0	0	1	1	0	0	1	0	0	1	0	0	1	0	1	0	1	0	0	0	0	0	0	0	0	1	1	0	1	0	1	0	1	1	0	1	0	0	1	0	0	1	1	0	1	0	0	1	0	0	0	0	0	0	0	0	1	1	1	0	0	0	1	0	0	0	0	0	0	0	0	1	0	0	0	0	0	0	1	1	1	0	0	1	0	1	0	1	1	1	0	0	0	1	1	0	0	1	1	0	0	1	1	0	0	0	1	0	0	0	1	0	0	0	0	0	1	0	1	1	1	1	1	1	0	1	1	0	0	0	0	1	0	0	0	1	0	0	1	0	1	0	0	1	1	0	0	1	1	0	0	0	0	0	0	0	1	0	0	1	0	0	1	0	0	0	1	0	0	1	0	1	0	0	0	1	0	0	1	0	0	0	0	1	0	0	0	0	0	0	0	0	1	0	0	0	0	1	1	0	0	1	0	0	1	0	0	0	1	0	1	0	0	1	0	1	1	1	0	0	0	0	0	1	1	1	1	0	0	0	0	0	0	0	1	1	0	0	1	0	0	0	0	1	0	1	0	0	0	1	0	0	1	0	0	0	0	1	0	0	0	0	0	0	0	0	1	0	0	0	1	0	0	0	0	
Deletion Peak 34	10q23.31	chr10:87970891-88590152(probes 964335:964723)      	chr10:88281559-88590152(probes 964586:964723)      	chr10:79400395-105845346(probes 959041:974957)    	1.8626e-98	 2.8511e-21		0: t>-0.1; 1: -0.1>t> -1.3; 2: t< -1.3	0	0	1	0	0	0	0	0	1	0	1	0	0	0	0	1	0	1	1	0	1	0	0	0	0	1	0	0	0	1	0	0	1	1	1	1	1	0	1	1	0	0	0	1	0	0	1	1	0	0	0	1	0	0	1	0	1	0	1	0	0	1	0	0	0	0	1	0	1	1	0	1	1	1	0	0	1	0	0	0	1	0	0	1	0	1	0	1	1	0	0	0	0	0	0	1	0	1	1	1	0	0	0	1	0	0	1	1	1	0	0	0	0	1	1	0	0	0	1	1	0	1	0	0	0	0	0	1	0	0	0	0	0	1	0	1	0	0	0	1	0	0	1	0	0	0	1	0	1	1	0	0	0	1	1	0	0	1	1	0	1	0	0	1	0	0	0	1	0	0	1	1	0	1	0	1	0	0	0	0	0	0	0	0	1	1	1	1	1	0	1	0	0	0	0	0	0	0	1	0	0	1	0	0	0	1	1	0	0	1	0	0	0	0	0	1	0	1	1	0	0	0	1	0	0	0	0	0	1	1	0	0	1	0	0	1	0	0	1	0	1	0	1	0	0	0	0	0	0	0	0	1	1	0	1	0	1	0	1	1	0	1	0	0	1	0	0	1	1	0	1	0	0	1	0	0	0	0	0	0	0	0	1	1	0	0	0	0	1	0	0	0	0	0	0	0	0	1	0	0	0	0	0	0	1	1	1	0	0	1	0	1	0	1	1	1	0	0	0	1	1	0	0	1	1	0	0	1	1	0	0	0	1	0	0	0	1	0	0	0	0	0	1	0	1	1	1	1	1	1	0	1	1	0	0	0	0	1	0	0	0	1	0	0	1	0	1	0	0	1	1	0	0	1	1	0	0	0	0	0	0	0	1	0	0	1	0	0	1	0	0	0	1	0	0	1	0	1	0	0	0	1	0	0	1	0	0	0	0	1	0	0	0	0	0	0	0	0	1	0	0	0	0	1	1	0	0	1	0	0	1	0	0	0	1	0	1	0	0	1	0	1	1	1	0	0	0	0	0	1	1	1	1	0	0	0	0	0	0	0	1	1	0	0	1	0	0	0	0	1	0	1	0	0	0	1	0	0	1	0	0	0	0	1	0	0	0	0	0	0	0	0	1	0	0	0	1	0	0	0	0	
Deletion Peak 35	10q26.3 	chr10:120908901-133797422(probes 985357:993237)  	chr10:132678401-133054948(probes 993103:993130)  	chr10:132390782-132733531(probes 992977:993119)  	0.069901	   0.070987		0: t>-0.1; 1: -0.1>t> -1.3; 2: t< -1.3	0	0	0	0	0	0	0	0	0	0	0	0	0	0	0	1	0	0	1	0	1	0	0	0	0	1	0	0	0	0	0	0	1	1	0	0	0	0	0	1	0	1	0	0	0	0	1	0	0	0	0	1	0	0	0	0	0	0	0	0	0	1	0	0	0	0	1	0	1	1	0	0	0	1	0	0	0	1	0	0	1	0	0	1	0	1	0	0	0	1	0	0	0	0	1	1	0	1	0	0	0	0	0	1	0	0	0	1	1	0	0	0	0	1	1	0	0	0	0	0	0	1	0	0	0	0	0	0	0	0	0	0	0	1	0	0	0	0	0	0	0	0	1	0	0	0	1	0	0	0	0	0	0	0	0	0	0	1	0	0	1	0	0	1	0	0	0	1	0	0	1	1	0	0	0	0	0	0	1	0	0	0	0	0	0	1	1	1	0	0	0	0	0	0	0	0	0	0	0	0	0	0	0	0	0	0	1	0	0	0	0	1	0	0	0	0	0	0	0	0	0	0	0	0	0	0	0	0	1	1	0	0	0	0	0	1	0	0	0	0	0	0	0	0	0	0	0	0	0	0	0	0	1	0	0	0	0	0	0	0	0	0	0	0	0	0	0	1	1	0	1	0	0	1	0	0	0	0	0	0	0	0	0	1	0	0	1	0	0	0	0	0	0	0	0	0	0	1	0	0	0	0	0	0	0	0	0	0	0	1	0	0	0	0	0	1	0	0	0	0	1	0	0	1	0	0	0	0	0	0	0	0	0	0	0	0	0	0	0	1	0	0	1	0	0	0	0	0	1	0	0	0	0	0	0	0	0	0	0	0	0	0	0	0	0	0	0	0	0	1	0	0	0	1	1	1	0	0	0	0	0	0	0	0	0	0	0	0	1	0	1	0	1	0	0	0	0	0	0	0	0	0	0	0	0	0	0	0	0	0	0	0	0	0	0	0	0	0	0	0	0	0	0	0	0	0	0	1	0	0	0	0	0	0	1	0	0	0	0	0	1	0	0	0	0	0	0	0	0	1	0	0	0	0	0	0	0	0	0	0	0	0	0	0	1	0	0	0	0	0	0	0	0	0	0	0	0	0	1	0	0	0	0	0	0	0	0	0	0	0	0	0	0	0	0	1	1	0	0	0	0	
Deletion Peak 36	11p11.2 	chr11:38655116-49032736(probes 1017780:1023783)    	chr11:46612486-46687886(probes 1022997:1023022)    	chr11:42565132-48196931(probes 1020359:1023659)    	0.0012563	  0.0012468		0: t>-0.1; 1: -0.1>t> -1.3; 2: t< -1.3	0	0	0	0	0	0	0	0	0	0	0	0	0	0	0	0	0	0	0	0	0	0	0	0	0	0	0	0	0	0	0	0	0	0	0	0	1	0	0	0	0	0	0	1	0	1	1	1	0	0	0	0	0	0	0	1	0	0	0	0	0	0	0	0	0	0	0	0	0	0	1	0	0	1	1	0	0	0	0	0	0	0	0	1	1	0	0	0	0	0	0	0	0	0	0	0	0	0	1	0	0	0	0	0	0	0	0	0	0	0	0	0	0	0	0	0	0	0	0	0	1	1	0	0	0	0	0	0	0	0	0	0	0	0	0	0	0	0	0	0	0	0	0	0	0	1	0	0	0	0	1	0	0	0	0	0	0	0	0	0	0	0	0	0	0	0	0	1	0	0	0	0	1	0	0	0	0	0	0	0	0	0	0	0	0	0	0	0	0	0	0	0	0	0	0	0	0	0	0	0	0	0	0	0	0	0	0	0	0	0	0	0	0	0	0	0	0	0	0	0	0	0	0	0	1	0	0	1	0	0	0	0	1	0	1	0	0	0	0	0	0	0	0	0	0	0	0	0	1	0	0	0	0	0	0	0	0	1	0	0	0	0	1	0	0	0	0	0	0	0	0	0	0	0	0	0	0	0	0	1	0	0	0	0	0	0	0	0	0	0	0	1	0	0	0	0	0	0	0	0	0	0	0	0	0	0	0	0	1	0	0	0	0	0	0	0	0	0	0	0	0	0	0	1	0	0	0	0	0	0	0	0	0	0	0	0	0	1	0	0	0	0	0	0	0	0	0	0	1	0	0	1	0	0	0	0	0	0	1	0	0	0	0	0	0	0	0	1	0	0	0	0	0	0	1	0	0	0	0	0	0	0	0	0	0	1	0	0	0	0	0	0	0	0	0	0	0	0	0	0	1	0	0	0	0	0	0	0	0	0	0	0	0	0	0	0	0	0	0	0	0	0	0	1	0	0	0	0	0	0	0	0	0	0	0	0	0	0	0	0	0	0	0	0	0	1	1	0	0	0	0	0	0	0	0	0	1	0	0	0	0	0	0	0	0	0	0	0	0	0	0	0	0	0	0	0	0	0	0	0	0	0	0	0	0	0	0	0	0	0	0	0	0	0	0	0	0	0	1	0	0	
Deletion Peak 37	11q23.2 	chr11:113778340-115174516(probes 1057105:1058131)	chr11:113972278-113991026(probes 1057235:1057245)	chr11:111756793-118544698(probes 1055773:1060664)	6.6545e-09	 6.5992e-09		0: t>-0.1; 1: -0.1>t> -1.3; 2: t< -1.3	0	0	0	0	0	0	0	1	0	0	0	0	0	0	0	0	0	0	1	0	0	0	0	1	0	0	0	0	0	1	0	0	0	0	0	0	0	0	1	0	0	0	1	1	0	1	0	0	0	0	1	0	0	0	0	1	0	0	0	0	1	1	0	0	0	0	0	0	0	0	1	0	0	1	0	1	0	0	0	0	0	0	0	1	0	0	0	0	1	0	0	0	1	0	0	0	0	0	0	0	0	0	0	1	0	0	0	0	0	0	1	0	0	0	0	0	0	0	1	0	0	0	1	0	0	0	0	0	0	0	0	0	0	0	0	0	0	0	0	1	0	0	0	0	0	0	0	0	0	1	0	0	0	1	0	0	0	0	0	0	1	0	0	0	0	0	0	1	0	0	0	0	0	0	0	0	1	0	0	0	0	0	0	0	0	0	0	0	0	0	1	0	0	0	0	0	0	0	0	0	0	1	0	0	0	0	0	0	0	0	0	0	0	0	0	0	0	0	0	0	0	0	0	0	0	1	0	0	0	1	0	0	0	0	0	0	0	0	0	0	0	1	0	0	0	1	0	0	1	0	1	0	0	0	0	0	0	1	1	0	0	0	0	0	0	0	0	0	1	0	1	0	0	0	0	0	0	0	0	0	0	0	1	0	0	0	0	0	0	0	0	0	0	0	0	0	0	0	0	0	0	0	0	0	0	1	0	0	0	0	0	0	0	0	0	0	0	0	0	0	0	0	0	0	0	0	0	0	0	0	0	0	1	0	0	0	0	0	0	1	0	0	0	0	0	0	0	0	0	1	0	1	1	0	0	0	0	1	0	1	0	0	0	0	0	0	0	1	0	0	0	0	0	0	0	0	0	0	1	0	0	0	0	0	0	0	0	0	1	0	1	0	0	0	0	0	0	0	0	0	1	0	0	0	0	0	0	0	0	0	1	0	0	0	0	0	0	0	1	0	0	0	0	0	0	0	0	0	1	0	1	0	0	0	1	0	0	0	0	0	0	0	0	0	0	1	1	0	0	0	0	1	0	0	0	0	0	0	0	0	0	0	0	0	0	0	0	1	0	0	0	0	0	1	0	0	0	0	0	0	0	0	1	1	0	0	0	0	0	0	0	0	0	0	0	0	0	0	0	0	0	
Deletion Peak 38	12p13.1 	chr12:12691300-12799496(probes 1078251:1078307)    	chr12:12715519-12799496(probes 1078269:1078307)    	chr12:8570078-15364451(probes 1075965:1079944)      	1.556e-20	 1.5313e-20		0: t>-0.1; 1: -0.1>t> -1.3; 2: t< -1.3	0	0	1	0	0	0	0	0	1	0	1	1	0	0	0	1	0	1	1	0	0	1	0	0	0	0	0	0	0	1	0	0	1	0	0	0	0	0	0	1	0	0	0	0	0	0	0	0	0	0	0	1	1	0	1	1	0	0	0	1	0	0	0	0	0	0	0	0	0	1	1	1	1	1	0	0	0	0	0	0	1	0	0	0	0	0	0	0	0	1	1	0	0	1	0	1	0	0	0	0	0	0	0	1	0	0	1	1	0	0	0	1	0	1	0	0	1	0	0	0	0	0	0	0	0	0	0	1	0	0	1	0	1	1	0	1	0	0	0	0	0	0	0	1	0	0	1	0	1	0	0	0	0	0	0	1	0	0	1	0	1	0	0	0	1	0	0	1	0	0	0	1	1	1	0	1	0	0	0	0	0	0	0	0	1	1	1	1	1	0	0	0	0	0	0	0	0	0	0	1	1	0	0	0	1	1	1	0	0	0	1	1	0	0	0	0	0	1	1	0	0	0	0	0	1	0	0	0	0	0	0	0	1	0	0	0	0	1	0	0	0	1	0	0	0	0	1	1	0	0	1	1	1	0	1	0	0	1	0	0	0	1	0	1	0	0	0	0	0	1	0	0	0	1	0	0	0	0	0	1	1	0	0	1	0	0	0	0	1	0	0	1	0	1	0	0	0	1	1	0	0	0	1	0	1	0	0	1	1	0	0	0	0	0	0	0	1	0	1	1	1	1	0	0	0	0	0	1	0	0	0	0	1	0	0	1	0	0	1	0	1	1	1	0	0	0	1	1	0	0	0	1	0	0	0	0	0	0	1	0	0	0	0	0	1	0	1	0	0	1	0	0	1	0	1	0	0	0	1	0	0	1	1	1	1	0	1	0	0	0	1	0	0	1	1	0	0	1	0	0	0	0	0	0	0	0	1	0	0	0	0	0	1	0	0	1	0	1	1	0	1	1	0	0	0	0	1	0	0	0	0	0	0	0	0	0	0	0	0	1	0	1	0	0	0	1	0	0	0	1	0	1	1	0	0	0	0	0	1	0	0	1	0	1	1	0	1	0	0	1	0	1	0	0	0	1	0	0	0	0	0	0	1	0	0	1	0	0	0	0	1	0	0	0	0	1	0	0	1	0	0	
Deletion Peak 39	12q24.32	chr12:123267717-133275309(probes 1142040:1146547)	chr12:128244699-128714475(probes 1144965:1145179)	chr12:127465343-133275309(probes 1144777:1146547)	0.0041797	   0.004087		0: t>-0.1; 1: -0.1>t> -1.3; 2: t< -1.3	0	0	0	0	0	0	0	0	0	0	0	0	0	0	0	1	0	0	0	0	0	0	0	0	0	0	0	0	0	0	0	0	0	0	0	0	0	0	0	0	1	0	0	0	0	0	0	0	0	0	0	0	0	0	0	0	0	0	0	1	0	0	0	0	0	0	1	0	0	1	0	0	1	0	1	0	0	1	0	0	0	1	0	1	0	0	0	0	0	0	0	0	0	1	1	1	0	0	0	0	0	0	0	0	0	0	0	0	0	0	0	0	0	0	0	0	0	0	0	0	0	0	0	0	0	0	0	0	0	1	0	0	0	1	0	0	0	0	0	0	0	0	0	0	0	0	0	0	0	0	0	0	0	0	0	0	0	0	0	0	0	0	0	1	0	0	0	1	0	0	0	1	0	1	0	0	0	0	0	1	0	0	0	0	0	0	0	1	0	0	0	0	0	0	0	0	1	0	0	1	0	0	0	0	0	0	1	0	0	0	0	0	0	0	0	0	0	1	0	0	0	0	0	0	0	0	0	0	0	0	0	1	0	0	0	1	0	0	0	0	0	0	1	0	0	1	0	0	0	0	0	1	1	0	0	0	0	0	0	0	0	0	0	0	0	0	0	0	0	0	0	0	0	1	0	0	0	0	0	0	1	0	0	1	0	0	0	0	0	0	0	0	0	0	0	1	0	0	1	0	0	0	0	1	0	0	0	0	0	1	0	0	0	0	0	0	0	0	0	0	1	0	0	0	0	0	0	0	0	0	0	0	0	0	0	0	0	0	0	0	0	0	1	0	0	0	0	0	0	0	0	0	0	0	0	0	1	0	0	0	0	0	0	0	0	0	0	0	0	0	0	0	0	0	0	0	0	0	1	0	0	0	0	1	0	0	1	0	1	0	0	0	0	0	0	0	0	0	0	0	0	0	0	0	0	0	0	0	0	1	0	0	0	0	0	0	0	0	0	0	0	0	0	0	0	0	0	0	0	0	1	0	0	0	0	0	0	0	0	0	0	0	0	0	0	0	0	0	0	1	0	0	0	0	0	1	0	0	1	0	0	0	0	1	0	0	0	0	0	0	1	0	0	0	0	0	0	0	0	0	0	0	0	0	0	0	0	0	0	0	1	0	0	0	0	0	0	0	0	0	1	
Deletion Peak 40	13q13.1 	chr13:31798979-34440685(probes 1154511:1156367)    	chr13:32807635-32913816(probes 1155135:1155212)    	chr13:31093014-85189174(probes 1154127:1185419)    	1.1269e-11	  0.0072358		0: t>-0.1; 1: -0.1>t> -1.3; 2: t< -1.3	0	0	0	0	0	0	1	0	1	0	0	0	0	0	0	1	0	0	0	0	1	0	0	0	0	0	0	0	1	1	0	0	1	0	0	0	0	0	0	0	0	0	0	1	0	1	0	0	1	0	0	1	0	0	0	0	0	0	0	0	0	1	0	0	1	0	0	0	0	1	1	0	0	1	0	1	1	0	0	0	0	0	0	0	0	1	0	1	0	1	1	0	1	1	0	1	0	1	1	0	0	0	0	0	0	0	0	0	0	0	0	1	0	0	0	0	1	0	1	0	0	1	0	1	0	0	0	1	0	1	1	0	0	0	1	0	0	0	0	0	0	1	0	0	0	1	0	0	1	0	0	0	0	0	0	1	0	0	0	0	0	0	0	1	0	0	1	0	1	0	0	0	0	1	0	0	0	0	0	1	0	0	0	0	0	0	0	0	0	0	1	1	0	0	0	0	1	0	0	0	0	1	0	0	0	0	0	0	0	0	1	0	0	1	0	0	0	0	0	0	0	0	0	0	0	0	0	1	1	1	0	0	1	0	1	0	0	1	1	0	0	1	0	0	0	0	1	0	0	1	0	1	1	0	0	0	0	1	0	1	0	0	0	0	1	0	0	0	0	0	0	0	1	0	0	0	0	0	0	0	0	0	0	0	0	0	0	0	1	0	0	0	1	0	0	0	0	0	1	0	0	0	1	0	1	0	1	0	1	0	0	1	0	0	0	0	0	0	1	0	1	0	0	0	0	0	1	0	0	0	0	0	0	0	1	0	0	0	0	0	0	0	0	0	0	0	1	0	1	1	0	0	0	1	0	0	0	1	0	0	1	1	0	0	1	0	0	1	1	1	0	0	0	1	1	0	0	0	0	0	0	0	0	0	0	1	0	0	1	0	0	1	1	0	0	0	0	0	0	0	1	0	0	0	0	0	0	0	1	1	0	0	1	0	0	0	1	0	0	0	0	0	0	0	1	0	0	0	0	0	1	0	0	0	1	0	0	0	1	0	1	0	0	1	0	0	0	0	0	1	1	1	0	0	1	0	0	0	1	0	1	0	1	1	0	0	1	0	1	1	0	0	0	0	0	0	0	0	0	0	0	1	0	0	0	1	0	0	1	0	0	0	1	0	0	1	0	0	0	0	0	
Deletion Peak 41	13q13.3 	chr13:38362754-39346148(probes 1158984:1159706)    	chr13:38686460-38888407(probes 1159193:1159334)    	chr13:31093014-85189174(probes 1154127:1185419)    	3.4207e-43	 1.6805e-06		0: t>-0.1; 1: -0.1>t> -1.3; 2: t< -1.3	0	0	0	1	0	0	1	0	1	1	0	0	0	0	1	1	0	0	1	1	1	0	1	0	0	1	0	0	1	1	0	0	1	0	0	0	0	1	0	1	0	1	0	1	0	1	1	0	1	1	0	1	0	0	0	1	0	0	0	0	1	1	0	0	1	0	0	0	0	1	1	0	0	1	0	1	1	0	0	0	1	1	0	0	1	1	0	1	0	1	1	0	1	1	0	1	0	1	1	0	0	0	0	0	0	1	0	1	0	0	0	1	0	0	1	0	1	0	1	0	1	1	1	0	0	0	0	1	0	0	1	0	0	0	1	0	0	1	1	0	0	0	0	1	0	1	0	0	1	0	0	1	0	0	0	1	0	0	1	0	0	0	0	1	0	0	1	1	1	1	1	0	1	1	0	0	1	0	0	0	0	0	0	0	0	1	1	0	0	0	1	1	0	1	0	1	1	1	0	0	0	1	0	1	0	0	1	0	0	0	1	1	0	1	0	0	0	0	0	0	0	0	0	0	0	0	0	1	1	1	1	0	1	0	1	0	0	1	1	0	1	1	1	0	0	0	1	0	1	1	0	1	1	1	1	0	1	1	0	1	0	0	1	0	1	0	0	0	0	0	0	1	1	0	1	0	1	1	0	1	0	0	0	0	0	0	0	0	1	0	1	1	1	1	0	1	1	0	1	0	0	0	1	0	0	0	1	0	1	0	0	0	1	0	1	0	0	1	1	0	1	0	0	0	0	1	1	0	1	0	0	0	0	1	1	0	0	0	0	0	0	0	0	0	0	0	1	0	1	0	1	0	1	1	0	0	0	1	1	0	1	1	0	0	1	0	0	1	1	1	0	0	0	1	1	0	1	1	0	0	0	0	0	0	1	1	0	0	1	0	0	1	1	0	0	1	1	0	1	0	1	0	0	0	0	0	0	0	0	1	1	0	1	0	0	0	1	0	0	0	1	0	0	1	1	0	0	0	0	0	1	1	0	0	1	0	0	1	1	0	1	0	1	1	0	0	0	0	0	1	1	1	0	1	1	1	0	0	1	0	1	0	1	1	0	0	1	0	1	1	0	0	0	0	0	0	0	0	0	0	0	1	1	0	0	1	0	0	1	0	1	1	1	0	0	1	1	0	0	0	0	
Deletion Peak 42	13q14.13	chr13:45283532-48297646(probes 1163465:1165468)    	chr13:45959822-46053344(probes 1163909:1163945)    	chr13:31093014-85189174(probes 1154127:1185419)    	4.6198e-65	 1.9078e-32		0: t>-0.1; 1: -0.1>t> -1.3; 2: t< -1.3	0	1	1	1	0	0	1	1	1	1	0	0	0	0	1	1	0	0	1	1	1	1	1	1	0	1	0	1	1	1	0	0	1	0	0	0	0	1	0	1	0	1	0	1	0	1	1	0	1	1	0	1	0	0	0	1	0	1	0	0	1	1	0	1	1	0	0	0	0	1	1	1	1	0	1	1	1	0	0	0	0	1	0	0	1	1	0	1	0	1	1	0	1	1	0	1	1	1	1	1	0	0	0	0	1	1	0	1	1	0	0	1	0	0	1	1	1	0	1	0	1	1	1	1	0	0	0	1	0	0	1	0	0	0	1	0	0	1	1	0	0	0	0	1	0	1	1	0	0	0	0	1	0	0	1	1	0	0	1	0	1	0	0	1	0	0	1	1	0	1	1	1	1	1	0	1	1	0	0	1	0	0	0	0	0	1	1	0	0	0	1	1	0	1	0	1	1	0	1	1	1	1	0	1	0	0	1	0	0	0	1	1	0	1	0	1	0	0	0	0	0	0	0	0	1	0	0	1	1	1	1	1	1	1	1	1	0	1	1	0	1	1	1	1	0	1	1	1	1	1	0	1	1	1	0	0	1	1	0	1	1	0	1	0	1	0	0	0	0	0	0	1	1	0	0	0	1	1	1	1	0	0	0	0	0	0	1	0	1	0	1	1	1	1	0	1	1	0	1	0	0	0	1	0	0	0	1	0	1	1	0	0	1	0	1	0	0	1	1	1	1	0	1	0	0	1	1	0	1	0	0	0	1	1	1	0	0	0	1	0	0	1	0	1	0	1	1	0	1	1	1	1	1	1	0	0	0	1	1	1	1	1	0	0	1	0	0	1	1	1	0	0	0	1	1	0	1	1	0	0	0	0	0	0	1	1	0	0	1	0	0	1	1	0	0	1	1	0	1	1	1	0	0	0	0	0	1	0	0	1	1	0	1	0	0	0	1	0	1	0	1	0	0	1	1	0	0	0	0	0	1	1	0	0	1	0	0	1	1	0	1	0	1	1	1	0	0	0	0	1	1	1	0	1	1	1	1	0	1	0	1	0	1	1	0	0	1	0	1	1	0	0	0	1	0	0	0	0	1	1	0	1	1	0	0	1	0	0	1	0	1	1	1	0	0	1	1	0	1	0	0	
Deletion Peak 43	13q22.1 	chr13:69321079-75552394(probes 1175466:1179539)    	chr13:73056483-73078165(probes 1177708:1177714)    	chr13:31093014-85189174(probes 1154127:1185419)    	1.0715e-24	  5.068e-07		0: t>-0.1; 1: -0.1>t> -1.3; 2: t< -1.3	0	1	0	1	1	0	0	0	1	0	0	0	0	0	0	1	0	0	1	1	1	1	1	0	0	1	0	0	1	1	0	0	1	1	0	0	0	0	0	0	1	1	0	1	0	1	0	0	0	1	0	1	0	0	1	0	0	0	0	0	1	1	0	0	0	0	0	0	0	1	1	0	1	1	0	1	1	0	0	0	1	1	0	0	1	1	0	1	0	1	0	0	1	0	0	1	1	1	1	1	0	0	0	1	0	1	0	1	1	0	0	1	0	0	0	1	1	0	0	0	1	1	1	0	0	0	0	1	0	0	1	0	0	0	1	0	0	0	0	0	0	0	0	1	0	1	1	1	0	1	0	0	0	0	0	0	0	0	1	0	1	0	0	1	0	0	1	1	0	0	1	1	0	1	0	1	0	0	0	0	0	0	0	0	1	0	1	0	0	0	0	1	0	1	0	1	1	0	1	1	0	1	0	1	0	0	0	0	0	0	1	1	0	1	0	0	0	0	0	0	0	0	0	0	1	0	0	1	1	1	1	0	1	1	0	0	0	0	1	0	1	1	1	1	0	1	0	0	1	1	0	1	1	1	0	0	1	0	0	1	0	0	1	0	1	0	0	0	0	1	0	0	1	0	0	0	1	0	1	1	0	0	0	0	0	0	1	0	0	0	1	1	1	1	0	0	1	1	1	0	0	0	1	0	0	0	1	0	1	1	0	0	1	0	0	1	1	1	1	1	1	0	1	1	0	0	1	0	0	0	0	0	0	1	0	0	0	0	0	0	0	0	0	1	0	1	1	0	1	0	0	1	1	1	0	0	0	0	1	1	0	1	0	0	1	0	0	1	1	1	1	0	0	1	1	0	0	1	0	0	0	0	0	0	1	1	0	0	1	0	0	1	1	0	1	0	1	0	0	1	1	0	0	0	0	0	0	0	0	1	1	0	0	0	0	0	1	0	0	0	1	0	0	1	1	0	0	0	0	0	1	1	0	0	1	0	0	0	1	0	0	0	0	0	1	0	0	0	0	1	1	1	0	1	0	1	1	0	1	0	1	0	0	0	0	0	1	0	0	1	0	0	1	1	0	0	0	0	1	1	0	1	0	0	0	0	0	0	1	0	1	1	1	0	0	1	1	0	0	1	0	
Deletion Peak 44	13q31.1 	chr13:81226644-84856026(probes 1183241:1185174)    	chr13:84135244-84607894(probes 1184830:1185115)    	chr13:31093014-85189174(probes 1154127:1185419)    	6.5213e-07	   0.011582		0: t>-0.1; 1: -0.1>t> -1.3; 2: t< -1.3	0	1	0	1	0	0	0	0	1	0	0	0	0	0	0	1	0	0	0	0	1	1	1	0	0	1	0	0	0	1	0	0	1	0	0	0	0	0	0	0	1	1	0	0	0	1	0	0	0	1	0	1	0	0	1	0	0	0	0	1	0	1	0	0	0	0	0	0	0	1	1	0	1	1	0	1	1	0	0	0	1	1	0	0	1	1	0	1	0	1	0	0	1	0	0	1	1	1	1	0	0	0	0	0	0	1	0	1	1	0	0	1	0	0	0	1	1	0	0	0	0	1	0	1	0	0	0	1	0	0	1	0	0	0	1	0	0	0	0	0	0	0	0	0	0	0	1	1	0	0	0	0	0	0	0	0	0	0	1	0	1	0	0	1	0	0	0	0	0	0	0	1	1	1	0	0	0	0	0	0	0	1	0	0	1	0	0	0	0	0	0	1	0	1	0	0	0	0	1	1	0	1	0	0	0	0	0	0	0	0	1	0	0	0	0	0	0	0	0	0	0	0	0	0	0	0	0	0	1	0	1	0	1	0	0	1	0	0	1	0	0	0	0	1	0	0	0	0	0	1	0	1	1	1	0	0	0	1	0	0	0	0	1	0	1	0	0	0	0	0	0	0	0	0	0	0	0	0	1	1	0	0	0	0	0	0	0	0	0	0	1	0	1	1	0	1	0	1	1	0	0	0	1	0	0	0	1	0	1	0	1	0	0	0	0	1	0	1	0	1	0	0	1	1	0	0	0	0	0	0	0	0	1	0	0	1	0	0	0	0	0	0	0	1	0	0	0	0	1	0	0	1	1	1	0	0	0	0	1	0	0	1	0	0	1	0	0	1	0	1	0	0	0	1	1	0	0	1	0	0	0	0	0	0	0	0	0	0	1	0	0	0	1	0	0	0	1	0	0	0	1	0	0	0	0	0	0	0	0	1	1	0	0	0	0	0	1	0	0	0	0	0	0	1	1	0	0	0	0	0	1	1	0	0	1	0	0	0	1	0	0	0	0	0	1	0	1	0	0	1	1	1	0	1	0	0	1	0	1	0	1	0	0	0	0	0	1	0	0	1	0	0	0	1	0	0	0	0	1	0	0	0	0	0	0	0	0	0	1	0	1	1	0	0	0	1	1	0	0	0	0	
Deletion Peak 45	15q21.3 	chr15:56731220-57304151(probes 1272520:1272777)    	chr15:56916072-57291102(probes 1272606:1272774)    	chr15:56715770-57232808(probes 1272517:1272746)    	0.029275	    0.02839		0: t>-0.1; 1: -0.1>t> -1.3; 2: t< -1.3	0	0	0	0	0	0	0	0	0	0	0	0	0	0	0	0	0	0	1	0	0	1	0	0	0	0	0	0	0	0	0	0	1	1	0	0	0	0	0	0	0	0	0	1	0	0	1	0	0	1	0	0	0	0	1	0	0	0	1	1	0	0	1	0	0	0	0	0	0	1	1	0	0	1	0	0	0	0	0	0	1	0	0	0	0	0	0	0	0	0	0	0	0	0	0	0	0	0	0	0	0	0	0	0	0	0	0	0	1	0	1	1	0	0	0	0	0	0	0	0	0	0	0	1	0	0	0	1	0	0	0	0	0	0	0	0	0	0	1	0	0	0	0	0	0	0	0	0	1	0	0	0	0	0	1	0	0	0	0	0	1	0	0	1	0	0	1	0	0	0	1	1	0	0	0	1	0	0	0	1	0	0	0	0	1	0	1	0	0	0	0	1	0	0	0	0	0	0	0	0	1	0	0	0	0	0	0	1	0	0	0	0	0	0	0	0	0	1	0	0	0	0	0	0	0	0	0	0	0	1	0	0	0	0	0	0	0	0	1	0	1	0	0	0	0	0	1	0	1	0	0	0	1	0	1	0	0	0	0	0	0	0	0	1	0	0	0	0	0	0	0	0	0	1	0	0	0	0	0	0	0	0	0	1	0	0	0	0	0	0	0	0	0	0	0	0	0	1	0	0	0	0	0	0	1	0	0	0	0	0	0	1	0	0	1	1	0	0	0	0	1	0	0	0	0	0	0	0	1	0	0	0	1	0	0	0	0	0	0	0	0	0	0	0	1	0	1	0	1	0	0	0	0	0	0	0	0	0	0	0	0	0	1	0	0	0	0	0	0	1	0	0	0	0	0	0	0	0	0	0	0	0	0	0	1	0	0	0	1	1	1	0	0	0	0	0	1	0	0	0	0	0	0	0	0	0	0	0	0	0	0	0	0	0	0	0	0	0	1	0	0	0	0	0	0	0	0	1	0	0	0	0	0	0	0	0	1	0	0	0	0	0	0	0	0	0	1	0	0	1	1	0	0	0	1	0	0	0	0	0	0	0	0	0	0	0	0	0	0	0	0	0	0	1	0	0	0	0	0	0	0	0	0	0	0	0	0	0	0	1	0	0	1	0	0	1	0	0	0	0	0	
Deletion Peak 46	16q12.1 	chr16:49851598-55483249(probes 1315770:1319997)    	chr16:52543993-52612463(probes 1317659:1317717)    	chr16:52022541-52617450(probes 1317261:1317722)    	0.017302	   0.017576		0: t>-0.1; 1: -0.1>t> -1.3; 2: t< -1.3	0	0	0	0	0	0	0	0	0	0	0	0	1	0	0	1	0	0	0	0	1	0	0	1	0	0	0	1	0	1	0	1	0	1	0	1	0	1	1	0	0	0	1	1	0	1	1	0	0	1	0	1	1	0	0	1	0	0	0	1	0	0	0	0	0	1	1	0	0	1	1	1	0	0	1	0	1	0	1	0	1	1	0	1	0	0	0	1	0	1	1	1	0	0	0	0	1	0	0	0	0	0	0	0	0	0	0	0	1	0	1	0	1	0	0	0	1	0	1	0	0	1	0	1	0	0	0	0	0	0	1	0	0	0	1	0	0	0	0	0	0	0	1	0	0	0	1	0	1	0	0	1	0	0	0	0	1	1	0	0	1	0	0	0	0	0	0	1	0	0	0	1	1	0	0	0	0	0	0	1	0	0	0	1	0	0	1	0	0	0	0	1	0	0	0	0	0	0	0	0	0	0	0	0	0	1	1	0	0	0	0	1	0	0	0	1	0	1	0	0	0	0	0	0	1	0	0	0	0	0	0	0	0	0	0	0	0	0	1	0	0	0	0	0	0	0	0	1	0	0	1	0	0	0	0	0	0	1	0	0	0	0	0	0	0	0	0	0	0	1	0	0	0	0	0	0	0	0	0	1	1	0	0	1	0	0	0	0	0	0	0	0	0	0	0	0	0	1	0	0	0	0	0	0	0	0	0	0	0	0	0	1	0	0	0	0	0	0	0	1	1	0	0	0	0	0	0	0	0	0	0	0	1	0	0	0	0	0	0	0	0	1	1	0	1	0	0	0	1	0	1	0	0	1	0	0	0	0	0	0	0	1	0	0	1	0	0	1	1	0	1	0	1	1	1	0	0	1	1	0	0	0	1	1	0	0	0	0	1	0	0	1	1	0	0	1	0	0	1	0	1	0	0	0	0	0	0	0	1	1	0	0	0	1	1	1	0	0	1	0	1	0	0	0	0	0	0	1	0	0	1	0	0	1	0	0	0	1	0	1	0	0	0	0	1	1	1	0	0	1	0	0	0	0	0	1	1	0	1	1	1	0	0	0	1	0	1	0	1	1	0	0	0	0	0	1	0	0	0	1	0	0	0	0	0	0	0	0	0	0	1	0	0	0	0	1	1	0	0	1	1	
Deletion Peak 47	16q22.3 	chr16:72662248-73092559(probes 1329791:1330029)    	chr16:72773515-73056203(probes 1329844:1330012)    	chr16:69303501-90338345(probes 1328427:1341323)    	4.8004e-34	 8.5989e-17		0: t>-0.1; 1: -0.1>t> -1.3; 2: t< -1.3	0	1	0	0	1	0	0	1	0	0	0	0	0	0	0	1	1	0	0	0	1	1	0	1	0	0	0	1	0	1	0	1	0	1	0	1	1	1	1	0	0	0	1	1	0	1	1	0	1	1	1	1	1	0	0	1	0	0	1	1	0	0	0	0	0	1	1	0	1	1	0	1	0	1	1	0	1	0	1	0	1	1	0	1	0	1	1	1	1	1	0	0	0	0	0	0	1	1	0	0	1	1	0	1	0	0	1	0	1	0	1	0	1	1	0	1	1	0	1	0	0	1	0	1	0	0	1	1	0	1	1	1	0	1	1	0	0	0	1	0	0	0	1	0	0	0	1	0	1	0	0	0	0	0	0	1	1	1	0	0	1	0	0	1	0	0	1	1	0	0	0	1	1	0	0	0	0	0	0	1	0	0	0	0	0	1	1	1	0	0	0	1	0	0	1	0	1	1	0	0	0	0	0	0	1	1	1	0	0	1	0	1	1	0	0	0	1	1	0	1	0	0	1	0	1	0	0	0	0	1	1	1	1	1	0	0	0	1	1	0	0	0	0	0	0	0	0	0	1	1	1	0	1	0	0	1	1	1	0	1	0	0	0	1	0	0	1	0	0	1	0	0	0	0	0	0	0	0	1	1	1	0	0	1	0	0	0	0	0	0	0	1	0	0	0	0	1	1	0	0	0	0	0	0	1	0	1	0	1	1	0	1	0	0	0	1	0	0	0	1	1	0	1	0	0	0	0	0	0	0	0	0	0	0	0	1	1	0	0	0	0	1	1	0	1	1	0	0	1	0	0	1	0	1	0	0	1	0	0	1	0	1	1	0	1	1	0	1	1	0	1	0	1	1	1	0	0	1	1	1	0	0	1	1	1	0	1	0	1	1	0	1	1	1	1	1	1	0	1	0	0	0	0	0	0	0	0	0	0	1	0	0	0	1	1	1	0	0	1	0	0	0	0	0	0	0	0	1	1	0	1	0	0	0	1	0	1	1	0	1	0	0	0	0	1	1	1	0	0	1	1	1	1	0	1	1	1	0	1	1	1	0	0	0	1	0	1	1	1	1	0	0	1	0	0	1	0	0	0	1	0	1	0	0	0	1	0	0	0	0	1	0	0	0	0	1	1	0	1	1	1	
Deletion Peak 48	16q24.1 	chr16:84142166-88170122(probes 1338797:1341174)    	chr16:85047567-85103662(probes 1338925:1338933)    	chr16:69303501-90338345(probes 1328427:1341323)    	4.7307e-41	  1.412e-23		0: t>-0.1; 1: -0.1>t> -1.3; 2: t< -1.3	0	1	0	0	1	0	0	1	1	1	0	1	1	0	0	1	1	0	0	0	1	1	0	1	0	0	0	1	0	1	0	1	0	0	0	1	1	1	1	0	0	1	1	1	0	0	1	0	1	1	1	1	1	0	0	1	0	0	1	1	0	0	1	0	0	1	1	0	1	1	1	1	1	1	1	0	1	1	0	0	1	1	0	1	0	1	1	1	1	1	0	0	1	0	1	0	1	1	0	0	1	1	1	0	0	0	1	1	1	0	1	0	1	1	0	1	1	0	1	0	0	1	0	1	0	0	1	1	0	1	1	1	0	1	1	0	0	0	1	0	0	1	1	0	0	0	1	0	1	0	0	1	0	0	0	1	1	1	0	0	1	0	0	1	0	0	1	1	0	0	0	1	1	0	0	0	0	0	1	1	0	0	0	0	0	1	1	1	0	0	0	1	0	0	1	0	1	1	0	1	0	0	0	0	1	1	1	0	0	1	0	1	1	1	0	0	1	1	1	1	0	0	1	0	1	0	0	0	1	1	1	1	1	1	0	1	0	1	1	0	0	0	0	0	0	0	0	0	1	0	1	1	1	0	0	1	1	1	0	1	0	0	0	1	0	0	1	0	1	1	0	0	1	0	0	0	0	0	1	1	1	0	1	1	0	0	1	0	1	0	0	1	0	0	0	0	1	1	0	0	0	0	0	0	1	0	1	0	1	1	0	1	1	0	0	1	0	0	0	1	1	0	1	1	1	0	0	0	0	0	0	0	1	1	0	1	1	0	0	0	0	1	1	0	1	1	0	1	1	0	0	1	0	0	0	0	1	0	0	1	0	1	0	0	1	1	0	1	1	0	1	0	1	1	1	1	0	1	1	1	0	0	0	1	1	0	1	0	1	0	1	1	1	1	1	1	1	1	1	0	0	0	0	0	0	0	0	0	1	1	0	0	0	1	1	1	0	0	1	0	0	0	0	0	1	0	0	1	1	0	0	0	1	0	1	1	0	0	0	1	1	0	1	0	1	1	1	0	0	1	1	1	1	1	0	1	1	0	1	1	1	1	0	0	1	0	1	1	1	1	0	0	1	0	0	1	0	0	0	1	0	0	1	0	0	0	0	0	0	0	1	0	0	0	0	1	1	0	0	1	1	
Deletion Peak 49	17p13.1 	chr17:7632143-7688442(probes 1344553:1344570)        	chr17:7657184-7679764(probes 1344563:1344564)        	chr17:5152984-8760017(probes 1343123:1345120)        	4.3672e-28	 4.6412e-28		0: t>-0.1; 1: -0.1>t> -1.3; 2: t< -1.3	0	0	0	0	1	1	0	0	0	0	1	0	0	0	0	1	0	0	0	0	1	1	1	0	0	0	0	0	0	1	0	0	1	1	0	1	1	0	0	0	0	1	0	0	0	1	0	1	0	1	0	1	1	0	0	1	0	0	1	1	0	0	0	0	0	0	1	0	1	1	1	0	0	0	0	0	1	0	1	0	1	1	1	1	0	1	0	0	1	1	0	0	1	0	0	1	1	1	0	0	0	1	0	0	0	0	0	1	1	0	1	0	1	1	0	0	1	0	1	0	0	1	0	1	0	0	1	1	1	0	0	0	1	1	1	1	0	0	0	0	1	0	1	0	0	0	1	0	0	1	0	0	0	0	1	1	1	1	1	0	1	0	0	1	0	0	1	1	1	0	1	1	0	1	0	0	1	1	0	1	0	0	1	1	0	0	1	1	0	0	0	1	0	0	0	0	0	0	1	1	1	0	0	0	1	0	1	0	0	0	0	1	0	1	0	0	0	1	1	0	0	0	1	0	0	0	1	0	0	1	0	1	0	1	0	0	0	0	1	0	0	0	1	1	0	1	0	1	0	0	1	1	1	0	0	0	1	1	0	0	0	0	0	1	1	1	0	0	1	1	1	0	0	1	0	0	0	1	1	1	0	0	1	1	1	0	1	0	1	0	0	0	0	1	0	0	1	1	0	0	0	0	0	0	0	0	1	0	0	1	0	1	1	0	0	1	0	0	0	1	1	0	0	1	0	0	0	0	0	0	0	0	0	0	0	0	1	0	0	1	0	0	1	0	1	0	0	0	1	1	0	0	0	1	0	0	0	0	0	1	0	0	1	0	1	0	1	1	0	1	1	0	0	1	1	0	0	0	0	0	0	0	0	0	1	0	1	0	1	1	1	1	0	0	0	1	0	0	0	0	0	0	0	0	0	1	0	0	0	0	1	0	1	0	0	0	0	0	1	0	0	0	0	0	1	1	0	1	1	0	1	0	0	0	0	0	1	0	0	0	0	0	0	0	1	1	0	0	0	1	1	1	1	0	0	0	0	0	1	0	0	1	0	1	0	1	1	1	1	1	0	1	0	1	0	1	0	1	1	0	0	1	0	0	0	0	0	0	0	0	0	0	1	0	0	1	1	0	0	1	0	
Deletion Peak 50	17q21.31	chr17:44022779-44562358(probes 1358950:1359155)    	chr17:44204066-44312259(probes 1359018:1359061)    	chr17:41832900-47176823(probes 1357927:1359780)    	5.7241e-20	   5.84e-20		0: t>-0.1; 1: -0.1>t> -1.3; 2: t< -1.3	0	0	0	0	0	1	0	0	0	0	0	0	1	0	0	1	0	1	1	0	0	0	0	0	1	1	0	1	0	0	0	0	0	0	0	1	0	0	0	0	0	0	0	1	1	0	1	0	0	1	0	0	1	0	0	0	0	0	0	1	0	0	0	0	0	0	0	0	0	0	0	0	0	0	0	0	0	0	1	0	1	0	0	0	0	1	0	0	0	0	0	0	0	0	0	1	0	0	0	1	0	0	0	1	0	0	1	0	0	0	0	0	1	1	0	1	0	0	0	0	0	0	0	1	0	0	1	1	0	0	0	0	0	0	0	0	0	0	0	0	0	0	0	0	0	0	1	0	1	0	0	0	0	0	1	0	0	0	0	0	1	0	1	1	0	0	1	1	0	0	0	1	0	0	0	0	0	1	0	1	0	0	0	1	0	1	0	0	1	1	0	0	0	0	0	0	0	0	0	0	1	0	1	0	0	1	1	1	1	1	0	0	0	0	0	0	0	0	1	0	0	0	0	0	0	0	1	0	0	1	0	0	0	0	0	0	0	0	1	0	1	0	1	0	1	0	0	1	0	0	0	1	0	0	1	0	0	0	0	1	0	0	0	1	0	0	0	1	0	0	0	0	0	1	0	0	1	1	0	1	0	0	1	1	1	0	0	0	1	0	0	0	0	0	1	0	1	0	0	0	0	0	0	0	0	0	1	1	1	0	0	0	0	0	1	1	0	0	0	1	1	0	0	0	0	0	0	0	0	0	0	0	1	1	0	0	0	0	0	0	0	0	1	0	0	0	1	0	1	0	1	1	0	1	0	0	1	0	0	1	0	0	0	0	1	0	0	1	0	1	0	0	0	0	0	0	0	0	0	0	0	0	0	0	0	0	0	0	1	0	0	1	0	0	0	0	0	1	0	0	0	0	0	1	0	1	0	0	0	0	1	0	1	0	0	0	0	0	1	0	1	0	0	0	0	0	1	0	0	0	1	0	1	0	0	0	0	0	0	0	1	0	0	0	1	1	0	0	0	1	0	0	1	0	0	0	0	1	1	0	0	0	0	0	1	0	0	0	0	0	0	0	0	1	0	0	1	0	0	1	0	1	0	0	0	0	0	0	0	0	0	0	0	0	0	0	0	0	0	0	0	
Deletion Peak 51	18q22.1 	chr18:54959035-77971457(probes 1408642:1421641)    	chr18:66498125-66610172(probes 1415833:1415889)    	chr18:58067812-80373285(probes 1410682:1422409)    	0.00053726	   0.054622		0: t>-0.1; 1: -0.1>t> -1.3; 2: t< -1.3	0	0	0	0	0	1	0	1	0	0	0	0	0	0	1	0	1	0	1	0	1	1	0	0	0	1	0	0	0	0	0	1	1	0	0	0	0	0	0	0	0	1	0	1	0	0	1	0	0	0	1	1	0	0	0	0	1	0	1	1	0	1	0	0	0	0	1	0	1	1	1	1	0	0	1	0	1	0	1	0	1	1	0	1	0	0	0	0	0	0	0	0	1	0	0	1	1	0	0	0	1	0	0	0	0	0	0	1	1	0	0	1	0	0	0	1	0	0	0	0	0	0	0	0	0	0	0	1	0	1	0	0	1	0	1	1	0	0	0	1	0	0	1	0	0	0	1	0	1	0	1	1	1	0	0	1	1	0	1	0	1	0	0	0	0	0	0	1	0	1	0	1	1	1	0	1	0	0	0	1	0	0	0	0	0	0	1	0	0	0	0	1	0	1	1	0	0	0	0	0	1	1	0	0	1	0	0	0	0	1	0	0	0	0	0	0	1	1	0	1	0	0	0	0	0	0	0	0	0	0	0	0	0	0	1	0	0	0	0	0	0	1	0	0	0	0	0	1	1	0	0	0	0	0	0	1	1	0	0	0	0	0	1	0	1	0	0	0	0	1	0	0	1	1	0	0	0	0	1	0	1	0	1	0	0	0	0	0	1	0	0	1	0	0	0	0	0	1	0	0	0	0	0	1	1	0	0	0	1	1	0	0	1	0	0	1	0	0	0	1	1	0	0	1	0	0	0	0	1	0	0	0	1	1	0	1	0	0	0	0	0	0	1	1	0	0	0	0	1	0	0	0	0	1	0	0	0	0	0	0	0	0	0	0	0	0	0	1	0	1	0	0	0	1	1	0	0	0	0	0	0	0	0	1	1	0	0	0	1	0	1	0	1	0	0	1	0	0	1	0	1	0	0	1	0	0	1	0	1	0	0	0	1	1	0	1	0	0	1	0	0	0	0	0	1	0	0	1	1	1	0	0	1	1	0	1	1	0	0	0	0	0	0	0	0	0	1	0	0	1	0	0	0	0	0	1	0	0	1	0	0	0	0	0	0	0	1	1	1	1	0	0	1	0	0	0	0	0	0	1	0	0	0	0	0	0	0	0	0	0	0	1	1	1	0	1	1	0	0	1	0	
Deletion Peak 52	18q23   	chr18:74158865-80373285(probes 1418867:1422409)    	chr18:79063009-80373285(probes 1422277:1422409)    	chr18:58067812-80373285(probes 1410682:1422409)    	0.0011381	   0.070987		0: t>-0.1; 1: -0.1>t> -1.3; 2: t< -1.3	0	0	0	0	0	1	0	1	0	0	0	0	0	0	1	0	1	0	1	0	1	1	0	0	0	1	0	0	0	0	0	1	1	0	0	0	0	0	0	0	0	1	0	1	0	0	1	0	1	0	0	1	0	0	0	0	1	0	1	1	0	1	0	0	0	0	1	0	1	1	1	1	0	0	0	0	1	1	1	0	1	1	0	0	0	0	0	0	0	0	0	0	0	0	0	1	1	0	0	0	1	0	0	0	0	0	1	1	1	0	0	0	0	0	0	1	0	0	1	0	0	0	0	0	0	0	0	1	0	1	0	0	1	0	1	1	0	0	0	0	0	0	1	0	0	0	1	0	1	0	0	1	1	0	0	1	1	1	1	0	1	0	0	1	0	0	0	1	0	1	0	1	1	1	0	1	0	0	0	1	0	0	0	0	0	0	0	0	0	0	0	1	0	1	0	0	0	0	0	0	1	1	0	0	1	0	0	0	0	1	0	1	0	1	0	0	1	1	0	0	0	0	0	0	0	0	0	0	1	0	0	0	0	0	0	1	0	0	0	0	1	1	0	0	0	0	0	1	0	0	0	0	0	0	0	1	1	1	0	0	0	0	0	0	1	0	0	0	0	1	0	0	1	1	0	0	0	0	1	0	1	0	1	1	0	0	0	0	1	0	0	0	1	0	0	0	0	1	0	0	0	0	0	0	1	0	0	1	1	1	0	0	0	0	0	1	0	0	0	1	1	0	0	1	0	0	0	0	1	0	0	0	1	1	0	1	0	0	0	1	0	1	1	0	0	0	0	0	1	0	0	0	0	1	0	0	0	0	0	0	0	0	0	0	1	0	0	1	0	1	0	0	0	1	1	0	0	0	0	0	0	0	0	1	1	0	0	0	1	0	1	0	1	0	0	0	1	0	1	0	1	1	0	1	0	0	1	0	1	1	0	0	1	1	0	1	0	0	1	0	1	0	0	0	1	0	0	1	1	1	0	0	1	1	0	1	1	0	0	0	0	0	0	0	0	0	1	0	0	1	0	0	1	0	0	1	0	0	1	0	0	0	0	0	0	1	1	1	1	1	0	0	1	0	0	0	0	0	0	1	0	0	0	0	0	0	0	0	0	0	0	1	1	1	0	1	1	0	0	1	0	
Deletion Peak 53	19q13.2 	chr19:42250486-42297190(probes 1440151:1440160)    	chr19:42260379-42296467(probes 1440155:1440159)    	chr19:42122759-42460818(probes 1440116:1440222)    	0.00035311	 0.00033615		0: t>-0.1; 1: -0.1>t> -1.3; 2: t< -1.3	0	0	0	0	1	0	0	0	0	0	0	0	0	0	0	1	0	0	0	0	0	0	1	0	0	0	0	0	0	0	0	0	0	0	0	0	0	0	0	0	0	1	0	0	0	0	1	0	0	1	0	1	0	0	0	0	0	0	0	1	0	0	1	0	0	0	0	0	0	0	0	0	0	0	0	0	0	0	0	0	1	1	0	0	0	0	0	0	0	0	0	0	0	0	0	0	0	0	0	0	0	1	0	0	0	0	0	1	0	0	0	0	0	0	0	0	0	0	0	0	0	1	0	0	0	0	0	1	0	0	0	0	0	0	0	0	0	0	0	0	0	0	0	0	0	0	1	0	0	0	0	0	0	0	0	0	1	0	0	0	1	0	0	0	0	0	1	0	0	0	0	0	1	0	0	0	0	0	0	0	0	0	0	0	0	0	0	0	0	0	0	0	0	1	0	0	0	0	0	0	1	0	0	0	0	0	0	0	0	0	0	1	0	0	0	0	1	1	1	0	0	0	1	0	0	0	0	0	0	1	0	1	0	0	0	0	0	0	1	0	0	0	0	0	0	0	0	0	0	0	0	0	0	0	0	0	0	0	0	0	0	0	0	0	1	0	0	1	0	0	0	0	0	0	0	0	0	0	0	0	0	0	0	1	0	0	0	1	0	0	0	0	1	0	0	0	0	0	0	0	0	0	0	0	0	0	0	0	0	0	0	0	1	0	0	0	0	0	0	0	0	0	0	0	0	0	0	1	0	0	0	0	0	0	0	0	0	0	0	0	0	0	0	0	0	0	0	0	0	0	1	0	0	0	0	0	0	0	0	1	0	0	1	0	0	0	0	0	0	0	0	0	0	1	1	0	0	0	0	0	0	0	0	0	1	0	0	0	0	0	0	0	1	0	0	0	1	0	0	0	0	0	0	0	0	0	0	0	1	0	0	0	0	0	0	0	0	0	0	0	0	0	0	1	1	0	0	0	0	0	0	0	0	0	0	1	0	0	0	0	0	0	0	0	0	0	1	0	0	0	0	0	0	0	0	0	0	0	1	0	0	0	0	0	0	0	1	0	0	0	0	0	0	1	0	0	0	0	0	0	0	0	0	0	0	0	0	0	0	0	0	0	0	0	0	1	1	0	1	0	0	
Deletion Peak 54	21q22.2 	chr21:38344545-38783136(probes 1500618:1501057)    	chr21:38469691-38669370(probes 1500830:1501010)    	chr21:38461668-41512103(probes 1500807:1503336)    	2.7944e-47	 4.4017e-10		0: t>-0.1; 1: -0.1>t> -1.3; 2: t< -1.3	0	1	0	0	0	1	0	0	0	0	1	0	1	0	0	1	0	0	0	0	0	0	0	0	1	0	1	0	0	1	0	0	0	0	1	1	1	0	1	1	1	0	0	1	1	0	1	1	0	0	0	1	0	0	0	0	0	0	1	0	0	0	0	0	0	0	0	0	1	1	1	0	0	1	0	0	0	0	0	0	1	0	0	0	0	0	0	0	0	0	0	0	0	0	1	1	0	0	0	0	0	0	0	0	1	0	0	1	0	0	0	0	0	1	1	0	1	0	0	0	0	1	0	0	0	0	0	0	0	0	0	0	0	1	0	0	0	0	0	1	0	0	0	0	0	0	1	0	0	0	0	0	0	0	1	0	0	1	1	0	0	0	0	1	0	0	0	0	1	0	1	0	0	0	0	0	1	0	0	0	1	0	0	1	0	1	0	0	0	0	0	1	0	0	0	0	0	0	1	1	0	0	0	1	1	0	1	0	0	1	0	0	0	0	0	1	0	1	0	0	0	0	0	0	0	0	0	0	0	1	1	0	0	1	0	0	0	1	0	1	0	0	1	0	1	0	0	0	0	0	0	1	1	0	0	0	1	1	0	1	0	0	0	1	1	1	0	1	0	0	0	0	0	1	0	0	0	0	0	0	1	0	0	1	0	0	0	0	1	0	0	0	0	1	1	0	1	1	0	0	0	1	0	0	0	0	1	1	1	0	0	1	0	0	0	0	0	1	0	0	0	0	0	0	0	0	0	1	0	0	0	0	1	0	0	0	0	0	1	0	0	0	1	0	1	0	1	0	1	0	0	0	0	1	0	0	1	0	0	0	0	0	0	0	0	1	0	0	1	0	0	0	1	1	0	1	1	0	0	0	0	1	0	0	0	0	0	0	1	0	1	0	0	0	0	0	1	0	0	0	0	0	0	0	0	0	0	0	0	0	0	0	0	0	0	0	0	1	1	0	0	0	0	1	0	0	1	0	0	0	1	0	0	0	1	0	0	0	0	0	1	1	1	0	1	1	0	0	0	0	0	0	0	0	0	1	0	0	0	0	0	0	0	0	1	1	1	1	0	0	0	1	0	0	0	0	0	0	1	0	1	1	0	1	0	0	0	0	0	0	0	1	0	0	0	0	0	0	1	0	0	
Deletion Peak 55	21q22.3 	chr21:41455552-41680542(probes 1503204:1503472)    	chr21:41460712-41511243(probes 1503206:1503335)    	chr21:38461668-41512103(probes 1500807:1503336)    	1.3436e-78	 2.2191e-58		0: t>-0.1; 1: -0.1>t> -1.3; 2: t< -1.3	1	1	0	0	0	1	0	0	1	0	1	0	0	0	0	1	0	0	0	1	0	1	0	0	0	0	1	0	0	1	0	0	1	1	1	1	1	0	1	1	1	0	0	1	1	0	1	1	0	0	0	1	0	0	0	0	0	0	1	0	0	0	0	0	0	0	0	0	1	1	1	0	0	1	0	0	0	0	0	0	0	0	0	0	0	1	0	0	0	0	0	0	0	0	1	1	0	0	0	0	0	0	0	1	1	0	0	1	0	0	0	0	0	1	1	0	1	0	0	0	0	1	0	0	0	0	0	0	0	1	0	0	0	1	0	0	0	0	0	1	0	0	1	1	0	0	1	0	0	0	0	0	0	0	0	0	0	1	1	0	1	0	0	1	0	0	0	0	1	1	1	0	0	1	0	0	1	1	0	0	0	0	0	1	0	1	0	0	0	0	0	1	0	0	0	0	0	0	1	1	0	0	0	1	1	0	1	0	0	1	0	1	0	0	0	1	0	1	0	0	0	0	0	0	0	0	0	0	0	1	1	0	0	1	0	0	0	1	0	1	0	0	1	0	1	0	0	0	0	0	1	1	1	0	0	0	1	1	1	1	0	1	0	1	1	0	0	1	1	0	0	0	1	1	0	0	1	1	0	0	1	0	1	1	0	0	0	0	1	0	0	0	0	1	1	0	1	1	0	0	0	1	0	0	0	0	1	0	1	1	0	1	0	0	0	1	0	1	0	0	1	0	0	0	0	0	0	1	0	0	0	0	1	1	0	0	0	0	0	1	0	0	1	0	1	0	1	0	1	0	0	0	0	1	0	0	1	0	0	0	0	0	0	0	0	0	1	0	1	0	1	0	1	1	0	1	1	1	0	0	0	1	0	0	0	0	0	0	1	1	1	1	0	0	0	0	1	0	0	0	0	0	0	0	0	0	0	1	0	0	0	0	1	0	0	1	0	1	1	0	1	0	0	1	0	0	1	1	0	0	1	0	0	0	1	0	0	0	0	1	0	1	1	0	1	1	0	0	0	0	0	0	0	0	0	1	0	1	0	0	1	0	0	0	1	1	1	1	0	0	0	1	0	1	1	1	0	0	1	0	1	1	0	0	0	0	0	0	0	0	0	1	0	0	0	0	0	0	1	0	0	
Deletion Peak 56	22q13.31	chr22:46004082-46152471(probes 1520637:1520692)    	chr22:46086844-46091647(probes 1520668:1520669)    	chr22:46027246-46135881(probes 1520638:1520685)    	0.061963	   0.062443		0: t>-0.1; 1: -0.1>t> -1.3; 2: t< -1.3	0	0	0	0	0	0	0	0	0	1	0	0	0	0	0	1	1	0	0	0	0	0	1	0	0	0	0	0	0	0	0	0	1	0	0	0	0	0	0	0	0	0	1	0	0	0	1	0	0	1	0	0	0	0	0	0	1	0	0	1	0	0	0	0	0	0	0	0	0	1	1	0	0	0	0	0	0	0	0	0	0	0	0	0	0	0	0	0	0	1	0	0	0	0	1	1	0	0	0	0	0	0	0	0	0	0	0	0	0	0	0	0	0	0	0	0	0	0	0	0	0	0	1	0	0	0	0	1	0	1	0	0	0	1	0	0	0	0	0	0	0	0	1	1	0	0	0	0	0	0	1	1	0	0	0	1	0	1	0	0	0	0	0	1	0	0	0	0	0	0	0	1	0	0	0	0	0	0	0	0	0	0	0	0	0	0	0	0	0	0	0	1	0	0	0	0	0	0	0	0	1	0	0	0	0	0	0	0	0	0	0	1	0	0	0	0	1	0	1	0	0	0	1	0	0	0	0	0	0	1	0	0	0	0	0	0	0	0	1	0	0	0	0	1	0	0	0	1	0	0	0	0	1	0	0	0	1	1	0	1	0	0	0	1	0	0	0	0	0	0	0	0	0	1	0	0	0	0	0	1	0	0	1	0	0	0	0	0	0	0	0	0	0	0	0	0	0	1	0	0	0	0	0	0	0	1	0	0	1	0	0	0	1	0	0	0	0	1	0	0	1	0	0	0	0	0	0	0	0	0	0	0	0	0	0	0	0	0	0	0	0	0	1	0	0	0	1	0	0	0	0	0	0	0	0	0	0	0	0	0	0	0	1	0	0	0	0	1	0	0	0	0	1	0	1	1	0	0	0	0	0	0	0	0	0	0	0	0	0	0	0	0	0	1	0	0	1	0	1	0	0	0	0	0	0	0	0	0	0	0	0	0	0	0	0	0	0	0	0	0	1	0	0	0	1	0	0	1	0	0	0	0	0	0	0	1	1	0	0	1	0	0	0	0	0	0	1	0	0	1	0	0	0	0	0	0	0	0	0	0	0	1	0	0	0	0	0	1	0	0	0	0	0	1	0	0	0	0	0	1	0	0	0	0	0	0	0	0	0	0	0	0	1	0	0	0	0	0	0	0	0	
Amplification Peak  1 - CN values	1q21.3  	chr1:150050799-152019897(probes 68850:69659)      	chr1:150694638-150705580(probes 69055:69067)      	chr1:119979138-155579015(probes 68777:71487)      	5.9888e-05	  0.0023663		Actual Copy Change Given	-0.0037395	-0.00013862	-0.006505	-0.0008316	0.028763	-0.0031859	-0.010239	0.0099051	-0.0044312	0.38502	0.58799	-0.0038869	0.0058309	0	-0.005814	0.01419	-0.0087146	0.0070826	-0.025893	-0.00067107	0.0013868	0.023847	0.00013863	-0.0041546	-0.00097017	-0.0022511	-0.0036458	0	0.0012733	-0.00041268	-0.0053053	0.25402	0.3022	0.0063266	0.015028	0.048262	0.0012481	-0.010094	-0.00013862	0.00097064	-0.0040828	-0.0038779	1.7683	0.3145	0.0012481	-0.034223	0.0029133	-0.00069303	-0.065179	-0.061286	-0.046177	0.031577	-0.008667	0.00445	0.003191	-0.013264	-0.0029091	-0.00097017	-0.0053992	0.20076	0.0052749	-0.0016629	0.011719	0.0044411	-0.018216	-0.0022538	0.0012481	0.0014304	-0.0016629	0.059651	0.27537	-0.0036011	-0.0037395	0.56703	-0.0060904	-0.040209	0.012097	0.16453	-0.00097017	-0.007444	0.24031	0.0073609	0.0053705	0.036088	0.0040243	0.0024969	-0.00041585	0.27963	-0.00069303	0.0081959	-0.024251	0.0030522	0.25402	-0.0020784	-0.0062286	0.20641	-0.0048461	-0.0022206	-0.017666	-0.0012473	0.0041632	0.00069327	-0.00041585	0.00097064	0.00097064	0.0011093	-0.00014099	0.057368	-0.0016403	-0.0016629	1.2689	-0.0098185	0.0011649	0.0032405	-0.019314	-0.00013862	-0.012162	0.37759	-0.027945	-0.054151	-0.025756	-0.005261	0	0.043015	-0.00055444	-0.0019399	0.0043021	-0.20573	-0.00013862	0.83825	0.0022193	-0.00041585	0.00069327	0.2904	1.5925	0.0058309	-0.0034627	0.0062481	-0.0041546	-0.0038989	0.016985	0.00041593	0	-0.029448	0.67511	0.011121	-0.010922	0.0036076	0.010982	1.4546	-0.016899	-0.012576	-0.0098185	0.0024969	-0.0083005	0.0020805	-0.06786	0.0022457	0.0048579	0	0.012655	-0.0033671	-0.0011087	0.63134	-0.052261	0.002007	0.0049969	0.020203	0.0013868	-0.0060904	0.004719	-0.082934	-0.0098185	0.060365	-0.0023553	0	0.0058309	0	0.019006	0.03031	0.00027728	-0.012379	0.00051282	0.016845	0.0033299	0.0013868	0.032422	0.0077783	0.2714	-0.00027724	0.0011093	0.046275	0.00055459	-0.0029091	-0.0055836	0.015308	-0.058419	-0.00097017	0.00090065	-0.0038779	0.056001	-0.010508	-0.0011566	-0.0011095	-0.0022168	0.00027728	0	0.0015255	0.0027745	0.0048579	-0.0073339	0.13954	0.0015255	0	-0.0019399	0	-0.010094	0.031436	0.0034687	0.044432	0	-0.0018014	0.008892	0.0055529	-0.034223	-0.050911	0.0038854	-0.010508	-0.0029091	-0.071071	-0.00479	0.014051	0.04376	-0.00041585	0.0087528	0.43463	-0.025346	-0.0094046	0.027778	-0.0018014	0.00069327	1.1868	-0.0056757	0.0039087	0.0022193	0	-0.0047079	0.35235	-0.02384	0.0072217	0.0097276	0.0036076	0.051956	-0.0073339	-0.00013862	-0.0046379	-0.0029091	0.12061	0.0026398	0.65885	-0.012851	-0.0067813	-0.012576	0.0029171	0.0036092	0.0076392	-0.000161	0.011958	0.0037465	0.0016642	0.0029133	-0.015731	-0.010232	-0.04447	-0.022332	-0.010734	0.0032288	0.0012481	-0.011473	-0.13109	0.54647	0	0.0072217	0.094927	0.00083195	0.050108	0.015995	0.00055459	-0.0011087	0	0.0019418	-0.0070654	0.70983	0.00597	-0.0047079	-0.054016	-0.003385	0.019503	0.0093098	-0.0044866	-0.0027707	0.0013868	0.0027745	-0.017116	0.0066653	0.0070885	0.0045389	-0.00097017	0.03014	0	0.003191	0.58095	1.6397	-0.0038779	-0.00013862	-0.0031588	-0.0012473	-0.044144	0.013271	0.0075	-0.0031859	-0.018902	-0.0055375	-0.041567	0.019783	-0.00055444	0.0079175	-0.0049844	0.0029133	-0.0024331	0.12334	-0.01904	-0.00069303	-0.059673	0.0010367	-0.00013862	-0.00095089	-0.060377	-0.0022168	0.003191	-0.0034627	-0.011749	0.013522	-0.0060904	0.0040243	0.017683	0.0065647	0.64213	-0.011198	-0.0023553	-0.00027724	0.0056919	0.013353	0.00055459	0.0034472	-0.0057933	-0.0041546	0.0016931	-0.00041585	0.016286	-0.051316	0.53731	0.019102	0.0040243	0.00069327	0.00021622	-0.00013862	0.4951	-0.0047079	-0.026995	-0.00097017	-0.0011795	0.76197	-0.0026322	0.0012481	0.020836	-0.0013016	0.13608	-0.043195	0.0026357	-0.0042145	0.00083195	0.27884	0.00069327	0.56952	-0.00055444	0	-0.0048461	0.22607	0.0052749	-0.037563	0.019643	-0.067726	-0.0011087	-0.00041585	0	0.010146	0.005645	-0.01037	-0.007472	0.004719	0	0.00083195	0	-0.0051227	-0.00013862	-0.0027707	-0.0070576	-0.0020784	0.0080567	0.01857	0	0.0020805	-0.012162	0.012237	-0.0070517	-0.00037088	-0.0011899	0	-0.0028575	-0.0038779	-0.0040162	0.0037465	0.0023581	0.031859	-0.0076591	-0.0013858	0.35904	-0.0029091	0.024408	0.024038	-0.013438	1.0375	0	0.42183	-0.014228	-0.024251	-0.0020784	-0.017522	0.00071866	-0.0026322	-0.0031634	0.0016917	0.0081959	-0.00027724	0.00083195	-0.040752	-0.0013858	0.00041593	0.29772	0.90369	0	0.086522	0.00077098	-0.028491	0.30441	-0.0016629	0.0012025	0.0075	-0.0070576	0.0013868	0.16475	0.0055529	-0.00041585	-0.0012473	-0.0063668	-0.04518	-0.0055297	-0.0094046	-0.016154	-0.0016336	0	-0.0091286	0.24669	0	0.00064322	-0.00053943	-0.0019399	-0.0065288	0	0	0.016845	-0.0042929	0	0.0012481	0.00097064	-0.0024938	-0.00096848	-0.032723	-0.0012473	-0.010605	-0.0020784	0.029325	-0.024524	-0.0059522	0.086644	-0.022195	0.21085	0.0027745	-0.0031859	-0.018902	
Amplification Peak  2 - CN values	1q22    	chr1:155159139-155317730(probes 71316:71386)      	chr1:155159198-155269669(probes 71317:71353)      	chr1:119979138-155579015(probes 68777:71487)      	4.3325e-05	   0.001479		Actual Copy Change Given	-0.0037395	-0.00013862	-0.006505	-0.0008316	0.028763	-0.0031859	-0.010239	-0.0034248	-0.0044312	0.38502	0.58799	-0.0038869	0.0058309	0	-0.005814	0.29167	-0.0087146	0.0070826	-0.025893	-0.00067107	0.0013868	-0.068127	0.00013863	-0.0041546	-0.00097017	-0.0022511	-0.0036458	0	0.0012733	-0.0052082	-0.0053053	0.25281	0.3022	0.0063266	-0.036401	0.048262	0.0012481	-0.010094	-0.00013862	0.00097064	-0.0040828	-0.0038779	0.89166	0.3145	0.0012481	-0.034223	0.0029133	-0.00069303	-0.065179	-0.061286	-0.046177	0.031577	-0.008667	0.00445	0.003191	-0.013264	-0.0029091	-0.00097017	-0.0053992	-0.058596	0.0052749	0.37446	0.011719	0.0044411	-0.018216	-0.0022538	0.0012481	0.0014304	-0.0016629	0.10337	0.27537	-0.0036011	-0.0037395	1.0599	-0.0060904	-0.040209	0.012097	0.16453	-0.00097017	-0.007444	0.24031	0.0073609	0.0053705	0.036088	0.0040243	0.0024969	-0.00041585	0.26153	-0.046385	0.0081959	-0.024251	0.0030522	0.25402	-0.0020784	-0.0062286	0.24996	-0.0048461	-0.0022206	-0.017666	-0.0012473	0.0041632	0.00069327	-0.00041585	0.00097064	0.00097064	0.0011093	-0.00014099	0.057368	-0.0016403	0.016705	1.2689	-0.0098185	0.0011649	0.0032405	-0.019314	-0.00013862	-0.012162	0.31948	0.00458	-0.054151	-0.025756	-0.005261	0	0.043015	-0.00055444	-0.0019399	0.0043021	-0.57407	-0.00013862	0.68347	0.0022193	-0.00041585	0.00069327	0.2904	1.5925	0.0058309	-0.0034627	-0.0079855	-0.0041546	-0.0038989	0.016985	0.00041593	0	-0.029448	1.3933	0.011121	-0.010922	0.0036076	0.010982	0.087824	-0.016899	-0.012576	-0.0098185	0.0024969	0.038489	0.0020805	-0.06786	0.0022457	0.0048579	0	0.012655	-0.0033671	-0.0011087	0.29501	-0.052261	0.002007	0.0049969	0.020203	0.0013868	-0.0060904	0.004719	-0.082934	-0.0098185	-0.0013858	-0.0023553	0	0.0058309	0	-0.015743	0.03031	0.00027728	-0.012379	0.00051282	0.0012481	0.0033299	0.0013868	0.032422	0.0077783	0.2714	-0.00027724	0.0011093	0.046275	0.00055459	-0.0029091	-0.0055836	0.015308	-0.058419	-0.00097017	0.00090065	-0.0026322	0.056001	-0.010508	-0.0011566	-0.0011095	-0.0038708	0.00027728	0	0.0015255	0.00083195	0.0048579	-0.0073339	0.13954	0.17302	0	-0.0019399	0	-0.010094	0.031436	0.0034687	-0.012162	0	-0.0018014	0.008892	0.0055529	-0.034223	-0.050911	-0.20025	-0.074144	-0.0029091	-0.054555	-0.00479	0.014051	-0.096335	-0.00041585	0.0087528	-0.041653	-0.025346	-0.0094046	0.027778	-0.0018014	0.00069327	3.6569	-0.0056757	0.0039087	0.0022193	0	-0.0047079	0.35235	-0.02384	0.0072217	0.0097276	0.0036076	0.051956	-0.0073339	-0.00013862	-0.0046379	-0.0029091	0.1462	0.44478	0.65885	0	-0.0067813	-0.012576	0.0029171	0.0036092	0.0076392	-0.000161	0.011958	0.0037465	-0.0033046	0.0029133	-0.015731	0.011539	-0.04447	-0.022332	-0.010734	0.0032288	0.0012481	-0.083333	-0.13109	0.54647	0	0.0072217	0.094927	0.00083195	0.050108	-0.050737	0.00055459	-0.0011087	0	-0.03293	-0.0070654	0.66014	0.00597	-0.0047079	-0.054016	-0.003385	0.019503	-0.031768	-0.0044866	-0.0027707	0.0013868	0.0027745	-0.017116	0.0066653	0.0070885	0.0045389	-0.00097017	0.03014	0	0.003191	0.58095	0.68161	-0.0038779	-0.00013862	0.157	-0.0012473	-0.044144	0.013271	0.0075	0.061651	-0.018902	-0.0055375	0.0055529	0.55142	-0.00055444	0.0079175	-0.0020784	-0.011611	-0.0024331	0.053147	-0.01904	-0.00069303	-0.059673	0.0010367	-0.00013862	-0.00095089	-0.060377	-0.0022168	0.003191	-0.038578	-0.011749	0.013522	-0.0060904	0.0040243	0.017683	0.0065647	-0.0023553	-0.011198	-0.24107	-0.00027724	0.0056919	0.013353	0.00055459	0.0034472	-0.0057933	-0.0041546	0.0016931	-0.00041585	0.16941	-0.051316	0.53731	0.019102	0.0040243	0.00069327	0.00021622	-0.00013862	0.28343	-0.0047079	-0.026995	-0.00097017	-0.0011795	0.76197	-0.0026322	0.0012481	0.020836	-0.0013016	-0.010003	0.00013863	0.0026357	-0.0042145	0.00083195	0.27884	0.00069327	0.48923	-0.00055444	0.0033299	-0.0048461	-0.57763	0.0052749	-0.037563	0.019643	-0.067726	-0.0011087	-0.00041585	0	0.010146	0.005645	-0.01037	-0.007472	0.004719	0	0.00083195	0	-0.0051227	-0.00013862	-0.0027707	-0.0070576	-0.0020784	0.0080567	0.01857	0	0.072109	-0.018878	0.012237	-0.0070517	-0.00037088	-0.0011899	0	-0.0028575	-0.0038779	-0.041295	0.0037465	0.0023581	-0.027535	-0.0076591	-0.0013858	0.38138	-0.0029091	0.024408	0.024038	-0.05027	1.1879	0	0.42183	-0.014228	-0.024251	-0.0020784	-0.11246	0.00071866	-0.0026322	-0.0031634	0.0016917	-0.018926	-0.00027724	0.00083195	0.47392	-0.0013858	0.00041593	0.29772	0.90369	0	0.47032	0.00077098	-0.028491	0.30441	-0.0016629	0.0012025	-0.055903	-0.0070576	0.0013868	0.16475	-0.023429	-0.00041585	-0.0012473	-0.0063668	-0.04518	-0.0055297	-0.0094046	-0.016154	0.0013868	0	-0.0091286	0.24669	0	0.00064322	-0.00053943	-0.0019399	-0.0065288	0	0	0.016845	-0.0042929	0	0.0012481	0.00097064	-0.0024938	-0.00096848	-0.032723	-0.0012473	-0.010605	-0.0020784	0.029325	-0.024524	-0.0059522	0.086644	-0.022195	0.20045	0.0027745	-0.0031859	-0.018902	
Amplification Peak  3 - CN values	1q44    	chr1:243583492-243984232(probes 128976:129259)    	chr1:243862698-243881342(probes 129191:129200)    	chr1:243586434-243992457(probes 128977:129261)    	0.061582	   0.061582		Actual Copy Change Given	0.0038854	-0.00013862	-0.006505	-0.0008316	-0.0044312	-0.0031859	0.0027745	0.00045394	-0.0044312	0.0081959	0.0039334	0.00069327	0.012516	0	0.010982	0.010424	0.0026357	-0.0022168	0.0073609	-0.0017794	0.0013868	-0.0063668	0.00083195	0.0043021	-0.00097017	-0.0011087	-0.0036458	-0.0079561	-0.013402	-0.0048461	0.001803	-0.69883	0.31386	0.0063266	-0.0069704	-0.0038779	0.0012481	-0.0073339	0.00083195	-0.00027724	-0.024251	-0.0123	0.76772	0.3145	0.0012481	-0.017941	0.0061655	0.003191	0	-0.061286	0	0.018103	-0.005814	-0.0029087	-0.0067813	-0.0019399	-0.0029091	-0.00097017	-0.0045695	0.046417	0.0051359	0.026092	-0.83136	0.00083195	-0.0081624	0.00055459	0.010424	0.0014304	-0.0016629	0.071705	0.27426	-0.0031101	-0.0037395	0.88246	0.013353	-0.026167	0.0041632	0.03348	-0.00097017	-0.007444	-0.052936	0.72068	-0.0012473	0.036387	-0.0123	0.019581	-0.00041585	0.32093	0.0024969	0.026514	-0.0094046	0.00069327	0.24249	-0.0020784	-0.0062286	0.2156	0.021463	-0.01904	0.00097064	-0.41718	0.0041632	0.00027728	-0.00041585	0.011679	0	0.0011093	-0.0036011	0.054945	-0.0016403	-0.0018014	1.24	-0.0070576	0.00097064	0	0.67901	-0.0060644	-0.0018014	0.37479	0.0068044	0.004719	-0.053476	0.0052749	-0.0036011	0.043015	-0.00055444	-0.0019399	0.0043021	-0.58775	0.0040243	0.66808	-0.0027707	0.0043021	0.018803	-0.06786	-0.038455	0.0041632	0.0037465	0.00058309	-0.0047079	0.001803	-0.0048461	0	0.0025264	0.0016642	0.010564	0.0044411	-0.86617	0.0073609	0.010982	0.011539	-0.023075	-0.012576	-0.0098185	0.0024969	-0.006903	0.0020805	-0.06786	0.0022457	0.0093098	-0.0007226	0.012655	-0.0033671	-0.0011087	0.21077	-0.040616	0.004719	0.010146	0.017963	0.0013868	-0.00069303	-0.0015243	-0.10985	0.034959	0.043157	-0.0023553	0	0.0076392	-0.06719	-0.011135	-0.019726	-0.00027724	-0.0050633	-0.00027724	0.0012481	0.0033299	0.0052749	0.73568	0.021043	0.2714	-0.00027724	-0.0027707	-0.045499	0.00055459	-0.0048099	-0.0073339	-0.014503	-0.060614	-0.0027707	0.00090065	-0.041702	0.037676	-0.0022168	0.0024969	-0.0070584	0.006109	-0.091155	0	-0.0016241	0	0.0048579	-0.018216	0.1673	0.00027728	0	-0.0019399	0.0022193	-0.97679	-0.11312	-0.00013862	-0.012162	0	-0.0018014	0.0075	0.0055529	-0.0092666	0.003191	-0.0031859	0.02539	-0.0029091	0.038065	0.0014431	-0.14052	-0.039298	0.0066653	0.0029133	0.53151	-0.019726	0.63244	0.028341	-0.0018014	-0.6769	-0.0023553	0	0.0034687	0.0022193	0	-0.0013858	0.32382	-0.013127	-0.0098185	1.2576	0.0036076	0.034113	0.037924	-0.00013862	0.013703	-0.050641	0.11724	-0.0092626	-0.010232	0	0.0043021	0.0013868	0.0029171	0.0023597	-0.00097017	0.0084761	0.011958	0	-0.0033046	0.010006	-0.014905	-0.095912	-0.04447	-0.018505	0.015727	-0.0024938	0.0037465	-0.017116	-0.11704	0.51821	0	0.025952	0.10628	0.00083195	0.0416	-0.031729	-0.00041585	-0.034223	0	-0.019452	-0.045507	-0.046041	-0.00088979	-0.0047079	-0.0034627	-0.0033243	0.015587	0.0022193	-0.0044866	-0.0027707	0.0013868	-0.00097017	-0.0036011	0.00027728	5.857e-06	0.0045389	-0.00097017	-0.0047361	0.013492	-0.0094046	0.58095	0.024829	-0.0038779	-0.00013862	-0.0036882	-0.0019399	-0.0055375	-0.014778	0.018261	-0.17134	-0.018628	0.0093098	0.0055529	1.1457	-0.00055444	-0.004406	0.0026357	-0.0076101	-0.0024331	0.054998	-0.013677	0.016425	-0.0059522	0	0.001803	-0.00095089	-0.060377	-0.0022168	0.003191	-0.014641	0.00041593	0.039195	0.0097276	0.0012481	0.0051359	-0.0014354	0.00055459	0.012376	0.0022193	-0.00027724	-0.0020784	0.0024969	-0.00071594	-0.0088775	-0.0019399	-0.0041546	0.0041921	-0.00041585	0.0030522	-0.0091286	0.56825	0.019382	0.0040243	0.00041593	0.00069327	-0.0041546	-0.33006	0.024829	0.026085	-0.00097017	0.00041593	0.79084	-0.026988	0.0012481	-0.08313	-0.0013016	-0.053927	0.00597	-0.0069195	-0.0083927	0.00083195	0.27979	0.015028	0.47142	-0.0038779	-0.0042929	-0.0048461	0.074408	-0.0047992	-0.0078648	-0.0023553	-0.032178	-0.0011087	-0.00041585	0.0040891	0.010146	0	0.0022193	-0.0033243	-0.0049844	0	0.00083195	0	0.0054139	-0.0055312	0.0094491	-0.0070576	0	0.0080567	0.016006	-0.0013858	0.072109	-0.019177	0.012237	-0.0070517	-0.00023227	-0.0011899	0.011818	0.011866	0.0019418	-0.041295	0.011261	0.00069327	-0.029857	0.049049	-0.0038779	0.036088	-0.0029091	0.0019418	0.023011	-0.0064025	0.0052749	0	0	0.0051094	0.048467	-0.0020784	-0.0016561	0.085536	-0.0030475	-0.0041546	0.0016917	-0.027124	-0.00027724	0.00083195	-0.14232	-0.0013858	-0.0087146	0.24747	0.89869	0	-0.19825	0.001803	0.012655	0.66567	0.028903	0.0012025	0.015028	0.93508	-0.0033243	0.17513	-0.0013858	0.014051	0.0036076	0.012237	-0.04518	0.019511	-0.0094046	0.014051	0.0013868	-0.0063668	0.0068044	0.24669	0.0016642	0.00036589	-0.0055225	-0.0019399	0.0020805	0	-0.011473	0.021744	-0.0042929	0	0.0012481	-0.0018014	-0.0024938	-0.00096848	-0.032723	-0.0015243	-0.021606	0.0052749	0.018808	-0.01354	0.0030522	0.13998	0.0090312	-0.00073505	-0.0041546	-0.0008316	0.0076392	
Amplification Peak  4 - CN values	3q11.2  	chr3:95333466-98373641(probes 316638:318211)        	chr3:96252653-96569562(probes 317120:317273)        	chr3:96252653-96579892(probes 317120:317276)        	0.2348	     0.2348		Actual Copy Change Given	0.00055459	0.0052483	-0.0078863	-0.00046406	-0.0123	0.0023581	0.0015255	0.0072599	-0.046718	-0.0060904	0.026141	-0.013953	-0.008374	0	0.00083195	0.022164	-0.0084385	0.0023581	0.066372	0.011283	-0.0026322	0.058937	0.0063871	0.0041632	0.00036825	0.0020805	-0.0019846	-0.019259	0.0079175	-0.00035461	-0.042245	0.21988	0.21131	0.024548	0.0012481	-0.010094	-0.00013862	0.017684	-0.0012751	-0.0047079	0.020623	0.017264	2.7361	0.21975	0	0.031155	0.013493	-0.0034247	0.048262	0.048546	0.028622	-0.0087146	-0.0040162	-0.0028786	0.00097064	-0.041838	-0.005814	0.00069327	0.012655	0.10264	0.25293	0.16911	-0.019412	0.030169	0.032422	-0.0026322	0.037076	0.00063306	-0.0036011	0.016425	-0.14515	0.081033	0.0056919	0.62297	0.18039	0.074408	0.33076	0.018874	0.003191	0.040497	0.29183	-0.0077482	-0.0023553	-0.050627	0.017715	0.0038854	0.013492	0.38056	0	0.28659	0.02539	-0.0019399	-0.023018	-0.0025407	-0.021921	0.22022	0.037924	0.00069327	0.043836	0.0044411	0.0011093	0.0087528	0.022231	-0.014503	-0.00055444	0.0034687	-0.0091953	0.074121	0.029348	0	-0.060748	0.067375	-0.0024938	0.0043516	0.0019691	-0.0029091	0.0063871	0.38667	-0.00013862	-0.663	0.69297	0.033127	0.035665	0.044999	-0.0011087	0.00083195	-0.0032466	0.067088	0.0056919	0.00031986	0.003191	-0.00027724	0.13939	0.018969	-0.029721	0.0026357	0.0016642	0.0015255	0	-0.0011087	0.046559	0.0072217	0.27127	0.026654	-0.013402	0.037076	0.10541	0.0050738	0.012655	0.032704	0.046925	0.043015	0	0.0013868	0.00041593	0.0004143	0.099142	-0.0044312	0.012934	-0.0022547	-0.28311	0.0012052	-0.0042929	0.19801	0	-0.0030475	-0.0048461	0.031155	-0.0026322	0.011539	-0.00027724	0.24078	-0.011343	-0.28025	-0.0015243	0.0049544	0.0094491	0	0.018167	-0.016762	0.0019418	0.036431	-0.0016629	-0.00013862	0.58596	0.0024969	0.32109	-0.041567	0.020877	-0.00055444	0.0013868	-0.093535	0.0036464	0.0041632	0.004719	0.040751	0.84179	0.0093098	0.0020105	0.00027728	0.088583	0.049682	0.00027728	0.001386	-0.0060904	0.019363	-0.0042929	-0.0030475	-0.00055444	-0.015153	0.0351	0.093621	0.0028089	-0.00013862	0.00083195	0.0016642	-0.96474	0.06494	-0.0020466	0.56596	-0.00013862	-0.00097017	0.0015255	0.0044411	0.055716	0	0.00041593	0.062365	0.0041632	0.058937	5.63e-05	-0.0071958	0.052847	-0.017254	0.62588	0.09217	0.0077783	-0.0031859	-0.038034	0.0040515	0.0077783	-0.4368	0.021884	-0.00027724	0.00013863	-0.0031859	0.038065	-0.0059522	-0.035439	0.020763	-0.026304	0.0093098	-0.37775	0.10031	0.0019418	-0.082601	-0.025346	0.036909	0.7087	0	0.0040243	-0.023566	0.022865	0.11683	0.028342	0.025671	-0.0018738	0.00069327	-0.023134	-0.00027724	0.0073609	0.022035	0.0062481	0.14251	0.044432	-0.45501	-0.0013858	-0.0096806	0.035665	0.022865	-0.063032	-0.012989	-0.00055444	-0.69947	-0.010211	0.0024969	0.054633	0.0097276	-0.0016692	0.003191	0.030169	-0.014098	0.7507	-0.00098465	0.0027745	0.052383	-0.0021793	0.036794	0.011679	-0.001862	-0.00055444	0	-0.00050638	0.0080951	-0.65454	0.00014449	0.00055459	0.0040243	-0.0033526	0.064797	0.0058309	-0.0056757	0.1489	0.0051359	0.10994	0.00030995	0.0062481	0.010424	0.053664	0.006109	0.0054139	0.013353	-0.0036011	0.039195	0.59027	0.0075	0.052149	0.0026357	0.060097	-0.0014636	0.00032853	0.010913	0.0083351	0.080601	-0.0073436	0.00458	0.00071256	0.0024643	0.0027745	-0.0010811	0.00055459	0.016006	0.026795	0.12461	-0.019589	0.0090312	0.0020805	0.00041075	0.28533	0.21837	0.004719	0.037359	0.0351	0.0048579	-0.0018877	-0.0051801	-0.00013862	0.0034976	0.24513	-0.25612	0.31498	0.051956	0.00071252	0.00027728	0	-0.0013858	0.00069327	-0.091023	-0.0051227	0.77098	-5.8768e-05	-0.0015243	-0.010094	0.048688	0.01419	0.011892	0	0.014841	0.014998	0.02511	0.00041593	0.0023581	0.012655	-0.008682	0.20962	0.0052749	-0.0022168	0.0036541	0.015308	0.012934	0.0055745	-0.0081551	0.063939	-0.0059522	-0.0031859	0.0020065	0.015308	-0.0041226	0.0024969	0.099288	0.36969	0.030873	-0.00064825	-0.0045695	0.014325	-0.00047632	0.0063871	0.00055459	-0.0027707	-0.0018014	-0.0015243	-0.0018014	0.0037465	-0.13342	0.0068044	-0.0056512	0.0011543	-0.00021988	0.14578	0.00060207	0.013667	0.0070826	0.034254	-0.0049844	0.013492	0.084173	0.00097064	0.3832	0.0055529	-0.010094	0.015308	0.81352	0.016006	0.012516	0.013213	-0.0033243	0.2058	0.010146	0.02147	0.0034942	0.10154	8.8125e-06	0.0032185	0.032422	-0.00048939	0	0.013353	0.00027728	0.00055459	-0.14554	0.32461	-0.0020582	0.040044	-0.0020784	0.06537	0.0052749	0.71766	-0.0013258	0.010146	0.00089994	0.54032	0.011539	0.010006	-0.011198	-0.0029493	0.017824	0.087152	-0.011603	0.0034687	0.24093	-0.00027724	0.019083	0.018663	0.012097	0.00097064	0	-0.0053843	0.00083195	0.0098669	0.0030522	-0.00027724	-0.0055375	0.00083195	-0.00041585	0.0020805	-0.040345	0	0.00055628	0.00041593	-0.0013858	0.03952	0.04954	0.43041	0.0026357	0.0030522	0	0.029044	-0.018902	0.0019418	0.68962	0.0019418	
Amplification Peak  5 - CN values	3q21.3  	chr3:128424256-128532834(probes 335740:335806)    	chr3:128424892-128455595(probes 335741:335759)    	chr3:126875508-130166831(probes 334783:336439)    	0.00025058	 0.00036545		Actual Copy Change Given	0.00055459	0.0052483	-0.0078863	-0.00046406	-0.0123	0.0023581	0.0015255	0.0072599	0.10628	-0.0060904	-0.67912	-0.013953	0.0066653	0	0.00083195	0.022164	0.0095883	0.0023581	0.018523	0.011283	-0.0026322	-0.049424	0.0063871	0.0041632	0.00036825	-0.0033243	-0.0019846	-0.0041546	-0.0042371	-0.00035461	-0.00097017	0.027778	0.21131	0.024548	0.0012481	-0.010094	-0.0012473	0	-0.0012751	-0.0047079	-0.0027707	-0.0059522	1.335	0.22499	0	0.054233	0.0375	-0.0013858	-0.046583	0.048546	0.010146	-0.62293	0.45139	-0.0028786	0.00097064	-0.0011087	-0.005814	0.00069327	0.012655	0.11712	0.25293	0.12373	-0.087806	-0.0038779	0.0026357	-0.0026322	0.050961	0.00063306	-0.0036011	0.89989	0.44291	0.082031	-0.0095426	1.4526	0.14726	-0.015329	0.33076	0.018874	0.19872	0.040497	0.17694	0.74081	-0.0023553	0.83864	0.011102	-0.00097017	-0.018353	0.31514	0.003191	0.28659	1.3706	-0.0027376	0.53749	0.37545	-0.021921	0.23985	-0.0098185	0.00069327	-0.04577	0.0044411	0.0011093	0.0087528	0.022231	-0.0030475	-0.0036011	0.0034687	-0.0091953	0.074121	0.017986	0	1.3559	-0.020138	0.037359	0.040235	0.0015787	-0.0029091	-0.0041546	0.33286	0.30665	0.00597	0.62697	0	-0.0041546	0.046559	-0.0011087	0.00083195	-0.0032466	0.050534	0.0054139	0.0036076	0.003191	-0.00027724	0.13939	0.00014624	0	0.0044411	0.0016642	0.0015255	0	-0.0011087	0.046559	0.0072217	0.2675	-0.0070576	0.095217	-0.0049844	0.10541	0.0050738	0.0114	1.3842	0.0014676	0.070099	0	0.0013868	0.00041593	-0.0032365	0.099142	-0.0044312	0.012934	-0.0022547	-0.28311	0.0012052	-0.0042929	0.45088	0	-0.0030475	-0.0045695	0.0093098	-0.0026322	-0.0060904	-0.00027724	0.19832	-0.011343	2.965	-0.0015243	0.0049544	0.71923	0	0.0089553	-0.010508	0.0019418	-0.0092073	-0.0016629	-0.00013862	0.58596	0.0024969	0.89427	0.040044	0.020877	-0.00055444	0.45139	-0.005261	0.0036464	0.0041632	0.004719	0	0.7353	0.00027728	0.0020105	0.00027728	-0.056813	0.01447	0.00027728	0.001386	-0.0060904	0.019363	-0.0042929	-0.0030475	-0.00055444	-0.0060904	0.00013863	0.96021	0.0054139	-0.31541	0.00083195	0.0016642	0.04344	0.084354	-0.0020466	0.56596	-0.00013862	-0.00097017	0.011121	0.0044411	-0.024661	0	0.00041593	-0.036129	0.0041632	-0.0033243	5.63e-05	0	0.0026719	0.00597	0.58482	0.44884	0.0077783	0.42519	0.057368	-0.0015243	0.0077783	0.00013863	0.021884	-0.00027724	0.00013863	-0.0031859	0.036794	0.0098669	0.031718	0.0030522	0.00069327	0.0093098	-0.25225	-0.022881	0.0019418	0.00062477	0.021463	0.033665	0.88686	0	0.0040243	0	0.016565	0.084069	0.020344	-0.024114	-0.0018738	0.00069327	0.0068044	-0.42876	0.0073609	-0.026019	0.026795	0.14251	0.00597	-0.0014628	-0.0024938	-0.0023553	0.035665	0.022865	-0.063032	0.64451	-0.00055444	0.090285	0.0056919	0.037924	0.054633	-0.033702	-0.0016692	0.003191	0	-0.014098	0.1628	-0.00098465	0.0027745	0.0037465	-0.0021793	0.031436	0.011679	-0.001862	-0.00055444	0	0.00027728	-0.0041878	0	0.00014449	0.00055459	0.0040243	-0.0033526	0.064797	0.0058309	-0.0056757	-0.043059	0.0091705	0.10994	0.00030995	0.18238	-0.018216	0.014632	-0.070524	0.056513	0.52357	0.019923	0.043865	1.1175	0.001803	0.53731	0.0026357	-0.023977	-0.0014636	0.087877	0.0011093	-0.0043719	-0.036265	-0.0053502	0.00458	0.0030715	0.0024643	0.0027745	-0.0010811	0.0069435	0.015759	0.026795	-0.048883	-0.0078863	0.0090312	0.0020805	0.0043021	0.28533	0.34566	0.004719	0.029938	0.0071808	0.0048579	-0.0018877	-0.0051801	-0.00013862	0.0034976	0.24513	0.004719	0.13465	0.051956	0.00071252	0.00027728	0	-0.0013858	0.00069327	-0.12629	0.3256	0.034388	-5.8768e-05	-0.0015243	-0.010094	0.19497	0.004719	0.011892	0	0.11076	0.014998	0.02511	0.00041593	0.0023581	0.33399	-0.0019399	0.18192	0.0052749	-0.0022168	0.0036541	0.05281	0.0075797	0.013793	-0.0073339	0.12049	-0.0059522	-0.0031859	0.0020065	0.015308	-0.0041226	0.0024969	0.26326	0.25261	0.030873	0.0038854	-0.0022168	0.014325	-0.00047632	0.0051296	-0.00069303	-0.00041585	-0.0018014	-0.0015243	-0.0018014	-0.039937	-0.13342	0.0051005	-0.0047019	0.0011543	-0.00021988	0.14578	-0.00092273	0.0075	0.0070826	-0.0016629	-0.0049844	-0.0060904	0.091378	0.00097064	0.33804	-0.0023553	-0.01409	0.22545	0.58269	1.1262	0.0090545	0.013213	-0.013677	0.38481	-0.10276	-0.025821	0.20109	0.10154	-0.0068557	0.0032185	-0.012024	-0.00048939	0	0.040185	0.00027728	0.00055459	-0.11077	0.040878	-0.0020582	0.47272	-0.00013862	-0.030404	0.0052749	0.71283	-0.0013258	0.010146	0.00089994	0.53503	0.011539	0.010006	-0.011198	-0.0029493	0.010564	-0.35757	-0.00013079	0.0034687	0.24093	0.00055459	0.31274	-0.0062622	0.012097	0.00097064	0	-0.0053843	0.00083195	-0.0037395	0.0030522	-0.00027724	-0.0055375	0.00083195	-0.00041585	0.0020805	-0.0015243	0	0.24311	0.00041593	-0.0013858	0.0085155	0.0062481	0.43041	0.0026357	0.0030522	0.69858	0.0070826	0.00458	-0.3444	-0.010508	-0.017666	
Amplification Peak  6 - CN values	3q26.2  	chr3:169915972-170121828(probes 357715:357847)    	chr3:169917129-169965483(probes 357716:357748)    	chr3:166854748-180074795(probes 356013:363004)    	1.7801e-05	 0.00022929		Actual Copy Change Given	0.00055459	0.0072217	-0.0056757	-0.00046406	-0.0123	0.0048431	0.0015255	0.0072599	0.10169	-0.0060904	0.011169	-0.013953	0.0066653	0	0.00083195	0.022164	1.3487	0.0023581	0.6403	0.011283	-0.0026322	-0.27236	0.0063871	0.00069327	0.0030522	-0.0033243	-0.0054439	0.61045	0.011958	-0.00035461	1.3589	0.027778	0.21131	0.020343	0.0012481	-0.010094	-0.0012473	0.0024969	-0.0041546	-0.0047079	-0.00013862	0.0073609	0.6818	-0.035993	0	0.07743	0.013213	-0.0034627	0.04741	0.048546	0.0033078	0.064654	0.45258	-0.004353	-0.0012473	0.010146	-0.005814	0.00069327	0.012655	0.29199	0.24934	0.15457	-0.0082609	0.00090345	0.0026357	-0.010922	0.050961	0.00063306	-0.0036011	0.89989	0.15114	0.082031	0.36168	0.30825	0.18692	0.0022193	0.33076	0.0086343	0.19314	0.040497	0.1631	0.74081	-0.0023553	0.87189	0.011102	0.0041632	0.0038854	0.37957	0.003191	0.010554	0.74575	-0.0027376	0.53749	0.37545	0.0094491	0.20244	0.013911	0.00069327	0.031999	0.0044411	0.0011093	0.0087528	0.022231	-0.005261	1.4331	0.0034687	0.0023581	0.074121	0.017786	0	0.38039	0.033549	0.037359	0.000188	0.0041094	-0.0011087	0.0052749	0.39778	0.20259	0.05281	0.68012	-0.39419	0.32689	0.046559	-0.0011087	0.00083195	-0.0032466	0.04954	0.0054139	-0.003016	0.003191	0.0026357	0.13637	0.00014624	0.0089482	0.0044411	0.0016642	0.0015255	0	-0.0011087	0.046559	0.0048579	0.22561	0.022725	1.6751	0.031859	0.13362	-0.010308	0.022585	1.3842	0.0023001	-0.0059522	0	0.0013868	0.024127	-0.0032365	0.099142	-0.0044312	0.027778	-0.0058609	-0.015879	0.0012052	-0.0042929	0.17935	0	-0.0030475	-0.00027724	0.015727	-0.0026322	0.031295	-0.00027724	0.2216	0.0083351	0.10103	-0.0015243	0.0015255	0.71923	0	0.0025923	-0.010508	0.0019418	0.033892	-0.0016629	0.0022193	0.58596	0.0024969	0.32076	-0.032178	0.020877	-0.00055444	0.0051359	-0.005261	0.0036464	0.0041632	0.47255	0	0.84514	0.0055529	0.0020105	0.00027728	0.066407	0.044148	0.00027728	0.001386	-0.0060904	0.023847	0.00013863	-0.0030475	-0.00055444	-0.0060904	0.021884	0.029888	-0.0016629	0.00013863	0.00083195	0.0016642	0.04344	0.084354	-0.0026322	0.56596	-0.00013862	-0.00097017	0.0049969	0.0044411	0.041119	0	0.00041593	0.05466	0.0041632	0.057796	0.0014431	-0.0020784	0.04617	-0.015741	0.58482	0.033127	0.0077783	0.039478	0.023987	-0.0015243	0.0041632	0.00013863	0.021884	-0.00027724	0.00013863	-0.0031859	0.036794	0.0098669	0.059794	0.0030522	-0.02151	0.0093098	-0.25443	0.043723	0.0019418	-0.00090861	0.73416	0.070504	0.75758	0.38204	0.0040243	0	0.015587	0.080604	0.047377	0.011286	-0.0018738	0.54788	-0.019452	0.00083195	-0.00087702	0.0048688	0.026795	0.14251	0.042874	0.49787	-0.0024938	-0.0023553	0.035665	0.049114	-0.059942	1.361	-0.00055444	0.088548	-0.0049844	0.045682	0.065037	0.0090312	0.0052749	0.063652	0.03369	-0.014098	1.9889	-0.0032284	0.0027745	0.041175	-0.0021793	0.028763	0.011679	0.0029133	-0.00055444	0	0.00027728	-0.0018014	0	0.0052807	0.00055459	0.0040243	0.0084458	0.064797	0.0093098	-0.0056757	0.051103	0.0029133	0.10994	-0.0068869	0.18238	0.013074	0.043723	-0.041159	0.7283	0.5523	-0.0066875	0.10337	0.0058309	0.001803	0.61082	0.00597	0.046275	-0.0014636	0.0033812	0.0011093	0.0051359	0.040609	-0.0053502	0.00458	0.0030715	0.0024643	0.0027745	-0.0092056	0.0069435	0.015759	0.020623	0.012516	0.10643	0.0090312	0.0020805	0.0022193	0.11169	0.5617	0.0068044	0.029938	0.034818	0.0048579	-0.0018877	-0.0051801	-0.00013862	0.0034976	0.24109	0.0054139	0.1428	0.051956	0.0090506	-0.0011033	0	-0.00069303	0.00069327	0.027785	2.2578	0.070953	-5.8768e-05	-0.0015243	-0.014916	0.26451	0	0.011892	0.0017486	0.15153	0.022444	0.02511	0.00041593	-0.00049059	0.39645	-0.0058102	0.21161	0.0055529	-0.0022168	0.0036541	0.01433	-0.026304	0.031317	-0.0073339	0.12049	0.273	-0.0031859	0.0020065	0.0099647	-0.0041226	0.0024969	0.28802	0.0055529	0.030873	-0.0055375	-0.0022168	0.015168	0.0043021	0.0051296	-0.00069303	-0.0078863	-0.0018014	2.8608	-0.0018014	0.0029133	-0.13342	0.00013863	-0.0047019	0.0011543	-0.00021988	0.15681	-0.00092273	0.0075	0.0070826	0.038771	-0.0049844	0.053379	0.091378	0.00097064	0.61879	-0.0018014	-0.01409	0.22545	0.65327	-0.017529	0.024268	0.013213	-0.013677	0.38849	0.001803	0.010431	0.19865	0.10154	-0.0027707	0.0032185	0.027919	0.0019418	0	0.0073609	0.00027728	0.00055459	-0.14034	0.10612	-0.0020582	0.47272	-0.00013862	0.0558	0.0052749	0.72603	0.00013863	0.010146	0.00089994	-0.79327	0.030029	0.00097064	-0.011198	-0.0044312	0.010564	0.06399	0.21239	0.0034687	0.28834	0.00055459	0.36789	0.008892	-0.053746	0.00097064	0	-0.0053843	0.00083195	-0.0037395	0.0030522	-0.0015098	-0.0055375	0.00083195	-0.00041585	0.0020805	0.010703	0	0.24311	0.00041593	-0.0013858	0.021645	0.059508	0.43446	0.0026357	0.0030522	-0.0012473	0.011121	0.59656	0.0011093	-0.010508	-0.017666	
Amplification Peak  7 - CN values	3q26.32 	chr3:176260197-179110507(probes 360823:362303)    	chr3:177300683-177457480(probes 361289:361364)    	chr3:166854748-180074795(probes 356013:363004)    	0.00019527	  0.0060687		Actual Copy Change Given	0.00055459	0.0072217	-0.0056757	-0.00046406	-0.0123	0.0048431	0.0015255	0.0072599	-0.37977	-0.0060904	0.011169	-0.013953	0.018383	0	0.00083195	0.022164	-0.0056757	0.0023581	0.6403	0.011283	-0.0026322	-0.27236	0.0063871	0.00069327	0.0030522	-0.0033243	-0.0054439	-0.011611	0.011958	-0.00035461	0.87747	0.027778	0.21131	0.020343	-0.21874	-0.010094	-0.0012473	0.0024969	-0.39341	-0.0047079	-0.0036011	0.0073609	-0.044822	-0.035993	0	0.11448	0.021854	-0.0034627	0.04741	0.048546	0.0033078	-0.031359	0.45258	-0.004353	-0.0012473	0.010146	-0.005814	0.00069327	0.012655	-0.073743	0.24934	0.15457	-0.0082609	0.017544	0.0026357	-0.010922	0.050961	0.00063306	-0.0036011	1.1333	0.15114	0.082031	0.36168	0.0072217	0.18692	-0.0038779	0.31322	0.054592	0.19314	0.040497	0.34697	0.74081	-0.0023553	0.85302	0.011102	-0.099209	0.0038854	0.3499	0.003191	0.010554	0.74575	-0.0027376	-0.025346	0.37545	0.0094491	0.20244	0.013911	0.00069327	0.031999	0.0044411	0.0011093	0.0056919	0.022231	-0.005261	0.25418	0.0034687	0.0023581	0.074121	0.017786	0	3.6569	0.033549	0.037359	0.000188	0.0041094	-0.0011087	0.0052749	0.34064	0.20457	0.05281	0.65774	-0.39419	0.040468	0.05153	-0.0011087	0.00083195	-0.0032466	0.04954	0.0054139	-0.003016	0.003191	0.0026357	0.13637	0.011539	0.070386	0.0044411	0.0016642	0.0015255	0	-0.0011087	0.046559	0.0048579	0.22561	0.022725	0.016146	0.031859	0.13362	-0.010308	0.022585	1.3842	0.0023001	-0.76218	0	0.0013868	0.024127	-0.0032365	0.099142	-0.0044312	0.027778	-0.0058609	-0.022469	0.0012052	-0.0042929	-0.17727	0	-0.0030475	-0.00027724	0.015727	-0.0026322	0.031295	-0.00027724	0.18147	0.0083351	0.10103	-0.0015243	0.0015255	0.71363	0	0.032063	-0.010508	0.0019418	0.033892	-0.0016629	-0.49548	0.58596	0.0024969	1.0396	-0.032178	0.020877	-0.00055444	0.0051359	-0.005261	0.0036464	0.0041632	0.015587	0	0.84514	0.0055529	0.0020105	0.00027728	0.12509	0.024408	0.00027728	0.001386	-0.0060904	-0.069198	0.00013863	-0.0030475	-0.00055444	-0.0060904	0.021884	0.039478	-0.0016629	0.00013863	0.00083195	0.0016642	-0.041702	0.084354	-0.0026322	0.56596	-0.00013862	-0.00097017	0.0049969	0.0044411	0.041119	0	0.00041593	0.05466	0.0041632	0.035806	0.0014431	-0.0020784	0.04617	-0.015741	0.58166	0.83274	0.0077783	-0.013431	0.021463	0.0011093	0.0041632	0.00013863	0.021884	-0.00027724	0.00013863	-0.0031859	0.036794	0.021043	0.017963	0.0030522	-0.02151	0.0093098	-0.77863	0.04344	0.0019418	-0.00090861	0.75872	0.070504	-0.53956	-0.0026322	0.0040243	0	0.015587	0.080604	0.047377	0.011286	-0.0018738	-0.30428	-0.019452	0.00083195	-0.00087702	0.0048688	0.026795	-0.59818	0.042874	0.023847	-0.0024938	-0.0023553	0.035665	0.049114	-0.059942	1.1061	0.010424	0.088548	-0.0049844	0.14801	0.095932	0.0090312	0.0052749	0.063652	0.03369	-0.014098	3.1213	-0.0032284	0.0027745	0.041175	-0.0011087	0.028763	0.011679	0.0029133	-0.00055444	0	0.00027728	-0.0018014	0	0.0052807	0.00055459	0.0040243	0.0084458	0.064797	0.0093098	-0.0056757	-0.016979	-0.22834	0.10994	-0.46395	0.18238	-0.76012	0.0072217	-0.22047	0.7283	0.5523	0.003191	0.10337	0.128	0.001803	0.5546	0.00597	0.046275	-0.0014636	0.0033812	0.0011093	0.0051359	0.069382	-0.0053502	0.00458	0.0030715	0.0024643	0.0027745	-0.0092056	0.0069435	0.015759	0.020623	0.088982	0.10643	0.0090312	0.0020805	0.00041593	0.11169	0.5617	0.0068044	0.029938	0.034818	0.0048579	-0.0018877	-0.0040162	-0.00013862	0.0034976	0.24109	0.0054139	0.1428	0.051956	0.0090506	-0.0011033	0	-0.00069303	0.00069327	-0.10368	0.95017	0.080737	-5.8768e-05	-0.0015243	-0.014916	0.26451	0	0.011892	0.0017486	0.15153	0.022444	0.02511	0.00041593	-0.00049059	0.39645	-0.0022168	0.21161	0.0055529	-0.0022168	0.0036541	0.01433	-0.69178	0.031317	-0.0073339	0.12049	-0.18735	-0.0031859	0.0020065	0.0099647	-0.0041226	0.0024969	-0.017254	0.1625	0.030873	-0.20834	-0.0022168	0.015168	0.0043021	0.0051296	-0.00069303	-0.0078863	-0.0018014	2.8608	-0.0018014	0.0029133	-0.13342	0.00013863	-0.0047019	0.00032226	-0.00021988	0.15681	-0.00092273	-0.69215	0.0070826	0.038771	-0.0049844	0.053379	0.091378	-0.48008	-0.036401	-0.0018014	-0.01409	0.22545	0.729	0.15502	0.024268	0.013213	-0.013677	0.2032	0.001803	0.010431	0.19865	0.10154	-0.0027707	0.0032185	0.027919	0.0019418	0	0.81552	0.00027728	0.00055459	-0.13225	0.25119	-0.12343	0.47272	-0.00013862	0.0558	-0.41959	0.72603	0.00013863	0.010146	0.00089994	-0.015191	0.030029	0.00097064	-0.011198	-0.011335	0.010564	0.06399	0.21239	0.0034687	0.28834	0.00055459	0.36789	-0.99875	-0.61104	0.00097064	0.0075889	-0.0053843	0.00083195	-0.0037395	0.0030522	-0.0015098	-0.0055375	0.00083195	-0.00041585	0.00458	0.010703	0	0.24311	0.00041593	-0.0013858	0.019264	0.059508	0.43446	0.0026357	0.0030522	-0.0012473	0.011121	0.59656	0.0011093	-0.010508	-0.017666	
Amplification Peak  8 - CN values	4q13.3  	chr4:73121992-73261136(probes 412680:412728)        	chr4:73127260-73212734(probes 412681:412713)        	chr4:72524293-73430009(probes 412291:412803)        	0.00090606	 0.00090606		Actual Copy Change Given	-0.00041585	0.013492	0.21438	0.0055529	-0.015466	0	-0.00043029	-0.14164	0.0065262	0.3982	0.014378	-0.0049844	0.024268	0.00013863	0.0013868	-0.27476	-0.0029091	-0.0032915	1.022	0.0014088	-0.0037395	0.023987	-0.044822	0.0080567	-0.0026322	0.0076392	0.00092587	-0.0067813	0.010424	0.0015255	-0.0023553	0.053521	0.03214	0.01447	0	-0.01769	-0.0080244	0.022024	-0.0030475	0.00041593	0.015587	0.010703	1.9003	-0.13018	0.0040243	0.044432	0.0073609	0.001803	0.053521	0.050819	0.06308	-0.010646	-0.0034627	-0.0087525	0	0.00041593	0.003191	0.00055459	-0.0088526	-0.019382	0.015866	0.01969	-0.0059126	0.012934	0.021183	-0.00041585	-0.042381	0	-0.006505	-0.061286	-0.039658	0.075271	0.0023581	1.2078	0.039337	0.040326	-0.069064	0.020133	-0.01315	-0.019167	0.11653	-0.006505	0.0012481	-0.016154	0.0065262	0.0051359	-0.0029091	-0.15272	0.0016681	-0.025893	0.014888	-0.00027724	0.013492	0.00083195	0.043582	-0.2319	0.010939	0.15861	0.031014	0.0073609	0.66106	-0.0053016	0.0012764	0.0033261	-0.0038779	0.0063871	-0.0089906	-0.091395	-0.09866	0.00097064	-0.045228	0.014749	-0.0040162	-0.0096314	0.0016642	0.0034687	0.0077783	0.69933	0	0.052959	0.78503	-0.38817	0.057653	0	0.00027728	0.0039296	-0.00097017	-0.24046	0	0.0065262	0.0062481	0	-0.025072	0.015308	0.82333	-0.0047079	0.004719	0.0013868	0.00055459	0.0022193	0.066945	0.004719	-0.039122	0.028903	0.3264	0.019503	-0.18282	0.015308	0.0098669	-0.0042517	0.01511	-0.025483	-0.0049844	-0.0024938	0.024969	-0.0008316	-0.059312	-0.0026322	0.017264	0.0025977	0.0062481	0.00045897	0.00074209	0.14429	-0.0024938	-0.00069303	-0.0030475	0.013695	0.00055459	0.022304	0.0055529	0.14117	0.003191	3.6569	0	0.0077783	-0.010508	0.0011093	0.0049211	-0.0060904	-0.0019399	0.03023	-0.00055866	-0.0008316	0.0013868	0.00013863	-0.016429	-0.023018	-0.0040423	-0.0041546	0.0070826	0.0040243	0.0013868	0.0038854	0.006109	0.014609	0.071391	0.0051359	0.0079865	-0.0019399	0.083811	0.021323	0.0011467	0.0031902	-0.01106	-0.0044312	-0.0016629	-0.0030475	0.00097064	0.001803	0.010424	0.030169	0.13367	-0.0013858	0.0033299	-0.00013862	-0.017116	0.028341	-0.064911	-0.023292	-0.00097017	-0.00013862	-0.0066774	0.0023581	0.046559	0.0090312	0.0023581	0.043015	0.010424	0.044432	0.007	0.0029133	0.0047552	-0.0087146	0.5908	0.387	0	0.0012481	0.0062481	0	0.0055529	0.34128	0	0.0013868	0.00597	0.018243	-0.0095426	-0.024661	0.023987	0.012097	-0.016979	0.010146	0.047694	0.035665	0.0030522	0.0016359	0.001803	0.0097021	-0.01505	0.010564	0.013772	-0.0044312	0.011679	-0.22957	0.014471	0.025952	0.0012481	-0.0053992	-0.012576	0	0.015866	0.016562	0	-0.048883	0.013353	0.022865	-0.0053992	0.00097064	0.023987	0.0054139	0.27064	-0.0047693	0	-0.35122	0.00055459	0.00055459	-0.058573	0.016044	-0.00097017	0.0035565	0.015028	0.00082413	1.1164	0.0069435	0.0049969	0.0416	0.0038854	0.47529	0.021603	-0.000781	0.0023581	0.00083195	0	0.0049969	0.0030219	-0.0059464	-0.0016629	-0.00027724	0.0070542	0.51769	0.0114	-0.0008316	0.087245	0.0034687	0.072465	7.0088e-05	0.0036076	0.012655	0.03863	0.017963	-0.0062286	0.023145	0	0	0.11609	0	0.064368	0.0027745	0.048262	-0.0016022	0.0021318	0.014352	0.018103	0.049256	0.001869	0.0093098	-0.0038586	0.011088	0.0029725	-0.0026322	0.012376	0.00069327	0.0075	0.034677	-0.0047448	0.015587	0.0027745	0.00069327	0.1792	-0.0098185	0.0017958	-0.0016449	0.023987	0	0.00099051	0.0026711	0.0011093	0.0037754	0.011097	-0.0041546	0.013476	0.0072217	0.0055722	0	0.00097064	-0.0023553	0.003191	0.086233	-0.0020784	0.019075	0.0026357	0	-0.0053992	0.0068044	0.0029133	0.031088	0.0029977	-0.014602	0.0023581	0	-0.0020784	-0.00097017	-0.0041546	0.00069327	0.026514	0.0068044	-0.015879	0.0039325	0	0.020343	-0.017027	-0.00069303	-0.097363	0.00013863	0.0062481	-0.002636	0.0011093	0.0030054	0.0037076	0.0070826	0.0027651	-0.0033243	0.00069327	0.0011093	0.015308	0.00079805	-0.0048459	-0.0008316	0.0043021	-0.0045695	0.010564	0.001096	0.0034687	-0.0058861	0	0.0072277	0.0012931	0.0058885	-0.0042929	0.0032386	0.00458	0.0069921	0.022865	-0.0020784	0.028392	0.019298	0.00078679	-0.39853	0	-0.0083005	-0.14284	0.035911	0.29549	0.0063871	-0.032007	-0.0067813	-0.062764	0.0062481	0.01825	-0.002053	-0.014366	0.00097064	0.00030473	0.023426	0.00597	-0.0081406	0.031999	0.001803	0.003191	0.070673	-0.22368	0.0012481	-0.016979	0.00063356	0.043299	0.082909	0.022304	0.0012481	-0.05469	0.0084743	-0.0031859	0.00097064	0.015447	-0.012306	0.00027728	0.0077783	-0.098635	-0.019718	0.0036076	0.0058309	0.0026357	-0.04726	1.7487	-0.02384	0.00069327	-0.00046587	-0.005987	-0.0010843	0.004719	0.017544	-0.0024431	0.00027728	0.00458	-0.0016629	0.00597	0.024689	0.001803	0.00069495	0.0023581	0.0011983	0.018704	0.0041632	-0.40667	0.00597	0.0058309	0.24856	0.010703	-0.016643	-0.00013862	-0.053341	-0.0091286	
Amplification Peak  9 - CN values	4q32.3  	chr4:146382311-190214555(probes 454078:476651)    	chr4:168823417-169206491(probes 466834:467064)    	chr4:168821315-169211573(probes 466833:467067)    	0.14119	    0.14119		Actual Copy Change Given	-0.0029091	0.013492	-0.0060904	0.0055529	-0.020412	0	0.0020805	-0.25209	0.0065262	-0.0065499	0.014378	-0.00097017	0.032563	0.00013863	0.0068044	-0.27619	-0.007472	0.00083195	-0.099604	0.0014088	0.022444	-0.59682	-0.045562	0.0080567	-0.0026322	0.0038423	-0.002776	-0.008601	0.013911	0.0015255	-0.0038779	-0.011198	0.025671	0.019783	0	-0.014641	-0.016841	-0.0011961	-0.0030475	0.00041593	0.01387	0.010703	0.42267	-0.18697	-0.0012473	-0.37381	0.0019418	-0.0031859	0.04907	0.0467	0.058758	-0.0091286	-0.0089906	-0.0087525	0	-0.013786	-0.0013858	-0.0011087	-0.01409	0.161	0.013074	0.026022	-0.0023156	0.026935	0.021183	0.0013868	-0.042381	0.00091043	-0.0075298	-0.081738	-0.0018014	0.069669	0.0023581	-0.006505	0.022164	0.057859	-0.069064	-0.014203	0.012516	-0.014245	-0.25019	-0.01314	0.0012481	-0.49392	0.0065262	0.0051359	0	-0.15272	0.0079546	-0.022744	0.0070826	-0.00027724	0.064511	-0.0044312	0.012237	-0.023429	0.024436	0.0029133	0.044999	0.0073609	-0.0015243	-0.0053016	0.0039229	-0.0060072	-0.0038779	0.0094491	-0.0089906	-0.39519	-0.11075	0.00097064	0.3931	0.05004	-0.0040162	-0.0011979	0.0067174	0.0058309	0.0055529	0.37117	0.0029133	-0.55256	0.77333	-0.38817	0.036229	0	0.00027728	0.0097276	-0.00097017	-0.24131	0	-0.0031551	0.011121	-0.0023108	-0.025072	0.012376	0.0084743	-0.0047079	0.0069435	0.0013868	0.0026357	0.0022193	0.066945	0.004719	-0.039122	0.025952	-0.025346	0.024829	-0.16841	0.0026357	-0.032723	-0.0031859	0.027017	-0.025483	-0.0049844	-0.0024938	0.019425	0.0077783	-0.059538	-0.00069303	0.017264	-0.00073091	0.024969	0.0075962	0.00022697	0.17076	0.0011093	-0.00069303	-0.0033243	0.012934	-0.0052939	0.021043	0.0055529	0.027638	0.0013868	0.061651	-0.0030779	0.0077783	-0.010508	0.0011093	0.0051991	-0.0033243	0.0011635	-0.040558	0.0012481	-0.0044312	0.0013868	-0.0040162	0.28929	-0.03749	-0.0040423	-0.0041546	0.0070826	-0.0004833	0.0013868	0.0062481	0.0020805	0.014749	0.096234	0.0010791	0.0088217	-0.0019399	-0.060581	-0.22034	0.0013868	0.0031902	-0.01106	-0.0067813	0.001803	-0.0030475	-0.0030475	-0.0013858	0.011261	0.0033299	0.011121	0.023951	0.0033299	-0.0030475	-0.017116	-0.033242	-0.0049844	-0.023292	-0.00097017	-0.00013862	-0.016623	-0.0020144	0.051103	0.0070826	0.0023581	0.069239	0.010424	-0.9189	0.007	0.0029133	0.0063759	-0.011611	0.56988	0.51176	0	-0.0030915	0.64378	0	0.0055529	0.0028475	-0.0036219	0.0038854	0.00597	0.011294	-0.015741	0.05466	0.047552	0.0081959	-0.023411	0.025846	0.035383	0.021884	-0.0030475	0.0025671	-0.0045695	0.041271	-0.011469	0.0083351	0.015727	-0.0073339	0.014888	-0.22957	0.023147	0.025952	-0.0034804	0.28892	-0.019863	0	0.018943	0.0247	0.018943	-0.042517	0.020063	0.019643	-0.0053992	-0.0041546	0.029184	0.026795	0.27064	-0.0047693	-0.0030475	-0.36125	-0.0073257	-0.0024938	0.027936	0.016044	-0.00097017	0.00597	0.011958	0.89386	0.72519	0.0069435	0.004719	0.048262	0.0038854	0.022725	-0.27356	-0.000781	0.0023581	0.0054139	0.0043021	0.0049969	0.0030219	-0.01436	-0.0016629	-0.00027724	0.0070542	-0.38996	0.01447	-0.0008316	0.036088	0.0034687	0.058488	0.0010033	0.0038854	0.012655	0.032281	0.018663	-0.33883	0.012795	0	0.0056919	0.010564	0	0.053806	0.0055529	0.0060633	-0.0016022	0.00066358	0.0023581	0.010564	0.079735	-0.0022441	0.0075	-0.0038586	0.011088	-0.0020784	-0.0026322	0.006109	-0.039529	-0.38582	0.0068044	-0.0088526	0.010006	0.0027745	0.0015255	-0.0023553	-0.018353	0.0020805	0.013632	0.019643	0	-0.0033296	0.0033299	-0.0013999	-0.0012999	0.010564	0.0083351	0.1643	0.017824	0.001406	0	-0.0012473	-0.0023553	0.003191	-0.0066891	-0.0036011	0.017256	0.0026357	0	-0.37166	-0.70275	-0.00027724	0.030665	0.0029977	-0.0071047	0.0029133	0	-0.0026341	-0.00097017	0.1649	-0.25814	-0.13747	0.010982	-0.0085766	0.0039325	0.0091705	0.015028	-0.012003	0	0	0.00013863	-0.0023553	-0.002636	0.0011093	-0.010555	0.0037076	0.0073609	-0.38984	0.0070826	0.00069327	-0.0056757	0.015308	0.00079805	-0.0045695	-0.0008316	-0.0060904	-0.0045695	0.010564	0.001096	0.0034687	-0.0056757	0.054233	0.00056056	-0.0014225	0.0058885	-0.0052898	0.0032386	0.00458	0.016985	0.02511	0.0015255	0.021744	0.023362	0.00078679	-0.40539	0	-0.0083005	-0.16434	0.078689	2.5015	0.0034155	-0.023155	-0.0067813	-0.067056	0.013632	0.01825	-0.002053	0.072109	0	0.00016608	-0.58833	0.0019363	-0.01354	1.5186	0.001803	0.003191	-0.077478	-0.23032	0.0052749	-0.024935	0.00063356	-0.0016629	0.066515	-0.039801	0.00074452	-0.072675	0.015866	-0.0072018	-0.0030475	0.013074	-0.015054	0.00027728	0.016565	-0.095997	-0.019718	0.0036076	0.0098669	0.0026357	-0.064331	0.017824	-0.026577	0.00069327	-0.14147	0.073705	-0.0022168	0.011261	-0.01354	0.0044411	0.00027728	0.00458	-0.0016629	0.00597	0.01419	0.001803	0.0034042	0.0023581	0.0011983	0.013813	0.0041632	-0.40667	0.00597	0.010787	0.23044	0.0027745	-0.017087	0.0034687	-0.063787	-0.0053992	
Amplification Peak 10 - CN values	7p14.3  	chr7:23706454-38414054(probes 688781:698660)        	chr7:33204043-33436763(probes 695106:695234)        	chr7:33086064-33598091(probes 695071:695352)        	0.10334	    0.10334		Actual Copy Change Given	0.11184	0.0041632	0.22515	0.025812	0.67864	0.0080567	-0.001014	0.0044792	0.0045814	-0.0033243	0.012982	-0.0011087	0.0056919	0.00027728	0.0013518	0.017264	0.0051359	0.0063871	0.010567	0.00071524	0.028481	0.022024	0.0019418	0.0093098	0	0.0016642	2.6841e-05	0.0050755	0	0.0034687	-0.003975	0.29501	0.063366	0.0114	0.0083351	0.41412	0.024969	0.0084743	-0.0029091	-0.00027724	0.00040314	0.10045	2.3079	0.63847	5.0289e-05	0.061079	0.11448	0.0019418	0.031508	0.13998	0.031436	0.021323	0.0034687	0.61282	0.0013868	0.30521	0.0022193	0.0015255	-0.07214	0.010146	0.35088	0.021043	0.013812	0.0051359	0.0019418	3.3543e-05	0.24078	0.001604	0.0016642	0.013492	0.14712	0.24233	0.0016642	0.65995	0.072396	0.6805	0.40844	-0.0062684	-0.0034627	0.1409	0.35202	0.73416	0	1.0289	0.5697	0.0044411	0.0022193	0.15666	0.0065998	-0.0048461	0.066593	-0.0024938	0.77733	0.057653	0	0.28977	0.0016642	0.0051359	0.0094491	0.0047937	-0.0013858	0.020203	0	0.006109	-0.00097017	0.022725	0	-0.0098201	1.1839	0.0011093	0.91178	0.67307	0.00083195	0.021233	0.0027605	0.0068044	0.0049969	0.060508	0.0052749	0.095363	1.462	0.015194	0.36986	0.12594	0.0023581	0.0011093	-0.00027724	0.96393	0.011043	0.018103	0.053948	0.0041632	-0.0063668	0.068665	0.0029133	0	0.0063871	0.0019418	0.0076392	0.0024969	0.14384	0.0016642	0.22191	0.0034687	0.0015255	0.0044411	0.072971	0.30569	0.015866	0.052952	0.014411	0.1658	0.003191	0.0027745	0.038771	0.027778	0.24404	0.0026357	-0.0020784	0.00010073	0.019503	0.008849	-0.00013862	0.095217	0.013632	-0.0024938	0	0.71622	0.0029133	0.0088136	0	0.19284	0.0043401	0.064225	0.0081959	0.0054956	-0.00097017	0.00041593	0.0061722	1.1187	0.0011093	0.013552	0.003191	0.00055459	-0.0055796	-0.00013862	0.28913	0.0051359	0.0069173	0.00055459	-0.00026563	0.0023581	0.0066653	-0.0028194	0.00097064	0.00458	0.82236	0.024969	0	-0.0066432	-0.064341	0.071678	-0.0010715	0.076134	-0.00057331	-0.0024938	0.0055529	0.0020805	-0.0031859	0.0010305	0.46844	0.83471	-0.0027707	0.39147	0.0052749	-0.00013862	-0.011473	0.050108	0.25902	0.57612	0.0013868	0.0003757	0.035806	0.003191	0.0091705	0.010424	0.036794	0.0026357	0.018383	0.045141	0.0012074	-0.0011087	0.067916	0.0079175	1.2094	-0.031576	0.0058309	0.0027745	0.036794	0.0084743	-0.00027724	-0.00041585	0.020763	0.0049969	-0.0015243	0.057653	-0.0029091	0.016286	0.022585	-0.0032376	-0.0070576	0.010842	0.078294	0.013074	-0.00041585	0.0015957	0.83039	0.052642	0.070061	0.006109	0.0024969	0.00069327	0.0033299	-0.17385	0.046135	0.013772	-0.0022168	0.30378	0.058081	-0.00097445	0.012934	0.27885	0.067661	0.11785	0.075128	0.015698	0.6476	0.001803	-0.22969	0.46007	0.71614	0.0028083	0.11873	0.089459	-0.00013862	0.040751	0.060925	0.0091705	0.0025744	0.10176	0.023847	0.85331	3.6569	0.0020805	0.00079205	0.0077783	0.00041593	0.46502	0.019503	0.0023581	0.0016642	0.00013863	-0.0012473	0.14266	0.0043021	-0.0055317	0.07254	0.0030522	0.011093	0.0080567	0.12167	0.0017064	0.029184	0.0029133	0.074696	0.0071154	0.022164	0.021463	0.09827	0.0071118	0.041175	0.010564	0.025671	0.053664	0.1786	0.018004	0.15861	0.0013868	0.027638	-0.0037888	0.010058	0.0029133	0.0076392	0.33593	0.029533	0.00083195	0.55091	0.0084416	-0.00026961	0.00458	0.0072217	0.027497	0.033549	0.92614	0.011261	0.023566	0.00013863	0.0019418	0.31418	0.013632	0.0076392	0.023847	0.10555	0.0091705	0.00069327	0.003191	-0.0012473	0.00044475	0.26341	0.083487	0.19126	0.0095883	0.0094684	0.0026754	0.00075448	0.00083195	0.042307	0.37399	0.001803	0.070953	-0.0020784	0.0016642	0.0043021	0.13421	0.14266	-0.035377	0.00092929	-0.0094516	0.0087528	0.089127	-0.0008316	0.0016642	-0.0020784	0.018803	0.040326	0.0015255	-0.0024938	0.0069581	2.6213	0.008892	-0.64554	0.13273	0.05523	-0.00041585	0.004486	0.0060348	-0.0056757	-0.0068798	0.011261	0.11389	0.38303	0.03369	0.00097064	0.0052	0.008892	0.0038854	0.086956	0.18919	0.10293	0.77327	0.032704	0.13302	0.0029133	0.14414	0.00097064	0.0043081	-0.0013647	0.0071402	0.020343	-0.0010613	0.18556	0.74839	0.0093098	-0.0024938	-0.30374	0	0.0073609	0.44511	-0.0015243	-0.0067813	0.029396	0.002461	-0.016292	0.0040243	0.014609	0.10979	0.36231	0.0026357	0.2947	0.011007	0.12367	0.0027745	0.0089196	0.012575	0.012237	0.10935	0.28961	0.00019476	0.05523	0.23519	0.053507	0.0036076	0.69814	0	0.018243	0.95013	1.5717	0.00055459	0.023987	0.0063871	-0.0053992	0.0026357	0.0070826	0.0091705	0.0093098	0.0076392	0.1008	0.044015	0.004225	-0.043897	0.0031007	0.0029133	-0.0073339	1.1386	0.0080567	0.00040128	0.0022343	-0.0012473	0.68868	0.03637	-0.0010284	0.0030522	0.0011093	0.0027745	-0.0027539	0.012655	0.00027728	0.0012497	-0.0011087	-0.0026861	0.0022603	0.0020805	0.53977	0.001803	-0.0062286	0.44346	0.037359	0.60666	0.004719	0.71547	2.6949	
Amplification Peak 11 - CN values	7q22.1  	chr7:57876480-125974759(probes 710418:741428)      	chr7:100386635-100479662(probes 727973:727997)    	chr7:100386635-100499667(probes 727973:728000)    	0.15369	    0.15369		Actual Copy Change Given	0.11316	0.0041632	0.0033299	0.031155	0.73587	0.0021522	0.00027728	0.0035068	0.0066653	-0.014641	-0.0031381	-0.0011087	0.0056919	0.00027728	0.0020805	0.017264	-0.010784	0.0063871	-0.075745	-0.0036254	0.028481	-0.042381	0.0019418	0.0093098	0	0.0016642	2.6841e-05	0.0050755	0	0.0034687	-0.003975	0.28137	-0.26588	0.012516	0.0058301	0.40878	-0.0011087	0.0084743	-0.0023521	-0.0013858	-0.013127	0.6639	1.9366	0.38618	5.0289e-05	0.054611	0.1038	-0.0015243	0.69503	0.13998	-0.015466	-0.023429	-0.0073739	0.609	0.0013868	0.31001	0.00083195	0.0015255	0.042874	0.027357	0.28929	0.021043	0.012416	0.010006	0.0033299	3.3543e-05	0.1631	0.001604	0.0016642	0.091663	0.30665	0.24575	0.0016642	0.62073	0.018523	0.67159	0.39479	0	0.10191	0.1409	0.26467	0.86533	-0.0043343	1.0253	0.73587	-0.023018	0.0022193	0.10162	0.0012481	-0.0092666	0.070243	-0.0024938	0.51455	0.057653	0	1.3265	0.010982	0.0051359	-0.0092666	0.010885	-0.0013858	0.020203	-0.00097017	0.006109	-0.00097017	0.022725	-0.0026126	0.066802	1.1756	0.0011093	0.3382	0.59386	0.00083195	0.0028239	0.0033299	-0.00041585	0.0049969	0.42587	0.0026357	0.026935	0.6653	0.015194	0.43075	0.097397	0.0023581	0.0011093	-0.00027724	0.95919	0.011043	-0.01409	0.058652	0.0041632	-0.0063668	0.047126	0.82941	0	0.0063871	0.0019418	-0.00027724	0.0058309	0.042449	0.0038854	0.22545	-0.059404	1.405	-0.039122	-0.017254	0.25277	0.015866	0.051245	-0.0075297	0.20794	-0.0022721	0.0027745	0.057368	0.027778	0.24404	0.0026357	-0.010922	0.00010073	-0.0034627	0.008849	-0.0038779	0.27458	0.0079175	-0.0024938	0	0.71622	0.0029133	-0.036538	0	0.13835	-0.0096806	-0.015191	0.0081959	0.0054956	-0.091287	0.00041593	-0.0052468	1.1187	-0.081472	0.011181	0.003191	0.00055459	-0.02384	-0.00013862	0.24871	0.075271	0.0069173	0.00055459	-0.00026563	0.0023581	0.0066653	0.001803	0.0027745	0.00458	0.7072	0.024969	0.0024268	-0.00027724	-0.051688	0.04344	-0.0010715	0.076134	0.00083195	0.033831	0.0037249	0.0020805	-0.0031859	0.0010305	0.41228	0.67196	0.25543	0.042166	0.0011095	-0.00013862	0.037782	0.050108	0.23535	0.58381	-0.00056402	0.00097064	0.035806	0.003191	-0.050641	0.010424	0.036794	-0.06142	0.01419	-0.051316	0.0025533	0.0040243	0.049435	-0.013815	1.1992	0.062223	0.0058309	-0.0027707	0.017404	0.0084743	-0.00027724	-0.00041585	0.019643	0.0049969	-0.0015243	0.053382	-0.0029091	0.00597	-0.016567	-0.0032376	0.027357	-0.074811	0.068808	-0.051856	-0.00041585	0.0015957	-0.014228	0.035498	0.070061	0.006109	0.0015255	0.00069327	0.0076392	-0.17385	0.042309	0.016565	-0.0022168	0.30378	0.068665	-0.00097445	0.012934	0.28581	0.014051	0.12358	0.075128	0.010424	0.64461	0.001803	0.21899	0.43463	0.10074	0.0028083	0.10932	0.1437	-0.00013862	0.042024	-0.1085	0.0091705	0.0025744	0.10176	0.0054139	0.84414	0.79258	0.0020805	0.00079205	-0.052801	0.00041593	2.8039	0.018195	-0.0017713	0.0016642	0.00013863	0	0.14266	0.0043021	-0.0060846	0.07254	0.0030522	0.011093	0.0080567	0.12369	0.0017064	-0.087579	0.0029133	0.074696	0.0058293	0.023847	0.021463	0.012795	0.0071118	0.054518	0.010564	0.025671	0.070673	0.17799	0.008892	0.13895	0.0013868	-0.056442	-0.00035511	-0.0006418	0.0062344	-0.007472	0.20687	-0.002911	0.00083195	0.49133	0.0084416	0.0038854	0.0016642	0.0072217	0.024548	0.033549	0.76657	-0.00027724	0.023566	0.0036076	0.0019418	-0.14477	0.0080567	0.007502	0.023847	0.082332	0.013353	0.00069327	0.003191	-0.0012473	0.00044475	0.043865	0.083631	0.1795	0.0095883	0.0094684	0.0026754	0.00075448	0.00083195	0.042307	0.37399	0.00458	0.0063795	-0.0020784	0.0016642	0.0015694	0.30921	0.13865	-0.035377	0.0016098	0.086762	0.0029133	0.011121	-0.0008316	0.0016642	-0.72332	0.018803	0.023847	0.010006	-0.0024938	0.0075	0.089561	0.008254	0.014212	0.13273	0.012097	-0.00041585	-0.0011087	-0.83547	-0.0056757	-0.00046255	0.0069435	0.11364	0.38303	0.03369	0.00097064	0.0024969	0.0091705	0.0036604	0.0375	0.18721	0.10147	0.33901	0.032704	0.13302	0.0029133	0.13569	0.00097064	0.0055588	0.0015705	0.0071402	0.014242	-0.0010613	0.1802	0.45105	0.015866	-0.0024938	-0.37696	0	0.0031131	0.31498	-0.0015243	-0.0067813	0.18086	-0.061992	-0.060345	0.0015255	0.014609	0.10979	0.36231	0.0026357	0.2545	-0.0049591	0.11976	0.0055529	0.0089196	-0.065179	0.010006	0.65824	0.98928	0.00019476	0.05523	0.24762	0.053507	0.0036076	1.0434	0	-0.082535	0.90956	0.73076	0.00055459	0.023987	0.0063871	-0.0053992	0.0026357	0.0070826	-0.016154	0.0093098	0.006109	0.1008	-0.0053914	0.0052749	0.045531	0.010842	0.018901	-0.0040162	1.1386	0.0080567	0.00040128	-0.0035861	-0.0012473	0.079909	0.016425	-0.0018943	0.0030522	0.0011093	-0.0016388	0.0041632	0.021884	0.00027728	-0.0029646	-0.0011087	0.0019418	0.01186	0.0020805	0.54683	0.0033299	-0.0062286	0.42519	0.037359	-0.5742	0.0065262	0.68663	1.5189	
Amplification Peak 12 - CN values	7q34    	chr7:142554532-142768622(probes 750871:750883)    	chr7:142554631-142581255(probes 750872:750882)    	chr7:142544397-142810922(probes 750870:750886)    	6.5562e-05	 6.5562e-05		Actual Copy Change Given	0.11316	0.0041632	-0.0066432	0.031155	0.1628	0.0041632	0.00027728	0.0035068	0.0066653	0.0015356	0.0022673	0.118	0.0056919	0.00027728	-0.09512	0.017264	-0.010784	0.0063871	-0.028355	-0.0033418	0.022675	0.003191	0.0019418	0.0093098	0	0.0016642	2.6841e-05	0.0083351	0	0.0034687	-0.0034627	0.28501	0.15681	0.019503	0.013492	0.40878	-0.0011087	0.0084743	0.0041632	-0.0013858	-0.0066432	0.6639	0.9013	0.32286	5.0289e-05	0.043582	0.079015	0.00027728	0.012795	0.13998	0.032845	-0.023429	-0.0027707	0.6177	0.0013868	0.31193	0.00083195	0.0015255	0.054376	0.23566	0.34876	0.021043	0.012416	0.0026357	0.0063871	0.0038854	1.0601	0.001604	-0.003202	0.049114	0.15278	0.21315	0.0016642	0.011539	0.049398	0.65645	0.42301	-0.040753	0.17392	0.1409	0.29167	0.18376	-0.00055444	1.0253	-0.004179	-0.0078863	-0.0027707	0.17136	0.003191	0.00458	0.045424	-0.0029091	0.51455	0.057653	0	0.27679	0.010982	0.0081959	0.050392	0.010885	-0.0013858	0.022976	-0.00097017	0.0043021	-0.00097017	0.022725	-0.0026126	0.066802	1.158	0.0011093	-0.51311	0.66641	0.00083195	0.0028239	0.0033299	-0.00041585	-0.00097017	0.050961	0.0026357	0.075559	0.069239	0.010146	0.35724	0.1255	0.0023581	0.0011093	-0.00027724	0.95919	0.011043	-0.020961	0.04812	0.0041632	-0.0063668	0.047126	0.87288	0	0.0063871	0.0019418	0.004719	0.002071	0.042449	-0.012438	0.18753	-0.0026322	0.01433	0.021463	0.048404	0.30713	0.015866	0.050108	-0.996	0.15606	0.0036076	0.0044411	0.034113	-0.033541	0.24404	0.0026357	0.015028	0.00051669	0.020343	0.008849	-0.0038779	0.22237	0.0079175	0.010982	0	-0.71274	0.0029133	0	0	0.1792	-0.00097017	0.054518	0.001803	0.0016642	0.0029133	0.00041593	0.018726	1.1187	-0.00097017	0.011181	0.003191	0.00055459	0.0022193	-0.00013862	0.34941	-0.86994	0.0069173	0.00055459	-0.00026563	0.059223	0.0066653	0.001803	0.0027745	0.00458	0.80947	0.024969	0.0010393	-0.00027724	0.0050312	0.075703	0.0024969	0.076134	0.0049969	0.033831	0.0037249	0.0020805	-0.0031859	0.0010305	0.50411	0.77964	0.10016	0.042166	0.0030672	0	0.015866	0.050108	0.25934	0.5677	-0.00056402	0.00097064	0.035806	0.003191	0.0096816	0.01419	0.036794	0.0087528	0.01419	0.040185	0.0025533	0.0037465	0.090758	0.0072217	1.2138	0.062223	0.0058309	-0.0027707	0.021603	0.0084743	0.0033299	-0.00041585	0.013074	0.0049969	-0.0015243	0.053382	-0.0029091	0.021183	-0.011462	-0.011887	0.0098669	0.012826	0.058224	0.0075	-0.00041585	0.0015957	0.015447	0.035498	0.070061	0.006109	0.0015255	0.0049969	0	0.4257	0.049115	0.0065083	-0.043466	0.30378	0.061079	-0.00097445	0.018523	0.27317	0.014051	0.12358	0.078727	0.013213	0.64461	0.00013863	0.28517	0.49718	0.038347	0.0028083	0.10932	0.10952	-0.0023891	0.030732	-0.004581	0.0091705	0.0025744	0.10176	0.0054139	0.83655	0.23938	0.0020805	0.0061394	0	0.00041593	-0.44124	0.018195	-0.0017713	0.0016642	0.00013863	0	0.14266	0.0043021	-0.0060846	0.07254	0.0038854	0.011093	0.0080567	0.12369	0.003191	0.081755	0.0019418	0.081177	0.0058293	0.014476	0.021463	3.6569	0.0069435	0.029466	-0.0012473	0.025671	0.11389	0.19071	-0.0018014	0.15711	0.0025928	-0.006505	-0.00035511	-0.0006418	0.00083195	-0.007472	0.31129	-0.0010428	0.00083195	2.5862	0.0084416	0.0038854	0.0016642	0.0072217	0.027216	0.031859	0.89407	0.016858	0.021323	0.10337	0.0019418	0.47814	0.0080567	0.007502	2.0632	0.094637	0.013353	1.0971	0.003191	-0.0012473	0.0054158	0.033127	0.083631	0.1795	0.0095883	0.020362	0.0026754	0.00075448	0.00083195	0.042307	0.914	0.52748	0.085068	0	0.0016642	0.0015694	0.30729	0.13865	-0.035377	0.0016098	0.10157	0.003191	0.080889	-0.0008316	0.0016642	-0.0044312	0.018803	0.023847	-0.036173	2.4688	0.0075	0.049966	0.0091468	-0.64667	-0.00055444	0.010006	-0.00041585	0.0016642	-0.83547	-0.0056757	-0.00046255	0.0069435	0.11364	0.36904	0.03369	0.00097064	0.0024969	0.0091705	0.0036604	0.0375	0.18721	0.11111	0.49338	0.032704	0.13302	0.0029133	0.13569	0.00097064	0.0055588	0.0015705	0.0071402	0.014242	-0.0010613	0.1802	0.46468	0.015866	0.0036076	0.031436	0.0047942	0.0031131	0.36395	0.00041593	-0.0067813	-0.119	-0.017564	0.088403	0.0015255	0.014609	-0.61143	0.36395	0.0026357	-0.0017946	0.011983	0.11976	0.0020805	0.0089196	-0.0020784	0.010006	0.6618	0.27568	0.00019476	0.05523	0.22592	0.053507	0.0036076	0.2484	0	0.054091	0.94139	0.75624	-0.00444	0.023987	0.0063871	-0.01354	0.0026357	0.0070826	-0.00055444	0.0093098	0.006109	0.1008	0.0055607	0.0052749	0.059794	0.010842	0.021744	-0.0040162	1.1386	0.0054139	0.00092059	-0.0035861	-0.0012473	0.69465	0.013353	-0.0018943	-0.81548	0.0011093	-0.0016388	0.0041632	0.021884	-0.0021533	-0.00082992	-0.0011087	0.0019418	0	0.0020805	0.44291	-0.0024759	-0.0095426	0.42519	0.037359	-0.64358	0.0065262	0.6939	3.0392	
Amplification Peak 13 - CN values	8p11.22 	chr8:38722994-38923521(probes 781927:782004)        	chr8:38763781-38845586(probes 781944:781964)        	chr8:36827926-40450126(probes 780934:782854)        	2.8585e-05	 2.8585e-05		Actual Copy Change Given	-0.0084385	0.0013868	-0.68186	0.006109	1.1655	-0.39096	0.006109	-0.25149	0.0048579	-0.41751	-0.0085289	-0.92189	-0.85337	0.0026357	-0.09578	0.052099	0.014609	-0.36147	0.6594	-0.029153	-0.073258	-0.67049	-0.00013862	-0.37053	-0.0008316	0.0069435	-0.10753	-0.66365	-0.0008316	-0.14348	0.0044411	-0.69269	0.33545	0.01433	-0.00027724	-0.0037395	-0.8861	-0.78074	0	0.0012481	0	0.60268	1.1751	0.17498	0.00041593	-0.24034	-0.85178	-0.019177	0.55673	0	-0.0073339	0.058081	-0.48123	-0.0035187	0.00055459	0.22947	-0.2463	0.0017278	0.54541	-0.24034	-0.30768	0.023426	-0.86348	-0.0030475	1.1059	-0.0016629	-0.54603	-0.0024428	-0.48102	-0.61037	-0.29023	-0.20324	0.0023581	-0.29945	0.17332	-0.86082	3.6569	0.035595	-0.8548	0.23598	0.87607	0.0072217	-0.0019298	-0.98815	-0.0055375	0	0.0026357	0.32334	0.0052749	-1.0834	-0.36227	0.003191	0.28343	-0.3963	0.0023581	-0.84555	0.010146	0.64103	0.0037465	-0.42942	-0.025756	0.040751	-0.12538	0.00083195	-0.0041546	0.0049969	-0.55537	-0.64462	1.8754	0.003191	2.2936	-0.077393	0	-0.74869	0.0038854	-0.0016629	-0.0031859	-0.010356	-0.28703	0.54771	0.7614	-0.83138	0.16295	-0.78412	0.0011093	0.0013868	-0.00097017	0.64726	-0.17449	-0.81326	-0.30592	-0.0008316	-0.43875	-0.87876	-0.88866	-0.00055444	0.00067383	-0.00055444	-0.76813	0.0027745	0.72338	-0.5712	0.014051	-0.83156	-0.022058	-0.013953	0.02525	-0.0056757	-0.59818	0.034395	-0.97384	0.068235	-0.44189	-0.0011087	0.00097064	-0.73722	0.10264	-0.0008316	0.003191	0.06004	0.010285	0.00092779	-0.22047	-0.71453	0.31001	0	-0.0015918	0.43154	-0.047531	0.17573	-0.27327	0.95345	0.054091	-0.74655	-0.0055965	-0.7388	-0.75943	-0.013127	-0.010184	0.48475	0	0.01146	0.00013863	-0.0023553	0.0076392	0.00083195	0.38618	0.024408	-0.7003	-0.018628	0.0066653	-0.33606	-0.0042929	0	0.0043021	0.59872	-0.52634	0.26263	-0.00062438	0.046984	0.022759	0.14102	-0.023703	-0.0023561	-0.18823	-0.2952	-0.71791	-0.001999	0.0040243	-0.51133	0.067948	0.2697	-0.0024938	0.0026357	-0.00050526	-0.36215	0.017124	0.065942	0.00083195	0.79239	0.00097064	0.0011093	0.0040396	-0.0030475	0.024268	0.0040243	-0.1712	-0.020412	-0.38044	-0.95203	-0.0043751	0.014888	0.057405	-0.57891	0.5971	0.28881	0.012237	0.0041632	0.25043	-0.0026322	0	-0.44383	0.0077783	0.0012481	0.00069327	-0.55066	0.017684	1.8941	0.02806	0.00096829	1.2996	-0.0070576	-0.086651	0.020343	0.0015255	-0.56141	-0.65398	-0.20898	-0.00041177	-0.0069195	0.0026357	-0.031086	-0.0099565	0.56775	0.00027884	-0.011473	-0.057116	-0.18421	-0.81556	0.028903	-0.018078	-0.0020675	-0.027899	0.060936	-0.94686	-0.014366	-0.0027707	-0.2102	0.13954	-0.44545	0.60322	0.0065262	-0.47469	-0.78972	-0.48796	-0.042788	-0.032405	-0.017803	-0.046583	0.019083	0.00097064	-0.99137	1.4726	-0.0012473	-0.078011	0.013911	-0.053341	-0.40782	-0.016017	-0.00041585	-0.00027724	-0.0014928	-0.37977	-0.87432	-0.76089	-0.0077424	0.0025418	-0.18471	-0.6985	-0.39615	-0.0061574	0.0095883	-0.038714	0.0036076	0.087534	-0.0079918	-0.42735	-0.7374	-0.0084501	-0.22133	0.058937	0.019643	0.66734	2.0699	0.13806	-0.76038	0.021744	-0.0030475	-0.00097017	0.0011701	0	0.82902	-0.35293	-0.0098185	-0.7127	-0.42669	-0.056828	-0.32626	-0.14528	-0.35248	-0.607	-0.30251	-1.0818	0.0026357	-0.56286	-0.94041	-0.0087146	-0.36839	-0.34102	-0.45744	-0.10368	-0.32495	-0.059404	0.00597	-0.00098444	-0.80799	-0.027535	-0.0023033	0.0012481	-0.2913	0.15915	-0.050911	-0.26346	-0.026714	-0.77031	-0.0027707	0.0098669	0.4998	-0.83397	-0.58265	-0.39553	-0.69151	0.011679	-0.55106	1.9639	0.010637	0.00050021	-0.96555	-0.58863	0.2253	0	-0.0022168	-0.25147	0.10707	0.85838	0.015168	-0.4034	0.0020805	0.33982	0.18692	-0.64704	-0.47586	0.01433	-0.18383	-0.20124	-0.0014597	-0.63906	-0.81944	-0.42833	0.044715	0.44054	-0.0089906	0.00083195	-0.016567	-0.85583	-0.51218	0.065083	-0.27958	-0.69712	-0.055769	0.97296	0.00013863	0.0040243	0.0085283	-0.037354	-0.99157	0.0011543	-0.19119	-0.94276	-0.0021694	-0.71746	-0.0055375	0.027357	0.0033299	-0.95145	0.041676	-0.53591	-0.43344	0.0023581	-0.007472	-0.1779	0.0091345	1.8788	0.0022193	-0.040345	-0.72826	0.010982	0.0019423	-0.012982	-0.23323	-0.29023	-0.60158	-0.45231	0.001803	0.0029133	-0.0031859	0.14771	0.0027745	-0.0027707	0.31691	0.6117	-0.65538	0.19756	-0.14065	-0.10289	0.18768	2.1534	-0.0020784	0.012097	-0.33352	-0.78151	-0.85718	0.006109	0.9926	-0.13303	-0.89787	-0.30682	-0.84331	-0.31972	0.19558	-0.011521	0.010157	0.00458	-0.57644	0.00055459	-0.12568	-0.67728	0	-0.71114	-0.75418	-0.0020116	-0.81983	0.00083195	-0.13057	-0.077478	0.011818	-0.0013858	-0.02767	0.0049969	-0.38493	0.0085155	0.00069327	-0.59944	-0.73442	0.00097064	-0.43148	-0.70765	0.80344	0.0041632	-0.7981	0.026935	
Amplification Peak 14 - CN values	8q21.11 	chr8:66378596-75143215(probes 795856:801198)        	chr8:72681459-72807145(probes 799661:799728)        	chr8:69311893-73115632(probes 797517:799943)        	0.0063045	    0.02606		Actual Copy Change Given	0.0080567	0.0013868	0.76792	-0.15809	1.1622	0.0036076	0.006109	0.010881	0.0048579	0.3933	0.012843	0.81422	0.0087528	0.0026357	0.0033299	0.052099	-0.0064469	0.0037465	0.68344	0.0021025	0.36071	-0.011335	-0.00013862	0.061937	-0.0008316	0.0069435	0.061605	0.62133	0.047694	0.14548	-0.0080244	0.38403	1.0579	0.01433	-0.00027724	0.72886	0.7658	1.4073	-0.0063668	-0.00069303	0	1.2405	0.44003	0.17498	-0.0020615	0.25355	0.33642	-0.00013862	0.90139	0	0.69989	0.058081	0.036512	-0.0035187	0.00055459	1.1442	0.0024969	0.0017278	0.76312	0.79239	0.055658	0.1664	-0.00093043	0.024548	2.3545	-0.0020784	1.2239	0.0010491	0.00027728	1.3385	0.43429	0.18571	0.00013863	0.024548	0.17332	2.3057	2.604	0.043057	1.5108	0.23598	3.6569	0.43154	-0.0019298	1.6953	0.0081959	0	0.0026357	0.31546	0.0052749	0.36871	0.029184	0.003191	1.0881	0.10585	0.0023581	0.53204	0.010146	0.8202	0.030873	0.0051359	0.0015255	0.040751	0.0073609	0.00083195	-0.0041546	0.0049969	-0.0024938	0.74594	1.9305	0.003191	3.0508	0.0052749	0	0.002635	0.0029133	-0.0016629	0.013353	0.18995	0.19527	0.11741	0.74765	0.020203	0.19878	0.74594	0.0011093	0.0013868	-0.00097017	0.64726	0.0027745	0.014051	0.61861	-0.0008316	0.5231	0.050534	1.6482	-0.00055444	0.00067383	-0.00055444	1.5235	0.0027745	0	0.0070826	-0.0083534	0.019223	1.5843	0.031014	0.082188	0.0081959	0.002803	0.26339	0.91654	0.068235	0.0038854	-0.0011087	0.00097064	0.45054	0.10264	-0.0008316	0.003191	0.06004	0.010285	0.00092779	0.00069327	0.55982	0.34096	0	-0.0015918	0.43278	0.0063871	0.20717	0.0034687	0.98535	0.054091	0.068235	-0.0055965	0.0072217	0.73949	0.0024969	-0.0044972	0.48475	0.00055459	0.029948	0.00013863	-0.0023553	0.0076392	0.00083195	0.4446	-0.0078863	0.0065	-0.00055444	0.0066653	0.00083195	-0.0042929	0	0.0043021	0.65443	1.5835	0.26263	0.00090065	0.44918	0.04305	0.19862	0.00027728	-0.0023561	0	0.34372	0.68999	-0.001999	-0.0023553	-0.0013858	0.097106	1.1903	0.1851	0.045424	-0.00050526	-0.00013862	0.017124	0.068665	0.00083195	0.92371	0.00097064	0.0011093	0.0040396	-0.0030475	0.064082	0.0040243	0.0026357	0.030029	-0.0047079	0.056513	0.0063045	0.14831	0.10881	0.016705	0.5971	0.13214	0.032422	0.0041632	1.1804	-0.0026322	0	0.44392	0.0077783	0.0012481	0.00069327	0.52541	0.017684	1.3122	0.034536	0.0048579	1.2583	-0.082402	-0.032041	0.034395	0.0015255	0.0042335	0.25277	0.20577	-0.0081584	0.59278	0.0026357	0.0020805	0.019363	0.56206	0.012378	0.016006	0.19649	0.0066653	0.00083195	0.028903	0	0.010157	0.4932	0.060936	-0.039394	0.01028	-0.0027707	0.1595	0.70195	0.34909	0.80908	0.0065262	0.25887	0.022699	0	0.03369	0.033143	0.012237	-0.00027724	0.019083	0.00097064	2.1599	1.2149	-0.0012473	0.0011093	0.025671	0.013911	0	0.03369	-0.00041585	-0.00027724	-0.0014928	0.28628	0.0026357	0.019783	-0.0077424	0.0025418	-0.0012473	0	0.00055459	0.0041632	0	0.088403	0.00083195	0.087824	0.0048907	0.0063871	0.0070826	0.1786	0.032281	1.3203	0.019503	0.66734	-0.58744	0.13746	0.0049969	0.021744	-0.73915	0.024548	0.0011701	0.0039367	0.61679	0.0913	0.059366	0.0022854	-0.0050077	-0.0091265	0.012483	0.053094	0.49197	0.001803	0.19558	0.27348	0.042449	-0.0084385	0.094156	0.00013863	0.0030522	-0.17843	0.45734	0.083487	0.056085	0.08739	0.0069435	-0.00098444	0.0020805	0.0033299	0.0098959	0.0012481	0.017963	-0.36011	0.1177	0.028782	-0.0041132	-0.069867	-0.0027707	-0.0018014	0.73739	0.0022239	-0.58265	-0.0031859	0.75891	0.0063823	0.55301	1.9452	0.010637	0.00050021	2.3407	0.0041632	0.25784	0	-0.0022168	0.71547	0.10707	0.8919	0.015168	-0.0094046	0.0020805	0.57487	0.012934	0.63959	0.0034557	0.01433	0.0036076	0.018675	-0.0014597	0.58488	0.00050786	0.010842	0.044715	0.45973	-0.0089906	0.00083195	0.043991	0.14325	0.019363	0.065083	-0.0022168	0.25527	0	0.57416	0.00013863	0.023987	0.004805	0.11697	0.0072277	0.0011543	0.0050544	0.0027745	-0.0021694	0.0041632	0.019643	0.032845	-0.0014636	0.32947	0.041676	0.0020805	0.76753	0.0023581	-0.007472	0.19984	0.025916	1.1619	0.0022193	0.017684	0.056655	-0.0094046	0.0029133	0.0083419	0.055114	0.10691	-0.0013858	0.0034962	0.031295	0.0029133	-0.0031859	0.71133	0.0027745	-0.0027707	0.35137	1.6281	0.11697	0.42351	0.00069327	0.022444	0.51717	0.016705	-0.0020784	0.44799	-0.00097017	1.7882	0.0056919	0.011958	1.383	0.00048044	0.011539	0.093382	0.007647	0.0049218	0.25965	-0.0060936	0.010157	1.7597	0.54859	0.00055459	0.0027244	-0.0062734	0	0.0034687	0.7087	0.0041632	0.0063871	0.0041632	-0.0018014	-0.0020131	0.011818	-0.0075847	0.0030539	0.0049969	-0.0048461	0.0044821	0.00069327	0.47512	0.12535	0.016985	1.0604	-0.12382	1.4039	0.0041632	2.7364	-0.0029591	
Amplification Peak 15 - CN values	8q21.13 	chr8:80331951-82074102(probes 804054:805046)        	chr8:81478483-81777839(probes 804731:804887)        	chr8:76749515-86355704(probes 802115:807145)        	2.8585e-05	 0.00010794		Actual Copy Change Given	0.0080567	0.0013868	0.76792	0.0030522	1.1622	0.0036076	0.006109	0.010881	0.0048579	0.39745	0.012843	0.80733	0.0087528	0.0026357	0.0033299	0.052099	-0.0064469	0.0037465	0.72187	0.0021025	0.36297	-0.011335	-0.00013862	0.061937	-0.0008316	0.0069435	0.061605	0.62133	0.047694	0.14548	-0.0080244	0.38403	0.67734	0.01433	-0.00027724	0.72886	0.7658	1.3777	-0.0063668	-0.00069303	0.035524	1.3088	1.5913	0.17437	-0.0020615	0.25355	0.33642	-0.00013862	0.85849	0	0.69989	0.058081	0.036512	-0.0035187	0.00055459	1.1925	0.0024969	0.0017278	0.76312	0.79239	-0.30039	0.2304	0.0021203	0.041458	1.9436	-0.0020784	1.2239	0.0010491	0.00027728	1.2823	0.28929	0.18571	0.00013863	0.018103	0.18026	2.4049	2.7391	0.089851	1.5108	0.23598	3.6569	0.43154	-0.0019298	1.6953	0.0081959	0	0.0026357	0.32511	0.0052749	0.33853	0.029888	0.003191	1.5416	0.10103	0.0023581	0.92249	0.010146	0.76025	0.030873	0.0051359	0.0015255	0.040751	0.0073609	0.00083195	-0.0041546	0.0049969	-0.0024938	0.68906	1.9305	0.003191	3.0138	-0.021373	0	0.002635	0.0029133	-0.0016629	-0.20349	0.36084	0.29771	0.11741	0.78228	0.020203	0.21668	0.74594	0.0011093	0.0013868	-0.00097017	0.64726	0.0027745	0.014051	0.58256	-0.0008316	0.5231	0.050534	1.6482	-0.00055444	0.00067383	-0.00055444	1.5284	0.0027745	0	0.0070826	-0.017556	0.019223	0.78292	0.031014	0.082188	0.0081959	0.020343	0.26339	0.91654	0.068235	0.0038854	-0.0011087	0.00097064	0.40991	0.10264	-0.0008316	0.003191	0.06004	0.010285	0.00092779	0.00069327	0.55982	0.34096	0	-0.0015918	0.43278	0.0063871	0.17196	0.0034687	0.98535	0.059651	0.068235	-0.0055965	0.0072217	0.73949	0.0024969	-0.0017384	0.48475	0.00055459	0.039397	0.00013863	0.00097064	0.0076392	0.00083195	0.4446	-0.037762	0.0065	-0.00055444	0.47135	0.00083195	-0.0042929	0	0.0043021	0.65443	1.6127	0.26263	0.00090065	0.44918	0.10093	0.19862	0.00027728	-0.0023561	0	0.37117	0.68719	-0.001999	-0.0023553	-0.0013858	0.10307	1.3508	-0.0029091	0.045424	-0.00050526	-0.00013862	0.017124	0.068665	0.00083195	0.92371	0.00097064	0.0011093	0.0040396	-0.0030475	0.064082	0.0040243	0.0026357	0.060794	-0.0047079	0.056513	0.0063045	0.14831	0.10881	0.016705	0.5971	0.13214	0.032422	0.0041632	1.1804	-0.0026322	0	0.44392	0.0077783	0.0012481	0.00069327	0.52541	0.017684	1.3122	0.045282	0.0048579	1.2583	-0.082402	-0.032041	0.0097276	0.0015255	0.0042335	0.25277	0.34938	-0.0081584	0.59278	0.0026357	-0.01409	0.019363	0.56206	0.012378	0.016006	0.19649	0.004589	-0.022469	0.028903	0	0.010157	0.5813	0.060936	0.91016	0.01028	-0.0027707	0.1595	0.70195	0.361	0.80908	0.0065262	0.25887	0.022699	0	0.095072	0.033143	0.012237	-0.00027724	0.019083	0.00097064	2.1229	3.6569	-0.0012473	0.0011093	0.040044	0.013911	1.2036	0.03369	-0.00041585	-0.00027724	-0.0014928	0.28628	0.0026357	0.019783	-0.0077424	0.0033299	-0.0016629	0	0.00055459	0.0041632	0	0.064654	0.00083195	0.087824	0.0048907	0.0063871	0.018523	0.23117	0.054518	2.1244	0.019503	0.66734	0.99634	0.13613	0.0049969	0.063366	0.0027745	0.064654	0.0011701	0.0039367	0.78196	0.0913	-0.22502	0.0022854	0.0027745	-0.0091265	0.012483	0.053094	0.49197	0.015866	0.18679	0.27348	0.019083	-0.0084385	0.094156	0.00013863	0.0030522	0.31755	0.45734	0.083487	0.056085	0.08739	0.0069435	-0.00098444	0.0020805	0.010285	0.0098959	0.0012481	0.017963	0.15651	0.1177	0.028782	-0.0041132	-0.069867	-0.0027707	0.0037465	0.73739	0.0022239	-0.58265	-0.0031859	0.75891	0.0063823	0.55301	1.9452	0.010637	0.00063888	2.3407	0.0041632	0.25784	0	-0.0022168	0.71547	0.10707	0.8919	0.015168	0.0020805	0.0020805	0.57487	0.012934	0.63959	0.0034557	0.01433	0.00069327	0.018675	-0.0014597	0.56241	0.00050786	0.010842	0.044715	0.45973	-0.0089906	0.00083195	0.043991	0.14325	0.019363	0.065083	-0.0022168	0.25527	0	0.57416	0.00013863	0.023987	0.004805	0.11697	0.0072277	0.0011543	0.0050544	0.0027745	-0.0021694	0.0041632	0.019643	0.032845	-0.0014636	0.21914	0.041676	0.0020805	0.76753	0.0023581	-0.007472	0.19984	0.07394	0.036512	0.0022193	0.017684	0.056655	-0.0094046	0.0029133	0.0083419	0.055114	0.10691	-0.0013858	0.0034962	0.031295	0.0029133	-0.0031859	2.1482	0.0027745	-0.0027707	0.35137	1.6281	0.10249	0.42351	0.00069327	0.056655	0.51717	0.030861	-0.0020784	0.44799	-0.00097017	1.7882	0.0056919	0.011958	1.7326	0.00048044	0.011539	0.093382	0.007647	0.011261	0.25965	-0.0060936	0.016146	1.7474	0.54859	0.00055459	0.0027244	-0.0062734	0	0.0034687	0.7087	0.0041632	0.0063871	0.0114	-0.0018014	-0.0020131	0.011818	-0.0075847	0.0030539	0.0049969	-0.0048461	0.021645	0.00069327	0.47512	0.12535	0.016985	1.0604	-0.12382	2.0832	0.0041632	2.7364	-0.0029591	
Amplification Peak 16 - CN values	8q22.3  	chr8:101248200-101583358(probes 815820:816052)    	chr8:101456415-101480880(probes 815957:815983)    	chr8:88665731-104629192(probes 808392:817824)      	3.5113e-05	 0.00044111		Actual Copy Change Given	0.0080567	0.0013868	0.67215	0.0030522	1.1622	0.0036076	0.006109	0.010881	0.0048579	0.39745	0.012843	0.80733	0.0087528	0.0026357	0.0033299	0.052099	-0.0064469	0.0037465	0.65259	0.0021025	0.36297	-0.011335	-0.00013862	0.056513	-0.0008316	0.0069435	0.21049	0.62133	0.047694	0.14548	-0.0080244	0.38403	0.53151	0.01433	-0.00027724	0.72886	0.7658	1.3777	-0.0023553	-0.00069303	0.0038854	-0.12681	1.3957	0.17437	-0.0020615	0.24964	0.46707	0.0076392	0.80072	0	0.66032	0.058081	0.036512	-0.0035187	0.00055459	1.1001	0.00091191	0.0017278	0.76312	0.7283	0.055515	0.19238	0.0021203	0.0080567	0.83471	-0.0020784	1.2239	0.0010491	0.00027728	1.2806	0.29326	0.18571	0.00013863	0.023566	0.18026	2.3017	2.8504	0.089851	1.4936	0.24734	1.4321	1.6723	0.0026357	1.6953	0.0081959	0	-0.010922	0.32511	0.0052749	0.33853	-0.020138	0.0016734	1.0787	0.10103	0.0023581	0.70701	0.010146	0.76025	0.0024969	0.0051359	0.0015255	0.040751	0.0073609	0.00083195	-0.0041546	0.0049969	-0.0024938	1.2848	1.8256	0.003191	2.2094	-0.022606	0	0.002635	0.0029133	-0.0016629	0.2176	0.36444	0.29771	0.011818	0.77291	0.020203	0.18086	0.74594	0.0011093	0.0013868	-0.00097017	0.64726	0.0027745	0.014051	0.57202	-0.0008316	0.5231	0.050534	1.6414	-0.00055444	-0.0037991	-0.00055444	1.5284	0.0027745	0	0.0073609	-0.007472	0.019223	0.80092	0.031014	0.033972	0.0081959	0.020343	0.26891	0.91654	0.068235	0.0038854	-0.0011087	0.00097064	0.43969	0.10264	-0.0008316	0.003191	0.06004	0.010285	0.00092779	0.00069327	0.61734	0.3346	0	-0.0015918	0.43278	0.0063871	0.15457	0.0034687	0.95406	0.074984	0.068235	-0.0055965	0.0072217	0.72131	0.0024969	-0.0017384	0.48475	0.00055459	0.039397	0.00013863	0.00097064	0.0076392	0.00083195	0.42805	0.012376	0.0045779	-0.00055444	0.0087528	0.00083195	-0.0042929	0	0.0043021	0.65443	1.4953	0.26467	0.00090065	0.44918	0.0041975	0.19862	-0.0024938	-0.0023561	0	0.37117	0.68719	-0.001999	-0.0023553	-0.0013858	0.10307	1.1698	-0.00041585	0.39114	-0.00050526	-0.00013862	0.0044733	0.068665	0.00083195	0.92371	0.00097064	0.0011093	0.0040396	-0.0030475	0.012097	0.0040243	0.0026357	0.021463	-0.0047079	0.026233	0.0063045	0.13672	0.085114	0.016705	0.5971	1.288	0.032422	0.6559	0.78833	-0.0026322	0	0.44392	0.0077783	-0.022881	0.00069327	0.52541	0.017684	1.3122	0.0077783	0.0048579	1.2549	0.0066653	0.0066653	-0.005814	0.0015255	0.0042335	0.25277	0.29355	-0.0081584	0.5811	0.0058309	-0.01409	0.016985	0.56206	0.012378	-0.010646	0.20396	0.0093098	0.0055529	0.028903	0	0.010157	0.62588	0.060936	0.88746	0.014182	-0.0027707	0.1595	0.65479	0.31257	0.88626	0.0065262	0.25887	0.022699	0	0.02806	0.068653	0.0099	0.0086135	0.019083	0.00097064	2.1187	2.1612	-0.0012473	0.0011093	-0.013855	0.013911	1.9512	0.029044	-0.00041585	-0.00027724	0.0016642	0.28628	0.0026357	-0.74612	-0.0077424	0.0033299	-0.0016629	0	0.00055459	0.0041632	0	0.017963	-0.0020784	0.087824	0.0048907	0.0051359	0.001803	0.1786	0.054518	0.44952	0.0090414	0.66734	0.63353	0.7353	0.0049969	0.0051286	0.0027745	-0.038194	0.0011701	0.0039367	1.0251	0.0913	0.0011093	0.0022854	0.0027745	-0.0091265	0.012483	0.053094	0.48906	0.0068238	0.18679	0.27348	-0.01904	0.23628	0.13792	0.00013863	0.015587	0.39612	0.42536	0.083487	-0.10893	0.0693	0.0069435	-0.00098444	0.0020805	0.010285	0.0098959	0.0012481	0.017963	0.15651	0.066539	0.028782	-0.0041132	-0.069867	-0.0027707	0.0037465	0.73739	-0.0010513	0.37429	-0.0031859	0.75891	0.0086135	0.55301	1.9452	0.010637	-0.0024096	2.2698	0.0034687	0.25784	0	-0.0014704	0.70795	0.10707	0.8919	0.015168	0.0020805	0.0020805	0.57487	0.012934	0.64655	0.04429	0.01433	0.00069327	0.018675	-0.0040039	0.56241	0.00050786	0.010842	0.044715	0.45973	-0.0089906	0.00083195	0.043991	0.013074	0.019363	0.065083	-0.0022168	0.25527	0	0.14697	0.00013863	0.023987	0.004805	0.1196	0.00091176	0.0011543	0.0050544	0.0027745	-0.0021694	0.0041632	0.019643	0.022164	0.0022193	1.0645	0.041676	0.0020805	0.76753	0.0023581	-0.007472	0.19984	0.0080207	2.1896	0.0022193	0.017684	0.12845	-0.0094046	0.0029133	0.0083419	0.055114	0.10691	-0.0013858	0.0034962	0.031295	0.0029133	0.54541	0.68682	0.0027745	-0.0027707	0.50325	1.9647	0.10249	0.42351	0.00069327	0.0029133	0.51717	-0.019177	-0.0020784	0.44799	-0.00097017	1.7882	0.0056919	0.011958	1.3216	0.00048044	0.011539	0.093382	0.007647	0.008001	0.26451	0.0019418	0.0086135	1.7166	0.55631	0.00055459	0.0027244	-0.0037245	0	0.0034687	0.7087	0.0041632	0.0063871	0.0079175	-0.0018014	-0.0020131	0.011818	-0.0059522	-0.0046758	-0.00022006	0.0022193	-0.0097777	0.00069327	0.47512	0.12535	0.016985	1.0604	0.020343	2.5634	0.0041632	2.6605	-0.0029591	
Amplification Peak 17 - CN values	8q24.21 	chr8:126998524-127806762(probes 831296:831888)    	chr8:127454817-127570067(probes 831612:831703)    	chr8:120837142-135035690(probes 827111:837296)    	1.8655e-06	 4.0807e-06		Actual Copy Change Given	0.0026722	0.0013868	0.67215	0.0030522	1.298	0.0036076	0.006109	-0.2826	0.0048579	0.39745	0.33939	0.80908	0.0087528	0.0026357	0.0033299	-0.3078	-0.0024938	0.0037465	0.69073	0.0021025	0.36297	-0.011335	-0.11939	0.044999	-0.0008316	0.0069435	0.21049	0.65075	0.047694	0.14548	0.0065262	0.38403	1.1569	0.01433	-0.00027724	0.72886	0.7658	1.3319	-0.0023553	-0.00069303	-0.0040162	0.52923	1.0321	0.17437	-0.0020615	0.24964	0.46707	0.0012481	0.87647	0	0.061651	0.058081	0.036512	0.0022193	0.00055459	1.1626	0.00091191	0.0017278	0.76312	0.83412	0.055904	-0.47902	0.0021203	-0.00013862	1.7257	-0.0020784	1.2239	0.0010491	-4.1997e-05	1.2948	0.26153	0.18571	0.00013863	0.71358	0.18026	2.2868	2.4147	0.14288	1.4596	0.2489	1.9299	0.47529	0.0026357	1.6953	0.0081959	0	0.0019418	0.29167	0.0018504	0.33853	0.0086135	0.0016734	1.0765	0.1038	-0.063462	0.21161	0	0.76025	0.011121	0.0051359	0.0015255	0.040751	0.0073609	0.00083195	-0.0041546	0.0049969	-0.0024938	-0.16258	1.8196	0.003191	2.9307	0.0077783	0	0.0039348	0.0029133	-0.0016629	0.21392	0.37479	0.31241	0.65461	0.74633	-0.014228	0.20427	0.73872	0.0011093	0.0013868	0.0043021	0.64726	0.0027745	0.014051	0.57273	-0.0008316	1.4999	0.050534	1.6432	-0.00055444	0.0034687	-0.00055444	1.5008	0.0027745	0.053521	0.0073609	-0.010232	-0.010784	2.2886	0.031014	0.060508	0	0.023987	0.075415	0.91654	0.068235	0.0038854	-0.0011087	0.00097064	0.50221	0.10264	-0.0008316	0.003191	0.06004	0.010285	0.00092779	0.00069327	0.58739	0.34096	0	-0.0015918	0.43278	0.0063871	0.18238	0.0034687	0.95406	0.054518	0.058081	-0.0055965	0.0072217	0.72131	0.0024969	-0.0017384	0.48475	0.00055459	0.033187	0.00013863	0.00097064	0.0076392	0.00083195	0.95488	0.018523	0.0045779	-0.00055444	0.0087528	0.00083195	-0.0042929	0	0.0043021	0.61897	1.5215	0.26467	0.00090065	0.45789	0.021638	0.1661	-0.0024938	-0.0023561	0	0.37117	0.98866	-0.001999	-0.0023553	-0.0047743	0.1006	1.2127	0.00069327	0.39114	-0.00027724	-0.00013862	0.027638	0.068665	0.0084743	0.92371	0.00097064	0.0011093	0.010424	-0.0030475	0.022865	0.0040243	0.0026357	0.0037465	-0.0047079	0.019223	0.0060264	0.16355	0.083958	0.016705	0.5971	0.31766	0.032422	0.6559	0.74366	-0.0026322	-0.0056212	0.0048579	0.0077783	0.011248	0.00069327	0.52643	0.019363	1.3122	-0.0011087	0.0048579	1.2549	0.0066653	0.0066653	-0.00097017	0.0015255	0.0042335	0.91966	-0.40762	-0.0081584	0.55638	0.0058309	0.010842	0.016985	0.492	0.012378	0.0063871	0.20396	0.021463	0.010564	0.028903	0	0	0.62588	0.060936	0.88726	0.43344	-0.0027707	0.1595	0.68868	0.32672	0.88626	0.0065262	0.25887	0.031999	0.0068044	0.12682	0.068653	0.0099	-0.0014402	0.019083	0.00097064	2.119	3.6569	-0.0012473	0.0011093	0.010006	0.013911	0.48509	0.029044	-0.00041585	-0.00027724	0.0016642	0.28628	0.0026357	0.0098669	-0.0077424	0.0033299	-0.0016629	0.011093	0.013074	0.0041632	0	0.07815	0.0020805	0.094637	0.0048907	0.0051359	0.00055459	0.16235	0.054518	0.46161	-0.010931	0.66734	2.0598	0.70926	0.0049969	-0.0013858	0.0027745	0.023847	0.0011701	0.0039367	1.0714	0.078329	0.013911	0.0022854	0.0027745	0	0.0030196	0.053094	0.48906	0.0068238	0.18679	0.26647	-0.0020784	0.23628	0.01447	0.00013863	0.0012481	0.39612	0.44579	0.083487	0.35235	0.089127	0.0069435	0.0019418	0.0020805	0.34874	0.0098959	0.006109	0.017963	0.15442	0.057561	0.028782	-0.0041132	-0.069867	-0.0027707	0.0037465	0.73739	-0.0010513	0.36706	-0.0031859	0.75891	0.0086135	0.55301	1.9452	-0.058795	-0.0024096	2.2698	-0.89404	0.27979	0	-0.0014704	0.70795	0.10707	0.85324	0.015168	0.0020805	0.0020805	0.46998	0.0020805	0.76162	0.04429	0.01433	0.00069327	0.02511	0.00061929	0.60232	0.00050786	0.010842	0.044715	0.45717	-0.0089906	0.00083195	0.045141	0.013074	0.019363	0.065083	-0.0022168	0.25527	0	1.0097	0.00013863	0.023987	0.0074647	0.1196	0.00091176	0.0011543	0.0050544	-0.0036436	-0.0021694	-0.0019399	0.019643	0.015308	0.0022193	1.003	0.041676	0.0020805	0.76562	0.0023581	-0.007472	0.18737	-0.0016986	0.72074	0.0022193	0.017684	0.12845	-0.0094046	0.0021701	0.0083419	0.055114	0.10691	-0.0013858	0.0034962	0.018243	0.0029133	0.54541	1.3926	0.0027745	-0.0027707	0.49701	1.9666	0.13628	0.42351	0.00069327	0.0068044	0.51717	-0.0096785	-0.0020784	0.44799	-0.00097017	1.7882	0.0056919	0.011958	0.94017	0.00048044	0.011539	0.093382	0.015036	0.008001	0.26451	0.0019418	0.014749	1.6874	0.55992	0.00055459	0.0035575	-0.0037245	0	0.0034687	0.63039	0.0041632	0.0063871	-0.0027707	-0.0018014	-0.0020131	0.011818	-0.0059522	0.0046274	0.0076392	0.07254	-0.0034218	0.00069327	0.46195	0.12535	0.016985	1.0604	0.020483	0.71133	0.0041632	2.5881	-0.0029591	
Amplification Peak 18 - CN values	11q13.2 	chr11:67271142-67381552(probes 1029257:1029294)    	chr11:67271231-67370474(probes 1029258:1029293)    	chr11:64828201-70943072(probes 1028723:1030971)    	1.8655e-06	 1.8655e-06		Actual Copy Change Given	0.0019418	0.00069327	0.0029133	0.0024969	0.75998	0.0070826	0.0027745	0.00045394	-0.034904	0.0015255	-0.00022934	0.00069327	-0.011887	0.00013863	0.0029133	0.011679	0.0018468	0.0011072	0.066658	0.0059961	0.0058309	-0.020001	0.00458	-0.024661	0.003191	0.0033914	0.0020357	0.0056919	-0.017803	0.0034687	0.0037465	-0.03054	0.080745	-0.0038779	0.001803	0.03031	0.018398	-0.023977	0.00055459	0	-0.013677	-0.032996	0.792	0.72584	-0.0011087	0.033972	0.059651	0.0041632	-0.087447	0.44257	-0.047124	0.027778	0.00458	0.001951	0.0026357	0.0012481	0.0012481	0.00069327	0.0024969	0.26514	0.0067628	-0.071071	0.0022591	-0.0070576	-0.017666	0.00055459	0.030732	0.00098326	0.0011093	0.033831	0.14995	0.09275	0	1.8863	-0.014366	0.68198	0.39429	-0.095066	0.0027745	-0.011721	0.42805	0.021055	0.0041632	0.17074	-0.0044312	0.00458	0.0019418	0	0.0019418	0.00597	-0.027261	0	0.0055529	0	-0.027808	0.063939	-0.023566	-0.0022168	-0.022332	-0.00013862	0.00027728	0.011121	-0.0014407	0.0066653	0.00097064	-0.00055444	0.0069435	0.060222	-0.010899	0.001803	2.6573	-0.037082	0.0027745	0.015916	-0.025346	0.0016642	-0.021253	0.62788	0.010006	-0.056712	0.4882	-0.017254	-0.049623	0.0080567	0	-0.00055444	0.012032	-0.034223	-0.0020784	0.73568	-0.0012115	-0.0008316	0.016985	0.042449	-0.0041241	0.0086135	-0.0045695	0	-0.0081624	-0.0027707	0.014609	0.0032919	0.016006	0.70701	2.4735	-0.023292	-0.024251	-0.0069195	0.0054889	0.0040243	-0.011806	0.013772	0.0027745	0.00025995	0.024408	0.010006	0.087679	0.0052749	-0.016567	0.00093272	-0.012438	-0.0019827	0.0034678	0.26577	0.00395	0.0010397	0.0081959	0.0093098	0.0011093	-0.016567	0.0070826	0.11682	-0.016704	-0.013459	0.0019418	-0.021784	0.0044411	0.00021719	-0.03383	0.032563	0	-0.027066	0.0011093	0.003191	-0.00011356	-0.0036011	0.24731	0.036653	0.0053877	0.0016642	-0.0053992	0.00458	0.00013863	0.0012481	0.00091133	-0.0026322	0.06208	0.0026357	-0.00090153	4.1006e-05	-0.032553	-0.023292	0	0.017403	0.0037465	-0.00050566	0.0040243	0	-0.00027724	0.0081959	-0.029175	0.26106	0.18798	0.0033299	-0.0018938	0.0022193	-0.0024938	0.10307	0.0066653	0.010424	-0.0049462	0	0.0021207	0.0016642	-0.041295	0.0045325	-0.0051227	-0.051856	0.0029133	-0.013127	0.0013044	0.011539	-0.024899	0.0065262	0.0040243	0.3738	0.0055529	0.0015255	0.0095883	-0.002024	-0.0008316	0.82941	-0.0022168	0.001803	0.0017192	0.059223	0.0050103	0.062508	-0.026851	-0.0013858	0.0087528	-0.012989	0.076422	-0.041431	0.00458	7.0152e-05	0.0027745	-0.0093248	0.010846	0.60359	-0.002971	-0.0034627	-0.015741	0.00041972	-0.0087131	-0.049154	-0.00018771	0.003191	0.0042213	-0.0012939	0.0052749	0.00056546	0.43868	0.096869	-0.026304	-0.025072	0.0021406	0.0051359	-0.044686	0	0.20626	-0.0012473	0.039761	0.42637	0.0068777	0.093621	-0.059441	-0.0029091	0.0036076	-0.00024199	-0.0094046	-0.012997	2.656	-0.0011087	-0.0028307	-0.060614	0.001803	0.42519	0.0020805	0.0011093	-0.0019399	-0.00069303	0.18662	-0.036538	-0.030677	0.00056045	0.075991	0.0023581	0.33833	0.0034687	-0.0024938	-0.00013862	-0.085192	0	0.056655	0.29823	0.0019418	-0.018353	-0.051316	-0.020598	0.045708	0.00097064	0.00458	0.048262	1.4663	0.0034687	-0.03817	-0.0050959	-0.026577	0.001725	0.08253	-0.025346	-0.030267	-0.10171	0.0068706	0.0019418	0.0039047	0.0017705	-0.0023553	0.33812	-0.010922	0.001803	-0.017666	-0.087049	-0.0029091	0.0048579	-0.00097017	0	0.14429	0.0066653	-0.00013862	0.02525	-0.012989	0.0098669	-0.00027724	0	0	0.0075289	0.050819	0.0083351	0.0062481	-0.01296	-0.04399	-0.00041585	0.00069327	0.0048579	-0.0022168	0.51333	0.008892	-0.014786	0.0011093	0.00020701	0.00097064	0	0.099288	0.0039584	-0.013402	1.3278	0.00055459	0.037359	0.00097064	0.00040174	0.0013868	0.00060075	0.19102	0	0.0065262	0	0.066229	-0.01354	-0.0219	0.01419	0.0052749	0.0066653	0.0015255	0.0023266	-0.0013858	-0.00032395	0.0072217	-0.001093	0.0027745	0.0033299	-0.00041585	0.00041593	-0.018628	0.0027745	0.0041632	0.0029133	0.00032349	-0.0048461	0.46161	0.0090312	-0.022195	0.17157	-0.005814	0.001254	0.0014318	-0.0010772	-0.0048461	0.0030997	0.00013863	0	-0.056038	-0.010508	-0.053476	0.031935	0.0019418	0.067948	-0.00021683	0.003191	0.021603	-0.054186	0.63463	-0.00027724	-0.0063668	0.0036547	0.004719	-0.00097017	-0.011329	0.0019672	0.0062307	-0.00041585	0.00072072	-0.038986	0.0013868	0.0114	2.229	-0.0016629	-0.0011087	0.29104	-0.040495	0.010146	0.21637	0.0020805	-0.079476	0.1971	0.74918	0.0011093	0.021323	0.0025748	-0.0047079	0.0038854	-0.006505	0.026373	0.0060698	-0.0031982	0	-0.0029013	-0.0074182	0.004719	0.00013863	0.0063871	-0.087977	-0.017803	-0.002988	-0.00074304	-0.0033094	0.003357	-0.016429	0.0048579	0.001803	0.0011093	0.00055459	0.0011093	-0.0020336	-0.023435	0.0031119	0.23628	0.0022193	-0.0012805	-0.040686	0.0024969	0.38237	-0.044957	-0.0026322	0.36657	0.0094491	0.019923	0.0025383	0.0012481	0.00458	
Amplification Peak 19 - CN values	12q13.13	chr12:51735907-52392241(probes 1098424:1098760)    	chr12:51986207-52096076(probes 1098539:1098586)    	chr12:51986207-52102441(probes 1098539:1098589)    	0.2348	     0.2348		Actual Copy Change Given	0.00055459	-0.0041546	0.00069327	0.0016642	0.031295	0.00097064	-0.004177	-0.0013478	0.0012481	0.38155	-0.036218	0.82647	-0.0046823	0.00034284	0.0049969	-0.3356	-0.011749	0.0015255	-0.047666	0.0033019	0.0027745	-0.033269	0.0027745	-0.0022168	-0.0011087	-0.0013858	-0.0017076	-0.00097017	-0.0037395	0.0038854	-0.0024938	-0.010559	0.26059	0.0070826	-0.0030475	0	-0.018216	-0.035857	-0.0008316	0.00069327	0.011539	0.0065262	-0.026577	-0.089033	-0.0029701	0.020483	-0.077345	-0.0016629	-0.052261	0.046984	-0.041431	0.023145	-0.013127	0.00046448	0.0019418	-0.0040162	0.003191	-0.0020784	0.0081959	-0.10972	0.019363	-0.027398	0.0054537	0.0079175	0.010285	-0.0045695	0.011261	-6.0184e-05	0.00097064	0.35594	0.0065262	0	0.088837	-0.27953	0.0034687	-0.0015243	0.42772	-0.018353	0	0.0018311	-0.23936	0	-0.0015243	0.0015255	0.00069327	-0.0038304	0.00013863	-0.01037	0.00044016	-0.038578	-0.025893	0.00041593	-0.026851	0.1095	0.057939	-0.14926	-0.2862	0.0048579	-0.0069195	-0.019863	0.0029133	-0.0038223	0.0013868	0.0020805	0.00083195	0.00055459	0.0086135	-0.016292	0.042047	-0.0041546	0.4553	-0.026577	-0.040073	-0.03431	-0.013953	0.0058309	-0.0042929	0.63098	0.0036076	-0.025893	-0.0052496	-0.0038919	-0.026167	0.025952	0.0066653	-0.0050301	0.00055459	-0.24472	0.0017048	-0.028765	-0.015329	0.00025404	-0.042652	0	-0.0059066	-0.78933	-0.00069303	0.0020805	-0.0041387	-0.0026322	-0.0049884	-0.014185	0.029747	-0.0008316	1.7136	-0.031159	-0.066252	0.0051359	0.016146	0.00083195	0.0074419	0.054518	-0.0034627	0.0022193	-0.035993	-0.0015243	0.053521	0.0013868	0.018103	0.00093272	-0.28774	-0.0047506	-0.0042929	0.14563	0.0098669	-0.0013649	0.0068044	-0.33179	-0.00069303	-0.022469	-0.0013858	-0.11286	-0.0012473	-0.33664	0.0016642	-0.0037395	0	-0.013004	0.0039485	0.00597	0.0023581	-0.021314	-0.0027707	-0.0022168	0.00069327	-0.0078677	0.23752	0.031295	-0.012464	-0.0033243	0	0.0023581	-0.00076556	-0.00069303	0.0011093	0.012393	-0.022195	0.00597	-0.0022867	0.45224	-0.024217	-0.031496	0.00013863	0.0026349	-0.0053992	-0.0015243	-0.2978	-0.0019399	0.0019418	-0.0016629	0.016286	-0.043059	-0.0060904	-0.0047744	0.0011093	0.0049969	-0.0092666	-0.22478	0.0015255	0.50446	0	0.0020805	-0.0060904	-0.0008316	-0.029311	-0.0060904	0	-0.046583	0.0027745	-0.12265	5.63e-05	-0.14065	-0.039902	-0.0027707	0.021043	0.42671	-0.0055375	-0.0044312	-0.0092666	0.0013868	0.0049969	-0.00069303	0.0043021	-0.00027724	0.00086884	0.0087528	-0.010646	0.0091705	-0.027808	0.0036956	-0.0020784	0.0055529	-0.027398	-0.021373	-0.004225	-0.0046379	-0.0084385	0.17043	-0.0022128	-0.036674	0.0038854	0.010146	0.012655	0.0054177	-0.010093	0.0083351	-0.0008316	-0.00079347	-0.0049908	0.00458	-0.00013862	0.0070844	-0.013127	-0.099736	5.0602e-06	0.0090312	-0.00069303	-0.0029091	0.09217	-0.2636	-0.035176	-0.0056757	0.0013868	-0.42353	-0.0026322	-0.0077482	-0.008726	0.0094491	-0.00017439	-0.0036011	0.0081959	0.0066574	1.9848	0.00027728	-0.010847	-0.039394	-0.00013862	-0.035176	-0.0034627	0.00055459	0.0020805	0.0015255	0.043157	-0.007472	-0.021235	0.0027654	-0.0024938	-0.020687	0.015419	-0.00041585	0.0077783	-0.0016629	-0.048883	-0.00097017	0.00083195	-0.011027	-0.00059741	-0.026441	-0.016704	0.00041593	0.035242	0.015168	-0.016017	0.00067355	0.65259	-0.003003	-0.03504	0.0034687	-0.024114	0.00019939	0.0038299	-0.033541	-0.012223	-0.037626	-0.0028273	0.0070826	0.00085124	-0.00044402	0.0043065	0	0.0013868	0.0052749	-0.15336	-0.024798	0.0054139	0	0.0038834	0.0013868	0.083198	-0.0041546	0.0065262	0.003191	0.011818	0.003191	0.0011093	-0.0027707	0.010842	0.0026645	0.0087528	0.0097276	-0.0036011	0.011539	0.0044604	0.0027745	0.0091705	0.0027745	-0.0045695	0.63554	0.0013868	-0.0030551	0.0037465	-0.0029091	0.0052749	-0.021916	0.0023581	0.01231	-0.0086466	0.01512	-0.0031859	0.017963	0.00097064	0.00069327	0.004719	0.0021703	-0.3651	0.01277	-0.019793	-0.0012473	0.033127	0.0077534	0.023595	-0.0066432	0.026795	0.0011093	0.00069327	0.0010354	-0.0025569	0.0062012	0.003191	-0.0041546	0.0026357	0.00055459	-0.00055444	-0.0045695	0.0027745	0.0011093	0.00069327	0.004719	-0.012254	0.0051359	0.0020846	-0.0020784	-0.0091017	0.058795	-0.0008316	-0.007385	0.0010156	-0.00021988	0.0055529	0.001573	0.0041632	0.00069327	0.0049969	-0.0016629	-0.019452	0.022801	-0.00013862	0.26702	-0.0030041	-0.0038779	-0.068127	-0.036573	0.67957	0.0026357	-0.019589	-0.010646	-0.028901	-0.10605	0.0036144	0.0057173	-0.0026322	0.0019418	-0.0044038	-0.025483	-0.0030475	0.012097	0.83039	0.0015255	0.001803	-0.16775	0.052653	0.0024969	-0.0062286	-0.0013858	-0.046854	-0.10657	-0.010716	0	-0.11704	-0.0012473	0	0	0.0066653	1.002	-0.007472	-0.0011087	0.0058805	-0.010225	0	-0.13393	-0.0044417	-0.0029091	-0.050911	-0.01354	0.0013868	-0.0010202	0.000338	0.0015255	-0.034768	0.0051359	-0.0018011	0	0.0034687	-0.0026322	0	0.0076392	-0.00069303	-0.0024171	0.058081	0	-0.028041	-0.0015243	0.39307	-0.0053992	0.00069327	-0.26973	-0.029038	-0.0028432	0.012655	-0.010232	-0.012162	
Amplification Peak 20 - CN values	12q23.1 	chr12:59695757-133275309(probes 1102939:1146547)  	chr12:98477594-98521477(probes 1127154:1127173)    	chr12:98332478-98626361(probes 1127051:1127226)    	0.15369	    0.15369		Actual Copy Change Given	0.00055459	0.0056919	0.00069327	0.0016642	-0.011198	0.00097064	-0.004177	-0.0013478	0.0012481	0.38155	0.61052	0.82647	-0.0099938	-3.8895e-06	0.0049969	-0.3356	-0.011749	0.0015255	-0.025346	-0.00044545	0.0027745	0.017684	0.0027745	-0.0022168	-0.0011087	-0.0013858	0.00092587	-0.00097017	-0.0037395	-0.0033243	-0.0024938	0.12182	0.28849	0.0070826	-0.0030475	0	-0.018216	0.0351	-0.0008316	9.1075e-05	0.014051	0.0065262	1.1349	-0.078411	-0.0019399	0.24326	-0.091751	-0.0016629	0.035947	0.046984	-0.014778	0.023145	0.00458	0.0054139	-0.0026892	0.0029133	0.003191	-0.0010284	-0.012431	-0.11665	0.035767	0	0.0054537	-0.0020784	0.010285	-0.0045695	-0.48921	-6.0184e-05	0.00097064	-0.24399	0.0065262	0	0.32495	0.032422	0.022203	0	0.42772	-0.037398	0	0.0018311	-0.21441	-0.74081	-0.0027403	0.0068044	-0.0038779	-0.0038304	0.00013863	0.033267	0.00044016	-0.038578	0.0065262	0.00041593	0.28042	-0.38638	0.057939	-0.14926	0.0033299	0.0048579	0.043157	0.010842	0.00029987	-0.00055444	0.00013863	0.0020805	0.00083195	0.00055459	-0.011335	0.79995	0.042047	-0.0041546	0.48802	-0.0051227	-0.043873	-0.03431	0.00458	-0.0074766	-0.0080244	0.001803	0.0036076	0.028622	-0.019726	0.0034687	0.014609	0.025952	0.0066653	0.0069435	0.00055459	0.031718	0.0017048	-0.030813	0.018943	0.0016642	-0.062764	0	-0.027945	0.0081959	-0.00069303	0.0020805	-0.0041387	0.00069327	-0.0049884	-0.00027724	-0.0062286	0.024829	0.0081959	0.023286	-0.010232	0.0051359	0.01447	-0.0013858	0.025893	0.054518	-0.0034627	0.0022193	-0.00069303	-0.0015243	0.053521	0.0013868	-0.064643	0.00093272	0.0079175	-0.0047506	-0.0042929	-0.32507	0.0058309	-0.00030424	0.00074567	-0.33779	-0.00069303	0.011261	-0.043195	-0.073743	0	-0.33941	0.0016642	-0.0037395	0	-0.0015243	0.0039485	0.017138	0.0023581	0.021103	-0.0027707	-0.0022168	0.00069327	0.0063871	0.30969	0.013074	-0.012464	-0.0033243	0.41999	0.0023581	-0.00076556	-0.00069303	-0.00052919	-0.024378	0.004719	0.00597	-0.0022867	0.43834	0.025285	0.010285	0.00013863	0.0026349	-0.0053992	0.00069327	-0.013953	-0.0019399	0	-0.0016629	0.0048579	0.024548	0.37792	0.6392	0.0011093	0.0043021	-0.0092666	-0.19462	0.0015255	0.89086	0	0.0020805	-0.0060904	-0.0008316	-0.0016629	-0.0060904	0	0.010982	0.0027745	-0.041431	-0.00479	-0.14065	-0.0059161	0.012097	0.59476	0.054376	-0.0055375	0.62042	0.07484	0.0013868	0.0049969	-0.00069303	0.0043021	-0.00027724	0.00086884	0.042307	0.72886	-0.013127	0.0090312	0.0083351	-0.0071958	0.0034687	-0.024251	0.019643	-0.004225	-0.0046379	-0.0044312	0.11736	-0.0022128	0.074481	-0.0056757	0.013225	0.012655	0.0021228	0.018804	0.0039222	-0.0008316	-0.00079347	0.0073609	0.00458	0.017824	0.012806	0.47804	-0.099736	0.0090312	0.0090312	-0.00069303	-0.0029091	0.73246	0.037363	0.22422	-0.0056757	0.0013868	-0.37008	-0.0026322	0.0027745	-0.046396	0.0094491	-0.0049844	-0.0036011	-0.013815	0.012089	-0.037218	0.00055459	-0.0080244	0.0077783	-0.00013862	0.30362	0.012795	0.00055459	0.0020805	0.0015255	0.043157	1.2746	0.00597	0.030879	-0.0057646	0.0019418	0.015419	0.0055529	0.0077783	-0.0016629	0.059794	-0.0051227	0.00083195	0.0037792	0	0.0068044	0.027076	0.00041593	1.3283	0.015168	-0.016017	-0.0013858	0.036102	-0.00055444	0.013632	0.0034687	0.010006	0.00019939	0.0056043	0.0054139	-0.00055444	0.34827	-0.0053863	0.00083195	0.00085124	-0.00044402	0.0028711	0.003191	0.0013868	0.0052749	0.016985	0.011731	-0.0062484	0	-0.0016799	0.0013868	0.085654	0.010564	-0.0042929	0.0044411	0.009183	0.003191	0.0011093	-0.0027707	0.010842	0.0026645	0.0049969	0.0097276	0.0052749	0.011539	0.0044604	0.0027745	0.0091705	0.0027745	0.0012481	0.65829	0.0013868	0.045558	-0.005814	0.0040243	0.048688	-0.014916	0.0023581	0.01231	-0.0011631	0.01512	0.0044411	0.017963	0.00097064	-0.11764	0.004719	0.30705	0.76293	-0.0091286	0.35561	-0.0012473	0.046275	-0.0023553	0.63795	0.0020805	0.026795	0.0011093	0.00069327	0.0054787	0.0015255	0.0062012	0.0062481	-0.0041546	0.0026357	0.00055459	-0.00055444	-0.0045695	0.0027745	0.0011093	0.0036076	0.004719	-0.0098185	0.012795	-0.0090667	-0.0020784	-0.0038779	0.058795	-0.0008316	-0.007385	-0.0013709	-0.00021988	0.00055459	0.001573	0.0041632	0.00069327	0.014051	-0.0023553	0.023005	0.022801	0.00069327	-0.039529	0.0019695	-0.0038779	-0.068127	0.0064903	0.60034	0.0026357	0.011818	0.00069327	-0.028901	0.0013868	0.0054207	0.0057173	-0.0026322	0.0019418	-0.0012198	0.015308	0.0012481	0.0022193	0.14459	0.0015255	0.001803	-0.16599	0.052653	0.0020133	-0.0062286	-0.0013858	0.0094491	-0.10657	0.017544	0	-0.14528	-0.0012473	0	0	0.0066653	0.53485	-0.007472	-0.0011087	0.10109	-0.00054661	0	0.31659	-0.0044417	-0.0029091	-0.011749	-0.01354	0.0013868	-0.0010202	0.000338	0.0015255	-0.0042929	0.0051359	0.00097064	-0.0065758	-0.0034627	-0.0026322	-0.0020502	0.0076392	-0.00069303	-0.0043937	0.058081	0	0.7479	-0.0015243	0.34404	-0.0053992	0.00069327	-0.26973	0.0094491	-0.01354	0.0047397	0.0079175	-0.014408	
Amplification Peak 21 - CN values	13q12.11	chr13:20221750-20915721(probes 1147059:1147256)    	chr13:20820347-20830683(probes 1147217:1147221)    	chr13:19430793-21418650(probes 1146905:1147576)    	0.012162	   0.012162		Actual Copy Change Given	-0.00027724	0	-0.0011087	-0.0023553	-0.025906	0.0027745	3.7526e-05	0.0072599	-0.0034627	-0.00027724	-0.007148	0.010424	0.012795	-0.00041585	0.0058309	0.4599	0.012655	-0.0024938	-0.64987	0.00127	-0.43181	-0.30016	0	-0.00013862	-0.0033243	0.012655	-0.01496	0.017684	-0.0029091	0.0066653	-0.0027707	0	-0.2732	-0.00027724	-0.21268	-0.0030475	-0.0055375	-0.0012473	-0.0022168	0.0091705	0.0033299	-0.0051227	0.7336	-1.048	0.0016642	-0.15643	-0.27416	0.00041593	-0.8112	-0.37335	0.018103	-0.19262	0.001803	-0.015827	-0.0038779	0.013074	-0.0040162	-0.0024938	-0.01354	0.095653	0.0020805	0.084932	-0.0064654	0.004719	0.00055459	-0.00013862	0.026935	-0.0001988	-0.018216	-0.2744	-0.017803	0.059223	0.0073309	0.35349	0.0029133	0.0027745	-0.26901	-0.11928	-0.006505	-0.020385	0.44986	-0.0029091	0.0011093	0	0.00069327	-0.00069303	-0.0037395	-0.17816	-0.25624	-0.3543	0.015447	-0.0031859	-0.0030475	0.00083195	0.0092216	-0.17512	-0.045364	-0.23569	0.0084743	-0.422	-0.029857	-0.0077482	-0.0008316	0.00055459	-0.0026322	0.0034687	0.0044411	0.059794	-0.027239	-0.016154	0.47838	-0.0053992	-0.0077482	-0.041383	-0.59954	-0.0045695	-0.26143	-0.015879	0.0087528	0.017544	0.0062481	-0.40296	-0.011887	0.0065262	0.0019418	-0.0085766	-0.0084385	-0.16891	-0.0018014	0.021463	0.015028	0.00069327	-0.018628	0.014051	-0.86876	0.0040243	0.00041593	0.0027745	-0.0088526	-0.0008316	-0.026851	0.00083195	-0.0048461	0.00041593	1.3177	0.006109	0.017404	-0.0031859	-0.039937	-0.0033742	-0.012633	0.01433	0.00055459	-0.0008316	0.022164	0.017684	-0.078544	-0.0092666	-0.0067813	-0.0032238	0.012795	0	0.0011093	-0.29532	0.00069327	0.0029133	0.008892	-0.032314	0.008892	0.01447	0.0044411	-0.83551	0.0024969	0.053237	-0.0018014	-0.0073339	0.015866	-0.00041585	-0.037747	0.21468	0	0.004084	-0.0024938	-0.0051227	-0.63007	0.57166	0.00097064	0.0011093	-0.067215	-0.0023553	0.001803	0.047126	-0.0063301	0.042024	0.004719	-0.017984	-0.0022168	0.0016642	-0.0030886	0.0015255	0.015901	0.032563	0.001803	-0.002633	0.01433	-0.00069303	0.017124	0.0015255	-0.010784	0.0011093	-0.02603	-0.031496	-0.022606	0.0014016	-0.0037395	-0.0012473	0.011539	-0.079343	-0.0019399	-0.020138	0.0034687	0.0044411	-0.059673	-0.0027707	0.008892	0.0058309	-0.014667	0.0013868	0.0073609	-0.96265	-0.44852	0.003191	0.0071189	0.0043021	0.0015255	0.018243	0.0027745	0.028772	-0.42691	-0.0008316	0.0044411	-0.44846	-0.00069303	0.010564	0.0093098	0.010006	0.012795	-0.090096	0.022865	0.00069327	-0.005261	0.0091705	-0.29438	0.0069435	0.00597	0.0015957	0.0070826	-0.075903	-0.0095385	-0.0016629	-0.015329	0.0036076	-0.0081624	0.017408	-0.36589	0.0093098	-0.0031859	0.0030522	0.0083351	-0.41937	0.0038854	-0.0041437	0.0043021	0.18071	0.0058309	-0.00097017	0.0034687	0.0043021	-0.0013824	0.011261	0.001803	0.0051359	-0.090626	-0.00055444	-0.0040162	-0.0022168	-0.14369	-0.0070576	0.019223	0.004719	-0.005261	0.78175	0.05025	0.0075	0	0.0048579	-0.006505	0.10322	-0.010784	-0.0018014	0.00031356	-0.00097017	0.0075	0.0037465	0.018383	-0.0029033	0.0089087	-0.0023553	0.5528	-0.011887	0.0097276	0.0075	-0.017254	-0.0015243	0	0.00092732	-0.0034627	0.017544	0.010703	0.0076392	-0.28335	-0.0072295	-0.012438	-0.046854	0.065799	0.0083351	-0.087447	-0.0012473	0.010285	-0.0029869	-0.0039651	-0.007472	-0.25394	-0.016754	0.01063	0.00027728	-0.01235	0.0067718	-0.012713	-0.0038779	-0.017356	-8.8914e-05	0.055088	-0.0073339	0.0023581	-0.058596	0.00027728	0.0011093	-0.3365	-0.0018014	0.0084743	0	0.005979	0.27884	0.003191	-0.0041546	-0.0038779	-0.00066422	-0.0084385	-0.011198	0.15816	-0.0036011	0.010304	-0.0077482	-0.52879	-0.0010569	0.00041593	-0.10105	-0.093535	-0.63771	-0.0027707	-0.023566	-0.36567	-0.70199	-0.54088	0.014403	-0.37024	0.29686	0	-0.0076101	-0.0022168	-0.0022168	0.0034687	-0.00027724	0.19878	-0.0019399	0.0029133	-0.0045695	-0.21416	-0.007472	0.031176	0.0038854	0.013911	0.0056919	0.0070826	0.011047	-0.04247	0.011214	0.0076392	0.0016642	0.006109	0.0020805	-0.0031859	0.0044411	-0.0024938	0.026373	0.00069327	-0.0027707	0.0065262	-0.0096806	-0.0029091	-0.0076101	-0.42123	-0.029584	-0.0051409	0.0022253	0.0046251	0.002138	0.10366	-0.0014769	-0.014641	-0.060345	0.013911	0.00097064	0.027993	-0.0017264	0.0075	-0.082951	0.00015771	-0.00097135	-0.20846	0.0063512	2.7909	0.0026357	-0.0092666	-0.0030504	-0.071606	0	0.0079087	-0.0068942	0.00458	-0.05442	0.0078059	-0.0030475	0.0068044	-0.0047079	0.040609	0.0016642	-0.0018014	-0.2066	-0.55538	-0.085722	-0.0042929	-0.0096806	-0.025346	0.49303	0.20442	-0.0078863	-0.12108	0.0020805	0.0093098	0.0049969	0.0054139	0.0081959	-0.0033243	0.0040243	-0.15907	0.013361	0.012655	-0.2491	0.00055459	-0.069198	-0.0073339	1.3976	0.0012481	-0.00060446	0.011917	-0.00097017	0.70814	-0.72641	-0.0095426	-0.81236	0.0037465	0.0026357	0.0015255	0.00597	-0.00027724	-0.0041475	-0.24837	-0.012576	0.0015665	-0.0011087	-0.56396	-0.0065144	-0.020001	-0.37943	0.010982	-0.035312	0.0015255	0.68384	-0.0062286	
Amplification Peak 22 - CN values	13q34   	chr13:107962021-111494319(probes 1200332:1203025)	chr13:109414836-109823393(probes 1201461:1201786)	chr13:109214794-111130322(probes 1201339:1202757)	0.050383	   0.050383		Actual Copy Change Given	-0.00027724	-0.10697	-0.0047079	0.013074	-0.027261	0.014749	0.0033281	0.0076773	-0.0095426	0.034677	4.7907e-05	0.0049969	0.0057129	-0.00041585	0.0015255	-0.29059	0.027778	-0.0083082	0.046984	-0.006105	0.010842	0.060508	-0.11352	0.0084743	-0.0056757	0.012237	-0.01496	-0.0039009	0.012934	-0.136	-0.0027707	0	-0.2732	0.010285	-0.032587	-0.014366	-0.0055375	0.014051	0.00597	-0.0023116	0.023005	0.0066653	1.9842	-0.018902	0.0016642	-0.15612	-0.072408	0.00041593	0.037924	-0.40334	0.033972	-0.19262	0.0037465	-0.005814	-0.0062286	0.0076392	-0.0045695	-0.011198	0.0023581	0.069812	0.006109	0.096525	-0.0064654	-0.0049844	0.0027745	-0.00013862	0.011679	0.0046586	-0.0055117	-0.31441	-0.0056757	-0.043737	0.0076392	-0.29579	0.015028	0.056228	-0.54562	-0.033745	-0.006505	-0.020385	-0.4462	-0.7374	0.0011093	-0.00041585	-0.00041585	-0.36999	-0.0037395	-0.0018014	-0.0044312	-0.34905	0.041175	-0.0031859	-0.59633	-0.0030475	0.033408	-0.17904	0.030029	-0.23569	0.0054139	0.011121	-0.035721	-0.0077482	0.0019418	-0.0056757	-0.0038779	-0.0011087	0.0084743	-0.16917	-0.016957	-0.016154	0.4951	-0.016979	-0.0037395	-0.031174	0.0063871	-0.085722	-0.26937	-0.016154	0.051672	-0.0080244	-0.029038	-0.39152	0.024969	-0.033677	0.0019418	-0.0085766	-0.007472	-0.60541	0.0023581	0.0282	0.0095883	0.00069327	-0.018628	0.014051	-0.90164	0.006109	-0.0037395	-0.0012473	0.00055459	-0.00027724	0.32398	-0.013815	0.026935	0.013911	0.75147	0.0023581	0.077286	0.0024969	0.011539	0.027497	-0.017311	-0.013677	-0.0016133	-0.0008316	-0.0044654	0.073402	-0.081179	-0.0092666	0.0052068	-0.0032238	-0.59448	0	0.0011093	-0.30522	0.00069327	0.0024011	0.0023581	-0.012989	0.00032392	-0.013677	0.0076392	-0.85154	0.0069435	-0.76979	-0.0018014	0.01447	-0.0031859	-0.0037395	-0.041468	0.20901	-0.013402	-0.007965	-0.0015243	-0.0084744	-0.3031	-0.56803	0.02525	0.017124	-0.067215	-0.0023553	0.0013868	-0.046718	-0.0027707	-0.26937	0.00125	0.023005	0.017966	-0.0040162	-0.54618	0.0043021	0.044892	0.044857	-0.0044312	0.0049961	-0.00057239	-0.0049942	-0.0048461	-0.026851	-0.019235	-0.0062286	0.018103	0.46707	-0.0098185	0.0022193	-0.00024413	-0.007472	0.011261	-0.068136	-0.0019399	-0.060076	0.0034687	0.0044411	-0.012438	-0.0027707	0.033948	0.0075	-0.011887	-0.035312	-0.67444	-0.062361	0.0025533	0.00041593	-0.0064513	0.062937	0.60107	0.58345	-0.052261	-0.013402	-0.50629	-0.0008316	0.47341	0.004719	0.0062481	0.0037465	-0.029857	0.0037465	-0.0023553	-0.09644	-0.012162	0.0069435	0.0027745	-0.61987	-0.14811	-0.029584	0.0015255	0.0015957	0.008892	-0.088664	-0.0095385	0.015587	-0.012162	0.019363	-0.0501	0.019226	-0.86715	-0.035176	-0.0031859	-0.0066432	0.0076392	0.0022193	-0.00013862	0.0034796	0.0061881	0.1057	-0.013402	0.0024969	0.0043021	0.046364	0.025952	-0.66281	0.001803	0.00083195	0.023286	0	-0.0040162	-0.0022168	-0.094278	-0.011611	0.0072217	0.004719	-0.0051227	-0.074285	0.0049969	0.0032305	0	0.029606	-0.014916	-0.35692	-0.0027836	-0.0020253	0.0016642	-0.00097017	-0.0008316	0.0037465	0.0080567	-0.0029033	-0.34779	-0.0023553	1.4665	0.0084743	0.0022193	-0.0063668	0.063223	-0.0008316	-0.00055444	-0.3935	-0.0049844	0.015587	0.037924	-0.036538	0.58686	-0.00027724	-0.60651	-0.03286	0.0056919	0.00097064	0.029325	-0.0023553	0.030169	-0.0029869	-0.00036461	0.010982	0.015587	0.072396	0.005619	0.0058309	-0.0089476	0.0067718	-0.027398	0.025671	-0.0044312	0.013772	0.063509	-0.024935	0.0086135	-0.081472	-0.00045623	0.0011093	-0.3477	-0.0011035	0.0019418	-0.034768	0.020343	-0.27236	0.00055459	-0.0041546	-0.0055037	-0.0046791	0.0019418	-0.018765	-0.0026322	0.0056919	-0.0073147	-0.011379	-0.54693	0.001803	0.00041593	-0.79519	0.022024	-0.63179	0.0013868	-0.033132	-0.0008316	-0.70298	-0.53419	-0.27398	0.00036155	-0.93993	0.0034687	-0.012024	-0.015203	-0.0022168	-0.013815	0	0.2061	0.0062481	-0.017592	-0.0045695	-0.24642	-0.007472	0.039076	-0.0045695	-0.34217	-0.0029091	0.0013868	0.0040891	0.0016642	-0.0086231	-0.031496	0.011539	0.012934	0.0020805	-0.0013858	-0.0027707	-0.0024938	-0.064508	0.017124	-0.0030475	-0.0078863	0.24156	-0.45808	-0.0049844	0.31659	-0.029584	0.0040243	0.0022253	-0.003833	-0.0013324	0.095363	-0.0014769	-0.0044312	-0.031496	0.011167	0.0025627	-0.27941	-0.0017264	0.0034687	-0.073743	0.008892	0.0055529	-0.34756	0.035064	0.53538	0.0010126	-0.0042929	0.0044411	-0.071606	0.0051359	-0.53571	-0.0068942	0	0.00083195	-0.0088253	-0.026714	0.0076392	-0.0047079	0.42856	0.0016642	-0.00041585	-0.2066	-0.54785	0.016845	0.22391	-0.0051227	-0.028765	0.65774	-0.79164	-0.0078863	-0.12577	0.0020805	0.57077	-0.0013765	0.0052749	0.031155	-0.0033243	0.0040243	-0.16671	0.01993	-0.20685	-0.25697	-0.0010218	-0.072675	0.013632	-0.60255	0.0012481	-0.00060446	-0.0045546	-0.74403	-0.72451	-0.0083005	-0.0015243	0.0019418	0.0034839	-0.0022332	0.0030522	0.008892	-0.0063668	-0.0037378	0.0062481	-0.012576	0.005872	0.0065262	-0.042788	-0.00084606	0.0013868	-0.3894	0.0011093	-0.017941	0.0041707	-0.79986	0	
Amplification Peak 23 - CN values	14q21.1 	chr14:37558383-37577552(probes 1213960:1213970)    	chr14:37562444-37576056(probes 1213961:1213969)    	chr14:35813416-37713075(probes 1212748:1214018)    	1.8655e-06	 1.8655e-06		Actual Copy Change Given	0.0030522	-0.0038779	-0.0037916	-0.010508	1.2887	-0.0041546	-0.0026322	-0.0056378	-0.0084385	-0.01106	0.016054	0.0037465	-0.0092666	0.00027728	-0.0038779	0.020203	-0.0006283	-0.0031859	0.084065	0.0015475	-0.0013858	-0.24703	-0.00069303	-0.0069195	-0.0041546	0.00458	-0.0022615	0.0055529	0.017684	-0.0063668	0.0070826	0.010285	0.73031	0.0079175	-0.043466	0.0095883	0	0.0040243	0.0037465	0.0013868	0.020483	0.0041632	0.69036	-0.11391	0	-0.055499	-0.37909	0.0038854	0.026654	-0.15029	-0.0011087	-0.38478	0.004719	-0.0011503	-0.0053992	0.00055459	-0.026577	-0.0012606	0	0.022444	0.010842	0.017544	0.0015653	0.031155	0.0065262	-0.0044312	0	-0.0082224	0	-0.25757	0.0076392	0.40261	0.00458	-0.30886	0.032281	0.027919	0.96925	0.0042335	-0.39297	-0.0073877	0.19542	0.014888	-0.0096806	0.022865	-0.0091286	-0.010922	0.003191	0.080024	-0.01409	0.0030522	0.018943	-0.0045569	0.11932	-0.0008316	0.039902	0.52941	0.027076	0.0030522	0.021744	-0.0084385	0.00597	0	-0.0016629	-0.005552	-0.0023553	-0.0022996	-0.0123	-0.081472	0.45346	0.0019418	0.46434	0.80772	-0.02151	-0.036625	-0.0022168	0.0072217	0.0055529	0.36739	-0.017391	0.032281	0.0020805	-0.3904	0.0081959	0.017963	-0.0049844	-0.018078	0.0013868	-0.19962	-0.0051706	0.019083	0.0013868	-0.0073339	1.2908	-0.10066	-0.00013862	-0.0083005	0	0.0012481	0.0055529	0.0015255	-0.050641	0	-0.022881	0.011539	1.8555	0.019083	0.083631	0.0020805	-0.071205	0.8703	0.015529	0.17996	-0.00027724	-0.0024938	0.003191	0	-0.12304	0.0072217	-0.017803	-0.0058518	-0.089306	-0.00018146	-0.0012998	-0.20336	-0.00027724	0.0036076	-0.0019399	0.025671	0.0016642	0.012934	0.0020805	-0.14682	0.25277	0.052525	-0.0015243	-0.0012473	-0.77107	-0.024251	0.0093569	-0.29414	-0.012246	0.0079773	-0.0008316	0	-0.0041546	-0.018216	0.54277	-0.050235	0.0094228	0.00083195	-0.0083005	-0.16345	-0.016154	0.0015255	-0.0016629	0.64231	0.047836	-0.0069195	0.0065951	-0.00027724	0.013806	0.018383	0.0052749	0.0034679	-0.0032585	-0.0022168	0.0034066	0.0026357	0.0023581	0	0.017824	0.006109	-0.010508	0.0069435	-0.0041546	-0.018765	-0.010508	0.53731	-0.074659	0.018803	-0.01849	0	-0.020961	-0.03245	0.017544	-0.0026322	-0.0055375	0.027638	-0.012024	0.018103	-0.0070015	-0.073089	0.037678	0.0080567	-0.0012473	3.6569	-0.0078863	-0.0047079	0.039619	-0.017254	0.0026357	0.0012481	-0.005261	-0.0050825	0.00055459	0.0079175	0.0020805	-0.57763	0.025812	0.014609	0	-0.0018014	-0.033269	0.031436	0	-0.10978	0.0027745	0.18144	-0.0046159	-0.0081624	0.40144	-0.010984	0.0051359	-0.28703	-0.0094031	-0.065716	-0.0023192	-0.006505	0.016286	-0.0011087	0.0062481	0.64709	-0.018078	0.12123	0.024829	-0.0013858	0.0041632	-0.0052821	0	0.026514	0.28332	-0.00097017	0.0001696	-0.28723	-0.012989	-0.0034627	0.071666	-0.0018014	0.0012197	-0.00027724	0.0037465	0.035375	0.073258	0	-0.0040162	0.037782	-0.0018014	0.0036076	0.01419	0.0011093	-0.014958	0.0014099	-0.016979	0.0014255	0.0038854	0.004308	0.0052749	-0.010508	0.0037181	0.0016642	0	0.0012481	0.054091	0.00013863	0.054492	0.0047517	-0.0049844	0.042449	0.019643	-0.31354	-0.012024	0.010285	-0.012438	0.085416	0.72792	0.001803	0.033549	-0.0085766	0.017124	-0.0032637	-0.022031	0.0048579	0.001803	0.060936	-0.00021127	0.0029133	1.9287e-05	0.0030196	-0.0013858	-0.0087146	-0.0055375	-0.0083005	-0.07304	0.044148	0	-0.10289	0.45292	-0.0040162	-0.13846	-0.0045315	-0.0040162	-0.0037395	0.010146	-0.00069303	0	0.0019418	0.00083195	-0.007167	-0.011749	0.0011093	-0.022332	0.017264	0.017144	-0.0027707	0.0029133	-0.00055444	-0.0060904	-0.2978	0.0058309	0.036645	-0.0098185	0.00013863	0.0011138	-0.012713	0.019363	-0.008366	-0.0039321	0.022256	-0.0016579	-0.01339	-0.020138	0.0016642	0.64286	-0.0042929	-0.28144	0.00097064	0.011261	-0.00013862	-0.26612	-0.042245	0.67125	-0.0054081	0.039337	-0.011887	0.001803	0.0046448	0.0095883	0.001909	0	-0.0036011	0.0011313	-0.00027724	-0.0019399	0.0019418	-0.0085766	-0.013586	-0.01849	-0.013815	0.00097064	0.31418	0.10617	0.0052749	-0.0083005	-0.14052	-0.0087146	-0.0033184	0.004764	-0.003959	0.0022193	-0.015419	0.0037465	0.003521	-0.016017	0	0.035524	-0.01663	-0.007472	-0.0067813	0.0015255	0.0015255	-0.21181	0.051066	-0.014641	-0.0019399	0.00458	0	0.28248	0.00055459	0.00417	-0.0063415	-0.059404	0.0016642	-0.011997	0.006109	-0.0029091	-0.013953	-0.0030475	-0.0123	-0.0087146	-0.0036011	-0.080022	-0.0038779	-0.026167	0.00041593	0.074265	-0.10145	0.049114	-0.022881	-0.1195	-0.00069303	0.10935	-0.0084385	0.0038854	0.19801	-0.045364	0	0.022354	-0.02985	-0.11299	1.0855	0.00050031	0.020095	0.031577	-0.011335	-0.021921	-0.13812	0.0079326	-0.0034627	-0.0029091	-0.0098185	-0.0027707	0.0054139	0.0044784	-0.0053992	0.0062481	-0.0091286	0.00015109	-0.026439	0	0.0015255	0.019824	-0.0080244	-0.0049844	-0.00069303	0.0033299	-0.0077482	0.92128	1.3818	0.13569	-0.096704	0.0022193	
Amplification Peak 24 - CN values	15q11.2 	chr15:23611274-25768151(probes 1254580:1255690)    	chr15:25278980-25428668(probes 1255320:1255382)    	chr15:1-25772395(probes 1254443:1255692)           	0.0033821	  0.0033821		Actual Copy Change Given	0.00097064	-0.0059522	0.00077966	-0.0027707	0.0076392	0.0087528	-0.0096806	0.0028126	-0.019589	0.0079175	-0.0010608	0.0081959	-0.005814	-0.0027841	-0.0044312	-0.34973	0.010982	-0.0022168	-0.14939	0.0034907	-0.032587	0.046842	-0.020549	-0.0037395	0.0024969	0.010982	0.0014807	0.0057852	-0.0038779	0	0.0052749	0.0081959	0.17392	0.0033299	0.0030522	0.083776	0.45173	0	0.0068044	0.0027745	0.003191	0.0094491	3.2043	-0.1717	0.0040243	-0.03095	-0.1717	-9.9665e-05	-0.042381	-0.16777	0	-0.026988	0.012795	0.004386	-0.0040162	0.0065262	0.0013868	-0.011968	-0.0011087	0.046559	-0.0049844	-0.017941	-0.10876	-0.010508	-0.031496	0.0019418	0.019083	0.0011878	0.0055529	-0.24727	-0.1307	-0.018765	-0.00055444	0.65627	-0.005261	-0.013953	-0.04577	0.013563	0.09275	-0.024771	-0.17272	-0.027398	0.001803	-0.97466	-0.0083005	-0.0015243	-0.0030475	0.027778	-0.0020886	-0.010784	-0.0066432	0.0012481	-0.037898	0.0058309	0.09159	-0.037626	0.0097294	0.0075	-0.0013858	-0.007472	-0.046041	2.4183	-0.013953	0.0072217	0.0056919	-0.0096806	0.0097276	-0.015879	-0.43548	-0.0048461	0.027778	0.0090312	0.0038854	0.017034	-0.0060904	0.0073609	-0.0008316	-0.00013862	0.0063871	-0.014778	-0.035993	0.0066653	-0.0012473	0.71471	-0.0087146	0.00597	0	-0.5796	-0.0037395	0.018943	-0.0013858	0	0.0069435	-0.069734	0.075703	0.011818	-0.0044312	-0.0045695	1.6797	-0.0022168	0.015028	-0.0060904	0.020203	-0.017529	0.012655	-0.0020784	0.062937	-0.0078863	-0.44415	-0.019452	-0.023897	0	0.004719	-0.0022168	-0.00041585	0.013492	0.089322	0.00041593	-0.0033243	-0.00059233	0.015727	-0.0033671	0.00041593	-0.30133	-0.2913	0	-0.0037395	-0.062764	0.00013863	0.059508	-0.0031859	-0.29615	-0.0023553	-0.065716	0.004719	0.011818	0.0114	0.0044411	-0.15205	-0.30134	0.0029133	-0.013205	0.0013868	0.0079175	-0.0031859	0.0023581	-0.28168	0.011679	-0.019752	0.0034687	-0.0084385	-0.099077	0.0023581	-0.0026322	0.0011093	-0.0030475	-0.049154	0	-0.0046393	0.0011093	-0.11047	-0.006505	-0.00013862	0.0037457	0.0077783	0.001803	0.01419	0.0044411	0.0011093	-0.0037374	-0.0037395	-0.47205	0.0072217	0.032986	-0.0066432	-0.0012473	0.051814	-0.16243	0.0062481	-0.00055444	-0.0020849	0.00083195	0	0.0040243	0.0090312	-0.0055375	-0.0060904	-0.010922	-0.0034627	-0.13484	0.011596	-0.0027707	-0.025858	0.0086135	0.0033299	0.65295	0.0073609	0.00597	-0.14644	-0.0008316	-0.0062286	-0.010094	0.0052749	0	0	-0.028901	0.0048579	-0.098418	-0.87816	-0.0059522	0.02806	-0.0042929	0.084209	-0.019863	-0.0020784	0.00020879	0.0058309	-0.075769	0.0083392	0.0076392	-0.0070576	0.0052749	-0.012024	-0.56882	-0.0026307	-0.031496	0.0072028	0.0097276	0.037076	0.0062481	0.0070826	-0.0069086	0.12668	-0.14528	-0.012162	-0.005814	0.0075	0.0037465	-0.39208	-0.044957	-0.068261	0.0034687	0.025671	-0.26757	0.003191	-0.0123	-0.055216	-0.0083005	0.0036076	-0.0038779	0.015168	-0.06304	0.0041632	-0.0040162	-0.00069303	-0.0034627	0.00097064	-0.40661	0.0070826	0.0058309	-0.0031859	0.0030522	0.00458	0.01419	0.031436	-0.021559	-0.089302	0.0033299	0.68064	-0.00097017	-0.011335	0.0051359	-0.052261	-0.0078863	-0.090361	0.02978	-0.0051227	-0.0123	-0.059618	0	-0.72756	-0.015604	0.011958	-0.00013862	0.82177	-0.00013862	-0.011473	0.63737	0.027497	0.0052472	-0.0021657	-0.014778	0.016845	-0.005261	-0.00076565	-0.0019399	0.0047383	-0.009023	0.042732	-0.33987	-0.0098185	-0.0040162	-0.34125	-0.017941	0.021043	0.008892	-0.0019399	0.00069327	-0.32403	0.0087528	0.00041593	-0.044551	-0.010232	-0.0008316	0.00041593	-0.0013858	0.0037465	-0.0019111	-0.0047079	0.0024969	-0.017666	-0.020687	-0.23763	-0.0011087	-0.0027281	0.0051359	-0.0019399	-0.043737	-0.00036119	-0.17627	0.0016642	0.0049969	0.0056173	-0.044822	-0.083731	-0.019791	-0.0029634	-0.026214	-0.068931	-0.010646	0.0022193	-0.00055444	-0.012851	-0.0013858	-0.40329	0.0033299	-0.0063668	0.00083195	-0.21627	-0.0020784	-0.21216	0.0026357	0.057653	0.0038854	-0.0018014	0.00048063	0.0079175	0.011771	-0.0123	-0.0066432	0	-0.0020784	-0.00056785	0.00458	-0.005261	0.0027745	-0.015879	0.014749	0.020203	-0.0016629	0.43496	-0.0008316	-0.0018014	-0.0044312	0.0020805	-0.0052827	-0.0060456	-0.0045123	0.0026357	-0.0024464	0.00027728	-0.0095426	-0.012576	0.0055529	-0.017666	-0.019652	-0.0034627	0.38237	0.0072217	0.0076392	-0.017254	-0.0077839	0.5493	-0.00069303	0.0065262	0.010842	0.017264	-0.0073339	-0.011742	0.0090567	-0.017116	0.0013868	2.7446e-05	-0.012713	-0.0013858	-0.0037395	-0.59896	-0.0022168	0	-0.59361	-0.04063	0.0073609	-0.021784	0.00069327	-0.036946	-0.076945	0.026935	0.0063871	-0.0088574	-0.0023553	0.019667	-0.03681	-0.0026322	0.0076992	0	-0.0062286	0.0099167	0.02863	0.0012481	0.019643	-0.0024938	-0.041431	0.020483	-0.12655	-0.0011087	0.0024468	0.0080718	0.00097064	-0.00013862	-0.051586	0.0043021	-0.041702	-0.0047079	0.0098669	-0.0034627	-0.010232	-0.0047079	0.0016659	-0.016399	0.0049969	-0.018038	0.0062481	0.73739	-0.0027707	0.0023581	-0.42233	-0.068395	0.0048869	-0.0089906	0.033633	0.040468	
Amplification Peak 25 - CN values	16q11.2 	chr16:46606784-47160862(probes 1313897:1314127)    	chr16:46768078-46801649(probes 1313973:1313979)    	chr16:31841586-48888438(probes 1313870:1314988)    	0.0002189	  0.0002189		Actual Copy Change Given	-0.021784	-0.0089315	0.010842	-0.0020784	0.71722	-0.0040162	-0.0073459	0.0014248	-0.0079237	0.028763	-0.014043	0.013632	-0.010048	0.00027728	-0.0078705	-0.70567	0.020763	0.00055459	0.048404	-0.0099346	0.071248	-0.046583	-0.052396	-0.42484	0.0027745	0.01433	0.0070377	0.51176	-0.0092666	-0.1458	0.0095813	-0.68761	-0.027282	-0.012989	0.0029133	0.048972	0.011121	0.48199	0.018103	0.00041593	-0.014641	-0.0016629	0.46998	0.27237	-0.005814	-0.16942	-0.84058	0.0075	-0.069867	-0.10224	-0.020687	-0.19475	-0.45522	0.0065262	-0.0024938	0.014888	0.00013863	0	-0.63292	-0.38224	-0.031768	-0.017941	0	-0.02151	-0.033677	0.0097276	0.14058	-0.003246	0.011818	-0.50339	0.16085	0.040892	0.0038854	0.060794	-0.11286	-0.048748	-0.46408	-0.081056	2.1771	-0.013236	0.12594	0.88846	0	-0.96085	-0.0084385	-0.00041585	0.0029133	-0.027535	-0.00041585	-0.0038779	-0.011887	0.00027728	0.24835	0.039478	-0.06786	0.020063	-0.10197	-0.00093956	-0.028901	-0.0033243	-0.0031859	0.15562	-0.0014987	0.015308	0.0034687	-0.0080244	0.013353	-0.0084385	-0.44715	-0.0042929	0.49528	-0.050379	-0.28323	-0.024613	-0.017529	0.0035331	0.19542	-0.016841	0.01447	-0.030267	-0.050506	-0.40617	-0.048072	0.79568	-0.0063668	-0.014778	0.011121	0.062937	0.00083195	0.010842	-0.29556	-0.0094046	0.023005	0.090575	-0.87432	0.020203	-0.0015243	-0.0099565	0.011539	0.0037465	0.010006	0.00637	-0.66855	-0.022058	-0.014916	-0.020412	-0.86366	-0.012989	-0.17246	0.00015289	-0.04393	0.020063	-0.00097017	-0.0020784	-0.0038779	0.020763	-0.19325	0.0086135	-0.0047079	0.0016263	-0.27093	0.0013711	0.0040243	-0.058866	-6.608e-06	0.0073609	0.0072217	-0.34572	-0.00013862	-0.024798	-0.019589	-0.11456	0.0052749	0.013353	-0.00097017	-0.0047079	0.020343	0.0052749	-0.016779	-0.11952	0	-0.027613	-0.0018014	0.0091705	-0.0078863	0.0083351	-0.10749	0.064466	-0.0023814	0.00097064	0.43496	0.12344	-0.0018014	-0.0045695	-0.010232	-0.019175	1.3739	0.0011093	-0.011818	0.0098669	-0.02668	-0.023018	0.0048579	0.0012473	0.0086135	-0.19244	-0.67683	0.009434	-0.00055444	-0.034359	-0.03682	-0.33894	0.0072217	0.009061	-0.0053992	0.013213	0.036088	-0.30968	0.012934	-0.0084385	-0.00097017	-0.00097017	0.011679	-0.0044312	-0.84971	-0.0085496	-0.0055375	-0.055364	0.0069435	-0.082934	-0.0083825	0.0093098	-0.064767	-0.00027724	-0.006492	1.1383	0.0051359	-0.0013858	-0.73073	0.00069327	-0.0067813	0.0058309	-0.00066498	-0.00068258	-0.017941	-0.018765	0.0072217	0.060794	-0.012989	-0.0096806	0.039619	-0.0048461	-0.024661	-0.059673	0	0.0050672	0.030873	-0.128	0.013217	-0.0077482	-0.010232	0.01203	-0.01644	0.027782	-0.016977	-0.018353	0.00597	0.0026357	0.021744	0.0091705	0.016146	-0.021636	-0.0092666	-0.025066	-0.027261	-0.014778	-0.0013858	0.0055529	0.092489	-0.16026	0.021744	0.0093098	0.024548	-0.73538	0.012934	-0.0066432	-0.11007	-0.02151	-0.01354	-0.0044312	-0.0084385	0.010138	1.2049	-0.0053992	0.0030522	-0.047666	0.0079175	-0.81096	-0.019726	0.006109	-0.0026322	-0.0022168	-0.0013858	-0.018353	0.062794	-0.013396	0.013805	-0.0016919	0.03338	0.011958	-0.018902	-0.59585	-0.10395	-0.00069303	0.05694	-0.04628	-0.0036011	-0.026304	-0.018628	-0.026441	-0.71256	-0.018216	0.51644	0.020903	0.12285	0.003191	-0.036265	-0.0067813	-0.025483	0.004363	0.0050483	-0.024524	0.0063871	-0.081073	0.0045072	-0.0029091	0.0075194	-0.0084709	-0.0022168	-0.013264	-0.010094	-0.29118	0.026514	-0.048883	0.028341	0.012516	-0.0063668	-0.0037142	-0.047801	-0.040073	-0.015826	0.0065262	-0.031905	-0.26853	0.0034687	0.005565	0.0069435	-0.0040132	-0.0041546	0	-0.026988	-0.60429	0.02836	0.0088639	-0.0059522	0.0063871	-0.0040162	-0.5797	0.022164	-0.061428	0.0041632	0.012655	-0.85987	0.18192	-0.70336	0.042099	0.00063888	2.5541	-0.53906	0.004356	0.00055459	-0.0024938	0.0086135	0.12476	0.027081	-0.017254	0.008892	0.00069327	-0.65771	-0.013402	1.1611	-0.41784	-0.31307	0.012934	-0.088904	-0.20181	0.0083351	0.028434	-0.046854	-0.01354	0.0043021	-0.0023553	0	-0.017529	0	0.0027745	-0.056038	0.011261	0.030591	-0.070135	0.010285	0.0049969	-0.0012473	-0.20174	-0.0060904	0.014755	-0.0064601	-0.0034055	-0.116	0.00074075	-0.0078863	-0.024661	-0.020961	0.0056919	-0.066654	0.02196	0.0054139	-0.42996	0.016146	0.019363	0.026795	-0.059886	0.66032	-0.00013862	0.38452	0.0095883	0.0022193	-0.0062473	-0.022556	-0.21563	0.0055529	0.0073609	0.0047465	-0.026851	-0.10631	-0.5719	-0.13303	-0.0042929	-0.0018014	0.20717	0.080586	0.008892	-0.029994	-0.042652	-0.047666	-0.10644	-0.74011	0.0066653	-0.1173	-0.32646	1.3037	0.0020805	-0.0098185	0.028903	0.012934	-0.0028255	-0.15076	0.021051	0.10278	-0.20149	-0.00097017	0.0086135	-0.0027707	-0.0091814	-0.0073357	0.0078673	0.008211	-0.0008316	-0.0012473	-0.13173	-0.0038332	-0.0053992	-0.0033243	0.00083195	-0.0060904	-0.017116	-0.012024	0.00027897	0.0011093	0.0076392	-0.025442	-0.0027707	0.36838	-0.0057152	-0.0080244	-0.41003	-0.052396	0.017264	-0.040071	2.8202	0.020158	
Amplification Peak 26 - CN values	17p11.2 	chr17:18957451-19361418(probes 1350378:1350435)    	chr17:19248790-19273749(probes 1350381:1350391)    	chr17:18957998-19367133(probes 1350379:1350437)    	0.040217	   0.040217		Actual Copy Change Given	0.0012481	-0.013815	0.0048579	-0.028765	0.021159	-0.0045695	-0.014778	-0.016116	-0.017254	0.00697	-0.65087	0.0054139	-0.015466	-0.0056757	0.0023581	-0.32751	0.00458	-0.0063668	-0.042381	-0.00094821	-0.096968	-0.016017	-0.011887	-0.013953	0.0012481	-0.013815	0.37556	0.018523	-0.016292	-0.0019399	0.0063871	-0.076945	0.091155	-0.013953	0.0048579	0.053664	0.010564	-0.016017	0.00068471	-0.51743	-0.011335	-0.0029091	0.019363	-0.03885	0.0020805	-0.18024	0.028341	-0.0029091	-0.078411	0.50255	-0.028628	0.050108	0.0068562	0.0075866	-0.0044427	0.011539	0.0011093	0	-0.66254	0.0084743	-0.043195	-0.040616	0.011579	-0.015741	-0.031768	0.00027728	-0.035312	-0.00075319	0.0019418	0.081177	-0.27236	0.010564	-0.00055444	1.2005	-0.04211	-0.085722	-0.44857	-0.0098109	0.023566	-0.0046799	0.12152	0.0070826	-0.00045333	-0.94835	-0.014503	-0.0095426	-0.0034627	0.029184	-0.0019399	0.0037465	-0.028843	0.003191	-0.071472	-0.0029091	0.021744	0.088982	-0.54078	-0.019177	-0.032587	-0.018628	0.0024969	0.016565	-0.00013862	0.006109	0.0072217	-0.0071958	0.008892	2.6534	-0.43863	0.00041593	-0.44221	-0.037354	0.0056919	-0.061238	-0.031632	0.0098669	-0.77192	0.65903	0.19791	-0.051046	-0.031632	-0.42156	-0.027398	0.71302	-0.0074981	-0.0034627	0.010285	-0.56614	-0.00041585	-0.01849	-0.01106	0.0040243	0.013772	-0.87002	0.013632	0.00597	-0.0084385	-0.0012473	0.0036076	-0.0096806	-0.0031859	-0.010094	0.044007	-0.029175	0.67586	-0.028218	-0.22932	-0.020549	0.010428	-0.0088526	-0.013354	0.016705	-0.023429	0	-0.10158	-0.18345	0.026336	0.012795	0.36346	-0.00017652	0.0029133	-0.0038618	-0.00013862	-0.19062	-0.0091286	0.001803	0.016146	-0.34676	-0.010508	-0.022195	-0.0083005	-0.24582	-0.0087146	-0.78041	-0.00069303	-0.023155	0.023426	-0.010094	-0.015543	-0.26396	0	-0.040694	0.0027745	0.0094491	0	0.0037465	-0.5714	0.09101	0.011513	0.0020805	-0.018902	0.082621	-0.01106	-0.0055375	-0.0071958	-0.0078863	-0.058462	0.001803	-0.015673	-0.29603	-0.13092	-0.020457	-0.005814	-0.0015251	-0.30322	0.0036076	0.038347	0.0048579	0.0029133	0.011679	-0.038986	-0.10184	-0.013953	-0.0070576	-0.0016629	0.0030522	0.030029	-0.65211	-0.13936	0.021603	0.0093098	-0.0031859	-0.19775	0.0027745	-0.051046	-0.013402	-0.0077482	-0.061823	-0.095516	-0.10565	-0.012244	0.0055529	-0.032824	-0.48418	0.0084743	-0.010908	-0.045635	-0.020138	0.018243	-0.0030475	-0.011198	-0.0059522	-0.012024	0.015168	-0.0016629	0.0080567	0.010146	-0.26937	-0.013953	-0.013402	0.025952	-0.033269	0.077718	-0.049559	0.0022193	-0.0061587	0.35267	-0.18863	-0.0022128	-0.032723	-0.011473	-0.0027707	-0.018078	-0.14974	-0.22908	-0.025756	0.0052151	0.021744	-0.81655	-0.0016629	0	-0.015593	-0.017234	0.027357	-0.019177	-0.017666	0.0019418	0.15831	0.076422	-0.23006	-0.026851	0.0070826	-0.013677	-0.62255	0.00083195	-0.017941	0	-0.019427	-0.0038779	-0.0073339	-0.012438	-0.0072035	-0.041838	0.0081959	-0.0038779	-0.046041	-0.016567	-0.16739	-0.013528	0.0054139	0.0029133	-0.0026322	-0.00055444	-0.021647	-0.21156	0.008341	-0.15707	-0.0036011	0.06205	-0.39997	-0.020961	0.012097	-0.069332	-0.00027724	-0.0020436	0.032314	-0.0088526	-0.023018	-0.023566	-0.20945	-0.33629	-0.021098	0.0048579	-0.59604	-0.01409	-0.0063668	-0.042652	-0.020275	-0.029994	0.00089272	0.00043241	-0.023429	-0.020824	-0.094064	-0.0025663	-0.015604	0.011977	-0.0050169	0.00055459	-0.33422	-0.012713	-0.0066432	0.22638	-0.063435	-0.51671	-0.0023553	-0.0096654	-0.0067813	-0.37775	-0.10053	0.00055459	-0.025893	-0.024935	0.0079175	-0.0024938	-0.0073339	-0.0012473	-0.0099278	-0.005814	-0.0022168	-0.036129	-0.0019399	-0.0035819	-0.0048461	-0.046172	0.0098669	0.0012481	-0.19737	-0.042652	-0.64349	-0.006554	0.0027745	-0.005814	-0.021921	-0.12888	-0.033878	-0.0055917	-0.0577	-0.0076101	-0.011887	-0.00068984	-0.0024938	0.012097	-0.0015243	0.044007	-0.016154	0.016985	-0.0024938	0.28311	-0.026043	-0.096815	0.0091705	0.0114	0.00023659	-0.0045695	-0.014026	0.0095883	0.026186	-0.0081624	-0.015191	-0.093139	-0.0033243	-0.00069303	0.00597	-0.075078	0.0090312	-0.0047079	0.00038135	0.019503	0.0022193	-0.43756	-0.00027724	-0.0080244	-0.016292	-0.0098185	-0.011542	-0.00050947	-0.002157	0.0069435	-0.02542	-0.015879	-0.039394	-0.025072	-0.013127	-0.03504	0.024203	-0.077611	-0.035857	0.0038854	-0.00027724	-0.4013	-0.050811	1.9258	-0.0049844	-0.066118	0.010205	-0.0073561	-0.017941	-0.017934	0.0046054	0.10366	-0.0033243	-0.0052336	-0.030131	0.0054139	0.024408	-0.098023	-0.0019399	-0.0008316	-0.53722	0.036779	-0.0071958	-0.23789	-0.0030475	-0.051451	-0.087712	-0.0012473	0.0068044	-0.095516	-0.011611	0.0282	-0.020001	-0.015054	0.034959	0.0015255	-0.014366	0.46423	0.0048658	0.0013768	-0.54955	-0.0041546	-0.33886	-0.016154	-0.24752	-0.0069195	0.0061979	-0.00012361	-0.26721	-0.011198	-0.043737	-0.0024938	-0.10473	-0.0098185	0.00069327	-0.00013862	-0.017529	0.0027745	-0.0096789	0.0034687	-0.0034627	-0.024621	0	-0.52849	-0.013677	0.0023581	0.33642	-0.062092	0.031718	-0.048883	-0.006505	0.010006	
Amplification Peak 27 - CN values	17q23.2 	chr17:61711457-62112204(probes 1368051:1368223)    	chr17:61827366-61896888(probes 1368102:1368133)    	chr17:61395043-62226083(probes 1367873:1368270)    	0.0039347	  0.0039347		Actual Copy Change Given	0.0012481	-0.013815	0.0048579	0	0.015308	0.0051359	-0.014778	-0.016116	-0.017254	0.40827	-0.017385	0.0054139	-0.0045695	-0.0056757	-0.0017796	0.021744	0.00458	0.0013868	0.0282	-0.00094821	0.0033299	-0.0091286	-0.056712	-0.013953	0.0022193	-0.012989	-0.0014305	0.013213	-0.016292	-0.0019399	0.0063871	-0.015191	0.094782	-0.013953	0.0012481	0.041317	0.010564	-0.016017	0.00068471	0.00097064	-0.011335	-0.0029091	0.026795	-0.027945	0.0041632	0.027076	0.019503	0.30665	-0.049965	0.079447	-0.025209	0.09304	0.0062481	0.0097276	-0.0044427	0.011539	0.0011093	0	0.013772	0.23071	-0.043195	-0.010784	0.011579	-0.015741	-0.031768	0.00027728	-0.035312	-2.2103e-06	0.0019418	0.073402	0.013772	0.010564	-0.00055444	0.65921	0.029184	-0.075211	-0.033541	0.077935	0.017124	-0.0046799	-0.12421	0.027216	-0.00045333	0.041317	-0.014503	-0.0019399	-0.0034627	0.047474	-0.0019399	0.0037465	-0.016704	-0.005261	0.71509	-0.00041585	-0.03681	0.071535	-0.023977	-0.016292	-0.025154	-0.0084385	0.0024969	0.013492	-0.00013862	0.0049969	0.0072217	-0.0071958	0.0043982	0.052383	0.021206	0.00041593	0.082476	-0.042381	0.0043021	0.020953	0.51865	0.09856	-0.0019399	-0.0091407	0.18707	-0.046583	-0.031632	0.01433	-0.027398	0.69895	-0.0074981	-0.0034627	0.0070826	-0.56614	-0.0023759	0.017884	-0.01106	0.0040243	0.0037516	0.060079	0.0087844	0.00597	-0.0084385	-0.0012473	0.0036076	-0.0096806	0.0049969	-0.010094	0.027919	-0.029175	2.547	-0.023703	-0.119	-0.020549	-0.22281	-0.0088526	-0.004489	-0.085192	-0.023429	0	0.010842	0.0033299	0.0114	0.0087528	-0.058327	-0.00017652	0.0062481	-0.0038618	-0.0045695	-0.20187	-0.0091286	0.001803	0.013632	-0.34676	-0.0049844	-0.022469	-0.0083005	-0.10552	-0.0087146	0.016845	-0.00069303	-0.023155	0.016286	0.0012481	0.024893	-0.26396	0	-0.012379	0.0027745	0.0012481	0	-0.01037	-0.012989	0.026547	0.0083089	0.00083195	-0.018902	0.01015	0.0029133	-0.0055375	-0.0071958	-0.0078863	-0.058462	0.001803	-0.015673	0.0056919	-0.11178	-0.020457	-0.0016629	-0.0015251	0.0013868	-0.0040162	0.030029	-0.0029091	0.0016642	0.0022193	-0.038986	-0.076145	0.023426	0.014609	-0.0016629	0.0030522	0.026654	-0.088374	0.0063871	0.010006	0.0093098	-0.0031859	-0.0051756	0.0027745	-0.033541	-0.013402	-0.0056757	-0.043466	-0.013402	-0.077212	-0.012244	0.0033299	-0.012677	0.011261	0.0084743	0.12982	0.0058309	0.43919	-0.16039	-0.0030475	-0.0032106	-0.0059522	-0.0019378	0.015168	-0.00055444	0.010842	0.0062481	-0.31319	-0.013953	-0.013402	0.025952	-0.0018014	0.027216	-0.036946	0.00458	-0.0080926	0	0.037757	0.019647	-0.017254	-0.011473	-0.0049844	-0.018078	-0.14631	-0.016153	-0.025756	0.0041179	0.0072217	-0.0020784	-0.0016629	0	-0.015593	0.02511	0.0351	-0.019177	-0.017666	0	-0.030267	0.11125	-0.17145	-0.058866	0.0070826	0.039304	0.43102	-0.0011087	0.018663	0.031706	-0.019427	-0.0078863	-0.0066432	-0.012438	-0.0072035	1.384	-0.0089906	0	-0.042245	0.0023581	0.0049969	-0.013528	0.0054139	0.0029133	-0.0026322	-0.00055444	-0.023292	0.010842	0.01043	-0.15707	0.00097064	-0.67786	-0.0022168	-0.020961	0.0062943	-0.065045	-0.00027724	0.096961	0.0021132	-0.0088526	-0.023018	-0.023566	0.31514	0.057796	-0.021098	-0.0073024	0.023987	0.0038854	-0.0063668	-0.03054	-0.020275	-0.01354	0.00089272	0.00043241	-0.023429	-0.0095237	-0.043602	-0.0025663	-0.015604	0.011977	-0.0050169	0.00055459	0.48837	-0.012713	-0.0066432	0.319	-0.033269	0.016146	-0.0023553	-0.0085766	-0.0067813	0.071966	0.017124	-0.0018014	-0.12486	-0.024935	0.0063871	-0.0024938	-0.0073339	0.0054139	-0.003434	-0.005814	0.0051359	-0.032723	-0.0019399	-0.00011938	-0.0048461	-0.0042929	0.0069587	0.0012481	-0.16243	-0.0014122	0.3494	-0.0029868	0.0027745	0.00027728	-0.011749	0.0087573	-0.033878	-0.0055917	-0.019361	-0.0038779	0.0016642	-0.00068984	-0.0071491	0.0076392	-0.0015243	0.044007	-0.016154	0.012376	-0.0024938	-0.62855	-0.017529	-0.0088965	0.0022193	0.011958	0.0056689	-0.0045695	-0.014026	0.0095883	0.020996	0.0084743	-0.015191	0.0024969	-0.0033243	-0.00069303	-0.00013862	-0.022058	0.0066653	-0.0047079	0.0040243	0.0048579	0.0022193	0.018383	-0.00027724	0.39695	-0.016292	-0.0031857	-0.011542	-0.00050947	-0.002157	0.0054139	0.0041495	-0.0047079	-0.039394	-0.025072	-0.013127	0.89994	0.024203	-0.0018014	0.061508	0.0038854	0.00041593	0.022024	-0.049865	0.5539	-0.0049844	-0.013127	0.010205	0.0043021	-0.017941	-0.017934	0.21072	0.0091705	-0.0077997	-0.0064776	-0.0045695	0.0063871	-0.56664	0.095217	0.0016642	-0.0008316	0.24466	0.036779	-0.0071958	-0.22699	0.0051359	-0.037898	0.030873	0.012516	0.003191	0.15129	-0.011611	0.017127	-0.020001	-0.015054	0.012237	0.0098669	-0.012713	0.054284	0.0048658	0.0013768	0.55567	-0.0041546	0.031718	-0.019452	-0.24752	-0.0069195	0.0061979	0.0040393	0.001803	-0.011198	-0.038034	-0.0024938	-0.10303	-0.0098185	0.00069327	-0.00013862	-0.017529	0.0027745	-0.0096789	0.0034687	-0.0034627	-0.024621	0	3.6569	-0.013677	0.0023581	-0.013264	0.0114	0.0066653	-0.0060904	0.006102	0.0056919	
Amplification Peak 28 - CN values	18q21.31	chr18:58350292-58603764(probes 1410887:1411004)    	chr18:58444396-58457680(probes 1410888:1410902)    	chr18:58250974-58781698(probes 1410817:1411080)    	0.028024	   0.028024		Actual Copy Change Given	-0.00033565	-0.0044312	-0.0027707	0.00013863	0.69185	-0.38694	-0.0042929	-0.25258	-0.082004	0.00458	0.018571	0.010564	-0.0008316	-0.0018014	-0.10376	0.023706	-0.68506	-0.0048461	-0.62808	-0.0081406	-0.26709	-0.77269	0.00083195	-0.018765	-0.028491	-0.36682	-0.0039225	-0.013677	-0.073743	-0.0066432	-0.011198	-0.68332	-0.27547	0.0063871	-0.0034627	0.0034551	0.00097064	0.0086135	0.0048579	-0.00065854	-0.0056603	-0.6749	-0.03054	-0.77694	0.003191	-0.076146	0.31193	0.0034687	0.00041593	0.00097064	-0.75461	-0.17031	0.00027728	0.0014751	-0.005261	-0.018216	-0.23887	0.00069327	-0.67939	-0.22601	0.011679	-0.21218	-0.00023749	-0.020549	0.0015255	0.00013863	-0.62255	0.00021709	-0.47733	-0.28071	-0.13549	-0.019589	0.00055459	0.001803	-0.2804	-0.013953	-0.34136	0.022059	-0.26252	-0.032968	-0.16675	-0.73196	-0.0023553	-0.1307	0.0058309	0.0036076	-0.066386	-0.020138	-0.01409	0.006109	0	0.001109	0.47324	0.00055459	-0.036946	-0.29955	-0.8145	-0.021784	0.0084743	-0.0029091	-0.10745	-0.0044312	-0.0019399	0.0065262	-0.24618	-0.00069303	0.0044411	-0.39129	-0.40272	-0.011335	-0.01354	-0.7853	-0.0076101	-0.081823	0.00068934	-0.175	0.0091705	-0.0059522	0.1643	-0.020549	-0.033814	0.0086135	0.013213	-0.016979	-0.0020784	0.0044411	-0.0083005	-0.57955	-0.0042929	-0.78159	0	0.0030522	-0.38448	0.00013863	-0.88239	-0.79294	0	0.00048062	0.00047848	-0.45394	-0.041702	-0.075878	-0.23067	0.00055459	3.6569	-0.0037395	-0.8521	0.0081959	-0.22689	-0.0008316	-0.96835	-0.10513	-0.48533	0.00055459	-0.012713	-0.34033	-0.17246	0.00013863	-0.59682	-0.056344	-0.35829	0.0018989	0.0004999	0.18844	-0.0055375	0.0023581	-0.0020784	-0.10697	0.00097064	-0.98506	-0.033269	-0.065179	-0.082137	-0.77226	0.0030522	-0.71595	0.0043021	0.0027745	-0.0079616	-0.20286	0.00085386	0.00019824	-0.0048392	-0.0034488	-0.011611	0.0041632	-0.0030475	0.012655	-0.024002	-0.0094046	0.00083195	-0.10276	0	-0.27093	-0.45618	0.010703	-0.051856	0.0036076	0.019152	0.003191	-0.74946	-0.29674	-0.0094046	-7.975e-07	-0.36997	0.00013863	0.0080567	-0.0070576	0.0013868	-0.47522	-0.026851	-0.16536	0.00097064	-0.0053992	0.00027728	-0.0022168	-0.79636	-0.89672	-0.057116	-0.078544	0.0023581	0.0029133	-0.0043709	0.0020805	-0.065045	0.0097276	-0.026828	-0.04048	-0.045364	0.010982	0.0050533	0.011679	-0.027196	-0.00055444	-0.63188	0.96144	-0.046312	-0.033201	-0.75926	0.00597	0.0079175	-0.44037	-0.0012473	0.0079175	-0.00027724	-0.010508	-0.0078863	-0.76408	-0.83922	-0.31704	0.019363	-0.056846	0.07815	-0.022469	0.0051359	-0.5499	-0.63557	-0.053771	0.018107	-0.0024938	0.00013863	0.0015565	-0.39664	0.0084781	-0.8156	-0.005261	-0.036538	-0.00041585	-0.042788	-0.42855	-0.0074678	0.0037574	-0.01409	-0.60148	-0.0099565	0.0094491	-0.0013858	-0.01409	-0.12095	-0.10788	0.14831	-0.0093705	-0.37673	0.54418	0.0036076	0.0015443	0.0016312	-0.0027707	-0.84651	-0.00013862	0.004719	0.080304	2.2826	-0.0055375	-0.01578	-0.0034627	0.0052749	-0.37775	0	0.00013863	-0.0059522	-0.0033243	0.0026357	-0.85908	-0.7574	0	-0.00041585	-0.0015243	-0.35649	-0.14361	-0.0066432	0.0072217	-0.89412	-0.00013862	-0.016704	-0.52638	-0.0081624	0.023987	-0.011335	-0.23814	-0.7287	0.00027728	0.00013863	-0.019177	0.45224	0.006109	0.020623	-0.0033243	-0.53825	-0.00077088	-0.0018887	-0.005381	-0.85027	-0.55937	-0.0082497	-0.42364	-0.002336	-0.0016953	-0.0031859	0.0026357	-0.01937	0.0066653	-0.67739	-0.92823	0.004719	-0.00055444	0.0016642	-0.00069303	-0.46621	-0.066788	-0.00027724	-0.019314	0	-0.27404	0.0034687	-0.088109	0.0026357	-0.0049557	-0.0042929	-0.091816	-0.030131	0.0016642	0.015048	-0.055769	0.0048579	0.001511	0.0016642	-0.33929	0.0054139	-0.69224	0.00458	-0.0069195	-0.018078	-0.29981	-0.55657	-0.028556	0.00091625	-0.031133	-0.006505	-0.011887	0.0083351	-0.0042466	-0.016154	-0.22194	-0.44005	-0.0037395	-0.01849	0.00013863	-0.78108	-0.036538	-0.63252	-0.0016629	-0.83622	-0.005261	-0.0011087	-0.83668	0.066945	0.0046721	-0.10329	-0.00069303	-0.37633	-0.030267	0.00013863	-0.45661	-0.029311	-0.011335	-0.10066	0.00083195	-0.30803	-0.0501	-0.0011087	-0.0013858	-0.50525	-0.21688	-0.0030475	0.011702	-0.0069317	0.002832	-0.12784	-0.012316	0.004719	-0.0087146	0.0058309	0.013074	-0.97067	-0.65047	0.0024969	-0.3044	-0.63793	-0.39363	-0.033269	0.010528	2.2272	0.0080567	-0.0040162	-0.72885	-0.72473	0.0034687	0.0055597	-0.0055122	-0.05496	0.0024969	-0.003816	-0.011473	0.0033299	-0.0029091	-0.36827	-0.0044312	-0.0022168	-0.59048	-0.069881	0.0098364	0.18313	0.0013868	-0.10775	-0.10985	-0.00055444	0.0016642	-0.68259	0.0049045	0.012655	-0.03245	-0.0045695	0.0051359	0.001803	0.013353	-0.35745	0.01979	-0.20299	-0.56823	-0.0016629	-0.025726	-0.96173	0.19041	0.00069327	0.0025856	-0.017926	0.0020805	0.01339	-0.71042	0.0016642	-0.047936	-0.0078863	-0.0053992	0.0020805	-0.010508	-0.027535	-0.00041416	-0.06048	-0.0048461	0.0022603	0.0027745	-0.28727	-0.72553	-0.0070738	-0.39174	-0.75943	-0.0047144	-0.0095318	-0.77855	0.0069435	
Amplification Peak 29 - CN values	19q13.43	chr19:53399441-57184987(probes 1444647:1446242)    	chr19:56438925-56481245(probes 1445761:1445788)    	chr19:55930081-56708133(probes 1445544:1445955)    	0.059376	   0.059376		Actual Copy Change Given	0	-0.015466	0.0073609	-0.0044312	0.062508	-0.0013858	-0.015329	-0.026677	-0.024524	0.015447	-0.038667	-0.00041585	-0.017254	-0.0029091	-0.006333	-0.31178	0.0042618	-0.0011087	-0.041024	0.001825	-0.00097017	-0.058731	-0.00027724	-0.02151	0.0023581	-0.018353	0.00523	0.015866	-0.018628	-0.0040162	0.014051	-0.079476	0.089928	-0.016567	-0.0039253	0.066802	0.02511	-0.017254	0.0027745	0.0052749	-0.010508	0.74196	-0.0045695	0.042166	0.024969	-0.0041546	-0.19099	0.00069327	-0.09261	0.5433	-0.038578	0.010842	0.0051515	0.005887	0.010564	0.0052749	-0.0024938	-0.0041546	0.0084743	0.074121	-0.020824	0.47667	0.014649	-0.024935	-0.041033	0.0024969	0.022865	-0.00057971	0.0037465	0.046984	0.15666	-0.026304	0.0013868	0.028903	-0.036674	-0.047395	0.048262	-0.080442	0.0351	0.005581	-0.081472	0.044715	0.0020805	0.059223	-0.017486	-0.003624	-0.083465	-0.020138	-0.0027707	0.0038229	-0.028218	0.00458	-0.090493	0.00041593	0.083487	0.068522	-0.017666	0	-0.040073	-0.018972	0.0077783	0.022725	0.003191	-0.0087146	0.013074	-0.0095426	0.001803	-0.051451	-0.0027481	-0.012989	0.048546	-0.056431	0.0054139	0.010753	-0.041295	0.010006	3.6569	-0.022881	0.0054139	-0.073209	-0.020275	-0.41805	-0.04211	0.052668	-0.0040162	0.0044411	0.0051359	0.09856	-0.0045695	-0.011335	-0.013127	0.0073609	-0.025483	-0.090361	0.030732	-0.023155	-0.0055375	-0.0051227	0.012934	-0.014366	0.013342	-0.019177	0.035277	-0.042245	2.3325	-0.031937	-0.024114	-0.022744	-0.0080244	-0.010646	-0.0046848	0.0043021	-0.0092666	-0.00097017	0.0037465	0.013353	0.0114	0.010982	-0.0027707	-0.0046074	-0.27392	-0.0059949	-0.0031859	0.31996	0.004719	0.016565	0.02539	0.015727	-0.0034627	-0.023155	-0.014641	-0.063972	-0.13135	0.047126	0.0055529	-0.025209	0.017684	-0.015604	-0.016504	0.17181	-0.0025175	-0.047743	0.0070826	0.0046077	-0.0045695	-0.014046	-0.0084385	0.0558	-0.020438	-0.00055444	-0.027124	0.0023581	0.003191	0.00083195	-0.01904	-0.0092666	-0.059807	0.0083351	-0.022813	0.0114	-0.11819	-0.030131	0.00069327	0.00013784	0.00097064	0.010419	0.01886	0.0034687	0.0026357	0.0040243	-0.040019	-0.10933	-0.00069303	0.015587	0.00083195	0.016425	0.036512	-0.33272	0.013911	0.033549	0.0019418	0.00069327	0.0020805	0.00027728	-0.051856	-0.010232	-0.0055532	-0.064855	-0.029175	-0.047124	-0.014585	0.0079175	-0.040581	0.021183	0.0086135	-0.035176	-0.0049844	-0.0179	-0.044686	-0.0048461	-0.0053992	-0.031496	0.0077783	-0.0078863	0.00097064	0.0011424	0.0062481	0.045566	-0.028491	-0.021389	0.0375	-0.020275	-0.010508	-0.053611	-0.0027707	-0.010714	0.010146	0.22496	0.027501	-0.054286	-0.018902	-0.0069195	-0.020824	0.017967	-0.027123	-0.03885	0.0069285	0.015447	-0.056307	-0.0019399	-0.024524	-0.021225	-0.011198	-0.050506	-0.025346	-0.017803	0.008892	0.012934	-0.057116	-0.07921	-0.019863	0.012376	0.015028	-0.66217	-0.0079006	-0.024114	-0.080818	-0.010784	-0.015604	-0.0078863	-0.015269	0.050669	0.62061	0.00083195	0.0077347	-0.066788	0.0069435	0.23395	-0.014916	0.0019719	0.0048579	-0.0020784	0.00027728	-0.030131	-0.032996	-0.010502	0.0056919	-0.0049844	0.042137	-0.014366	-0.029721	0.0044411	-0.11339	0.00069327	-0.0040162	-0.011114	-0.012713	-0.023977	-0.039937	-0.026441	-0.016017	-0.024524	0.023005	0.0044411	-0.024661	-0.0081624	-0.048478	-0.024114	-0.045093	-0.00029827	-0.0042418	-0.031768	-0.030131	-0.09855	-0.0085109	-0.019177	0.020502	-0.0063992	0.00458	0.0093098	-0.023977	-0.014228	-0.016292	-0.060883	0.028622	-0.0063668	-0.012576	-0.01409	0.092025	0.030169	0.0024969	0.09304	-0.027261	-0.00069303	-0.00055444	-0.0071958	0.0047157	-0.0042641	-0.0063668	0.0065262	-0.035721	-0.014228	0.0076585	-0.0051227	-0.029311	0.006109	-0.00055444	-0.064777	-0.0015243	-0.067197	-0.01037	0.020763	-0.0077482	0.1493	-0.19124	-0.32287	-0.0050387	0.028715	-0.022195	-0.0019399	0.0048579	-0.0038779	0.012237	0.0028247	-0.26324	-0.022332	0.013772	-0.0023553	0.097833	-0.029311	-0.063682	0.04741	-0.11404	0.0056919	-0.0099558	-0.0018753	0.011261	0.021836	-0.080281	-0.026988	-0.0051227	-0.0031859	-0.0012473	-0.0033243	-0.037218	0.011121	-0.0099565	0.0012481	0.016146	0.011121	0.010006	0.00055459	-0.013815	-0.0063668	-0.0033243	-0.0074661	-0.0045247	-0.0050058	-0.012576	0.0051835	-0.01037	-0.025209	-0.032314	-0.0078863	0.68608	-0.0069828	-0.0012473	0.22206	-0.0050322	0.01419	0.032422	-0.053241	0.55195	-0.016017	-0.03095	0.00458	-0.015466	-0.014503	-0.025394	0.0041886	-0.0022168	-0.0047079	-0.0081351	-0.041295	0.0015255	0.012516	-0.16001	0	0.0012481	0.29883	0.021028	-0.011335	-0.015466	0.0034687	-0.070536	0.0030522	-0.0067813	0.012376	-0.19437	-0.0087146	0.019223	-0.0042929	-0.023977	0.044574	0.003191	-0.014641	0.0053245	0.08653	0.00069327	-0.018628	-0.0044312	0.014051	-0.017826	-0.20523	0.0037465	-0.00060446	0.0089071	0.010703	-0.028628	-0.012438	0.0022193	-0.030813	-0.020138	0.0040243	0.0048579	-0.022332	-0.005261	-0.0015227	0.012795	0.00069327	-0.032274	-0.00013862	-0.0047079	-0.021235	0.0041632	1.2436	-0.031223	0.031014	0.0079175	0.0027745	0.011679	
Deletion Peak  1 - CN values	1p36.22 	chr1:10376685-11048651(probes 4178:4499)            	chr1:10471563-10634067(probes 4214:4302)            	chr1:10427929-10989345(probes 4196:4473)            	0.038807	   0.038807		Actual Copy Change Given	-0.0037395	-0.046989	0.0093098	-0.0008316	0.0375	-0.0031859	-0.018353	-0.016039	-0.04211	0.0090312	-0.022422	0.0065262	-0.0051773	0	-0.005814	0.01419	0.011261	-0.0016629	-0.70648	-0.00067107	0.0013868	-0.29839	-0.0049844	-0.0041546	-0.00097017	-0.0066432	0.0020357	0.022024	-0.021921	-0.005366	0.011818	-0.023977	-0.028218	-0.014228	-0.0027707	0.051672	0.0012481	-0.022744	0.0041632	0.0073609	-0.028765	-0.72128	0.50221	-0.48617	0.0012481	-0.053476	0.027638	-0.0048461	-0.091843	-0.048393	-0.033405	-0.28227	0.014609	0.0070826	-0.0089906	0.015168	-0.0029091	-0.00097017	0.003191	0.12447	-0.0026322	-0.051451	0.018843	-0.020275	-0.045093	0.017404	0.046685	0.0052145	0.003191	0.057511	-0.13368	0.024689	-0.0037395	-0.3113	-0.056981	-0.068797	0.042024	-0.12555	0.0050607	-0.007444	0.00597	-0.29118	0.0037465	-0.41838	-0.020762	-0.05496	-0.0015243	-0.22982	-0.031496	0.039478	-0.048338	0.0034687	-0.30145	0.0029133	-0.11809	0.17648	-0.02603	-0.0022206	-0.044957	-0.0012473	0.010424	0.018383	-0.00041585	0.008892	-0.1665	-0.016841	-0.0016629	-0.16828	-0.43386	-0.0016629	-0.44534	-0.051721	-0.0097495	0.016894	-0.030677	-0.010015	-0.03395	-0.035857	0.0027745	-0.074277	-0.042788	-0.028628	-0.053746	-0.6564	-0.00055444	-0.0019399	0.013353	-0.20585	-0.0047079	0.0030522	-0.0092666	-0.00055444	0.00069327	0.053094	-0.91995	0.0058309	-0.0034627	-0.010232	-0.0041546	-0.011309	0.0073609	-0.014366	-0.66272	-0.046177	-0.070135	-0.029311	-0.0076101	-0.015191	-0.21416	0	-0.014974	0.024548	-0.0098185	-0.0063215	-0.0083005	0.0080567	-0.06786	0.64799	-0.020961	0.0066273	-0.28869	-0.0033671	-0.0011087	-0.24058	-0.052261	-0.0017777	-0.52624	-0.34947	-0.0019399	-0.025483	-0.0076101	-0.16625	-0.017941	-0.05725	-0.0023553	-0.035402	0.0058309	0	-0.021371	-0.070001	0.00027728	-0.050177	0.0026357	0.0086135	0	0.0024969	-0.09644	0.058509	-0.25675	-0.00027724	-0.019314	0	-0.0069195	-0.0034627	-0.0055836	-0.046604	-0.086784	-0.00097017	-0.013196	0.0036076	-0.052472	-0.030267	0.0013868	0.00041513	-0.18484	0.00027728	0.047836	0.0015255	0.0015255	0.0076392	-0.038306	-0.36045	-0.0016629	-0.033572	-0.0019399	0	0.035524	0.044857	-0.12056	0.014051	0	-0.0063224	0.0021933	0.0055529	-0.057385	-0.0012473	-0.012576	-0.06719	-0.0043994	-0.31937	-0.00479	0.019923	-0.080905	0.013353	-0.0013684	-0.0083005	-0.020105	-0.026714	0.064654	-0.0029091	-0.011611	-0.023566	-0.0056757	-0.00013862	0.0022193	0	0.016006	-0.26504	-0.90548	-0.019726	0.040609	-0.018353	-0.12386	-0.065045	0.006109	-0.0046379	0.0065262	-0.061445	-0.4611	-0.039529	-0.015466	0.0038854	-0.019452	0.0029171	-0.88225	-0.029584	0.0038854	-0.050506	0.042307	0.0016642	0.013911	-0.03571	-0.010232	-0.029175	-0.026714	-0.024524	0.0086135	0.0012773	-0.03817	-0.14875	-0.030267	0	0.031859	0.10848	0.00083195	-0.0059253	-0.1069	-0.022195	-0.0022168	0	-0.014641	-0.017536	-0.073076	0.00597	0	-0.058462	-0.003385	-0.40915	-0.021921	0.0011558	-0.0020784	-0.00055444	-0.39619	-0.026886	-0.01409	-0.0027648	0.0045389	0.0038854	-0.32335	0	-0.020138	3.9595e-05	-0.12888	-0.0038779	-0.00013862	0.015899	-0.0099565	-0.032587	-0.037626	-0.032041	-1.0255	-0.039937	-0.60661	-0.12043	-0.038306	-0.00055444	-0.054286	-0.020001	-0.54462	-0.0024331	0.0010219	-0.032723	-0.027398	-0.10306	-0.0068278	-0.013773	-0.68158	-0.009437	-0.0071799	0.0070826	-0.019589	-0.011198	0.013522	-0.085457	0.015587	-0.23508	-0.017941	-0.0095426	-0.12486	0.023286	-0.00027724	-0.13858	-0.029584	0.00055459	-0.0044312	-0.0023553	0.0091705	-0.013692	-0.035721	-0.73486	-0.053816	-0.056038	0.037237	0.0040243	-0.016292	0.0091705	-0.00013862	-0.25673	-0.0047079	-0.018361	0.0026357	-0.0011795	0.015028	-0.022058	0.0012481	-0.12933	-0.0065592	0.036887	-0.0026322	0.0012481	0.0020805	-0.00071086	-0.00069303	0.0023581	-0.15702	-0.014778	0.023706	-0.0048461	-0.71435	-0.025072	-0.022585	0.019643	0.012376	0.0020805	0.0011093	0	0.014051	0.005645	-0.01037	-0.007472	-0.0060904	0	-0.0054678	0.0012481	-0.02151	-0.00013862	-0.0023553	0.00030066	-0.46281	-0.29508	0.020343	0	-0.0077482	-0.012162	0.012237	-0.015736	-0.00037088	-0.0011899	-0.0019399	0.0071302	-0.015329	-0.027124	-0.046177	0.0023581	-0.94875	-0.001184	-0.0055375	-0.014228	0.0054139	0.017264	0.024038	-0.062933	0.28232	0.00097064	-0.092081	0.0077783	0.012452	-0.01849	-0.024518	0.0043276	0.0069435	-0.00069303	-0.0044038	-0.047531	-0.0081624	-0.55677	-0.13781	-0.0013858	0.00041593	-0.1595	-0.063986	0	-0.0083005	0.0016642	-0.077878	-0.092345	-0.031223	0.0062481	0.043723	-0.0070576	0.0013868	-0.28335	-0.025072	0.045849	-0.0012473	-0.021921	-0.069686	0.017692	-0.0094046	-0.046989	-0.0016336	0.0024969	-0.015934	0.056471	-0.005814	0.0013367	0.0065413	-0.0019399	-0.005814	-0.04577	0	-0.412	-0.01409	0	0.0012481	-0.026714	-0.0024938	-0.00096848	-0.25201	-0.0012473	-0.033228	-0.0037395	-0.40684	-0.01904	-0.00097017	-0.28168	-0.069734	0.032422	-0.17284	-0.080275	0.0066653	
Deletion Peak  2 - CN values	1p31.3  	chr1:64179269-64979858(probes 34757:35493)          	chr1:64577916-64592684(probes 35056:35057)          	chr1:62936275-65705059(probes 33856:35863)          	0.0001769	  0.0001769		Actual Copy Change Given	-0.0037395	-0.00013862	0.0093098	-0.0008316	-0.0045695	-0.0031859	-0.018353	0.0022573	-0.0044312	-0.0083005	0.016194	-0.0038869	-0.0051773	0	-0.005814	0.01419	0.011261	-0.0016629	0.015866	-0.00067107	0.0013868	0.023847	-0.11077	-0.0041546	-0.00097017	0.0020805	-0.0036458	0	0.0022193	0.0023179	-0.0053053	-0.0040162	0	-0.63972	-0.0027707	0.0027745	0.0012481	0.0019418	-0.00013862	0.046417	0.0082262	-0.6772	-0.022195	-0.48617	0.0012481	-0.034223	-0.91115	-0.0022168	0.00055459	-0.064195	0.016146	-0.30293	-0.0030475	0.0070826	0.0023581	-0.0045099	-0.0029091	-0.00097017	-0.013929	-0.16064	-0.0026322	-0.0070576	-0.0003761	-0.020275	-0.022881	0.0018288	-0.0012966	0.0014304	-0.46982	-0.035312	-0.13368	-0.0036011	-0.0037395	-0.30498	-0.019726	-0.029311	0.0083351	0.06058	0.0050607	-0.007444	0	-0.74612	0.0032115	-0.47554	-0.013815	-0.11678	-0.00041585	-0.19199	-0.00069303	-0.70316	0.011261	0.0034687	-0.018216	0.0065262	-0.0036011	-0.77804	0.018943	-0.0022206	0.0073609	-0.0012473	0.0041632	-0.010489	-0.00041585	0.0030522	-0.0019399	0.0011093	0.013074	-0.16828	-0.43418	-0.0016629	-0.0095426	0.0040243	0.0011649	0.016894	-0.056577	-0.00013862	0.014609	-0.0019399	-0.032587	0.02511	-0.050911	-0.82481	-0.00041585	-0.061152	-0.00055444	-0.0019399	0.0055529	-0.24106	-0.00013862	-0.0031859	0.0022193	-0.00041585	0.00069327	0.053094	-0.010697	0.0058309	-0.0034627	0.0062481	-0.0041546	-0.4534	-0.40959	-0.0037395	-0.65975	-0.0081624	-0.014916	0.0076392	-0.86303	0.0036076	-0.21416	0	-0.00056259	-0.012576	-0.0098185	-0.0047079	-0.0083005	0.0080567	-0.06786	0.0022457	-0.0040162	0	-0.28869	-0.0033671	-0.0011087	-0.30534	-0.052261	0.002007	0.0049969	-0.33814	-0.00027724	0.033267	-0.50453	-0.15682	-0.017941	-0.74455	-0.0023553	-0.0092666	0.0058309	0	0.051898	-0.039609	0.00027728	0.011024	0.00051282	-0.00013862	0.0033299	-0.0074028	-0.05496	0.015168	-0.25675	-0.00027724	0.0011093	0	0.00055459	-0.0034627	-0.0055836	-0.02562	-0.031223	-0.00097017	-0.55161	0.0036076	0.027813	-0.31902	0.0013868	-0.0011095	-0.0022168	0.00027728	-0.0098185	0.0015255	0.0027745	0.0081959	0.0052749	-0.016154	-0.0026322	-0.03095	-0.0019399	0	-0.0011087	0.043913	-0.081339	-0.014228	0	-0.0018014	0.0021933	0.0055529	-0.0040162	-0.0012473	0.0038854	0	-0.0043994	-0.22318	-0.00479	-0.11822	-0.035549	0.013353	-0.0013684	0.020961	-0.025346	-0.0094046	-0.0023553	0.017264	-0.65445	0.010703	-0.0056757	-0.035585	0.0022193	0	-0.0047079	-0.5244	0.0016642	0.0072217	-0.005814	0.013492	0.051956	-0.0042929	-0.54199	-0.0046379	0.0086135	-0.061445	0.0026398	0	0.0077783	-0.81565	0.01433	0.0029171	0.0080583	-0.75444	0.0038854	-0.011625	0.034254	0.0016642	-0.71831	-0.015456	-0.010232	-0.041371	0.0029133	0.0077783	-0.0076734	0.0054139	-0.013264	-0.10473	-0.070421	0	0.0072217	-0.68487	0.00083195	-0.0012473	0.044872	-0.0025085	-0.0022168	0	0.011261	-0.017536	-0.031359	0.00597	0	0.010146	-0.003385	-0.1281	0.019223	-0.0027707	-0.0020784	-0.0086903	-0.23141	0.010285	0.0068044	0.00083781	0.0045389	0.0038854	-0.33401	0	0.003191	3.9595e-05	0.024548	-0.0038779	-0.00013862	0.0018357	0.0054139	0.015422	0.012097	0.0051452	-1.0509	-0.17348	0.017124	-0.14502	-0.012576	-0.00055444	0.017963	-0.74212	-0.5164	-0.0024331	0.0010219	0.0062481	-0.25019	0.0029133	-0.0068278	0.0026357	-0.00095089	-0.057013	-0.0022168	0.0059523	0.0070826	-0.011198	0.013522	0.0011093	-0.0013858	-0.95421	0.0065647	0.0024969	0.012097	-0.0053992	-0.00027724	-0.13858	0.011539	0.00055459	-0.0044312	-0.0057933	-0.0041546	0.0016931	0.0084743	-0.0015243	-0.0099565	-0.016704	0.02885	0.0040243	0.00069327	0.0094635	-0.00013862	-0.29094	-0.0047079	0.024962	-0.00097017	-0.0011795	-0.0067813	-0.020138	0.0012481	0.080532	-0.0013016	0.0064788	-0.0026322	-0.01354	0.0020805	0.00069327	-0.00069303	0.006109	-0.13626	-0.014778	0	-0.0048461	-0.25805	0.004719	0.020645	0.019643	0.055373	-0.0026322	0.0011093	0	-0.71542	0.005645	-0.01037	-0.007472	0.010564	0	0.00083195	0.0012481	-0.37583	-0.00013862	-0.0023553	0.00030066	-0.0020784	0.0080567	0	0	0.0020805	-0.012162	0.012237	-0.0070517	-0.00037088	-0.0011899	-0.21503	0.0071302	0.010982	-0.0040162	0.018943	0.0023581	0.034254	0.00021371	-0.0013858	-0.10972	0.0054139	0.024408	0.024038	-0.0036271	-0.026167	-0.29023	0.0086135	-0.012251	-0.024251	-0.0020784	0.0058378	0.0043276	-0.082269	-0.063032	-0.92255	0.0041632	-0.00027724	0.00083195	-0.15988	-0.0013858	0.00041593	-0.61153	-0.088786	0	-0.23496	0.0016642	0.013353	-0.23948	-0.0073339	0.0062481	0.0075	-0.0070576	0.0013868	0.17468	0.00097064	-0.00041585	-0.0012473	-0.098682	-0.04518	0.017692	-0.0094046	-0.046989	-0.0016336	0	-0.0026322	-1.1375	-0.10841	-0.12919	0.054961	-0.0019399	-0.005814	-0.04577	0	-0.40307	0.012934	0	0.0012481	-0.0011087	-0.0024938	-0.00096848	-0.028628	-0.0012473	0.0089332	-0.0037395	-0.39208	0.0040243	-0.0020784	-0.27009	-0.023338	-0.20374	-0.33676	-0.09512	-0.012438	
Deletion Peak  3 - CN values	1p22.1  	chr1:89934684-102878160(probes 50818:58643)        	chr1:92824237-92845319(probes 52472:52479)          	chr1:91905233-98751226(probes 52058:56044)          	0.0021613	  0.0021613		Actual Copy Change Given	-0.0037395	-0.00013862	-0.005261	-0.0008316	-0.0045695	-0.0031859	0.0029133	0	-0.0044312	-0.014433	0.016194	-0.0038869	-0.0051773	0	-0.005814	0.01419	-0.0070576	-0.0016629	-0.63311	-0.00067107	0.0013868	0.023847	0.00013863	-0.0041546	-0.00097017	-0.0022511	-0.0036458	0	0.0022193	0.0037465	-0.0053053	-0.69438	0	-0.61777	-0.0027707	0.0027745	0.0012481	-0.07714	-0.00013862	0.00097064	-0.01849	-0.6772	-0.029175	-0.48617	0.0012481	-0.034223	-0.010646	-4.8253e-05	-0.81999	-0.061286	-0.7584	-0.21688	-0.0044077	0.0070826	0.003191	-0.41608	-0.0029091	-0.00097017	-0.013929	0.0090312	0.008892	0.015168	-0.0003761	0.0044411	0.016146	0.0018288	0.0012481	0.0014304	-0.15311	-0.035312	-0.13809	-0.0036011	-0.0037395	-0.30745	-0.55567	-0.020549	-0.062092	0.010923	0.0050607	-0.007444	-0.017529	0.0073609	0.0053705	-0.48008	0.0040243	0.0024969	-0.00041585	-0.18081	-0.00069303	0.0081959	0.011261	0.0030522	-0.018216	-0.002895	-0.0036011	-0.77804	-0.3559	-0.0022206	0.00597	-0.0012473	0.0041632	-0.010489	-0.00041585	-0.43246	0.00097064	0.0011093	-0.00014099	-0.16828	-0.43418	-0.0016629	-0.0095426	0.00013863	0.0011649	0.0042127	-0.0016629	-0.00013862	-0.20112	0.0056919	-0.047703	0.026795	-0.021835	-0.82619	0.019083	-0.098945	-0.00055444	-0.0019399	0.0055529	-0.24106	-0.00013862	-0.0031859	0.0022193	-0.00041585	0.00069327	0.057939	-0.024269	0.0058309	-0.0034627	0.0062481	-0.0041546	-0.0038989	-0.0501	-0.29603	-0.015329	0.020623	-0.017666	-0.014641	0.06537	0.0036076	-0.21416	0	-0.002888	-0.012576	-0.0098185	0.0024969	-0.0083005	-0.054555	-0.06786	0.0022457	0.014609	0	-0.28869	-0.0033671	-0.0011087	-0.31599	-0.052261	0.002007	0.0049969	-0.33814	-0.00027724	0.00097064	0.011261	-0.19099	-0.010646	0.060365	-0.0023553	-0.7131	0.0058309	0	0.011324	0.0019418	0.00027728	0.011024	0.00051282	-0.00013862	0.0033299	-0.0074028	-0.77956	-0.0022168	-0.25675	-0.00027724	0.0011093	0	0.00055459	-0.27176	-0.0055836	0.015308	-0.024798	-0.00097017	0.0097966	-0.0038779	-0.23566	-0.3304	-0.0011566	-0.0011095	-0.0022168	0.00027728	-0.0098185	0.0015255	0.0027745	0.0048579	-0.095648	-0.26432	-0.0026322	-0.03095	-0.0019399	0	-0.010094	0.043913	-0.081339	-0.014228	0	-0.0018014	0.0051033	0.0055529	0.017404	-0.0012473	0.0038854	0.027638	-0.0043994	-0.22318	-0.00479	0.0062481	-0.015568	-0.0059522	-0.0013684	0.020961	-0.025346	-0.0094046	-0.0023553	-0.0018014	0.00069327	0.010703	-0.0056757	-0.3651	0.0022193	0	-0.0047079	-0.5244	0.032422	0.0072217	-0.013677	-0.31716	0.051956	0.016565	-0.00013862	-0.0046379	-0.39035	-0.061445	0.0026398	0	0.0077783	-0.0067813	0.01433	0.0029171	-0.87017	0.0076392	0.0038854	-0.011625	0.0037465	0.0016642	-0.68915	-0.015731	-0.010232	-0.041371	0.0029133	0.012516	0.0032288	0.0012481	0.01433	-0.14039	-0.062898	0	0.0072217	0.082762	0.00083195	-0.0089906	0.10861	0.00055459	-0.0011087	0	0.014609	-0.017536	-0.080275	0.00597	0	-0.55136	-0.003385	-0.17828	-0.028901	-0.0027707	-0.0027707	-0.0092228	0.0027745	0.010285	-0.73591	0.00083781	0.0045389	-0.00097017	-0.33413	0	0.003191	3.9595e-05	-0.0080244	-0.0038779	-0.00013862	-0.0031588	0.0054139	0.010546	-0.47046	0.0051452	0.024548	0.0027745	-0.0055375	-0.084793	-0.014641	-0.00055444	-0.67665	-0.0049844	-0.62855	-0.0024331	0.0010219	0.0062481	-0.00069303	0.0011093	0.0010367	-0.41996	-0.00095089	-0.057013	-0.0022168	-0.34939	0.0070826	0.006109	0.013522	0.029466	-0.0013858	-0.24229	0.0065647	0.0024969	-0.011198	-0.0023553	-0.00027724	0.020203	-0.07401	0.00055459	0.0034472	-0.0057933	-0.0041546	0.0016931	0.0054714	-0.0015243	0.0068044	-0.016704	0.019102	0.0040243	0.00069327	0.00021622	-0.00013862	-0.29094	-0.0047079	-0.019047	-0.00097017	-0.0011795	-0.0067813	-0.015329	0.0012481	0.042665	-0.0013016	0.00011335	-0.54199	-0.01354	-0.0042145	-0.00041585	-0.00069303	0.006109	-0.3634	-0.00055444	0	-0.0048461	-0.30792	-0.72544	0.020645	0.019643	0.055373	-0.20908	0.0011093	0	-0.71542	0.005645	-0.01037	-0.007472	-0.36646	0	0.00083195	-0.40141	-0.40274	-0.00013862	-0.10802	0.00458	-0.0020784	0.0080567	-0.026441	0	0.0020805	-0.012162	0.012237	-0.0070517	-0.00037088	-0.0011899	0	0.0071302	0.010982	-0.0040162	-0.40849	0.0023581	-0.94883	0.00021371	-0.0013858	0.015587	-0.62789	0.024408	0.024038	0.023109	-0.024661	-0.29023	0.0086135	-0.014228	-0.024251	-0.0020784	0.0058378	0.00071866	-0.0020784	-0.0031634	-0.0045422	-0.047124	-0.00027724	0.00083195	-0.15988	-0.0013858	0.00041593	0.26153	-0.094738	0	0.0084743	0.0016642	-0.82138	-0.10788	-0.015191	0.0012025	0.0075	-0.0070576	0.0013868	0.16475	0.0055529	-0.00041585	-0.0012473	-0.098682	-0.04518	-0.0055297	-0.0094046	-0.016154	-0.0016336	0	0.017124	0.24669	0	0.0017529	-0.00053943	-0.0019399	-0.0065288	-0.046177	0	0.016845	-0.0042929	0	0.0012481	0.0086768	-0.0024938	-0.00096848	-0.028628	-0.0012473	0.013115	-0.0020784	-0.39208	0.0040243	-0.0059522	-0.27009	-0.023338	-0.014641	-0.018628	-0.0031859	-0.012438	
Deletion Peak  4 - CN values	1q23.1  	chr1:156571331-174800071(probes 71927:84392)      	chr1:157121158-157779792(probes 72219:72669)      	chr1:157096956-157169178(probes 72201:72244)      	0.10601	    0.10601		Actual Copy Change Given	-0.0037395	-0.00013862	-0.006505	-0.0008316	0.028763	-0.0031859	0.022024	-0.0034248	-0.0044312	0.38502	0.58799	-0.0038869	0.0058309	0	-0.005814	0.010424	-0.0087146	0.0070826	-0.025893	-0.00067107	0.0013868	0.017124	0.00013863	-0.0041546	-0.00097017	-0.0022511	-0.0036458	0	0.0012733	-0.0052082	-0.0053053	0.25281	0.3022	0.0063266	-0.036401	0.048262	0.0012481	-0.010094	-0.00013862	0.00097064	-0.0040828	-0.0038779	-0.0008316	0.3145	0.0012481	-0.034223	0.0029133	-0.00069303	-0.065179	-0.061286	-0.0030475	0.031577	-0.008667	0.00445	0.003191	-0.013264	-0.0029091	-0.00097017	-0.0053992	-0.19387	0.033127	0.48337	-0.90074	0.0044411	-0.018216	-0.0022538	0.0012481	0.0014304	-0.0016629	0.10337	0.27537	-0.0036011	-0.0037395	0.69409	-0.0060904	-0.040209	0.012097	0.16453	-0.00097017	-0.007444	0.24031	0.0073609	0.0053705	0.038347	0.0040243	0.0024969	-0.00041585	-0.13018	0.0024969	0.0081959	-0.079343	0.00069327	0.25402	-0.0020784	-0.0062286	0.24996	-0.0048461	-0.0022206	-0.017666	-0.0012473	0.0041632	0.00069327	-0.00041585	-0.001734	0.00097064	0.0011093	-0.00014099	0.057368	-0.0016403	-0.28976	1.2689	-0.0098185	0.0011649	0.0032405	-0.019314	-0.00013862	-0.012162	-0.0076101	0.00458	0.02525	-0.025756	-0.005261	0	0.043015	-0.00055444	-0.0019399	0.0043021	-0.57407	-0.00013862	0.68347	0.0022193	-0.00041585	0.00069327	-0.06786	-0.89181	0.0058309	-0.11717	-0.0079855	-0.0041546	0.001803	0.032845	0.00041593	0	-1.2929	-0.03095	0.011121	-0.010922	0.0036076	0.010982	0.020063	-0.016899	-0.012576	-0.0098185	0.0024969	-0.75694	0.0020805	-0.06786	0.0022457	-0.59818	0	0.012655	-0.0033671	-0.0011087	0.20962	-0.32971	0.002007	0.0049969	0.024368	0.0013868	-0.94671	0.004719	-0.082934	-0.0098185	-0.0013858	-0.0023553	0	0.0058309	0	-0.015743	0.03031	0.00027728	-0.66712	0.00051282	0.0012481	0.0033299	0.0029133	0.079591	0.0077783	0.2714	-0.00027724	0.0011093	0.046275	0.00055459	-0.0029091	-0.0055836	0.015308	-0.058419	-0.00097017	0.00090065	-0.0026322	-0.48772	-0.010508	-0.0011566	-0.0011095	-0.0038708	0.00027728	0	0.0015255	-0.74542	0.0048579	-0.0073339	0.17302	-0.0083005	0	-0.0019399	0	0.031436	-0.0053992	0.0034687	-0.012162	0	-0.0018014	0.008892	0.0055529	-0.84331	-0.050911	-0.20025	-0.0089906	-0.0029091	0.018243	-0.00479	0.014051	-0.041667	-0.00041585	0.031155	-0.041653	-0.025346	-0.0094046	0.027778	-0.0018014	0.00069327	-0.0023553	-0.0056757	0.0039087	0.0022193	0	-0.0047079	0.35235	0.04883	0.0072217	0.0097276	0.0036076	0.051956	-0.0073339	-0.00013862	-0.0046379	-0.0029091	0.1462	-0.0092626	0.65885	0	-0.0067813	-0.15975	0.0029171	0.0036092	0.0076392	-0.000161	0.011958	0.0037465	-0.0033046	0.0029133	-0.015731	0.011539	-0.04447	-0.022332	-0.010734	0.0032288	0.0012481	-0.083333	-0.13109	0.54647	0	0.0072217	0.094927	0.00083195	-0.055095	-0.050737	-0.027535	-0.0011087	0	-0.03293	-0.0070654	0.74632	0.00597	-0.0047079	-0.054016	-0.003385	0.019503	-0.031768	-0.0044866	-0.0027707	0.0013868	-0.37538	-0.017116	0.0066653	0.0070885	0.0045389	-0.00097017	0.03014	0	0.003191	0.58095	-0.8982	-0.0038779	-0.00013862	-0.014033	-0.0012473	-0.0063668	-0.35761	0.0075	0.061651	-0.018902	-0.0055375	0.0055529	-0.014916	-0.00055444	0.0079175	-0.0020784	-0.64104	-0.0024331	0.053147	-0.01904	-0.00069303	0.003191	0.0010367	-0.00013862	-0.00095089	-0.060377	-0.0022168	0.003191	-0.6215	-0.011749	0.013522	-0.48535	0.0040243	0.017683	0.0065647	-0.0023553	-0.011198	-0.24107	-0.00027724	0.0056919	0.013353	0.00055459	0.0034472	-0.0057933	-0.0041546	0.0016931	-0.00041585	0.0083351	-0.16256	0.53731	0.019102	0.0040243	0.00069327	0.00021622	-0.00013862	0.017824	0.023566	-0.026995	-0.00097017	-0.0011795	0.79084	-0.0026322	0.0012481	0.020836	-0.0013016	-0.010003	0.00013863	0.0026357	-0.0042145	0.00083195	0.27096	0.00069327	0.48923	-0.00055444	0.0044411	-0.0048461	0.24	-0.75986	-0.037563	-0.0023553	-0.067726	-0.0011087	-0.00041585	0	0.010146	0.0046721	-0.30357	-0.007472	0.004719	0	0.00083195	0	-0.0051227	-0.00013862	-0.0027707	-0.0070576	-0.0020784	0.0080567	0.021323	0	0.072109	-0.018878	0.012237	-0.0070517	-0.00037088	-0.0011899	0	-0.0028575	-0.0038779	-0.041295	0.0037465	0.0023581	-0.027535	-0.0076591	-0.0015243	0.027357	-0.0029091	0.024408	0.024038	0.0014897	-0.033405	0	0.49874	-0.014228	-0.024251	-0.0020784	-0.11246	0.00071866	-0.0026322	-0.0031634	0.0016917	-0.018926	-0.00027724	0.00083195	-0.12317	-0.0013858	0.00041593	0.29772	0.90369	0	0.45241	0.00077098	0.0056919	0.30441	-0.0016629	0.0012025	-0.055903	-0.0070576	0.0013868	0.16475	-0.46078	-0.00041585	-0.0012473	-0.0063668	-0.04518	-0.0055297	-0.0094046	-0.016154	0.0013868	0	-0.0091286	0.24669	0	0.00064322	-0.00053943	-0.0019399	-0.0065288	0	0	0.016845	-0.0042929	0	0.0012481	-0.023018	-0.0024938	-0.00096848	-0.032723	-0.0015243	-0.022018	-0.0020784	0.029325	-0.024524	-0.0059522	0.086644	-0.022195	-0.18722	0.0027745	-0.0031859	-0.018902	
Deletion Peak  5 - CN values	1q42.3  	chr1:224740267-237043888(probes 116288:124221)    	chr1:234598910-234616557(probes 122632:122638)    	chr1:220179775-240276684(probes 113430:126793)    	1.6805e-06	 1.6805e-06		Actual Copy Change Given	-0.0037395	-0.00013862	-0.006505	-0.0008316	-0.0044312	-0.0031859	0.0027745	0.00045394	-0.0044312	0.0081959	-0.68083	0.00069327	0.012516	0	-0.005814	0.010424	0.0026357	-0.0022168	0.0044411	-0.0017794	0.0013868	-0.0063668	0.00083195	-0.42833	-0.00097017	-0.0011087	-0.0036458	-0.0079561	0.00028847	0.0012481	0.001803	-0.71506	0.31386	0.0063266	-0.18295	-0.0038779	0.0012481	-0.0073339	0.00083195	-0.00027724	0.0011093	-0.0123	0.88686	0.3145	0.0012481	-0.15541	-0.1995	0.003191	0	-0.061286	0	0.018103	-0.009168	-0.0029087	-0.0067813	-0.59973	-0.0029091	-0.00097017	-0.0045695	0.046417	-0.3432	-0.53956	-0.040034	0.00083195	-0.84395	0.00055459	0.010424	0.0014304	-0.0016629	0.081466	0.27426	-0.0081624	-0.0037395	0.66678	-0.058866	-0.029994	0.0041632	0.078335	-0.00097017	-0.007444	-0.083997	0.74119	-0.0012473	0.032243	0.0040243	-0.060211	-0.00041585	0.32093	0.0024969	0.026514	-0.0094046	0.00069327	0.24249	-0.0020784	-0.0062286	0.21514	-0.53885	-0.01904	-0.67334	-0.42896	0.0041632	0.00027728	-0.00041585	-0.35601	0	0.0011093	-0.0036011	0.054945	-0.0016403	-0.0018014	1.2483	-0.012162	0.00097064	0	0.00597	-0.0060644	-0.0018014	-0.024798	0.0068044	-0.76046	-0.031905	0.0052749	-0.0036011	0.043015	-0.00055444	-0.0019399	0.0043021	0.1202	0.0040243	0.66808	-0.30087	0.0043021	-0.52184	-0.06786	-0.038455	0.0041632	0.0037465	0.00058309	-0.0047079	0.001803	-0.0048461	-0.22527	0.0083351	0.0016642	-0.047666	0.0044411	-0.86617	0.005721	0.010982	0.011539	-0.016211	-0.012576	-0.0098185	0.0024969	-0.006903	0.0020805	-0.06786	0.0022457	0.0093098	-0.0007226	0.012655	-0.0033671	-0.0011087	0.24156	-0.040616	0.004719	-0.51331	0.017963	0.0013868	-0.020961	-0.0015243	-0.10985	-0.66467	0.043157	-0.0023553	0	0.0076392	0	-0.067666	0	-0.00027724	-0.63685	-0.00027724	0.0012481	0.0033299	0.0052749	-0.57308	0.024408	0.2714	-0.00027724	-0.46674	-0.045499	0.00055459	-0.0048099	-0.0073339	-0.014503	-0.060614	-0.38962	0.00090065	-0.041702	-0.006609	-0.0022168	0.0024969	-0.0070584	0.006109	-0.015614	0	-0.0016241	0	0.0048579	-0.016292	0.20631	0.00027728	0	-0.0019399	0.0022193	-0.97679	-0.11312	-0.00013862	-0.012162	0	-0.0018014	0.0075	0.0055529	-0.046718	0.003191	-0.0031859	-0.023248	-0.0029091	0.02852	-0.010474	-0.14052	0.063404	-0.60206	0.0029133	0.019643	-0.025257	0.60932	-0.75487	-0.0018014	-0.6769	-0.0023553	0	0.0034687	0.0022193	0	-0.36884	0.32382	-0.012162	-0.0098185	0.010982	0.0036076	0.034113	-0.01037	-0.00013862	-0.0046379	-0.052008	0.11724	-0.0092626	0.65885	0	0.0043021	0.0013868	0.0029171	-0.91447	-0.00097017	0.011958	0.011958	0	-0.0033046	-0.069198	-0.014905	-0.095912	-0.04447	-0.010366	-0.020119	-0.0024938	-0.0029469	-0.01106	-0.11704	0.51821	0	0.0076583	0.10628	0.00083195	-0.0049844	-0.031729	-0.00041585	0.013911	0	-0.019452	-0.018537	-0.065984	-0.00088979	-0.0047079	-0.5719	-0.0033243	0.015587	-0.042652	-0.0044866	-0.0027707	0.0013868	-0.00097017	-0.0036011	0.0060994	-0.3921	0.0045389	-0.00097017	0.022556	-0.067458	-0.0094046	0.58095	-0.0074866	-0.0038779	-0.00013862	-0.0036882	-0.0019399	-0.0055375	-0.014778	0.018261	-0.17134	-0.026988	0.0093098	0.0055529	-0.0099565	-0.00055444	-0.023155	0.0026357	-0.0044312	-0.0024331	0.054998	-0.013677	-0.015456	-0.022606	0	-0.42506	-0.00095089	-0.060377	-0.0022168	0.003191	-0.0031859	-0.58726	0.030964	-0.012024	0.0012481	0.0051359	-0.0014354	0.00055459	0.010233	0.0022193	-0.00027724	-0.30498	0.0012481	-0.00071594	-0.0088775	-0.0056757	-0.0041546	0.0016931	-0.00041585	-0.21491	-0.016294	0.56825	0.019382	0.0040243	0.00041593	0.00069327	-0.0041546	-0.33006	0.024829	-0.012996	-0.00097017	0.00041593	0.79084	-0.026988	0.0012481	-0.08313	-0.0013016	-0.053927	-0.54844	-0.0069195	-0.0042145	0.00083195	-0.5294	-0.0022822	0.49251	-0.30569	-0.073476	-0.0048461	0.074408	-0.0047992	-0.0078648	-0.0023553	-0.032178	-0.0011087	-0.00041585	0.0040891	0.010146	0	0.0022193	-0.0033243	-0.0049844	0	0.00083195	0	0.0054139	-0.0055312	-0.091023	-0.0070576	0	0.0080567	-0.4806	-0.0013858	0.072109	-0.019177	0.012237	-0.0070517	-0.00023227	-0.0011899	-0.94284	-0.0014769	0.0019418	-0.041295	-0.42713	0.00069327	-0.029857	-0.61465	-0.0038779	0.036088	-0.0029091	0.0019418	0.023011	-0.0093557	0.5338	0	0	0.0051094	-0.87143	-0.0020784	-0.0016561	0.085092	-0.0030475	-0.54905	0.0016917	-0.035993	-0.00027724	0.00083195	-0.14116	-0.0013858	-0.0087146	0.24747	0.89869	0	0.48268	0.001803	0.012655	0.66567	-0.019863	0.0012025	-0.057116	0.0033299	-0.0033243	0.17513	-0.0013858	-0.00041585	0.0036076	0.012237	-0.04518	0.019511	-0.0094046	-0.57239	0.0013868	-0.0063668	-1.011	0.24669	0.0016642	0.00036589	-0.0055225	-0.0019399	0.0020805	0	-0.011473	0.021744	-0.0042929	0	0.0012481	-0.059673	-0.0024938	-0.00096848	-0.032723	-0.0015243	-0.0146	0.0020896	0.018808	-0.00030284	-0.0065776	0.13998	-0.023429	-0.00073505	-0.33886	-0.0008316	-0.018902	
Deletion Peak  6 - CN values	2p21    	chr2:30642183-63068580(probes 149937:168284)        	chr2:43026421-43043755(probes 156704:156707)        	chr2:42638949-43657917(probes 156436:157052)        	0.048854	   0.048023		Actual Copy Change Given	0.0023581	0.0013868	-0.038442	0.0022193	0	-0.053476	-0.0044878	0.005313	0.0016642	0.0049969	-0.0046601	-0.8922	0.0026357	0.00083195	-0.0044312	0	0.0019418	0.0030522	-0.37797	-0.00035687	-0.0045695	-0.0015243	0.0084743	0.0020805	0.001803	-0.0018785	0.0039795	-0.0026322	0.0034687	-0.14142	0.00041593	-0.005261	0.023987	0.00597	-0.00041585	-0.7916	0.009498	-0.086916	0.0030522	-0.10933	0.00097064	-0.0059522	-0.0037395	-0.34223	-0.0008316	0.02806	0.088018	-0.0052916	-0.8405	0.0093098	-0.61643	-0.15771	-0.0013858	-0.00027724	-0.23092	-0.10224	-0.00097017	-0.0015243	0.00097064	-0.20983	0.01447	-0.041567	-0.003423	0.013074	0.015587	-0.58461	-0.029721	0.0070222	-0.0034627	0.012237	0.010592	-0.0029091	-0.00069303	0.47084	-0.10063	0.001803	0	0.049222	-0.012713	0.0018311	-0.15418	-0.0088526	0.0027745	0.44426	0.0114	0.00013863	0.0022193	-0.175	0.006109	0.029184	-0.0092666	0.0041632	0	0.00036183	0.0040243	0.066802	-0.0017285	0.021323	0	-0.0056757	-0.0031859	-0.0045695	0.0027844	-0.0027707	0.00069327	-0.00041585	0.00076449	0	0.0093324	0.0020805	0.39496	-0.0083005	0.0019418	0.0028239	-0.0032321	-0.0042929	-0.77184	-0.030827	0.0024969	0.032704	0	0.00597	0.020063	-0.0051227	0.001803	0.0068044	0.0040243	0.072396	-0.068261	-0.013677	0.0054139	0.0015255	0.028763	-0.086253	-0.025072	-0.0016629	0.00041593	0.001803	0.0012481	0	-0.0015243	-0.0018014	-0.005261	0	0.73967	-0.029721	-0.87315	0.00037762	-0.21193	0.013213	0.0026195	0.069669	0	-0.3634	0.01433	-0.0012473	-0.16205	0	-0.059269	-0.0019777	-0.29367	0.0014826	0.00027728	-0.12395	0.0049969	-5.7828e-05	-0.51414	0.0029133	-0.0011087	0.00027728	0.004719	0.081466	0.013632	-0.020138	0.00083195	-0.72958	-0.0027707	-0.0020784	-0.024695	-0.26348	-0.0033243	0	-0.0020784	0.00041593	0.0097276	-0.0015243	-0.2714	0.0081959	0.003026	0.0015255	0.0016642	-0.005814	-0.00055444	0.0013868	-0.45693	0.0036076	0.18662	-0.0008316	0.0010393	-0.0015243	-0.0068853	-0.32263	-0.0012473	-7.975e-07	0.0011093	-0.00097017	-0.0019399	0.0016642	0.0038166	-0.0071958	0.0037465	-0.03173	0.022444	-0.051928	0.0030522	0.0038854	-0.0028157	0	0	0.0023581	0.001803	0.0034687	0.00097064	0.00041593	-0.017941	0.0030999	0.07369	-0.0027707	0.0022193	-0.0081624	-0.0031297	-0.00027724	0.023322	0	0.5865	-0.015466	-0.017254	0.022585	-0.74281	-0.0026322	-0.0037395	0	0.0017702	-0.37324	-0.00027724	-0.0027707	-0.0013858	0.0081959	-0.85536	0	-0.10592	0.014609	0.034818	-0.0034627	0.0012481	-0.035652	-0.005261	-0.059159	0.0022234	-0.13523	-0.0011087	0.0027745	0.013492	-0.15796	-0.0021747	0	-0.091552	-0.55056	0.0027745	-0.0008316	-0.0011087	-0.0015135	-0.018673	-0.0066432	0.0026357	-0.00013862	-0.59633	0	0.0097276	0.035524	-0.042245	0.0041632	-0.060211	-0.29898	0.0013868	0.0011093	-0.027955	0.0010087	-0.73862	-0.0011087	-0.0048461	0.78503	-0.068663	-0.0034627	-0.0033243	-0.58696	-0.0020784	0.026514	0.00597	0	0.0019418	-0.00097017	-0.37943	-0.005261	-0.0024938	0.001861	-0.00069303	0.0015255	-0.01219	-0.0040162	0.010842	0.00016193	0.027919	0.0030522	-0.014641	-0.41734	-0.00027724	0	-0.25552	-0.075612	0.013911	0.0062481	-0.0022168	-0.072408	0.0024969	-0.00069303	-0.10762	0.0052749	0.028622	0	-0.0034116	0.01447	0	-0.29331	0.0017303	0	-0.0033051	0.0034362	0.0027745	0.0015255	-0.0051769	-0.067324	0.00073508	-0.021921	-0.0024938	-0.082137	-0.0024938	-0.0012473	0.077286	0.00041593	-0.098023	0.013213	0.0041632	-0.0040831	0.0013868	0.0012481	-0.0024938	-0.00024843	0.0052749	-0.01037	0.11932	-0.6508	-0.17333	0.00041593	-0.54351	0.0033299	0.00083195	0.21146	-0.28442	0.011114	-0.00069303	-0.0039746	-0.010232	0.12712	-0.21094	0.052316	0.0027201	0.01512	-0.006505	-0.59867	-0.00010549	-0.00055444	0.0029133	-0.00097017	-0.28739	0.00039302	-0.0015243	0.0020805	-0.28144	0.022164	-0.0082867	0.11521	-0.053341	-0.0023553	-0.0026294	-0.0076997	-0.44491	-0.0017095	0	0.0038854	-0.0071548	0.0036076	-0.057654	-0.05037	0.003191	-0.00097017	-0.076812	-0.0016629	-0.0059522	0.014589	-0.0095426	-0.00027724	-0.0042929	0.0043021	-0.10565	-0.015185	0.005876	0	0.00097064	0.0033774	-0.0049844	0.017264	-0.069734	-0.0048461	-0.087447	-0.30867	-0.014366	-0.15183	0.0019418	-0.42101	0.020596	-0.0062643	-0.086386	-0.0029091	0.010146	-0.0034627	0.13406	0	0.0022261	-0.0048208	-0.015054	-0.0010041	0.0073884	0.0087528	-0.005261	0.00097064	-0.1698	0.0019418	0.0055529	-0.024798	0.0061896	-0.0037395	-0.016841	-0.1609	-0.082137	0.081322	-0.013013	-0.00097017	0.0097276	0.001803	-0.0038779	-0.01409	0.003191	0.0072217	0	0.00027728	0.036421	-0.0051149	0.00079964	-0.0062794	0	0.016425	0.0062481	-0.0037395	0.0028408	0.00036589	-0.0069045	-0.13928	-0.0026322	-0.068395	-0.0035252	-0.37842	-0.0007252	-0.00013862	-0.00097017	0.010842	0.0034687	0.004026	-0.0020784	0.32947	0.0030932	-0.18974	0.0072217	0.00041593	0.003374	-0.039394	-0.0077794	0.0049969	-0.00097017	0.0033299	-0.016841	
Deletion Peak  7 - CN values	2q14.2  	chr2:113638793-138311045(probes 191583:204015)    	chr2:120460718-120467808(probes 195199:195202)    	chr2:115229038-181288062(probes 192494:229851)    	1.3009e-10	   0.050061		Actual Copy Change Given	0.00074021	0.0013868	-0.0037395	0.006109	0	-0.0091286	0.0016642	0.005313	0.003217	0.0049969	0	0.0076392	-0.0045922	0.00083195	-0.0044312	-0.0030475	0.0019418	0.0030522	-0.22773	-0.00063344	-0.016527	-0.90692	0	-0.00091972	-0.0062196	0.0013868	-0.041611	-0.0026322	-0.62007	0.0055529	0.00041593	-0.005261	0.021833	0.0054139	0.00027728	-0.016567	0.009498	-0.021647	-0.00069303	0	-0.0031859	-0.009381	-0.24326	-0.16988	-0.0008316	-0.18131	-0.87883	-4.416e-05	-0.84521	0.0093098	0.0030522	-0.15656	0	-0.00027724	0.004719	-0.36164	-0.00097017	-0.0015243	0.00097064	0.20213	-0.3371	-0.14695	-0.003423	-0.010508	-0.79803	-0.0030475	-0.029311	0.0041029	-0.0040722	-0.0070576	-0.29568	-0.0029091	-0.00069303	-0.12239	-0.63263	-0.90502	-0.35236	-0.051653	-0.012713	0.0018311	0.31482	-0.036265	0.0027745	-0.46142	0.013772	-0.0020784	0.0022193	-0.43257	0.0034687	-0.70845	-0.79828	0.0041632	0	0.00013863	0.0040243	0.066802	-0.0017285	-0.22883	-0.044551	0.0033299	-0.0031859	-0.0045695	-0.0042929	-0.00069303	0.00069327	-0.00041585	0.00076449	0	-0.90015	0.0020805	-0.54361	0.006109	-0.0053093	0.0028239	-0.0011087	-0.0042929	0.092025	0.35757	-0.5129	-0.77158	-0.98315	0.00597	-0.015879	-0.0051227	0.001803	0.0068044	0.0048722	-0.61518	-0.00013862	-0.013677	-0.32693	0.0015255	0.039195	-0.093667	-0.22404	-0.12525	0.00041593	-0.016841	-0.21688	0	-0.036733	-0.005072	0.068091	0	0.011121	-0.10946	0.063509	-0.31205	-0.20488	-0.0055375	-0.017174	0.069669	0	0.003191	-0.20423	-0.0012473	-0.18433	0	0.0083351	-0.0019777	0.0063871	0.0014826	0.00027728	-0.14952	0.0046391	-5.7828e-05	-0.016704	-0.7304	-0.0011087	-0.046989	0.0015375	0.045708	-0.34263	-0.025643	0.00083195	-0.013226	-0.0027707	-0.0020784	-0.047082	-0.27822	0.0015255	0	-0.0020784	-0.0012992	-0.28316	-0.0080244	-0.32785	0.030873	0.003026	0.0024969	0.0016642	-0.005814	0.0019418	0.0013868	0	-0.63774	0.14656	-0.0008316	0.0039542	-0.0015243	-0.043297	0.008892	-0.0012473	-7.975e-07	0.0011093	-0.00097017	0.0086135	0.0016642	0.00083195	-0.0071958	-0.52981	-1.1499	0.019223	-0.010094	0.0030522	0.004719	0.052525	-0.042788	0	-0.0063668	0.001803	0.0034687	-0.00018092	0.00041593	-0.054016	0.0063871	0.07369	-0.0088526	0.00080988	0.008892	-0.00035956	-0.0033243	-0.032415	0.006109	-0.046583	-0.01409	-0.017254	-0.084395	-0.61018	-0.0026322	-0.0037395	0	-0.0015243	-0.0077482	-0.00027724	-0.0027707	-0.0013858	0.0081959	0.015028	0	-0.0033243	0.0036076	-0.024935	-0.036946	-0.0016629	-0.049085	-0.026441	-0.16293	-0.10906	0.0087528	-0.0011087	0.0027745	-0.68533	-0.19525	-0.0035996	0	-0.00027724	-0.53815	-0.0094239	-0.0008316	-0.0015243	-0.0015135	-0.013956	-0.0066432	0.0034687	-0.011335	0.0044411	0	-0.52767	-0.63036	-0.050506	-0.0024938	-0.060211	-0.31167	-0.0059522	-0.067592	-0.10349	-0.0036011	0.015028	-0.0011087	-0.032587	-1.0047	-0.067592	-0.0034627	0.0012481	-0.58882	-0.00097017	0.062651	0.00597	0	0.0019418	-0.00097017	0.0037465	0.0029133	-0.027945	0.0034746	-0.00069303	0.0015255	-0.012604	-0.0041546	0.010842	0.0040243	-0.86727	0.0030522	-0.014641	-0.0071444	0.0023581	0	-0.32565	0.0056919	0.015168	-0.5291	-0.0022168	0.022164	-0.014366	-0.00069303	0.012934	-0.70379	-0.020549	0	0.00032853	-0.85679	0	-0.96488	0.0017303	0.0013868	-0.0033051	0.0034362	0.0027745	0.0033299	0.0038854	-0.0018014	0.0052749	-0.069064	-0.0024938	-0.083465	-0.0024938	-0.0012473	0.077286	0	0.0022193	-0.028491	0.0043021	-0.0040831	0.0013868	0.0012481	-0.0024938	-0.00024843	-0.25998	-0.1623	0.11932	0.00097064	-0.30696	0.00041593	0.00097064	-0.0014311	0.00083195	0.26654	-0.00041585	0.0030446	-0.047936	-0.0027707	-0.23264	0.037217	-0.20772	0.029962	-0.37114	-0.014688	-0.54623	-0.0094046	0.0026357	0.00013863	-0.19462	-0.00097017	-0.30921	-0.0076101	-0.0015243	-0.03054	-0.27731	-0.70217	-0.0082867	-0.0069195	-0.31856	-0.0023553	-0.0083395	0.066009	-0.025209	-0.84766	0	-0.39797	-0.49611	0.0036076	-0.0003616	0.0024969	0.003191	-0.00097017	0.012934	-0.0016629	-0.00097017	0.014589	-0.0095426	-0.00027724	-0.0042929	0.00073866	-0.00055444	-0.015185	-0.0088387	0	-0.0033243	0	-0.016841	0.017264	0.0056919	-0.0056757	-0.42778	-0.0051861	-0.51712	0.069382	-0.0046701	0	-0.10026	-0.007922	-0.0096806	0.001803	0.011261	-0.0040162	0.13406	0	0.0022261	-0.0048208	-0.015054	0.00069327	0.0073884	-0.0042929	0	-0.0026322	0.044574	0.0019418	0.0011093	0.070863	0.0061896	-0.0037395	0.20396	0.00017717	-0.02603	-0.8364	-0.012851	-0.00097017	0.0097276	0.001012	-0.0033243	-0.01409	-0.05752	0.0072217	0	-0.0036011	0.036421	0.0027824	0.00079964	-0.025756	0	0.016425	-0.98709	-0.042788	0.0028408	0.00036589	0	-0.0003332	-0.0026322	-0.0026301	-0.050776	-0.37538	0	-0.048748	-0.00097017	-0.5428	0.0034687	0.004026	0.00041593	-0.011611	0.0089332	0.0033299	-0.023977	0.00041593	-0.020687	-0.045906	0.0020805	0.0049969	0.004719	0.0033299	0.013074	
Deletion Peak  8 - CN values	2q22.1  	chr2:131751547-140242732(probes 200698:205091)    	chr2:138499232-138574257(probes 204096:204127)    	chr2:115229038-181288062(probes 192494:229851)    	2.5196e-24	  0.0019032		Actual Copy Change Given	0.00074021	0.0013868	-0.0037395	0.0011093	0	-0.0091286	0.0016642	-0.2487	0.003217	0.0049969	0	-0.0070175	-0.0045922	0.00083195	-0.1233	-0.0030475	0.0019418	0.0030522	-0.17322	-0.00063344	-0.0049844	-0.050641	0	-0.00091972	-0.0062196	0.0013868	-0.041611	-0.0026322	-0.03398	-0.12836	0.10307	0.0013523	-0.20908	0.0054139	0.00027728	-0.03504	0.009498	-0.01106	-0.0029091	0	-0.0031859	-0.009381	-0.082801	-0.20299	-0.0008316	-0.38716	-0.8794	-4.416e-05	-0.80845	0.0093098	0.0030522	-0.15656	0	-0.00027724	-0.083465	-0.037354	-0.00097017	-0.0015243	-0.021784	0.0416	-0.32809	-0.16294	-0.003423	-0.61066	-1.2929	-0.0030475	-0.062226	0.0041029	-0.0040722	-0.062495	-0.29568	-0.0029091	-0.00069303	-0.12239	-0.67939	-0.8145	-0.35761	-0.026861	-0.012713	0.0018311	-0.093931	-0.043026	-0.33664	-0.46142	-0.52287	-0.0020784	0.0022193	-0.41253	0.0034687	-0.71894	-0.79828	0.0041632	0	0.00013863	0.0040243	0.044432	-0.0017285	-0.22883	-0.044551	0.0033299	-0.0031859	-0.0045695	-0.0042929	-0.0071592	0.00069327	-0.00041585	-0.014366	-0.39341	-0.89632	0.0020805	-0.54583	0.006109	-0.0018014	0.0028239	-0.0011087	-0.0042929	0.092025	0.00041593	-0.005261	-0.68205	-0.86994	-0.39806	0.0016642	-0.036538	0.001803	0.0068044	-0.00039592	-0.59954	-0.00013862	-0.055229	-0.35282	0.0015255	0.039195	-0.12901	-0.34263	-0.0042929	0.00041593	-0.016841	-0.21688	0	-0.036733	-0.005072	-0.016292	0	-0.0018014	-0.60864	0.063509	-0.2926	-0.20488	-0.0055375	-0.93226	0.051956	0	0.003191	-0.20423	-0.0012473	-0.18433	0	-0.63188	-0.0019777	0.0063871	0.0014826	0.00027728	-0.14952	0.0046391	-5.7828e-05	-0.016704	-0.70612	-0.0011087	-0.012713	-0.69514	-0.83219	-0.62836	0.001803	0.00083195	-0.013226	-0.0027707	-0.0020784	-0.047082	-0.29804	0.0015255	-0.042187	-0.0020784	-0.0012992	-0.2781	-0.0080244	-0.26661	-0.041838	0.003026	0.0024969	0.0016642	-0.005814	0.0019418	0.0013868	0	-0.66568	-0.98674	-0.095648	0.0039542	-0.0015243	0.064976	-0.33075	-0.0012473	-7.975e-07	-0.017666	-0.00097017	-0.0067813	0.0016642	0.00083195	-0.0071958	-0.52981	-1.0831	0.019223	-0.010094	0.0030522	-0.36295	0.024548	-0.042788	0	-0.0063668	0.001803	0.0034687	-0.00018092	0.00041593	-0.806	-0.097627	-0.31447	0.058367	-0.084926	0.040892	-0.00035956	-0.0033243	-1.2098	-0.014916	-0.046583	-0.01409	-0.13639	-0.14354	-0.61018	-0.0026322	-0.0037395	0	-0.0015243	-0.0077482	-0.00027724	-0.0027707	-0.0020784	0.0081959	-0.0031962	0	-0.036674	-0.30028	0.026092	0.094491	-0.0016629	-0.0097487	-0.026441	-0.14852	-0.013811	0.0087528	-0.0011087	0.0027745	-0.31506	-0.19525	0.021045	0	-0.00027724	-0.0063668	-0.015466	-0.0008316	-0.0015243	-0.0015135	-0.013956	-0.65183	-0.90949	0.014902	0.0010007	0	-0.52767	-0.60642	-0.050506	-0.0024938	-0.077611	-0.31167	-0.0059522	0.0030522	-0.033188	0.016146	0.015028	-0.0011087	-0.032587	-0.93946	-0.074811	-0.0034627	0.0012481	-0.54673	-0.010922	0.062651	-0.059538	0	0.0019418	-0.00097017	0.0037465	-0.85265	-0.027945	0.0034746	-0.00069303	-0.035448	-0.0039061	-0.0041546	-0.48575	-0.012713	-1.2929	0.0030522	-0.014641	-0.0071444	0.0023581	0	-0.058588	0.010006	-0.037354	0.022865	-0.01037	-0.011611	-0.0085766	-0.00069303	0.012934	-0.69622	-0.61142	0.00033803	0.00032853	-1.2929	0	-0.96114	0.0017303	-0.0019399	-0.0033051	0.0034362	0.0027745	0.0033299	0.0038854	-0.07361	0.0052749	-0.86955	-0.0024938	-0.1088	-0.0024938	-0.0012473	0.07096	0	0.0022193	-0.028491	-0.27655	-0.0040831	0.0013868	0.0012481	-0.0024938	-0.00024843	-0.24982	-0.016979	-0.34687	0.00097064	-0.30696	0.00041593	0.00097064	-0.0014311	0.00083195	0.27111	-0.00041585	0.0030446	-0.047936	-0.0027707	-0.020001	0.052952	-0.83494	0.029962	0.003692	-0.014688	-0.54371	-0.0094046	0.0026357	0.00013863	-0.19462	-0.00097017	-0.30921	-0.28739	-0.0015243	-0.03054	-0.31178	-0.67981	-0.0082867	-0.0069195	-0.06142	-0.0023553	-0.0083395	0.066009	-0.025209	-0.010279	0	-0.39797	-0.096836	0.0030522	-0.0003616	-0.0066249	0.003191	-0.00097017	0.012934	-0.0016629	-0.019589	0.014589	-0.0095426	-0.00027724	-0.0042929	0.00073866	-0.00055444	-0.015185	-0.0088387	0	-0.0033243	0	-0.0049736	0.017264	-0.40241	-0.0056757	-0.42778	-0.042172	-0.0033446	-0.34584	-0.0066677	0	-0.10026	-0.64483	-0.11926	0.001803	0.028903	-0.0040162	0.10716	0	0.0022261	-0.0048208	-0.015054	0.00069327	0.0073884	-0.60235	0	-0.014366	-0.23423	0.0019418	-0.055769	0.024127	0.0061896	-0.0037395	-0.2531	0.00017717	-0.75464	-0.8364	-1.2929	-0.00097017	0.00054393	0.0022193	-0.0033243	-0.01409	-0.05752	0.0072217	0	-0.12187	0.036421	-0.019032	0.00079964	-0.025756	0	0.016425	-0.97338	-0.042788	0.0028408	0.00036589	0	-0.0003332	-0.0026322	-0.0026301	-0.050776	-0.37538	0	-0.048748	-0.00097017	-0.53063	0.0034687	0.004026	0.00041593	-0.011611	-0.58796	0.0033299	0	0.00041593	-0.020687	-0.033405	0.0020805	-0.012576	-0.0069195	-0.0123	-0.020961	
Deletion Peak  9 - CN values	2q22.1  	chr2:138774622-142880269(probes 204275:206823)    	chr2:140223496-142136706(probes 205091:206382)    	chr2:115229038-181288062(probes 192494:229851)    	3.5419e-18	 1.4094e-08		Actual Copy Change Given	0.00074021	0.0013868	-0.0037395	0.0011093	0	-0.0091286	0.0016642	-0.2487	0.003217	0.0049969	0	-0.0070175	-0.0045922	0.00083195	-0.1233	-0.0030475	-0.018628	0.0030522	-0.76252	-0.00063344	-0.0049844	-0.050641	0	-0.00091972	-0.0062196	0.0013868	-0.059092	-0.0026322	0.012376	-0.12836	0	0.0023581	-0.20908	0.0054139	0.00027728	-0.03504	0.013632	-0.0031859	-0.0029091	0	-0.0031859	-0.009381	-0.082801	-0.20299	-0.0008316	-0.22281	-0.8794	-4.416e-05	-0.80845	0.0093098	-0.75728	-0.15656	-0.01553	-0.00027724	0.004719	-0.037354	-0.00097017	-0.0015243	-0.021784	0.0416	-0.32809	-0.16294	-0.003423	0.075991	-1.2929	-0.0030475	-0.062226	0.0041029	-0.0040722	-0.062495	-0.29568	-0.0029091	-0.00069303	-0.12239	-0.67939	-1.2929	-0.35761	-0.026861	-0.012713	0.0018311	-0.093931	-0.043026	0.0030522	-0.49068	-0.52287	-0.0020784	0.0022193	-0.41253	0.0034687	-0.71894	-0.79828	0.0041632	0	0.00013863	0.0040243	0.044432	-0.0017285	-0.22883	-0.044551	0.0033299	-0.0031859	-0.0045695	-0.0042929	-0.0071592	0.00069327	-0.10197	-0.014366	-0.39341	-0.89632	0.0020805	-0.55397	0.09043	-0.0018014	-0.021049	-0.0011087	-0.0042929	0.092025	0.00041593	-0.005261	-1.2929	0.02525	-0.39806	-0.52859	-0.036538	0.001803	0.0068044	-0.00039592	-0.59954	-0.00013862	-0.055229	-0.38022	0.0015255	0.039195	-0.12901	-0.34263	-0.0042929	0.00041593	-0.016841	-0.21688	0	-0.036733	-0.005072	-0.046718	0	-0.0018014	-0.58402	0.063509	-0.2926	-0.20488	-0.0055375	-0.93883	0.051956	0	0.003191	-0.20423	-0.0012473	-0.18433	0	0.026514	-0.0019777	0.0063871	0.0014826	0.00027728	-0.14952	0.0046391	-5.7828e-05	-0.016704	-0.71631	-0.0011087	0.060222	-0.69514	-0.83219	-0.34905	0.001803	0.00083195	-0.013226	-0.0027707	-0.0020784	-0.047082	-0.29804	0.0015255	-0.6442	-0.0020784	-0.0012992	-0.2781	-0.0080244	-0.26661	-0.041838	0.003026	0.0024969	-0.44964	-0.005814	0.0019418	0.0013868	0	-0.66568	-0.037354	-0.095648	0.0039542	-0.0015243	0.064976	-0.33075	-0.0012473	-7.975e-07	-0.017666	-0.00097017	-0.0067813	0.0016642	0.00083195	-0.0071958	-0.5351	-1.0831	0.019223	-0.010094	0.0030522	-0.36295	0.024548	-0.042788	0	-0.0063668	0.001803	0.0034687	-0.00018092	0.00041593	-0.806	-0.097627	-0.31447	0.058367	-0.084926	0.040892	-0.00035956	-0.0033243	-0.58948	-0.014916	-0.046583	-0.01409	-0.13639	-0.14354	-0.11743	-0.0026322	-0.0037395	0	-0.0015243	-0.0077482	-0.00027724	-0.0027707	-0.0020784	-0.025209	0.058509	0	-0.036674	0.018663	0.026092	0.094491	-0.0016629	-0.0097487	-0.026441	0.12341	-0.013811	0.0087528	-0.0011087	0.0027745	-0.083598	-0.19525	0.021045	0	-0.00027724	-0.02465	-0.015466	-0.0008316	-0.0015243	0.018814	-0.013956	-0.65183	0.019745	0.0095883	0.0010007	0	-0.52767	-0.60642	-0.050506	-0.0024938	-0.077611	-0.31167	-0.0059522	0.0030522	-0.033188	0.016146	0.015028	-0.0011087	-0.032587	-0.93946	0.00013863	-0.0034627	0.0012481	0.048546	-0.010922	0.062651	-0.059538	0	0.0019418	-0.00097017	0.0037465	0.0052749	-0.027945	0.0034746	-0.00069303	-0.035448	-0.0039061	-0.0041546	0.023426	-0.012713	-1.2929	0.0030522	-0.014641	-0.0071444	0.0023581	0	-0.058588	0.010006	-0.037354	0.022865	-0.01037	-0.011611	0.0037465	-0.00069303	0.012934	0.010285	-0.61142	0.00033803	0.00032853	-0.82938	0	-0.96114	0.0017303	0.023145	-0.0033051	0.0034362	0.0027745	0.0033299	0.0080567	-0.07361	0.0052749	-0.86955	-0.0024938	-0.1088	-0.0024938	-0.0012473	0.07096	0	0.0022193	-0.028491	-0.24655	-0.0040831	0.0013868	0.0012481	-0.0024938	-0.00024843	-0.24982	-0.016979	-0.34687	0.00097064	-0.30696	0.00041593	-0.71693	-0.0014311	0.00083195	0.27111	-0.00041585	0.0030446	-0.047936	-0.0027707	-0.020001	0.052952	-0.22244	0.029962	0.003692	-0.014688	-0.54985	-0.0094046	0.0026357	0.00013863	-0.19462	-0.00097017	-0.30921	-0.0071958	-0.0015243	-0.03054	-0.31178	-0.67981	-0.0085551	-0.0069195	-0.06142	-0.0023553	-0.0083395	0.066009	-0.025209	-0.010279	0	-0.39797	-0.096836	-0.14772	-0.0003616	-0.0066249	0.003191	-0.00097017	0.012934	-0.0016629	-0.019589	-0.026851	-0.0095426	-0.00027724	-0.0042929	0.032986	-0.00055444	-0.015185	-0.0088387	0	-0.0033243	0	-0.0049736	0.04812	-0.40241	-0.0056757	-0.63746	-0.042172	-0.0033446	-0.34584	-0.0066677	0	-0.10026	-0.64483	-0.065045	0.001803	0.021311	-0.0040162	0.10716	0	0.0022261	-0.0048208	-0.015054	0.00069327	0.0073884	-0.58892	0	-0.014366	-0.23423	0.0019418	-0.055769	0.0037465	0.0061896	-0.0037395	-0.2531	0.00017717	-0.75464	-0.8364	-0.74872	-0.00097017	0.00054393	0.0022193	-0.0033243	-0.01409	-0.05752	-0.0123	0	-0.12187	0.036421	-0.019032	0.00079964	-0.025756	0	0.016425	-0.955	-0.042788	0.0028408	0.00036589	0	-0.0003332	-0.0026322	-0.0026301	0.001803	-0.37538	0	-0.048748	-0.00097017	-0.0047079	0.0034687	0.004026	0.00041593	-0.011611	0.046116	0.0033299	0	0.00041593	-0.020687	-0.033405	0.048972	-0.012576	-0.0069195	-0.0123	-0.85098	
Deletion Peak 10 - CN values	2q22.3  	chr2:143041529-151249196(probes 206934:211601)    	chr2:147839270-147940886(probes 209523:209561)    	chr2:115229038-181288062(probes 192494:229851)    	3.6751e-15	  0.0045123		Actual Copy Change Given	0.00074021	0.0013868	-0.0037395	0.0011093	0	-0.0091286	0.0016642	-0.2487	0.003217	-0.41751	0	-0.0070175	-0.0045922	0.00083195	-0.1233	-0.0030475	-0.018628	0.0030522	-0.15008	-0.00063344	-0.0049844	-0.050641	0	0.0011093	-0.0062196	-0.058058	-0.0030922	-0.01109	0.012376	-0.12836	0	-0.68979	-0.2044	0.0054139	0.00027728	-0.03504	0.013632	-0.0031859	-0.38873	0	-0.0031859	-0.65249	1.3141	-0.20299	-0.0008316	-0.20037	-0.8794	-0.0042929	-0.80845	0.0093098	-0.74568	-0.15656	-0.01553	-0.00027724	0.004719	-0.037354	-0.00097017	-0.0015243	-0.021784	0.0416	-0.33214	-0.019452	-0.003423	-0.55887	-0.77286	-0.0030475	-0.062226	0.0041029	-0.0040722	-0.062495	0.0029133	-0.0029091	-0.00069303	-0.12239	-0.61614	-0.81474	-0.35761	-0.026861	-0.012713	0.0018311	-0.10355	-0.043026	-0.33768	-0.49068	-0.52287	-0.0020784	0.0022193	0.070817	0.0034687	-0.71894	0.0084977	0.0041632	0	0.00013863	0.0040243	0.044432	-0.0017285	-0.22883	-0.041431	0.0033299	-0.0031859	-0.0045695	-0.0042929	-0.0071592	0.00069327	0.0069435	-0.014366	-0.39341	0.019665	0.0020805	0.33432	-0.0067813	-0.0018014	-0.021049	-0.0011087	-0.0042929	0.092025	0.00597	-0.005261	-0.75831	-0.86436	-0.39806	-0.51825	-0.036538	0.001803	0.0068044	-0.00039592	-0.59954	-0.00013862	-0.055229	-0.34492	0.0015255	0.039195	-0.12901	-0.34263	-0.0042929	0.00041593	0.0011093	-0.0071958	0	-0.032314	-0.005072	-0.046718	0	-0.0018014	-0.58127	0.063509	0.0079175	-0.20488	-0.0055375	0.0021613	0.051956	0	0.003191	-0.20423	-0.0012473	-0.18433	0	0.026514	-0.0019777	0.0063871	0.0014826	0.00027728	-0.53591	0.0046391	-5.7828e-05	-0.016704	0.022725	-0.0011087	0.015587	-0.69514	-0.83219	-0.61547	0.001803	0.00083195	-0.013226	-0.0027707	-0.0020784	-0.047082	-0.10092	0.0015255	-0.039183	-0.0020784	-0.0012992	-0.2781	-0.0080244	-0.78083	-0.041838	0.003026	0.0024969	-0.44964	-0.005814	0.0019418	0.0013868	0	0.00597	-0.037354	-0.34744	0.0039542	-0.0015243	-0.051148	0.020343	-0.0012473	-7.975e-07	-0.017666	-0.00097017	-0.0098185	0.0016642	0.00083195	-0.0071958	-0.15119	-1.0831	0.095944	-0.010094	0.0030522	-0.36295	0.024548	-0.042788	0	-0.0063668	0.001803	0.0034687	-0.0037395	0.00041593	-0.806	-0.051721	-0.31447	0.058367	-0.084926	0.040892	-0.00035956	-0.0033243	-1.2038	-0.014916	-0.029994	-0.015272	-0.049582	-0.14354	-0.086253	-0.0026322	-0.0037395	0	-0.0015243	-0.0077482	-0.00027724	-0.0027707	-0.0020784	-0.025209	0.058509	-0.18219	-0.036674	0.014796	0.026092	0.049682	-0.0016629	-0.0097487	-0.026441	0.12341	-0.013811	0.0087528	-0.0011087	0.0027745	0.001115	-0.19525	-0.86255	0	-0.00027724	-0.011335	-0.015466	-0.0008316	-0.0015243	-0.66012	-0.013956	-0.65183	0.019745	0.0095883	0.0010007	0	-0.52767	-0.60642	-0.050506	-0.0024938	-0.077611	-0.31167	-0.0059522	0.0030522	-0.033188	-0.76518	0.015028	-0.0011087	-0.032587	-0.92458	-0.059673	-0.0034627	0.0012481	0.048546	-0.03681	0.062651	-0.11456	0	0.0019418	-0.00097017	0.0037465	0.00083195	-0.027945	0.0034746	-0.00069303	-0.035448	-0.0039061	-0.0041546	-0.49036	-0.012713	-0.7972	0.0030522	-0.014641	-0.0071444	-0.4065	0	-0.058588	0.010006	-0.037354	0.022865	-0.01037	-0.011611	0.0037465	-0.00069303	0.012934	0.014256	-0.61142	0.00033803	0.00032853	0.024969	0	-0.44253	0.0017303	-0.41981	-0.0033051	0.0034362	0.0027745	-0.010094	0.0080567	-0.1173	0.0052749	-0.88804	-0.0024938	-0.1088	-0.0024938	-0.0012473	0.07096	0	0.0022193	-0.028491	-0.27953	-0.0040831	0.0013868	0.0012481	-0.0024938	-0.00024843	-0.24982	-0.016979	-0.34687	0.00097064	-0.30696	0.00041593	0.0038854	-0.0014311	0.00083195	0.27111	-0.00041585	-0.65062	-0.047936	-0.0027707	-0.020001	0.052952	-0.22244	0.029962	0.003692	-0.042563	-0.0020784	-0.0094046	0.0026357	0.00013863	-0.19462	-0.00097017	-0.30921	-0.0071958	-0.0015243	0.0054139	-0.31178	-0.67981	-0.0085551	-0.0069195	-0.06142	-0.0023553	-0.20212	0.066009	-0.025209	-0.010279	0	-0.39797	-0.10592	-0.14772	-0.0003616	-0.0066249	0.003191	-0.00097017	-0.094856	-0.0016629	-0.019589	-0.026851	-0.0095426	-0.00027724	-0.0042929	0.032986	-0.00055444	-0.015185	-0.0088387	0	-0.0033243	0	-0.0049736	-0.65569	-0.40241	-0.0056757	-0.19199	-0.042172	-0.0033446	-0.34584	-0.0066677	0	-0.10026	0.088076	-0.081701	0.001803	0.021311	-0.0040162	0.10716	0	-0.035033	-0.0048208	-0.015054	0.00069327	0.0073884	-0.57753	0	-0.014366	-0.23423	0.0019418	0	0.0037465	0.0061896	-0.0037395	-0.2531	0.00017717	0.032422	-0.8364	-0.7631	-0.00097017	0.00054393	0.0022193	-0.0033243	-0.01409	0.0043021	-0.0123	0	-0.12187	0.036421	-0.019032	0.00079964	-0.58343	0	0.016425	0.0095883	-0.042788	0.0028408	0.00036589	0	-0.0003332	-0.0026322	-0.0026301	0.001803	-0.37538	0	-0.0029091	-0.00097017	-0.0022168	0.0034687	0.004026	0.00041593	-0.011611	-0.57592	0.0033299	0	0.00041593	-0.020687	-0.033405	0.040799	-0.012576	-0.0069195	-0.0123	-0.85098	
Deletion Peak 11 - CN values	2q31.1  	chr2:173051717-174403417(probes 224658:225556)    	chr2:173903442-173968238(probes 225282:225303)    	chr2:115229038-181288062(probes 192494:229851)    	9.4243e-06	  0.0048388		Actual Copy Change Given	-0.017116	0.0013868	-0.0037395	0.0011093	-0.75719	-0.0091286	0.0016642	0.0026738	0.0083351	-0.41619	0	-0.0070175	0.00069327	0.00083195	0	0.0013812	-0.018628	0.0030522	-0.19049	-0.032838	-0.0049844	-0.63235	0	0.0011093	0.0048579	-0.0067813	-0.0030922	-0.0018014	0.012376	-0.13419	0	-0.0070576	-0.2	0.0054139	0.00027728	-0.026988	0.013632	-0.0095426	-0.39864	-0.077611	0.025671	-0.0035134	0.2697	-0.77753	-0.0008316	-0.12017	-0.8794	-0.0059167	-0.80675	0.0093098	0.014733	-0.15656	-0.01553	-0.00027724	0.004719	0.00097064	-0.0047079	-0.0015243	-0.021784	-0.092478	-0.33214	0.0069435	-0.003423	0.024548	0.030966	-0.0030475	-0.062226	0.0041029	-0.0040722	-0.062495	0.0029133	-0.017803	-0.00069303	-0.12239	-0.017941	0.015447	-0.35761	-0.011179	-0.030404	0.0018311	-0.1071	-0.029857	0.004719	-0.49548	0.010703	-0.0020784	-0.038306	0.070099	0.0034687	-0.71894	0.0084977	-0.40639	0	-0.001343	0.0040243	0.044432	0.0020805	-0.22748	0.011259	0.0033299	-0.0031859	-0.0045695	0.0035005	-0.0071592	0.00069327	0.0069435	-0.014366	-0.39341	0.019665	0.0020805	0.34469	0.0095883	-0.0056757	-0.021049	-0.0011087	-0.0042929	0.092025	-0.007472	-0.0032411	0.04883	-0.011693	-0.3894	-0.54351	-0.010922	0.001803	0.0068044	-0.00039592	-0.59954	-0.00013862	-0.055229	0.00097064	0.0015255	0.039195	-0.10066	-0.1246	-0.0042929	0.00041593	-0.0011597	-0.0071958	0	0.011818	-0.005072	-0.012438	0.015587	0.0091705	-0.10408	0.063509	0.0079175	-0.55517	-0.0055375	0.0021613	0.05637	0	0.003191	-0.26937	-0.0012473	-0.18433	0	-0.60806	-0.0019777	0.0063871	0.0014826	0.00027728	-0.1526	0.0046391	-5.7828e-05	-0.016704	0.011121	-0.0011087	-0.005814	0.015028	-0.8793	-0.36838	0.001803	-0.017254	-0.038442	-0.0027707	-0.0020784	0.0024212	-0.27798	0.0015255	0.021944	-0.0020784	-0.0012992	-0.2781	-0.0080244	-0.26796	-0.0041546	0.003026	0.0024969	0.013353	-0.005814	0.0019418	0.0013868	0	0.00597	-0.037354	0.0081959	-0.56997	-0.0015243	0.010598	0.020343	-0.0012473	-7.975e-07	-0.017666	-0.00097017	-0.010784	0.0016642	0.00083195	-0.0071958	-0.092081	0.021463	0.020763	-0.049695	0.0030522	-0.35316	-0.02603	-0.042788	0	-0.0063668	0.001803	0.0034687	-0.0037395	0.00041593	0.017404	-0.059404	-0.31447	-0.78698	-0.050305	0.040892	-0.00035956	-0.0033243	0.0065625	-0.0059522	-0.045095	-0.052272	0.0019418	-0.14354	-0.086253	-0.0026322	0.00013863	-0.0033209	-0.0015243	-0.0077482	-0.00027724	-0.0027707	-0.0020784	-0.025209	0.020903	0.0084743	-0.027945	-0.2875	0.046644	0.017544	-0.53307	-0.058663	0.37204	0.12341	-0.013811	-0.66947	-0.0011087	-0.83001	0.017404	-0.19525	0.0093113	-0.75357	7.6915e-05	-0.011335	0.011539	-0.0008316	-0.0015243	0.014341	-0.013956	0.0070826	0.0095883	0.010842	0.0029133	0	0.023847	-0.62274	-0.047801	-0.12979	-0.077611	0.046984	-0.0059522	0.0027745	0.0076277	0.012655	-0.78656	-0.0011087	-0.0067813	0.010416	0.62188	-0.0034627	0.0012481	0.040892	0.0034687	-0.42364	-0.056577	0	0.0019418	-0.00097017	0.0037465	0.00083195	-0.027945	0.0034746	-0.00069303	0.0043021	-0.0039061	-0.0041546	-0.49036	-0.012713	-0.82015	0.0030522	-0.014641	-0.0071444	0.0075	-0.0053992	-0.0036011	0.010006	-0.0096806	0.013911	-0.01037	-0.013712	-0.013953	-0.00069303	-0.0030475	0.014256	-0.63557	0.00033803	-0.0038267	0.021463	0	0.031014	0.0017303	-0.00041585	-0.0033051	0.0034362	0	-0.010094	-0.0024938	0.00055459	0.12845	0.014749	-0.0024938	-0.38537	-0.0024938	-0.0012473	0.07096	-0.0041546	0.0022193	0.001803	-0.025893	-0.0040831	0.0013868	0.0012481	-0.0024938	-0.00024843	0.0011093	-0.16574	-0.34687	0.0077783	-0.1097	0.00041593	0.0038854	-0.0014311	0.00083195	0.27143	-0.011307	0.011253	-0.0047815	-0.0027707	-0.020443	0.18707	-0.22244	0.029962	0.003692	-0.032385	-0.0020784	-0.010508	0.0026357	0.0029133	-0.079609	-0.00097017	-0.29827	0.00458	-0.0015243	0.0054139	-0.31178	-0.016567	0.011979	0.10818	-0.063435	-0.0094837	-0.0022168	0.066009	-0.025209	-0.010279	0	0.010006	-0.00027724	0.0044411	-0.073209	-0.0066249	0.003191	-0.00097017	0.0070826	-0.0016629	-0.019589	-0.035448	-0.0095426	-0.00027724	-0.0042929	0.032986	-0.00055444	-0.015185	-0.0088387	0	-0.0033243	0	0.0026357	-0.65569	0.012795	-0.0056757	-0.97196	-0.0015879	-0.0030475	0.069669	-0.0066677	0	-0.098286	-0.68581	-0.082004	-0.0013858	-0.0076101	-0.0040162	0.10716	0	-0.035033	-0.0081372	-0.015054	-0.56714	-0.43721	0.03369	-0.1382	-0.014366	-0.194	0.0019418	0	0.028481	0	-0.0037395	-0.2531	0.00017717	-0.82423	-0.1827	-0.0044312	-0.00097017	0.00054393	0.0022193	-0.0033243	-0.01409	0.0043021	-0.0123	0	-0.12187	0.036421	-0.019032	0.00079964	-0.019726	0	0.016425	0.0095883	-0.042788	0.0040243	0.00036589	-0.005246	0.00069327	-0.0026322	0.0063871	0.001803	-0.37538	-0.33964	-0.069332	-0.00097017	-0.0078863	0.0034687	0	0.00041593	-0.011611	0.014511	0.0033299	0	0.00041593	-0.020687	-0.76158	0.065513	-0.012576	-0.0069195	-0.0123	-0.022025	
Deletion Peak 12 - CN values	3p25.3  	chr3:1-12154121(probes 264267:270292)                	chr3:9699625-9733305(probes 268727:268737)            	chr3:9504490-9965417(probes 268634:268840)            	0.073949	   0.074455		Actual Copy Change Given	-0.0008316	-0.00055444	0.0114	-0.00046406	-0.0033243	0.0023581	0.00027728	0.0072599	-0.40152	-0.0060904	0.0089401	-0.0055442	0.0087528	0	0.00083195	-1.0101	0.019643	-0.00055102	-0.0099565	0.011283	-0.0026322	0.021744	0.0051359	0.0041632	-0.070269	-0.38044	0.0021745	0.0034687	0.0019418	0.0043021	-0.37392	-0.0033243	0.14831	0.0083351	-0.0020784	-0.1935	0.0093098	-0.0018014	0.0065262	-0.53581	-0.00097017	0.0055529	0.19984	0.24638	0	0.023286	0.033972	0.0049969	-0.046041	0.048546	-0.0069195	0.012237	0.0013868	0.0034687	-0.0042929	0.010141	-0.005814	0.00069327	0.012655	0.0049969	-0.00013862	0.11506	-0.02243	0.0016642	0	-0.0030475	0.0351	-0.002677	0	0.070099	-0.13892	0.096525	-0.00033703	0.027076	-0.12603	-0.024661	0.34583	-0.038373	-0.0047079	0.024717	0.13288	-0.013387	0.00027728	0.14132	0.0052749	-0.11365	0	0.13495	0	0.027497	-0.029038	0.00046919	-0.034359	-0.005261	0.012655	0.22022	-0.01904	0.0072217	-0.015882	0.00055459	0.0011093	0.0087528	0.022164	-0.021373	-0.43583	0.0034687	-0.0020784	-0.15771	0.029348	0	0.44545	-0.033269	-0.23692	0.012426	0.00063717	-0.092478	-0.0027707	-0.036143	-0.1985	-0.032587	0.63883	0.0013868	-0.018765	0.073833	-0.0011087	0.00083195	-0.0030475	0.082621	0.0023581	0.013213	-0.082535	-0.00027724	0.16595	-5.7348e-05	0.036653	0.0069435	0.001803	0.0015255	0	0.0036076	-0.449	0.0069435	0.29294	-0.027398	0.047552	0.013772	0.037924	0.0093098	0.015308	0.042187	-0.055677	0.063652	0	-0.001905	0.00041593	0.0063871	0.099579	0.0026357	0.004719	-0.0022547	-0.2818	-2.6423e-06	-0.0042929	-0.42669	0	-0.0030475	0.0068044	0.023426	-0.0026322	-0.016841	-0.038356	0.18995	0.0020231	-0.31307	-0.0015243	-0.39726	0.017824	0.0030522	-0.1209	-0.0011969	0.00072393	-0.013343	-0.00055444	-0.5065	-0.017254	0.0024969	0.24404	0.048262	0.014304	-0.00055444	0.0013868	0.10045	0.00069327	-0.0013858	0.0038854	0.0013868	0.75757	-0.0071936	-0.0032558	0.00027728	-0.022436	0.029747	0.0044411	0.0024961	0.0077783	-0.050506	0.0068044	-0.53936	-0.00055444	-0.54232	0.0020805	-0.048342	-0.0060904	-0.02125	0.00083195	-0.3634	0.023706	0.071678	0.0029133	0.54753	-0.00013862	-0.00097017	0.0052749	0.0044411	-0.032996	-0.004543	-0.0031859	-0.038986	-0.00097017	-0.011198	5.63e-05	0.0073244	-0.020925	0.0030522	-0.017376	-0.093571	0.0070826	0	0.05281	-0.0011087	-0.69767	0.41546	0.022304	0.00027728	-0.87938	0.0012481	0.038065	-0.0078863	-0.027261	-0.012576	0.012097	-0.098945	-0.79009	-0.032041	-0.50567	-0.024866	0.10366	0.047668	-0.4564	0	0.0040243	0.0044411	-0.0023553	-0.20012	-0.12017	-0.010922	0.0036076	0.0086135	0.0094491	0.0027745	0.0073609	-0.03244	0.0062481	0.14251	0.024408	0.0048579	-0.005063	-0.0036852	-0.0029091	-0.02562	-0.053476	-0.0046102	0.0051359	-0.70064	-0.48313	0	0.0092983	-0.028901	0.0055529	0.003191	0.0013868	-0.0076179	2.6309	-0.0028628	0.0043021	-0.0083005	0.0029133	-0.30616	-0.065313	-0.001862	0.0019418	0.00083195	-0.00050638	-0.0062446	0.0037465	-0.012861	0.00055459	-0.00013862	0.0662	-0.0051227	-0.041159	-0.6069	-0.057789	0.0029133	0.10804	-0.0066106	0.0036076	-0.0047079	-0.080807	-0.32403	-0.12525	-0.021373	0.021884	0.01419	-0.015466	-0.77897	-0.010232	0	-0.028355	-0.0014636	0.00032853	-0.0053992	0.004719	-0.061152	-0.00065611	0	0.00071256	-0.0012798	-0.11535	0.0055529	-0.012375	-0.0066432	0.07369	-0.040752	0.11477	0.011261	-0.0020784	0.0084743	-0.30298	-0.0038779	-0.6276	0.022047	0.009762	0.0048579	0.001803	-0.0051801	0.001803	0.0011382	0.0020805	-0.00041585	0.065656	0.0041632	-0.2625	0.00027728	0	-0.33422	0.00069327	-0.56585	-0.0020784	0.021175	0.0040243	-0.0015243	-0.0048214	-0.054151	-0.03095	-0.0046351	0.0041087	0	0.0081959	0.02511	0.00041593	-0.89274	0.0080567	0.0036076	0.12417	0.0011093	0.0015255	0.0041632	0.080889	0.0054139	0.62571	-0.0046039	0.055943	0.30697	0	-0.11372	-0.73416	-0.0041226	0.0034687	0.10366	0.045708	0.032422	0	-0.0041307	0.0093098	0.0019952	0.0063871	0.00055459	0.0073609	-0.0018014	-0.0015243	-0.0034627	-0.0020963	-0.13342	0.0068044	0.0076452	-0.00078664	-0.00021988	0.14432	0.00060207	-0.0016353	-0.04428	0.010703	-0.0034627	0.0029133	0.084173	0.00097064	0.5971	0.0013868	-0.0078863	-0.14065	-0.046889	-0.012162	-0.29059	0.012237	-0.0033243	0.39363	0.0027745	0.0059768	0.0034942	-0.1955	0.00038223	0.0025244	-0.018765	0.0024969	0.0051359	0.041034	0.00027728	0.00055459	0.35023	0.070084	-0.00013862	0.20962	-0.0024844	-0.044415	0.0052749	-0.034768	0.0012481	-0.12434	0.0068044	-0.005814	0.0097211	0.00097064	0.021043	-0.0055375	0.014051	0.053999	0.0048658	0.0062481	0.25293	-0.00027724	0.019083	-0.022469	0.019923	-0.11561	0	-0.0053843	0.00083195	0.0040243	0.0030522	0.0047665	-0.0055375	0.00083195	0.0023581	0.0020805	0.0013868	0	-0.0091518	-0.0041251	0.0062481	-0.022566	0.0038854	0.37084	0.0020805	-0.0008316	0.052099	-0.0098185	0.018383	0.0070826	0.03369	-0.0082031	
Deletion Peak 13 - CN values	3p13    	chr3:72100067-72665008(probes 306358:306819)        	chr3:72372981-72452842(probes 306607:306659)        	chr3:69096482-75200237(probes 304182:308523)        	6.2242e-27	 6.2242e-27		Actual Copy Change Given	-0.19112	-0.79811	-0.63689	-0.00046406	-0.0123	0.0023581	-0.029038	0.0072599	0.084209	-0.0060904	0.026141	-0.91507	0.052241	0	0.00083195	0.022164	-0.0084385	-0.14965	0.030873	0.011283	-0.0026322	0.0015255	-0.11913	0.0041632	0.00036825	0.0020805	-0.54838	-0.68861	0.0019418	-0.00035461	-0.0016629	0.0058309	0.17845	-0.62503	-0.086916	-0.010094	-0.00013862	0.022725	0.00092035	-0.53215	-0.0094852	0.017264	0.71999	-0.65473	0	0.02806	0.045424	0.00046978	0.0021906	0.048546	0.01136	0.012237	-0.49089	-0.0028786	0.00097064	-0.00083311	-0.005814	0.00069327	0.012655	0.10031	-0.00013862	0.14889	-0.019412	0.0016642	0.0049969	-0.12707	0.019152	0.00063306	-0.0036011	0.045141	-0.1338	0.088113	-0.38884	0.012934	-0.091816	-0.017116	0.33076	0.054452	-0.0029091	0.024717	0.12933	-0.0067813	-0.36612	0.13081	-0.54985	0.0038854	-0.11535	0.19132	0	0.027497	-0.015879	-0.0019399	-0.023018	-0.0025407	-0.021921	0.22022	0.01433	0.00069327	-0.0044312	-0.4394	0.0011093	0.0087528	0.022231	0.0066653	-0.44243	0.0034687	0.0027745	0.074121	0.029348	0	0.42755	0.008892	-0.0024938	0.0043516	0.0076392	-0.0077957	0.0063871	-0.0077482	-0.0018014	0.029747	0.64341	-0.84491	-0.082934	0.044999	-0.0011087	0.00083195	-0.089302	-0.58882	0.0023581	0.039195	0.003191	-0.00027724	0.16595	-0.91935	0.010703	-0.13212	0.0016642	0.0015255	0	0.0023581	0.046559	-0.24216	0.27852	0.026654	0.83058	0.02539	0.10541	0.0050738	-0.45458	0.032704	-0.025677	0.043015	0	0.0013868	0.00041593	0.0028811	-0.48439	-0.36295	0.012934	-0.0022547	-0.28596	0.0012052	-0.0042929	-0.30298	0	-0.0030475	-0.0048461	0.031155	-0.0026322	-0.96825	-0.00027724	0.18798	0.0020231	-0.70046	-0.0015243	0.0049544	-0.80377	-0.24679	-0.012352	-0.016762	0.0019418	0.0069869	-0.37279	-0.00013862	-0.66049	0.0024969	0.3025	0.0114	-0.69597	-0.00055444	0.0013868	0.10045	-0.091949	0.0041632	-0.47617	-0.0079624	0.81727	-0.0051227	0.0020105	0.00027728	0.0086479	0.049682	-0.52675	0.001386	-0.37752	-0.8779	0.0068044	-0.0030475	-0.00055444	-0.015153	0.0090312	-0.014047	0.0028089	-0.00013862	0.00083195	0.0016642	0.012795	0.06494	-0.0020466	0.52468	-0.00013862	-0.00097017	-0.63859	0.0044411	0.021603	0	0.00041593	-0.84883	0.0041632	-1.0167	5.63e-05	-0.56515	0.024635	-0.62408	-0.016292	0.17292	0.0070826	-0.0031859	0.046417	-0.33653	-0.00055444	0.44359	0.021884	-0.3886	-0.70792	-0.0031859	0.038065	-0.79151	0.012655	0.0024969	0.0091705	0.0093098	-0.78883	0	0.0019418	-0.0022852	-0.00055444	0.047668	-0.55276	0	0.0040243	-0.44749	-0.042381	-0.52297	-0.0044297	0.0079175	-0.0018738	-0.56863	0.00597	-0.42276	0.0073609	0.022035	0.0062481	0.14251	0.024408	-0.47607	-0.0013858	-0.18748	0.0416	-0.006505	-0.063032	-0.074144	0.021323	0.15591	0.0051359	-0.00013862	0.054633	0.0097276	0.0055529	0.003191	0.0013868	0.033541	0.65516	-0.31319	-0.84163	0.011818	-0.29745	-0.28311	0.0057976	-0.001862	-0.00055444	-0.91922	-0.00050638	0.013632	0.0037465	0.00014449	0.00055459	-0.19199	-0.0033526	-0.32612	0.0058309	-0.64057	-0.0077482	-0.233	0.10994	-0.13811	-0.024935	0.010424	0.017124	0.006109	0.2559	0.013353	-0.6151	0.025531	0.0075	0.0075	0.011786	0.0026357	0.0012481	-0.0014636	0.00032853	0.011261	-0.66077	0.038913	-0.0073436	0	0.00071256	-0.062661	-0.098155	0.0016642	0.00055459	0.0056919	0.026795	0.0068044	-0.64678	-0.01904	-0.83656	-0.37132	0.33399	-0.0038779	-0.62693	0.022047	0.0351	0.0048579	-0.0018877	-0.0051801	-0.0029091	0.0034976	0.0020805	0.0070826	0.065656	0.0058309	-0.7053	0.00027728	0	-0.0013858	0.00069327	-0.091023	0.045141	0.021736	-0.37786	-0.0015243	-0.88596	0.013353	0.01419	0.011892	0	0	0.0081959	0.02511	0.00041593	-0.902	-0.7317	-0.008682	0.20106	-0.005261	-0.0022168	0.0041632	0.062365	0.012934	0.63941	-0.16764	0.063939	-0.0059522	-0.074544	0.0020065	-0.74577	-0.0041226	0.0024969	0.0042898	0.20213	0.032422	-0.00064825	-0.0045695	-0.85916	0.0019952	0.0063871	0.00055459	-0.0027707	-0.0018014	-0.0015243	-0.0034627	0.0037465	-0.13342	0.0068044	-1.0512	0.0011543	-0.00021988	-0.79586	0.00060207	0.010822	0.0070826	0.023286	-0.75158	0.013492	0.084173	0.00097064	0.3832	-0.62198	-0.010094	-0.12875	0.0082991	0.19771	0.012516	0.013213	-0.0033243	0.39363	0.010146	-0.013533	0.0034942	0.10191	-0.60902	0.0032185	0.032422	-0.00048939	0	0.037641	0.00027728	0.00055459	-0.14554	0.038333	-0.0020582	0.20962	-0.0020784	0.0080567	0.0052749	0.013911	-0.319	-0.12434	0.0068044	-0.78125	0.011539	0.00097064	-0.011198	-0.14926	-0.91808	0.053999	-0.87743	-0.21565	0.28121	-0.00027724	0.019083	0.0070826	0.012097	0.00097064	0	-0.0053843	0.00083195	0.0098669	0.0030522	-0.00027724	-0.0055375	0.00083195	-0.00041585	0.0020805	0.0013868	0	0.00055628	0.00041593	-0.0013858	4.0993e-05	-0.19775	0.043299	-0.73705	-0.22957	0.053237	0.029044	-0.015741	0.0019418	0.026654	-0.0074866	
Deletion Peak 14 - CN values	3q29    	chr3:195428693-197799168(probes 371824:372262)    	chr3:196640530-197243253(probes 372119:372121)    	chr3:195428693-198295559(probes 371824:372272)    	0.016595	   0.016607		Actual Copy Change Given	0.00055459	0.0072217	-0.0056757	0.00055459	0.53995	0.0095883	0.0041632	0.0072599	-0.38761	-0.0060904	0.011169	0.0022193	0.018383	0	0.00083195	0.022164	-0.0056757	0.0023581	0.54683	0.014631	-0.0026322	-0.27236	0.0063871	0.00069327	-0.098682	-0.0033243	-0.010139	-0.0017207	0.011958	-0.00035461	-0.37853	-0.037523	0.21131	0.020343	-0.21874	-0.010094	-0.0012473	0.0024969	0.003191	-0.0047079	0.0052749	0.0073609	-0.019726	-0.035993	0	0.05281	0.025952	0.026795	-0.060748	0.048546	0.0033078	-0.031359	0.45258	-0.004353	-0.0012473	0.010146	-0.005814	0.00069327	0.012655	0.1792	0.24934	0.15457	-0.0082609	0.017544	0.0026357	0.012934	0.089996	0.00063306	-0.0036011	0.058795	0.14875	0.090575	0.36168	0.0049969	0.14028	-0.031905	-0.46717	0.079088	0.22638	0.040497	0.20167	0.072253	-0.0023553	0.85302	0.011102	0.0012481	0.0038854	0.28517	0.003191	0.02806	-0.81761	-0.0027376	-0.025346	0.37545	0.010564	0.20244	0.013911	0.16145	-0.019177	0.0044411	0.0011093	0.0056919	0.022231	-0.018353	-0.43926	0.0034687	0.006109	0.074121	0.00049234	0	-0.043059	-0.028765	0.037359	0.000188	0.00083195	-0.0011087	0.0052749	-0.0033243	-0.0069195	-0.09446	0.65774	-0.42019	-0.0060904	0.05153	-0.0011087	0.00083195	-0.0032466	0.098742	0.0054139	0.0012481	0.003191	0.0026357	0.13637	0.011539	0.070386	0.0044411	0.0016642	0.0015255	0	-0.0037395	0.046559	0.0048579	0.2974	-0.028218	-0.76783	0.00041593	0.040185	-0.010308	0.022585	1.3193	0.0023001	0.045566	0	0.0013868	0.024127	-0.050235	0.099142	-0.0044312	0.014051	-0.017214	-0.28869	0.0012052	-0.0042929	-0.17727	0	-0.0030475	-0.49944	0.015727	-0.0041546	0.027216	-0.00027724	0.16502	0.0083351	0.10103	-0.0015243	-0.083333	-0.77711	0	-0.054405	-0.010508	0.0019418	0.0018627	-0.3755	-0.49548	0.58596	0.0024969	0.28089	0.04259	0.013885	-0.00055444	-0.013644	-0.005261	0.0068044	0.0041632	0.015587	0	0.77579	0.0055529	0.0020105	0.0037465	-0.0038437	0.024408	0.00027728	0.001386	0	-0.069198	0.00013863	-0.0030475	-0.00055444	-0.0060904	-0.027808	-0.02001	0.42402	0.00013863	0.00083195	-0.3487	0.062365	0.084354	-0.0026322	0.56596	-0.00013862	-0.00097017	0.0049969	0.0044411	-0.039258	0	0.00041593	-0.041024	0.0041632	0.035806	0.0014431	0.05025	0.001978	-0.015741	0.58274	0.1252	0.0077783	-0.49788	0.011261	0.012376	0.0041632	-0.032879	0.021884	-0.00027724	0.00013863	-0.0031859	0.036794	0.021043	0.016286	0.0030522	0.012376	0.0093098	-0.77617	-0.032723	0.0019418	0.012447	1.3445	0.070504	-0.53581	-0.015458	0.0040243	-0.00027724	-0.00094889	0.080604	0.047377	0.011286	-0.0018738	-0.31681	0.0030522	0.00083195	-0.00087702	0.0048688	-0.49538	0.13895	0.016006	-0.00027724	-0.0024938	-0.0023553	0.035665	0.0029133	-0.059942	-0.52614	0.010424	0.088548	-0.0049844	0.037359	0.095932	0.0090312	0.0052749	0.063652	-0.006505	-0.014098	0.65204	-0.0032284	0.0027745	0.0069435	-0.0011087	0.028763	-0.055364	-0.0039337	-0.00055444	0	0.00027728	-0.0018014	0	0.0052807	0.00055459	0.0040243	0.0028834	-0.33295	0.0093098	-0.0056757	-0.043873	-0.0089906	0.10994	-0.15103	-0.0095426	-0.0040162	0.0072217	-0.010508	0.77349	0.5523	0.003191	0.10337	0.08392	0.001803	0.5546	-0.34698	-0.026851	-0.0014636	0.0033812	0.0011093	0.0051359	-0.048478	-0.0053502	0.00458	0.0030715	0.0024643	0.0027745	-0.0092056	0.0069435	0.015759	0.020623	-0.032178	0.022444	-0.026167	-0.0043311	-0.0091286	0.11169	0.5617	-0.080141	0.029938	0.0068044	0.0048579	-0.0018877	-0.0040162	-0.00013862	-0.44154	0.24109	-0.2837	0.093911	0.017124	0.0090506	-0.0011033	0	0.015028	0.00069327	-0.10368	-0.67076	0.036504	0.0098669	-0.0015243	-0.014916	0.25496	0	0.011892	0.0017486	0.11384	-0.0123	0.02511	0.00041593	-0.029448	0.3306	-0.0022168	-0.45147	0.0055529	-0.0022168	0.01419	0.048546	-0.70134	0.031317	-0.0073339	0.06537	-0.0098185	-0.0031859	0.0020065	0.0099647	-0.0041226	0.0024969	-0.017254	0.04741	0.030873	-0.0029091	0.0026357	-0.80708	0.0043021	0.0051359	-0.00069303	-0.0078863	-0.0018014	-0.45565	-0.0018014	-0.10224	-0.13806	0.00013863	-0.0047019	0.00032226	-0.00021988	0.15681	-0.00092273	-0.70055	0.0070826	0.038771	-0.0049844	0.045365	0.091378	-0.0023553	-0.026988	-0.0018014	-0.01409	0.22545	0.58376	-0.078278	-0.24679	-0.005261	-0.013677	0.21392	0.001803	0.010431	0.21385	0.10154	-0.0027707	-0.0021894	0.027919	0.0019418	0	0.021744	0.00027728	0.00055459	-0.11116	0.078712	-0.12343	0.47272	-0.00013862	-0.056038	-0.0078863	0.72886	0.00013863	0.010146	0.00089994	-0.010508	0.030029	0.00097064	-0.011198	-0.011335	0.010564	0.06399	-0.00387	0.0034687	0.22792	0.00055459	0.36789	-0.0015243	0.0011093	0.00097064	0.0075889	-0.013112	0.00083195	-0.0037395	0.0030522	0.00055459	-0.0055375	0.00083195	-0.00041585	0.0029133	-0.02384	0	0.00014032	0.00041593	-0.0013858	0.019264	-0.11417	0.42902	0.0026357	0.0030522	-0.0012473	-0.013127	0.60326	0.0011093	-0.010508	-0.017666	
Deletion Peak 15 - CN values	4q28.1  	chr4:112653079-133099621(probes 435593:446738)    	chr4:124659473-124716784(probes 442504:442527)    	chr4:118540643-131662930(probes 438997:446045)    	0.00063415	  0.0021613		Actual Copy Change Given	-0.0029091	0.013492	-0.0060904	0.0055529	-0.020412	0	0.0020805	-0.13623	0.0065262	0.38882	0.014378	-0.012162	0.032563	0.00013863	0.0068044	-0.27928	-0.009224	0.00083195	-0.10518	0.0014088	0.022444	0.027131	-0.044822	0.0080567	-0.0026322	0.0038423	-0.002776	-0.0067813	-0.53226	0.0015255	-0.0038779	0.12564	0.0012089	-0.0051227	0	-0.01769	-0.056173	0.037076	-0.0030475	0.00041593	0.01387	0.010703	-0.059404	-0.18697	-0.0012473	-0.19925	0.0019418	-0.0031859	0.064225	0.0467	0.044715	-0.014228	-0.0089906	-0.0087525	0	-0.0078863	-0.0013858	0.00055459	-0.0088526	0.16295	-0.32298	-0.49361	-0.0023156	0.026935	0.021183	-0.00041585	-0.042381	0.00091043	-0.0075298	-0.081738	-0.039658	0.069669	0.0023581	-0.0088526	-0.056846	-0.81737	-0.069064	-0.014203	-0.097495	-0.018752	-0.24034	-0.01314	0.0012481	-0.49392	0.0065262	0.0051359	-0.0023553	-0.15272	-0.24934	-0.022744	0.0065262	-0.00027724	0.064082	-0.0044312	0.012237	-0.023429	0.024436	0.0029133	0.045849	0.0073609	0.00013863	-0.0053016	-0.10559	-0.0033243	-0.0038779	0.0094491	-0.0089906	-0.085059	-0.90539	0.00097064	-0.073343	0.053664	-0.0040162	-0.0096314	0.0083351	0.0034687	0.0077783	-0.0024938	0	-0.0008316	0.75815	-0.38817	-0.4846	0	0.00027728	0.0039296	-0.00097017	-0.24691	0	-0.0031551	-0.31646	0	-0.025072	-0.89664	-0.0042363	-0.0047079	0.0069435	0.0013868	-0.75754	0.0022193	0.066945	0.004719	-0.039122	0.028903	0.019643	0.027508	-0.11508	0.016845	-0.61018	-0.0031859	0.032222	-0.025483	-0.0049844	-0.0024938	0.027357	-0.0029091	-0.059538	-0.007848	0.017264	0.00023532	0.024969	0.00065042	0.00074209	0.1795	-0.0024938	-0.00069303	-0.0030475	-0.69947	0.00055459	0.0079308	0.0055529	0.027638	0.003191	0.061651	0	0.0077783	-0.010508	0.0011093	0.0051991	-0.013402	0.0011635	-0.62623	0.0012481	-0.0024938	0.0013868	-0.0040162	-0.010646	-0.037218	-0.0040423	-0.0041546	0.0070826	-0.0004833	0.0013868	0.0062481	0.0075	0.014749	0.091127	-0.032996	0.0085433	-0.0019399	-0.51931	0.024509	0.0011467	0.0031902	-0.01106	-0.0067813	-0.010922	-0.0030475	-0.0030475	0.001803	0.012655	-1.2929	0.0062481	0.021963	0.0033299	-0.0030475	-0.017116	-0.033242	-0.0076207	-0.023292	-0.00097017	-0.00013862	-0.016623	-0.0020144	0.042024	-0.036401	0.0023581	0.073115	0.010424	-0.9016	0.007	0.0029133	0.02122	-0.0087146	0.59224	0.016286	0	-0.0030915	0.66383	0	0.0055529	0.0033299	0	0.0038854	0.00597	0.011294	-0.0095426	0.05466	0.041317	-0.24934	-0.023411	0.020018	0.035383	-0.86421	-0.0011087	0.0025671	-0.0045695	0.041271	-0.12537	0.0083351	-0.42167	-0.0073339	-0.064508	-0.22957	0.023147	0.025952	-0.0034804	0.28892	-0.019863	0	0.015866	0.0247	0.018943	-0.69694	0.015168	0.023005	-0.0053992	-0.0053992	0.023987	0.012237	0.27064	-0.0047693	-0.6009	-0.36397	-0.0073257	0.052241	0.027936	0.016044	-0.00097017	0.0035565	0.011958	-0.9363	1.3397	0.0069435	0.0049969	0.049824	0.0038854	-0.4086	-0.21701	-0.000781	0.0023581	0.0054139	0.0043021	0.0049969	0.0030219	0.0041691	-0.0016629	-0.00027724	0.0070542	0.19847	0.0114	-0.0008316	0.16565	0.0034687	-0.31995	0.0010033	0.0036076	0.012655	-0.14052	0.018663	-0.35783	0.023566	0	-0.62836	0.38914	0	0.059366	0.0023581	0.067232	-0.0016022	0.00066358	0.014352	0.015587	0.10205	-0.0022441	0.0017597	-0.0038586	0.011088	0.0059249	-0.0026322	0.011818	-0.003173	-0.15366	0.14682	-0.0071958	-0.25938	0.0027745	0.0015255	0.097106	-0.0098185	0.0020805	-0.043466	-0.068931	0	-0.0033296	0.0033299	-0.0013999	0.0029362	0.0095883	0.010146	0.0090312	0.018957	0.00029653	0	-0.0012473	-0.0023553	0.003191	-0.0066891	-0.0073339	0.01544	0.0026357	0	-0.0053992	0.0068044	-0.0053052	0.031088	0.0029977	-0.0015715	0.0029133	0	-0.0020784	-0.00097017	-0.0041546	0.00069327	0.045945	-0.12108	-0.40882	0.0039325	-0.0074706	-0.72093	-0.017027	0	0	0.00013863	-0.11168	-0.002636	0.0011093	-0.010417	0.0037076	-0.15886	-0.097647	-0.14	0.00069327	-0.0041546	0.015308	0.00079805	-0.0045695	-0.0008316	-0.81499	-0.0045695	0.010564	0.001096	0.0034687	-0.0056757	0.054233	0.00056056	0.0037916	0.0058885	-0.021235	0.0032386	0.00458	0.016985	0.02511	0.0015255	0.017372	0.023362	0.00078679	-0.39853	0	-0.0083005	-0.16434	-0.64333	-0.0060904	0.0034155	-0.023155	-0.0067813	-0.11495	0.0062481	0.01825	-0.002053	0.072109	0.0051359	0.00030473	-0.57328	0.0049425	-0.01354	-0.0081959	0.001803	0.003191	-0.081605	-0.22368	0.0052749	-0.47533	0.00063356	0.036608	0.065513	0.011121	0.00074452	0	0.013911	-0.0031859	-0.0078863	0.013074	-0.012306	0.00027728	0.0077783	-0.095997	-0.019718	0.0036076	0.0077289	0.0026357	-0.064331	0.023706	-0.026577	0.00069327	-0.0026264	0.073705	-0.0022168	0.011261	-0.01354	-0.00069303	0.00027728	0.00458	-0.0016629	0.00597	-0.013127	0.001803	0.0070618	0.0023581	0.0011983	0.011382	0.0041632	-0.40667	0.00597	0.015168	0.23628	0.0027745	-0.016643	0.0034687	-0.063787	-0.004019	
Deletion Peak 16 - CN values	4q28.3  	chr4:133932679-137227349(probes 447071:448617)    	chr4:135863826-135892108(probes 447915:447925)    	chr4:135798135-136394701(probes 447879:448144)    	0.029483	   0.097287		Actual Copy Change Given	-0.0029091	0.013492	-0.0060904	0.0055529	-0.020412	0	0.0020805	-0.25173	0.0065262	0.38882	0.014378	-0.012162	0.032563	0.00013863	0.0068044	-0.27619	-0.009224	0.00083195	-1.2817	0.0014088	0.022444	0.027131	-0.044822	0.0080567	-0.0026322	0.0038423	-0.002776	-0.0067813	0.013911	0.0015255	-0.0038779	0.12564	0.023426	0.019783	0	-0.01769	-0.016841	0.00458	-0.0030475	0.00041593	0.01387	0.010703	-0.052261	-0.18697	-0.0012473	-0.34939	0.0019418	-0.0031859	0.045424	0.0467	0.063795	-0.014228	-0.0089906	-0.0087525	0	-0.058193	-0.0013858	0.00055459	-0.0088526	0.32947	-0.31401	0.026022	-0.0023156	0.026935	0.021183	-0.00041585	-0.042381	0.00091043	-0.0075298	-0.081738	-0.032314	0.069669	0.0023581	-0.029584	-0.50297	-0.76971	-0.069064	-0.014203	-0.097495	-0.018752	-0.24575	-0.01314	0.0012481	-0.49392	0.0065262	0.0051359	0	-0.15272	0.0045159	-0.022744	0.0070826	-0.00027724	0.064082	-0.0044312	0.012237	-0.023429	0.024436	0.0029133	0.02539	0.0073609	0.00013863	-0.0053016	0.0039229	-0.0033243	-0.0038779	0.0094491	-0.0089906	-0.085059	-0.077989	0.00097064	-0.060614	0.034677	-0.0040162	-0.0096314	0.0083351	0.0034687	0.0077783	0.00069327	0	0.11888	0.83117	-0.38817	0.062937	0	0.00027728	0.0039296	-0.00097017	-0.24691	0	-0.0031551	-0.0069195	0	-0.025072	-0.91432	-0.0042363	-0.0047079	0.0069435	0.0013868	-0.75754	0.0022193	0.066945	0.004719	-0.039122	0.025952	-0.005261	0.0034687	-0.11508	0.016845	-0.032723	-0.0031859	0.073486	-0.025483	-0.0049844	-0.0024938	0.027357	-0.0029091	-0.059538	-0.00069303	0.017264	0.00023532	0.024969	0.00065042	0.00074209	0.1795	0.0011093	-0.00069303	-0.0030475	0.012097	-0.0052939	-0.88194	0.0055529	0.027638	0.003191	0.061651	-0.0030779	0.0077783	-0.010508	0.0011093	0.0051991	-0.6384	0.0011635	-0.6503	0.0012481	-0.0044312	0.0013868	-0.0040162	-0.010646	-0.063927	-0.0040423	-0.0041546	0.0070826	-0.0004833	0.0013868	0.0062481	0.0075	0.014749	-0.9633	-0.032996	0.0088217	-0.0019399	-0.5074	0.024509	0.0011467	0.0031902	-0.01106	-0.0067813	-0.0096806	-0.0030475	-0.0030475	0.001803	0.035947	-1.057	0.0062481	0.021963	0.0033299	-0.0030475	-0.017116	-0.033242	-0.0076207	-0.023292	-0.00097017	-0.00013862	-0.016623	-0.0020144	0.077286	0.011625	0.0023581	0.073115	0.010424	-0.9016	0.007	0.0029133	0.02122	-0.21577	-0.047124	-0.062316	0	-0.0030915	0.66383	0	0.0055529	0.0033299	0	0.0038854	0.00597	0.011294	-0.0095426	0.05466	0.09333	0.016565	-0.023411	0.025846	0.035383	-0.90544	-0.0011087	0.0025671	-0.0045695	0.041271	-0.011469	0.0083351	0.015727	-0.0073339	0.019083	-0.22957	0.023147	0.025952	-0.0034804	0.28892	-0.019863	0	0.014993	0.0247	0.018943	-0.042517	0.015168	0.023005	-0.0053992	-0.0053992	0.023987	0.049256	0.27064	-0.0047693	-0.0030475	-0.36397	-0.0073257	-0.0024938	0.027936	0.016044	-0.00097017	0.0035565	0.011958	-0.93179	0.010982	0.0069435	0.0049969	0.049824	0.0038854	0.022725	0.013632	-0.000781	0.0023581	0.0054139	0.0043021	0.0049969	0.0030219	0.0041691	-0.0016629	-0.00027724	0.0070542	-0.38996	0.01447	-0.0008316	-0.73836	0.0034687	0.065513	0.0010033	0.0036076	0.012655	-0.44081	0.018663	-0.35783	0.012097	0	-0.63821	0.0091705	0	-0.65743	0.0023581	-0.61297	-0.0016022	0.00066358	0.014352	0.011954	0.12005	-0.0022441	0.0017597	-0.0038586	0.011088	-0.0020784	-0.0026322	0.011818	-0.003173	-0.14836	-0.8401	-0.020138	-0.25938	0.0027745	0.0015255	0.097106	-0.0098185	0.0020805	-0.0099565	-0.22552	0	-0.0033296	0.0033299	-0.0013999	0.0029362	-0.12759	0.010146	0.022865	0.017824	-0.27378	0	-0.0012473	-0.0023553	0.003191	-0.0066891	-0.0073339	0.01544	0.0026357	0	-0.0053992	0.0068044	-0.0053052	0.031088	0.0029977	-0.0015715	0.0029133	0	-0.0020784	-0.00097017	-0.0041546	0.00069327	-0.13747	0.016	-0.0085766	0.0039325	-0.0074706	0.015308	-0.017027	0	0	0.00013863	-0.0023553	-0.002636	0.0011093	-0.010417	0.0037076	-0.097363	-0.0022168	0.0023581	0.00069327	-0.0041546	0.015308	0.00079805	-0.0045695	-0.0008316	-0.0060904	-0.0045695	0.010564	0.001096	0.0034687	-0.0056757	0.054233	0.00056056	0.0037916	0.0058885	-0.021235	0.0032386	0.00458	0.016985	0.02511	0.0015255	0.017372	0.023362	0.00078679	-0.39853	0	-0.0083005	-0.16434	0.098087	0.0062481	0.0034155	-0.023155	-0.0067813	-0.11495	0.0416	0.01825	-0.002053	0.072109	0.0051359	0.42775	0.024268	0.0049425	-0.01354	-0.00069303	0.001803	0.003191	-0.11535	-0.22368	0.0052749	-0.022606	0.00063356	0.056572	0.065513	0.073115	0.00074452	0	0.00041593	-0.0031859	-0.0078863	0.013074	-0.012306	0.00027728	0.016565	-0.095997	-0.019718	0.0036076	0.0098669	0.0026357	-0.064331	-0.80451	-0.026577	0.00069327	-0.0026264	0.073705	-0.0022168	0.011261	-0.01354	-0.00069303	0.00027728	0.00458	-0.0016629	0.00597	-0.39842	0.001803	0.0070618	0.0023581	0.0011983	0.027679	0.0041632	-0.40667	0.00597	0.020647	0.23628	0.0027745	-0.028024	0.0034687	-0.063787	-0.004019	
Deletion Peak 17 - CN values	5q11.2  	chr5:55815416-57480983(probes 506040:507160)        	chr5:55989707-56011830(probes 506134:506137)        	chr5:45383301-81992304(probes 502985:520777)        	7.883e-30	 7.9994e-19		Actual Copy Change Given	-0.00069303	0.0030522	-0.0067813	0.0011093	-0.020824	-0.01354	0.003191	0.013252	-0.40207	-0.011749	-0.64393	-0.0087146	-0.84819	-0.00097017	0.0033299	-0.27404	0.00097064	0	-0.64996	0	0	-1.2929	-0.11195	0.010703	0.00069327	0	-0.0059968	-0.0073339	-0.0015243	-0.29414	-0.0024407	-0.69622	-0.094724	-0.0099565	0.071391	-0.01354	-0.90411	0.0066653	-0.00069303	0.0056919	0.0058309	-0.69169	1.622	-0.7921	-0.0019399	-0.42407	-0.021373	0.0026357	-0.83359	-0.018765	-0.76278	0.015028	-0.49757	-0.0059315	0.0026357	-0.11295	0.21991	0.00013863	-0.012024	-0.20826	-0.0020784	-0.010784	-0.0046613	-0.0049141	0.0038854	0	-0.028491	-0.00047602	-0.0099565	-0.57457	-0.14772	-0.014503	-0.0033243	0.035665	-0.035857	0.0055529	-0.17873	0.015862	-0.021998	0.0059546	-0.72721	-0.0085766	0.0033299	-0.50324	0.0033299	0.0036076	-0.061555	0.048546	0.0062023	0	-0.81219	-0.00093117	-0.080807	0.0077783	0.0052749	-0.016567	0.0066653	-0.5097	0.019923	0.00458	0.0030522	-0.012713	0.0024969	-0.43528	-0.0012473	0.010635	-0.00644	0.047694	-0.91122	0.00027728	-0.50379	-0.20101	0.0054139	-0.034038	0.0055529	0.0069435	-0.48376	-0.026714	-0.0081624	-0.73266	-0.019452	0.41479	-0.55897	-0.015741	0.00041593	0.0012481	-0.0047079	-1.2929	0.0026357	-0.82538	0.004719	-0.0013858	-0.022058	-0.021921	-0.89793	-0.00027724	0.00055459	-0.0008316	-0.0045695	0.0019418	0.00075892	-0.34813	-0.019589	0.014749	-0.043059	0.02806	-0.86358	-0.63774	-0.10605	-0.0038779	0	-0.027945	0.00069327	0.00041593	-0.0047079	-0.0042929	0.058224	-0.0022168	-0.061017	0.00093272	0	0.0007891	-0.00055444	0.1785	-0.016841	-0.0014381	-1.0778	-0.34159	-0.74603	0.0052749	-0.030404	-0.92674	0.023005	-0.78429	-0.0027707	0.004719	-1.2929	-0.0048461	0.035835	0.14712	-0.01849	-1.2929	0	-0.0018014	-0.0087146	0	-0.55927	-0.0080244	-8.8647e-05	0.001803	0.0044411	-0.16383	-0.0016629	0.00097064	0.0056919	0.0114	-1.0075	-0.00013862	0.0027045	-0.49045	0.059686	0.0098669	0.0024969	0.0034679	-0.0056757	0.0019418	-0.005814	-0.0011087	0.003169	0.00020632	0.010696	-1.1178	-0.0034627	-0.20448	0.0027283	0.32076	-0.022469	-0.30663	0.0038854	-0.62121	0.00027728	-0.0012473	-0.0024938	-0.00027724	-0.82887	0.0013868	0.0019418	0.024408	-0.0022168	-0.96128	0.0042196	-0.0013858	-0.60794	-0.0021533	-0.65108	-0.011143	0.0044808	-0.014608	0.0066143	0.0019418	0.0030522	0.0019418	-0.00097017	0.0016642	-0.0031859	-0.00013862	-0.62112	-0.051721	-1.2929	0.00458	-0.012438	-0.087579	-0.17284	-0.0056757	-0.0012473	-0.079142	-0.016704	-0.16245	-0.13158	-0.51084	0.003191	-0.45747	0.010842	0	-0.2175	-0.77473	0.00063707	-0.0036857	-0.0045695	-0.0019399	-0.0030475	0.0089029	-0.037082	-0.604	0.0030522	0.010982	-0.0073339	-0.0053567	-0.54482	0	-0.071873	-0.00094574	-0.22022	0.042449	0.0020805	-0.005814	0.10598	0.0015255	-0.70298	-0.0029091	0.0049969	-0.96369	-0.054825	0.0027745	-0.025483	0.022725	0.0029133	-0.41441	0	-0.0013858	0	0.00027728	-0.0011087	0.0020805	0.012376	0.00083781	-0.18219	0.0013868	-0.43009	0.0053117	0.0072217	-0.0085766	0.023145	0.0037465	-0.37673	0.11272	0.0011093	-0.73819	-0.50753	-0.00034286	-0.75341	-0.58529	-0.6171	-0.014467	-0.020412	-0.52317	-0.69111	0	-0.64442	-0.0011101	-0.004795	0.0028055	-0.66757	-0.92398	0.0010367	0.0026357	-0.005933	-0.052563	-0.13186	-0.018216	0.0038407	-0.00069303	-0.26167	0.037924	-0.0073339	0.00083195	0.0015255	-0.3668	-0.28192	-0.0082304	-0.0054389	-0.090383	0.019783	-0.29248	-0.00085093	0.0016642	0	-0.0014956	0.004719	-0.25019	-0.51671	-0.0073339	-0.0095234	-0.0036011	0.0097276	0	-0.00055444	0.089706	-5.3223e-05	-0.2958	-0.084661	-0.0027707	-0.069466	-0.95775	-0.005261	0.013705	0.0011937	-0.0075191	0.0056919	0.00027728	0.00083195	-0.003182	-0.0023553	-0.26293	-0.099472	-0.13936	-0.0026322	-0.0059345	0.012655	0.0027745	-0.65555	-0.0024938	-0.047801	0.0015174	0.0030522	-0.028018	-0.025346	-0.002402	0	-0.1731	-0.4959	0.0024969	-0.0045623	-0.0022168	0.016565	0.0029133	-0.017529	0.00027728	-0.0032025	-0.0066432	-0.021647	-0.0025377	-0.0020784	0.045566	0.0056919	0.0016702	0.0026807	0.002832	-0.45832	0.00032475	-0.29754	0.0048579	-0.41454	-0.00055444	-0.97331	-0.0069828	0	-0.87642	-0.0031329	-0.0016629	-0.17208	0.014294	-0.042652	0.00097064	0.012097	-0.0027707	-0.065716	0.0014612	0.0077852	-0.23079	-0.30322	-0.0019399	-0.00094274	0.020203	-0.015741	-0.026714	-0.47205	-0.00069303	-0.0037395	-0.32507	-0.58433	0.0048579	-0.25322	0	-0.085457	0.10818	-0.0076101	-0.30134	-0.017803	-0.00055444	-0.0030475	-0.49975	-0.83074	-0.014778	-0.0013858	-0.088772	-0.068481	-0.051537	-0.0037153	-0.045635	0.0012481	-0.020824	0.00083195	0.22314	-0.00055444	-0.003361	-0.0049695	-0.0013858	0.0026875	0.0026357	0.0012481	0.0058309	-0.33144	0.0018935	0.0030522	0.0091705	-0.0067813	0.00055628	0.0018234	0.0011093	0.0022603	-0.00097017	-0.005814	0.0030522	0	-0.39208	-0.49496	-0.0123	0.0069435	-0.79519	-0.0091286	
Deletion Peak 18 - CN values	5q13.2  	chr5:67196585-73454225(probes 512798:515498)        	chr5:69444827-71454769(probes 514237:514278)        	chr5:45383301-81992304(probes 502985:520777)        	1.0997e-21	 3.6422e-08		Actual Copy Change Given	-0.00069303	0.0030522	-0.036129	0.0011093	-0.020824	-0.0026322	0.003191	0.013252	0.0050957	-0.014503	-0.64393	-0.0087146	-0.84907	-0.00097017	0.0033299	-0.27404	-0.70433	0	-0.64996	0	0	0.033408	-0.11195	0.0029133	-0.0023553	0	-0.0059968	-0.0073339	-0.0015243	-0.14207	-0.0024407	-0.69622	-0.089169	-0.0099565	0.040468	-0.01354	-0.020687	0.0066653	-0.00069303	-0.53419	0.0058309	0.0079175	-0.022058	0	-0.0019399	-0.42407	-0.005814	0.0026357	-0.83359	-0.018765	-0.76278	-0.60216	-0.0033243	-0.0059315	0.0026357	-0.14811	0.0015255	0.00013863	-0.012024	-0.21441	-0.0020784	-0.010784	-0.0046613	-0.0049141	0.0038854	-0.0031859	-0.028491	-0.00047602	-0.0099565	-0.57842	-0.0042929	-0.014503	-0.0033243	0.035665	-0.50806	0.0055529	-0.17873	0.022415	-0.021998	0.0059546	-0.74253	-0.0085766	0.0033299	-0.50324	0.0033299	-0.37189	-0.061555	-0.45209	-0.0012473	-0.72349	-0.81219	-0.00093117	-0.105	0.0077783	0.0052749	-0.012358	0.0066653	-0.25298	0.019923	0.0068044	-0.77913	-0.012713	0.0024969	0.00013863	0.0020805	0.010635	-0.00644	-0.42233	-0.92012	0.00027728	-0.50379	-0.0012473	0.0054139	-0.0072847	0.0055529	-0.055634	-0.48918	-0.012438	-0.0081624	-0.74307	-0.01527	0.41479	-0.55897	-0.015741	0.00041593	0.0012481	-0.0047079	-0.65808	0.0026357	-0.83349	0.004719	-0.0013858	-0.022058	-0.030813	0.00041593	-0.00027724	0.0011093	-0.0008316	-0.0045695	0.0019418	-0.57388	-0.34354	-0.019589	0.014749	-0.033814	-0.0041546	-0.86358	-0.31284	-0.10605	-0.0038779	0	-0.032587	0.00069327	0.00041593	-0.0047079	-0.0042929	0.058224	-0.0022168	-0.05469	0.00093272	0	0.0007891	-0.00055444	0.073258	-0.01904	-0.0014381	-0.51455	-0.34159	0.00041593	0.0030683	-0.030404	-0.92674	0.023005	-0.25189	-0.0027707	0.004719	-0.00041585	-0.0048461	0.0089752	0.1661	-0.01849	-0.64288	0	-0.0018014	-0.0087146	0	-0.54714	-0.0080244	-8.8647e-05	0.001803	0.0044411	-0.32925	-0.033541	0.00097064	-0.45629	0.0114	-1.0025	-0.00013862	0.0027045	-0.48949	0.011295	0.0098669	0.0024969	0.0034679	-0.0056757	0.0019418	-0.005814	-0.0011087	0.003169	0.00020632	-0.42046	-1.1083	0	-0.20448	0.0027283	-0.11991	-0.022469	-0.30663	-0.0045695	-0.62121	0.00027728	-0.0012473	-0.0023553	-0.00027724	-0.82887	0.0013868	0.0022193	0.024408	-0.0022168	-0.96128	0.0042196	-0.0013858	-0.60794	-0.20062	-0.65379	0.095072	0.0044808	-0.014608	0.013772	0.0019418	0.0030522	0.0019418	-0.00097017	0.0016642	-0.0031859	-0.00013862	-0.0033243	-0.05496	-0.86121	0.010424	-0.012438	-0.13264	-0.02151	0.039478	0.003191	-0.0025622	-0.06048	-0.16474	-0.12147	0.0056106	0.003191	0	0.010842	0	-0.24338	-0.77473	0.00063707	-0.0036857	-0.0045695	-0.0019399	-0.13057	0.0089029	-0.037082	-0.604	0.0030522	0.010982	-0.0073339	-0.0053567	-0.54482	0	-0.071873	-0.00094574	-0.22022	0.042449	0	-0.005814	0.16639	0.0015255	-0.70298	0.0027745	0.0049969	-0.96369	-0.060211	0.0027745	-0.025483	0.017824	0.0029133	-0.41441	0	-0.0013858	0	0.00027728	-0.0011087	-0.021235	-0.076945	0.00083781	0	0.0013868	-0.43009	0.0053117	0.0072217	-0.0085766	0.023145	0.00094816	-0.36136	-0.42383	0.0011093	-0.74622	-0.50753	-0.30732	-0.75818	0.011261	-0.62493	-0.014467	-0.010922	0.00597	-0.69111	0	-0.65309	-0.0011101	-0.004795	0.0028055	0.0022193	-0.93946	0.0010367	0.0016484	-0.005933	-0.052563	0.00055459	-0.018216	0.0038407	-0.16319	-0.36442	0.012655	-0.0073339	0.00083195	0.0015255	0.0033299	-0.28192	-0.0082304	-0.0054389	-0.090383	0.019783	-0.0062286	-0.00085093	0.0016642	0	-0.050883	0.004719	0.00041593	-0.51671	-0.0073339	-0.0865	-0.0036011	-0.13807	0	-0.00055444	0.052241	-5.3223e-05	-0.2958	-0.013264	-0.0027707	-0.0029091	-0.58284	-0.005261	0.013705	0.0011937	-0.0075191	0.0056919	0.00027728	0.00083195	0.0020805	-0.0023553	-0.2583	-0.097363	-0.13936	-0.0026322	-0.0059345	0.012655	0.0027745	-0.64009	-0.0024938	-0.047801	0.0015174	0.0030522	-0.028018	-0.025346	-0.002402	0	-0.17234	-0.4959	0.0024969	-0.0024938	-0.0022168	0.016565	0	-0.017529	0.00027728	-0.0032025	-0.0066432	-0.021647	-0.0025377	-0.0020784	0.045566	0.0056919	0.0016702	0.0026807	0.002832	-0.20398	0.00032475	-0.30651	0.0048579	0.011539	-0.00055444	-0.96646	-0.0069828	0	-0.87642	-0.0031329	-0.16942	-0.17208	0.014294	-0.0089906	0.00097064	0.012097	-0.0027707	-0.065716	0.0014612	0.0077852	-0.22955	-0.29697	-0.0019399	-0.43786	0.020203	-0.015741	-0.61796	-0.22022	-0.00069303	-0.0037395	-0.995	-0.58913	0.0048579	-0.25499	0	-0.071472	-0.17929	-0.0076101	-0.0019399	-0.017803	-0.00055444	-0.0030475	-0.85669	-0.40716	-0.020687	-0.0013858	-0.088772	-0.068481	-0.051537	-0.0029091	-0.045635	0.0012481	-0.037762	0.00083195	0.22314	-0.00055444	-0.00060446	-0.0044162	-0.0013858	0.0026875	0.0026357	0.0012481	0.0058309	-0.33144	0.0018935	0.0030522	0.0091705	-0.0067813	0.00055628	0.0018234	0.0011093	0.0022603	-0.00097017	-0.005814	0.0030522	0	-0.39208	-0.4902	-0.017254	0.0069435	-0.79519	-0.0091286	
Deletion Peak 19 - CN values	5q15    	chr5:98795802-98934559(probes 529660:529724)        	chr5:98847647-98934559(probes 529675:529724)        	chr5:84557490-121917541(probes 522213:542236)      	2.0071e-36	 7.7553e-27		Actual Copy Change Given	-0.00069303	0.0030522	-0.036129	-0.28632	-0.020824	-0.0013858	0.003191	0.013252	0.0050957	-0.014503	0.017579	-0.0087146	-0.85448	-0.00097017	0.0033299	-0.27404	-0.0094046	0	-0.62465	0	0	0.033408	0.0098669	-0.42353	-0.043195	0	-0.00073776	-0.0073339	-0.072408	-0.13316	-0.0024407	-0.69622	-0.089169	-0.0099565	0.040468	-0.01354	-0.020687	0.011818	-0.0034627	0.00027728	0.025952	0.0079175	-0.045228	0	-0.0019399	-0.17967	-0.033814	0.0026357	-1.2929	-0.018765	-0.76278	0.0062481	-0.0033243	-0.010168	0.0026357	-0.23264	0.00013863	0.00013863	-0.024661	-0.17221	-0.34079	0.012237	-0.0046613	-0.57516	-0.82627	-0.0073339	-0.046854	-0.00047602	-0.0099565	-0.056442	-0.30004	-0.014503	-0.0033243	0.016985	-0.67269	0.035524	-0.17873	0.022415	-0.021998	0.0059546	-0.10592	-0.0085766	0.0033299	-0.51866	-0.59117	0.004719	-0.1499	-0.95123	-0.0012473	-0.009499	-0.81006	0.0030522	-0.105	0.0077783	0.0052749	-0.012358	0.020063	-0.25298	-0.73617	0.0068044	-0.00055444	-0.012713	0.0024969	-0.0008316	-0.00013862	0.010635	-0.00644	0.053379	-1.2929	0.00027728	-0.50379	-1.2929	0.0054139	-0.0072847	-0.59517	-0.0037395	0.0086135	0.0029133	-0.0081624	-1.2929	-1.2929	0.41479	-1.0369	-0.015741	0.00041593	0.0012481	0.0016642	0.01447	0.0026357	-0.082934	-0.46078	-0.025072	-0.022058	-0.0066432	-0.04048	-0.00027724	0.0011093	-0.0008316	-0.0045695	0.0019418	-0.013127	-0.24156	-0.04211	-0.80799	-0.061689	0.029466	-0.84331	-0.30181	-0.10605	-0.0084168	0.0089731	-0.032587	0.00069327	0.00041593	-0.0047079	0.0075	0.058224	-0.0022168	-0.64912	0.00093272	0.018803	0.0007891	-0.00055444	0.041034	-0.31634	-0.0014381	-0.00097017	-0.33156	-0.72438	-0.96157	-0.068663	-0.92674	-0.24982	-0.32449	-0.0027707	0.004719	-0.00041585	-0.0048461	-0.022662	0.14641	-0.01849	-0.62842	0	-0.00013862	-0.0087146	0	-0.50639	-0.045228	-8.8647e-05	0.001803	0.0044411	0.00097064	-0.00012485	0.00097064	0.0015255	-0.7651	-0.87899	-0.00013862	0.0027045	-0.0036807	-0.62424	-0.33618	0.0024969	0.0034679	-0.0056757	0.0019418	-0.005814	-0.0011087	-0.0011901	0.00020632	-0.15195	-1.2929	0.0033394	-0.0092049	0.0027283	0.247	-0.022469	-0.31622	0.00027728	0.15906	0.00027728	-0.0028816	-0.11168	-0.00027724	-1.2929	0.0013868	0.0022193	-0.76364	-0.0022168	-0.92577	0.0042196	-0.028765	0.04192	-0.070001	-0.039122	0.0086135	-0.020865	0.010285	-0.01354	0.0019418	0.0030522	0.0063871	0.0043021	0.0016642	-0.0031859	-0.00013862	-0.0033243	-0.0012473	-0.83001	0.010424	-0.028901	-0.11037	-0.02151	0.087679	0.003191	-0.0025622	-0.089831	-0.16871	-0.010504	0.012376	-0.87922	-0.010784	-0.032178	0	-0.15694	0.024689	0.00063707	-0.0036857	-0.028765	-0.0019399	0.0019418	-1.2929	0.048369	0.061365	-0.89947	-0.4611	-0.0023553	-0.0053567	-0.51321	-0.58775	-0.066654	-0.00094574	-0.063838	0.042449	0	-0.005814	0.052087	0.016565	-0.69387	0.0027745	0.0049969	-0.95092	0.71584	0.0027745	0	-1.1474	-0.0033243	-0.41441	-0.26913	-0.0013858	0	0.00027728	-0.0011087	0.014051	-0.0095612	-0.0015185	0	-0.038578	-0.43009	0.003191	-0.49871	-0.0085766	-1.2929	0.00094816	0.0070826	0	-0.011473	0.012934	-0.69992	-0.65398	-0.75818	-0.55347	-0.0044312	-1.2082	-0.091949	0.0043021	-1.2929	0	-1.2929	-0.0011101	-0.0055709	0.0091723	0.0022193	-0.90806	0.0010367	-0.41816	-0.005933	0.011228	0.00055459	-0.018216	-0.58686	-0.17221	-0.36442	-1.2929	-0.024661	-0.099868	0.0015255	-0.36488	-0.28192	-0.0082304	0.00097064	-0.66244	-0.53388	-0.0015243	0	0.0016642	0	-0.051558	-0.53114	0.00041593	-0.53744	-0.022195	-0.020119	-0.0036011	-0.13807	0	-0.00055444	0.052241	-0.016567	-0.2958	-0.013264	-0.0027707	-0.011725	-0.58284	-0.005261	0.013705	0.0011937	-0.0075191	-0.0060904	0.00027728	0.00083195	-0.0030475	-0.0023553	-0.0053617	-0.097363	-0.2875	-0.0026322	-0.0011087	0.0021463	0.026795	-0.64009	-0.019863	-0.047801	0	-0.21738	-0.0035366	-0.025346	-0.0076634	0	-0.37932	-0.49381	-0.016101	-0.0024938	-0.0022168	0.015866	0	-0.017529	-0.0031859	-0.020648	-0.0066432	-0.021647	-0.0025377	-0.0020784	0.045566	0.0045786	0.0016702	0.0026807	0.002832	-0.21786	0.00032475	0.0062481	0.020343	-0.40074	0.00013863	-0.95703	-0.01002	0	-0.30264	-0.0031329	-0.0015243	-0.17094	-1.2929	-0.012669	0.00097064	0.012097	-0.0027707	-0.087314	0.0014612	0.030176	-0.0052357	-0.0027707	-0.0019399	0.0012755	0.020203	-0.015741	-0.030131	0.31428	-0.00069303	-0.0037395	-0.29106	0.058096	0.0048579	-0.4868	0	-0.82244	-0.6494	-0.67463	-0.0019399	-0.017803	-0.3253	-0.0046284	-0.25866	-0.080408	-0.020687	-0.0013858	-0.086386	-0.068481	-0.026706	-0.0029091	-0.046448	0.0012481	-0.037762	0.020335	0.22222	-0.00055444	-0.00060446	-0.0044162	-0.0013858	0.0026875	0.0026357	0.0012481	0.0058309	-0.30956	0.0018935	0.0030522	-0.017116	-0.0067813	-0.28477	0.0018234	0.0011093	-0.59045	-0.00097017	-0.005814	0.0030522	0	-0.38201	-0.49172	-0.017254	-0.11809	-0.79519	-0.79586	
Deletion Peak 20 - CN values	5q21.3  	chr5:98930638-112983230(probes 529725:536928)      	chr5:105089880-105171908(probes 532182:532183)    	chr5:84557490-121917541(probes 522213:542236)      	1.1476e-14	    0.16287		Actual Copy Change Given	-0.00069303	0.0030522	-0.036129	-0.02541	-0.020824	-0.0013858	0.003191	0.013252	0.0050957	-0.014503	0.026001	-0.0087146	-0.85448	-0.00097017	0.0033299	-0.27404	-0.0094046	0	-0.62465	0	0	0.033408	0.0098669	-0.42353	-0.043195	0	-0.00073776	-0.0073339	-0.072408	-0.13316	-0.0024407	0.0051359	-0.089169	-0.0099565	0.040468	-0.01354	-0.020687	-0.79636	-0.0034627	0.00027728	0.01292	0.0079175	-0.049965	0	-0.0019399	-0.39508	-0.033814	-0.00036247	0.069095	-0.018765	0.033549	0.0062481	-0.0033243	-0.010168	0.0026357	-0.1092	0.00013863	-0.0018446	-0.024661	-0.20349	-0.35168	0.49459	-0.0046613	-0.57516	-0.84363	-0.0073339	-0.046854	-0.00047602	-0.0099565	-0.056442	-0.30004	-0.014503	-0.0033243	0.012795	-0.12252	0.035524	-0.17873	0.022415	-0.021998	0.0059546	-0.095912	-0.0085766	0.0033299	-0.54088	0.019643	0.004719	-0.1499	-0.42626	-0.0012473	-0.009499	0.029888	0.0030522	-0.105	0.0077783	0.0052749	-0.012358	0.020063	-0.25298	0.034818	0.0068044	-0.00055444	-0.012713	0.0024969	-0.0008316	-0.0024938	0.010635	-0.00644	0.053379	-0.0021211	0.00027728	-0.50379	-1.2929	-0.012851	-0.0072847	-0.59517	-0.0037395	0.0086135	-0.0023553	-0.0081624	-0.83163	-0.87689	0.41479	-0.48691	-0.015741	0.00041593	0.0012481	0.0016642	0.01447	0.0026357	-0.082934	-0.021647	-0.025072	-0.022058	-0.0066432	-0.04048	-0.00027724	0.0011093	-0.0008316	-0.0045695	0.0019418	-0.013127	-0.24156	-0.04211	-0.80799	-0.031086	0.029466	-0.84331	-0.30404	-0.10605	-0.0084168	0.052039	-0.032587	0.00069327	0.00041593	-0.0047079	0.0075	0.058224	-0.0022168	-0.64912	0.00093272	0.018803	0.0007891	-0.00055444	0.041034	-0.31634	-0.0014381	-0.00097017	-0.34171	-0.72438	0.071248	-0.040073	-0.92674	-0.25285	-0.28073	-0.0027707	0.004719	-0.00041585	-0.0048461	-0.022662	0.14554	-0.01849	-0.62842	0	-0.00013862	-0.0087146	0	0.34502	-0.045228	-8.8647e-05	0.001803	0.0044411	0.00097064	-0.00012485	0.00097064	0.0015255	-0.72305	-0.99722	-0.00013862	0.0027045	-0.0036807	0.057546	-0.33618	0.0024969	0.0034679	-0.0056757	0.0019418	-0.005814	-0.0011087	-0.0011901	0.00020632	-0.53226	0.065226	0.0033394	-0.0092049	0.0027283	0.247	-0.022469	-0.30604	0.00027728	0.15906	0.00027728	-0.0028816	-0.11168	-0.00027724	-0.76629	0.0013868	0.0022193	0.051103	-0.0022168	-0.92577	0.0042196	-0.028765	0.062546	-0.070001	-0.64762	0.0086135	-0.020865	0.010285	-0.01354	0.0019418	0.0030522	0.0063871	0.0043021	0.0016642	-0.0031859	-0.00013862	-0.0033243	-0.0012473	0.011679	0.010424	-0.028901	-0.11037	-0.094856	0.11521	-0.026714	-0.0025622	-0.059942	-0.16871	-0.010504	0.012376	-0.43322	-0.010784	-0.021098	0	-0.033812	0.024689	0.00063707	-0.0036857	-0.028765	-0.0019399	0.0019418	-0.6619	0.048369	0.061365	-0.9073	-0.4611	-0.0023553	-0.0053567	-0.51321	0.038206	-0.076678	-0.00094574	-0.063838	0.042449	0	-0.005814	0.052087	0.016565	-0.69387	0.0027745	0.0049969	0.92026	0.014749	0.0027745	0	-0.54703	-0.0033243	-0.41441	-0.27965	-0.0013858	0	0.00027728	-0.0011087	0.014051	-0.0011087	-0.0015185	0	0.00097064	-0.43009	0.003191	0.018103	-0.0085766	-0.7553	0.00094816	0.0070826	0	-0.011473	0.012934	-0.51764	-0.65398	-0.8026	-0.55347	-0.0044312	-1.1941	-0.091949	0.0043021	0.11697	0	-0.62188	-0.0011101	-0.0056246	0.016286	0.0022193	-0.86743	0.0010367	-0.41816	-0.005933	0.011228	0.00055459	-0.018216	0.0077783	-0.062092	-0.36442	0.15517	-0.024661	0.0040243	0.0015255	-0.36488	-0.28049	-0.0082304	0.00097064	-0.38369	-0.0098185	-0.0015243	0	0.0016642	0	-0.051558	-0.27595	0.00041593	-0.043602	-0.022195	-0.020119	-0.0036011	-0.13807	0	-0.00055444	0.052241	-0.016567	-0.2958	-0.013264	-0.0027707	-0.011725	-0.58284	-0.005261	0.013705	0.0011937	-0.0075191	-0.0060904	0.00027728	0.00083195	-0.0030475	-0.0023553	-0.0053617	-0.097363	-0.3495	-0.0026322	-0.0011087	0.0021463	0.026795	-0.64009	-0.019863	-0.047801	0	-0.21738	-0.0035366	-0.025346	-0.0076634	0	0.027497	-0.76996	-0.016101	-0.0024938	-0.0022168	0.015866	0	-0.017529	-0.0031859	-0.020648	-0.0066432	0.014888	-0.0025377	-0.0020784	0.045566	0.0045786	0.0016702	0.0026807	0.002832	-0.21786	0.00032475	0.0062481	0.013632	-0.40074	0.00013863	-0.95934	-0.01002	0	-0.30264	-0.0031329	-0.0015243	-0.18068	-0.66404	-0.012669	0.00097064	0.012097	-0.0027707	-0.087314	0.0014612	0.030176	-0.0052357	-0.0027707	-0.0019399	0.0012755	-0.35556	-0.015741	-0.030131	0.31428	-0.00069303	-0.0037395	-1.1865	0.058096	0.0048579	-0.4868	0	-0.82244	-0.6494	0.076279	-0.0019399	-0.017803	-0.3253	-0.0046284	-0.25866	0.021043	-0.020687	-0.0013858	-0.086386	-0.068481	-0.026706	-0.0029091	-0.046448	0.0012481	-0.037762	0.020335	0.22222	-0.00055444	-0.00060446	-0.0044162	-0.0013858	0.0026875	0.0026357	0.0012481	0.0058309	-0.010784	0.0018935	0.0030522	-0.44835	-0.0067813	-0.019862	0.0018234	0.0011093	0.042349	-0.00097017	-0.005814	0.0030522	0	-0.38201	-0.49172	-0.017254	-0.11809	-0.79519	-0.020687	
Deletion Peak 21 - CN values	5q22.3  	chr5:105091363-123361187(probes 532183:543124)    	chr5:115640444-115685755(probes 538660:538674)    	chr5:84557490-121917541(probes 522213:542236)      	1.1823e-06	   0.032487		Actual Copy Change Given	-0.00069303	0.0030522	-0.036129	-0.0038779	-0.020824	-0.007788	0.003191	0.0069816	0.016985	-0.014503	0.023615	-0.0087146	-0.85448	-0.00097017	0.0033299	-0.27404	-0.0094046	0	0.11756	0	0	-0.58716	0.0098669	-0.42353	-0.043195	0	-0.00073776	-0.0073339	-0.064911	0.00013863	-0.0024407	0.0051359	-0.089169	-0.0099565	0.040468	-0.01354	-0.91477	-0.79636	-0.005712	0.00027728	0.01292	0.0079175	-0.036401	0.050819	-0.0019399	0.0019418	-0.033814	-0.00036247	0.049398	-0.018765	-0.75909	0.0062481	-0.0033243	-0.010168	0.0026357	-0.014503	0.00013863	-0.0018446	-0.024661	-0.17884	0	0.49459	-0.00065328	0.040185	-0.84363	-0.0073339	-0.046854	-0.00047602	-0.0099565	-0.056442	-0.0018014	-0.014503	-0.0033243	0.036512	0.013632	0.020694	-0.17873	0.022415	-0.024766	0.0059546	0.20366	-0.0085766	0.0033299	-0.52532	-0.00041585	-0.0019702	-0.067726	-0.42626	-0.0012473	-0.0073339	0.029888	0.0030522	-0.105	0.0077783	0.0052749	-0.012358	0.020063	-0.25298	-0.033814	0.0068044	-0.00055444	-0.012713	0.0024969	-0.0008316	-0.0024938	0.010982	-0.00644	0.019503	0.84557	-0.29118	-0.50379	-0.72163	-0.012851	-0.0072847	0.0027745	-0.0037395	0.0086135	-0.0023553	-0.0081624	0.074552	-0.8855	0.41479	0.036229	-0.015741	0.00041593	0.0012481	0.0016642	0.01447	0.0026357	-0.082934	-0.021647	-0.025072	-0.022058	-0.0066432	-0.04048	-0.00027724	0.001803	-0.0008316	-0.012983	0.0019418	-0.013127	-0.24156	-0.04211	-0.80799	0.0024969	0.029466	-0.84331	-0.30404	-0.10605	0.0020805	-0.85826	-0.032587	0.00069327	0.00041593	-0.0047079	-0.090626	0.058224	-0.0022168	-0.57832	0.00093272	-0.28572	0.0007891	-0.00055444	0.041034	-0.01904	-0.0014381	-0.00097017	-0.34171	0.0049969	0.015587	-0.040073	-0.93112	0.024295	0.095217	-0.0027707	0.004719	-0.00041585	-0.0048461	-0.022662	0.15179	-0.00041585	-0.64331	0	-0.00013862	-0.0087146	0	0.29501	-0.032006	-8.8647e-05	0.001803	0.0044411	-0.00057157	-0.00012485	0.00097064	0.0015255	-0.0073339	-1.0055	-0.00013862	0.0027045	-0.0036807	0.095108	-0.33618	0.0024969	0	-0.0056757	0.0019418	-0.005814	0.00027728	-0.0011901	0.00020632	-0.4034	0.024127	0.0040243	-0.0076101	0.0027283	-0.93179	-0.022469	-0.30604	0.00027728	0.15906	0.00027728	-0.0028816	-0.11168	-0.00027724	0.048688	0.0013868	0.0022193	0.051103	-0.0022168	-0.92577	0.0042196	-0.12208	0.038384	-0.070001	-0.65136	0.0086135	-0.020865	0.010285	-0.01354	0.0019418	0.0030522	0.0063871	0.0043021	0.0016642	-0.0031859	-0.0078863	-0.0033243	-0.0012473	0.041883	-0.31389	-0.028901	-0.11037	-0.024661	0.061222	-0.54017	-0.0025622	-0.012851	-0.16871	-0.010504	0.012376	0.0065262	-0.010784	-0.021098	0	0.014331	0.024689	0.00063707	-0.0036857	-0.0042929	-0.0019399	-0.0054217	0.024279	0.053806	0.061365	0.0043021	0.017824	-0.0023553	-0.0053567	-0.52981	0.016845	-0.076678	-0.00094574	-0.063838	0.042449	0	-0.005814	0.052087	0.016565	0.0075	0.0027745	-0.0076101	0.86841	-0.047666	0.0027745	0	-0.54703	-0.0033243	-0.41441	-0.054286	-0.0013858	0	0.00027728	-0.0011087	0.0056919	-0.0098553	-0.0015185	0	0.00097064	-0.070831	0.003191	0.018103	-0.0085766	-0.82138	0.00094816	0.0070826	-0.3887	-0.41674	0.012934	-0.50494	0.0093098	-0.7732	0.017264	-0.0044312	0	-0.10788	0.0043021	0.040468	0	0.040044	-0.0011101	-0.0056246	0.011756	0.0022193	0.068235	0.0010367	0.0063871	-0.005933	0.011228	0.00055459	-0.018216	0.0077783	-0.062092	-0.36442	-0.8902	-0.024661	0.0040243	0.0015255	-0.36488	-0.28049	-0.0082304	0.00097064	0.01433	0.006109	-0.0015243	0	0.0016642	0	-0.051558	0.006109	0.00041593	0.00458	-0.022195	0	-0.0036011	-0.13807	0	-0.00055444	0.052241	-0.016567	-0.2958	-0.013264	-0.0027707	-0.011725	-0.58284	-0.005261	0.013705	0.0011937	-0.0075191	-0.57713	-0.00041585	0.00083195	-0.0030475	-0.0023553	-0.0035061	-0.097363	-0.28465	-0.0026322	-0.0011087	0.0021463	0.013074	-0.64009	-0.019863	-0.047801	0	-0.0002694	-0.0035366	-0.025346	-0.0076634	0	0.027497	-0.37786	-0.024661	-0.00097017	-0.0022168	-0.83244	0	0	-0.0031859	-0.016704	-0.0066432	0.014888	-0.0025377	-0.0020784	0.045566	0.0045786	0.0016702	0.0026807	0.002832	-0.21786	0.00032475	0.0062481	0.013632	0.019363	0.00013863	-0.96552	-0.01002	0	-0.021373	-0.0031329	-0.0015243	-0.18295	0.067051	0.00097064	0.00097064	0.012097	-0.0027707	-0.087314	0.0014612	0.0022261	-0.0052357	-0.0027707	-0.0019399	0.0012755	0.030029	-0.015741	-0.030131	0.33399	-0.00069303	-0.0037395	-1.0607	0.058096	0.0048579	-0.032723	0	-0.028765	-0.82871	-0.77184	-0.0019399	-0.017803	0.0015255	-0.013655	-0.26045	-0.068529	-0.0063161	0.12856	-0.10184	-0.068481	-0.026706	-0.0036969	-0.046448	0.0012481	-0.0063668	-0.0048461	0.21702	-0.00055444	-0.00060446	-0.0044162	-0.0013858	0.0026875	0.0026357	0.0012481	0.0058309	0.00013863	0.0018935	0.0030522	-0.44803	-0.0067813	-0.019862	0.0018234	0.0011093	0.020524	-0.00097017	-0.005814	0.0030522	0	-0.38201	-0.49172	-0.017254	-0.12407	-0.79519	0.0070826	
Deletion Peak 22 - CN values	6p24.3  	chr6:3848695-10400535(probes 580645:585432)          	chr6:7099544-7254035(probes 583072:583169)            	chr6:5520637-7642275(probes 581771:583419)            	0.0094789	  0.0093432		Actual Copy Change Given	-0.0008316	0.00097064	0	-0.0029091	0.68068	-0.39564	-0.0065688	-0.0045316	-0.0031859	-0.011198	0.0044891	0.00027728	-0.016841	-0.0036664	0.0013868	-0.36884	0.016146	-0.00055444	0.042732	0.0001606	-0.040073	-0.31392	-0.019726	-0.0073625	0.0010948	-0.00069303	-0.0025397	-0.0024938	-0.049289	-0.0015243	-0.0049844	-0.01037	-0.028669	0	-0.0034627	0.010564	-0.0049844	-0.0008316	-0.0024938	0.006109	-0.0044287	0.003191	0.94139	0.11038	0.0049969	0.031436	-0.037898	-0.3487	0.0080567	-0.047124	-0.01985	0.0062481	-0.005814	-0.0023553	-0.0030475	0.010424	-0.23692	-0.0018953	-0.02603	-0.026577	0.31867	0.0094491	0.00073304	-0.00027724	-0.0012473	-0.0029091	-0.020412	-0.0001988	0.00055459	0.0075	0.0058309	-0.01354	-0.00027724	0.011679	-0.0061347	-0.024524	-0.064911	0.024479	-0.0066432	-0.014751	0.11344	-0.0073339	-0.00013862	-0.0049844	-0.00013862	-0.0048112	-0.0012473	-0.00027724	-0.00041585	-1.1071	-0.0092002	-0.0012307	0.49545	0.11242	0.0086135	-1.1698	-0.27894	-0.00027724	-0.0085766	-0.010436	-0.053746	0.006109	0.0016642	0	0.0094491	0	0.010006	-0.061689	0.1747	-0.007609	0	-0.0022168	-0.29508	-0.031174	-0.0036011	0.00097064	-0.0085766	-0.018078	-0.0092666	-0.0036011	0.66364	-0.87127	-0.010232	0.0065262	0.0015255	-0.0036011	-0.0049844	-0.2027	0.0011093	0.040609	0.0040243	0.0020805	0.0033299	-0.07731	-0.013127	0.0051359	-0.0030475	-0.0087393	-0.0036011	0.003191	-0.13199	0.00069327	0.0040782	-0.00097017	-0.014503	-0.0027418	-0.26973	-0.0081624	-0.018216	-0.0070576	-0.0017502	-0.0049844	-0.0098185	-0.0008316	-0.0023553	0.0012481	-0.007472	-0.0036011	0	0.0010714	-0.30698	-0.00059726	0	-0.21997	-0.033269	-0.0012473	-0.41113	-0.32878	0.0012481	-0.023977	0.0029133	0	-0.011335	-0.096044	0.00041593	0.0081959	-0.0012473	0.0038854	-0.023275	-0.30141	-0.076545	0.0074207	0.0030522	0.0057869	-0.0015243	0.00597	-0.029038	0.020063	-0.0094306	0	-0.0012473	0.0041632	-0.0029091	-0.0031579	-0.0063668	-0.0057933	0.12358	-0.0067813	-0.004086	0	0	-0.34996	0.00458	-0.0013866	-0.0071958	0	0.0051359	-0.0016629	0.0040031	-0.0015243	0.0076392	-0.031768	0.19893	0.35456	0.0026216	0	0.0086135	-0.23689	-0.057385	-0.10368	0.00097064	-0.0024938	0.00055459	-0.0019399	-0.0016629	-0.0011087	-0.0024938	-0.024935	-0.0008316	-0.99172	-0.00063675	-0.075078	-0.0037034	0.0037465	-0.019726	0.056312	0.0054139	0.0042832	-0.021921	0.0020805	-0.6973	0.31964	-0.0055375	-0.0041546	-0.0011087	-0.028901	0.00027728	0.010842	-0.021098	0.00041593	-0.078544	-0.0018014	0.011261	-0.031905	0.00097064	-0.0036695	-0.67177	-0.02222	0.0061131	-0.0073339	-0.0030475	-0.0017867	-0.0010619	-0.26119	0.0025181	0.0023581	0.0037465	-0.052666	-0.039258	-0.005814	0.013213	-0.00054358	0.041175	-0.0095426	-0.0080244	-0.005814	-0.0034627	-0.0037395	-0.013264	0.034254	-0.056981	-0.0016629	-0.31202	-0.10644	-0.0017653	0.0065262	0.079003	-0.0019399	0.013632	-0.0029091	0.0022193	-0.017536	0.016985	-0.00027724	-0.0038779	-0.01037	0	0.34469	0.0065262	-0.0024938	-0.00048521	0.00041593	0.0015255	-0.016154	-0.19124	-0.35726	-0.0008316	-0.0023553	-0.014669	-0.036674	-0.00027724	-0.0080244	-0.022332	0.00069327	0.063223	-0.40094	-0.0013858	-0.00097017	0.0052935	-0.080807	-1.0954	-0.01106	-0.55967	0.0020805	-0.0012473	-0.0016629	-0.02562	0.0058309	0.0029021	-0.00093125	0.042501	-0.011335	-0.00069303	-0.0055375	-0.0011813	-0.003685	0.0058894	0.0064936	-0.0023553	-0.0037395	-0.0098185	-0.0012473	-0.32472	-0.021373	0.012795	0.0070826	-0.0008316	0.003191	-0.037762	-0.008932	-0.0016629	-0.01904	-0.011749	-0.0040162	0	-0.0036011	0.006109	0.0025257	-0.00027724	0.0028065	-0.016017	-0.0083005	-0.0080052	-0.0011087	-0.00027724	0.0093098	0.00083195	-0.67417	-0.00097017	-0.18006	-0.36906	-0.0095426	-0.24995	-0.16637	0.0044411	-0.029786	-0.0018557	-0.10123	-0.048613	-0.019863	-0.0011087	0	0.0020805	-0.00055444	-0.39464	0.00097064	0.0026357	0.0012481	-0.35798	-0.70774	0.019804	-0.044822	0.018523	0.18707	0.0026357	-0.00076695	-0.015191	0.005228	-0.0058373	0	-0.013022	0.032986	-0.0018953	-0.0027707	-0.088242	0.00041593	-0.0033381	0	-0.11325	-0.0091286	0.42873	-0.003034	-0.014919	-0.023292	0.0015454	0.0050029	0	-0.0025749	-0.95377	-0.0020309	0.0043021	0.0043021	-0.035176	0	-1.0007	-0.0013108	-0.00013862	-0.02151	-0.012713	-0.01037	-0.0047079	-0.037389	-0.031359	0.0016642	-0.093271	-0.007472	-0.040888	-0.0092156	-0.56096	-0.0039009	0.0094491	0.00013863	-0.46598	-0.0041546	-0.59701	0.006109	-0.18395	-0.00051315	0.00055459	0.12299	0.021729	-0.08094	-0.0049844	-0.0061972	-0.02603	-0.11574	-0.019589	-0.0016629	0.013632	0.00097064	0.001803	-0.0029091	0.0011093	0.0054139	-0.0036011	-0.0070576	-0.040021	0.012245	-0.0094046	-0.0012473	-0.0011087	-0.30369	-0.007472	0.42637	-0.0012473	8.86e-05	0.00084697	-0.00055444	-0.0092666	0.67252	-0.0055375	0.0012481	-0.0012325	0.00027728	0.0011093	0.0016642	0.0017375	-0.002769	-0.0045695	-0.0013858	0.0033709	0.00027728	-0.40196	-0.0196	0.0027745	0.28406	0	0.001803	0.0030522	-0.80078	-0.0063668	
Deletion Peak 23 - CN values	6q14.3  	chr6:87090342-87291345(probes 627216:627332)        	chr6:87145513-87264648(probes 627249:627308)        	chr6:66850381-124827878(probes 615680:648473)      	6.1291e-71	 4.9738e-60		Actual Copy Change Given	-0.0008316	-0.7265	-0.36578	-0.057623	0.67586	-0.041295	0.00083195	-0.0045316	-0.0031859	-0.011198	-0.67707	-0.012851	-0.16536	-0.0024893	-0.10775	-0.36884	-0.014366	-0.14232	-0.5717	0.0022413	-0.083997	-0.29883	-0.019726	-0.43235	-0.031359	-0.00069303	-0.0022615	-0.0024938	0.0094491	-0.14091	-0.0049844	-0.70172	-0.23484	-0.24958	-0.0034627	-0.87424	-0.0078863	-0.77804	-0.40694	-0.00013862	0.019223	-0.68688	-0.059135	0.084787	0.0058309	-0.41344	-0.02384	-0.0036011	-0.82211	-0.055757	-1.2929	-0.02384	-0.49475	-0.0093263	-0.26035	-0.64593	-0.24667	-0.059673	-0.0092666	-0.070579	-0.34159	-0.51527	-0.032684	-0.58735	-0.81933	-0.0077415	-0.036946	-0.0001988	-0.0096001	-0.040345	-0.010094	-0.51774	-0.00027724	-0.015879	-0.69703	-0.83881	-0.21907	-0.01048	-0.0066432	-0.027644	-0.18333	-0.74194	-0.00013862	-1.0033	0.0023581	-0.30357	-0.040752	-0.43094	-0.0015243	-1.0932	-0.79494	-0.00041585	-0.043466	-0.39708	0.0086135	-0.36725	-0.81901	-0.2396	-1.2929	0.0072217	-0.075745	-0.017465	0.0016642	-0.007309	-0.0005134	-0.13406	-0.0066432	0.060794	-0.94106	-0.007609	-0.51393	-0.72332	-0.29863	-0.044713	0.0023581	0.00097064	0.00597	0.0024969	-0.0092666	-0.007472	-0.88635	-0.82097	-0.53541	-0.12642	0.0015255	-0.0036011	-0.0049844	-0.24168	-0.22429	-0.03885	-0.42735	-0.00027724	-0.5355	-1.0127	-0.046989	0.0051359	-0.0030475	-0.18949	-0.76064	0.00458	-0.19725	-0.57546	-0.030813	-0.81376	-0.089302	-0.60786	-0.248	-0.30475	-0.23594	-0.89626	-0.95177	-0.024798	-0.0098185	-0.0008316	-0.025483	-0.068127	-0.012712	-0.014778	0.010411	0.0010714	-0.073343	-0.00059726	0	-0.0501	-0.32263	-0.0012473	-0.0015243	-0.69875	0.0012481	-0.045635	0.0029133	-0.10066	-0.6655	-0.74098	0.00041593	-0.65733	-0.010508	-0.026988	-0.05296	-0.31897	0.00083195	-0.64439	-0.12784	0.0015917	-0.0038747	-0.0062314	-0.89901	-0.88951	-0.70856	-0.0036011	-0.46078	-0.017941	-0.0029091	0.006109	-0.45896	-0.039801	0.07671	-0.41135	0.0047878	-0.0033243	-0.77098	-0.68533	-0.0014372	-0.0010383	-0.0071958	-0.18546	0.0068044	-0.0016629	-0.0015243	-0.064508	-0.56485	-0.66201	-0.00097017	-0.016144	0	0	-0.018902	-0.23899	-0.087977	-0.62255	0.00097064	-0.0031183	0.00055459	-0.0019399	-0.84859	-0.17689	-0.38493	-0.76766	-0.0008316	0.017264	0.0017206	-0.081503	-0.63526	-0.19937	-0.65755	0.0051359	-0.096308	-0.22047	-0.071472	0.00083195	0.011121	-0.11051	-0.076545	-0.35407	-0.0011087	-0.028901	-0.63273	-0.049559	-0.84171	-0.31926	-0.019177	-0.10395	-0.04211	-0.86334	-0.0031859	-0.0036695	-0.64509	-0.1435	-0.018349	0.0027745	-0.36952	-0.0017867	-0.72685	-0.26119	0.0019433	-0.75582	-0.13419	-0.051181	-0.058462	-0.41773	-0.71977	-0.6399	-0.49642	-0.6726	-0.92815	-0.4678	-0.0034627	-0.0037395	-0.52235	-0.61393	-0.46366	-0.0016629	-0.019177	-0.89534	-0.0085766	0.0073609	-0.034779	-0.80219	-0.044415	-0.65277	-0.65668	-0.94343	-0.030677	-0.036401	-0.0038779	-0.56326	-0.074678	-0.45125	-0.40005	0.0024969	0.0030522	0.00041593	0.0015255	-0.56455	-0.017941	-0.347	-0.0008316	0	-0.046069	-0.3856	-0.50567	-0.0080244	-0.82601	0.00069327	-0.10438	-0.0013594	-0.41751	0.014888	-0.54613	-0.11037	-0.036129	-0.55467	-0.011887	-0.018902	-0.0045695	-0.0016629	-0.67729	0.0019418	0.041458	0.00047669	-0.0021657	-0.83696	-0.0023744	-0.91995	-0.0011813	-0.4644	-0.06516	-0.32766	0	-0.1092	-1.134	-1.0103	-0.3495	-0.93053	-0.010094	-0.68815	0.0058309	0.0016642	-0.38672	-0.016017	-0.10145	-0.3304	-0.45297	-0.0040162	0	-0.0033243	0.00078744	0.0025257	-0.27248	-0.16586	-0.50339	0.0055529	-0.19723	-0.0011087	0.0030522	-0.0011087	0.0013334	-0.62217	-0.037354	-0.1581	0.00083195	-0.0095426	-0.87697	-0.037626	-0.72004	0.0071558	-0.0018557	-0.020047	-0.55196	-0.019863	-0.0011087	-0.26504	-0.19061	-0.25225	-0.37921	-0.32065	-0.0016629	-0.093139	-0.34067	-0.69595	-0.64517	-0.0094046	-0.0056757	-0.005261	-0.21218	-0.0067169	-0.36181	-0.23059	0.0011093	-0.4065	-0.39519	-0.19237	0.0038854	-0.030267	-0.083333	0.00041593	-0.11861	0	-0.0071958	-0.0091286	-0.46014	0.0041632	0	-0.023292	-0.0084661	-1.0103	0.0017093	-0.091894	-0.93105	-0.0020309	0.012655	-0.66929	-0.44502	0.0011093	-0.9686	-0.013409	-0.54925	-0.42538	-0.012713	-0.01037	0	-0.70147	-0.03286	-0.29414	-0.097495	-0.007472	-0.029325	-0.86696	-0.40484	-0.21278	-0.28525	0.00013863	-0.0021894	-0.60012	0.00041593	-0.59292	-0.21552	0.0027745	0.00055459	0.066945	-0.63539	-0.11783	-0.47533	-0.0061972	-0.0091286	-0.11652	-0.7502	-0.0016629	-0.012511	-0.32495	-0.007472	-0.55997	-0.52573	-0.017666	-0.0036011	-0.58166	-0.058279	-0.017521	-0.0094046	-0.57081	-0.0011087	-0.20249	-0.97324	-0.62969	-0.0931	8.86e-05	0.00084697	-0.00055444	0.0070826	-0.73222	-0.0055375	0.0012481	-0.34423	0.00027728	-0.069064	-0.47754	0.0017375	-0.25182	-0.0045695	-0.5715	-0.61448	0.00027728	-0.39946	-0.20908	-0.031496	0.073402	0.01433	-0.020138	-0.34067	-0.018628	-0.85146	
Deletion Peak 24 - CN values	6q22.1  	chr6:100878919-119452669(probes 634769:645390)    	chr6:116089843-116247609(probes 643799:643872)    	chr6:66850381-124827878(probes 615680:648473)      	3.7237e-30	 2.6774e-10		Actual Copy Change Given	-0.025346	-0.7265	-0.01106	-0.053611	0.67715	-0.063177	0.00083195	0.0023961	-0.0031859	-0.011198	-0.67707	-0.012851	-0.073476	-0.0024893	-0.10775	-0.36884	-0.014366	0.0049969	-0.55427	0.0022413	-0.032996	-0.30199	-0.019726	-0.46727	-0.010094	-0.00069303	-0.0022615	-0.0024938	0.0094491	-0.14091	-0.0049844	-0.69631	-0.23484	-0.10487	-0.00069303	-0.015879	-0.015879	-0.78346	-0.0029091	-0.00013862	0.019223	-0.68688	1.0358	0.084787	0.0058309	-0.25467	-0.027124	-0.0036011	-0.82211	-0.055757	-0.76432	0.00458	-0.013815	-0.0093263	-0.0037395	-0.50536	0	-0.0067613	-0.062764	-0.029404	-0.34159	-0.51043	-0.032684	-0.56624	-0.81203	-0.0077415	-0.036946	-0.0001988	-0.0096001	-0.040345	-0.010094	-0.046854	-0.00027724	-0.015604	-0.6237	-0.83777	-0.21907	0.037022	-0.0066432	-0.027644	0.036512	-0.75513	-0.00013862	-1.0033	-0.0020784	0.0053444	-0.040752	-0.43159	-0.0015243	-1.0932	-0.80857	-0.00041585	-0.11064	-0.39708	0.0086135	-0.36725	-0.82481	0.0030522	-0.058731	0.0072217	-0.075745	-0.017465	0.0016642	-0.007309	-0.0005134	-0.13406	-0.54593	0.060794	-0.94106	-0.0069195	-0.51125	-0.718	-0.0059522	-0.044713	-0.0008316	0.00097064	0.00597	0.0023581	-0.10473	-1.2929	-1.2929	0.021884	-0.5419	-0.12642	0.0015255	-0.0036011	-0.0049844	-0.22318	-0.22429	-0.03885	-0.31576	-0.00027724	-0.54754	-0.122	-0.058462	0.0051359	-0.0030475	-0.020275	-0.76064	-0.00069303	-0.24788	-0.57506	-0.030813	-0.81376	0.60539	-0.086518	-0.248	-0.31439	0.0037465	-0.89626	-0.96038	-0.024798	-0.0098185	-0.0008316	-0.026441	-0.068127	-0.012712	-0.014778	0.010411	0.0010714	0	-0.00059726	0	-0.055499	-0.32263	-0.0012473	-0.0066432	-0.73661	0.0015255	-0.01106	0.0029133	-0.10066	-0.04648	-0.74355	0.00041593	-0.010508	-0.010508	-0.089434	0.017468	-0.31897	0.00083195	0.028542	-0.12174	0.0015917	-0.62589	-0.0062314	-0.8968	-0.032041	-0.0088786	-0.0036011	0.011498	-0.017941	-0.0029091	0.006109	-0.45896	0.0052749	0.058795	-0.35965	0.0047878	-0.011749	-0.80042	-0.67619	-0.0014372	-0.0010383	-0.0071958	-0.18546	-0.70181	0.00069327	-0.0015243	-0.013264	-0.42418	-0.64198	-0.00097017	-0.015702	0	0	-0.018902	-0.23899	-0.087977	-0.62255	0.00097064	-0.0031183	-0.12082	-0.0019399	-0.81038	-0.12343	-0.33699	-0.76706	-0.0008316	0.032422	0.0017206	-0.077745	-0.60029	-0.027398	-0.64452	0.023005	-0.025756	-0.00097017	-0.071472	0.00083195	0.0091705	-0.11051	-0.079742	0.0062481	-0.0011087	-0.028901	-0.006505	-0.049559	-0.83414	-0.31926	-0.019177	-0.010784	-0.065763	-0.89014	-0.0031859	-0.0036695	-0.64509	-0.1435	-0.018349	0.0027745	-0.35772	-0.0017867	-0.25358	-0.26119	-0.084394	-0.75582	-0.050702	-0.021235	-0.058462	-0.043059	-0.010922	0.0057028	-0.00013862	0	0.0049969	-0.4678	-0.0034627	-0.015821	-0.52235	-0.62179	0.08161	-0.0016629	-0.034359	-0.12966	-0.0085766	0.082043	-0.034779	-0.80219	0.0033299	0.00013863	0.0019418	-0.016614	-0.034223	0.0015255	-0.0038779	-0.56027	-0.074678	-0.4232	-0.37392	0.0024969	-0.00062987	0.00041593	0.0015255	-0.0064689	-0.0022168	-0.33767	-0.0008316	0	-0.046069	-0.00075737	-0.49736	-0.0080244	-0.79009	0.00069327	-0.10438	-0.011579	-0.41751	0.0087473	-0.54613	-0.11037	-0.032587	-0.56744	-0.011887	0.0052749	-0.012713	-0.0016629	-0.67729	-0.71737	-0.6314	0.00047669	-0.0021657	0.0030522	0.015866	0.032563	-0.0011813	-0.42996	-0.013107	-0.32568	0	-0.1092	-0.59828	-0.17398	-0.3495	-0.88186	-0.010094	-0.70262	0.0058309	0.0016642	0.030451	0.017404	-0.10145	-0.36544	-0.29768	-0.010115	0	0.0040243	-0.0080244	-0.36633	-0.24411	-0.3356	0.00083195	0.0034178	-0.0051035	-0.0011087	0.0030522	-0.0011087	0.0070826	-0.11871	-0.037354	-0.1581	-0.02384	-0.0095426	-0.87697	-0.13716	-0.72004	0.0071558	-0.0018557	-0.020047	-0.0084385	-0.019863	-0.0011087	-0.10565	-0.00082557	-0.27009	-0.81244	-0.28549	-0.0016629	-0.10107	-0.35988	-0.0063668	0.0098947	-0.0094046	-0.0056757	-0.011611	-0.29059	-0.0067169	-0.34607	0.0003692	-0.0026322	0.0058309	-0.0080244	0.0041632	0.0038854	-0.023977	-0.015054	-0.0013858	-0.11861	0	-0.0071958	-0.0091286	-0.024057	0.0041632	0	-0.023292	-0.018765	-0.010057	0.0017093	0.0015829	-0.95348	-0.0020309	-0.022606	0.016565	-0.016704	0.0011093	-0.9686	-0.013409	0.0024969	-0.80219	-0.005261	-0.01037	-0.0015243	-0.69425	0.73758	0.0029133	-0.073343	-0.007472	-0.035448	0.0038854	-0.37763	-0.0026069	-0.0092666	0.00013863	-0.0021894	-0.60495	0.00041593	-0.59851	0.22314	0.0027745	0.00055459	0.063509	-0.032971	-0.0020784	0	-0.0042929	0.069382	-0.11652	-0.75124	-0.0016629	-0.012511	-0.32414	-0.0049844	-0.55427	-0.52573	-0.017666	-0.0036011	-0.89802	-0.058279	-0.018345	-0.0097697	0.00597	-0.0011087	-0.20087	-0.97693	-0.62969	-0.0020784	8.86e-05	0.00084697	-0.00055444	-0.70567	-0.73353	-0.014478	0.0012481	0.0083351	0.00027728	-0.069064	0.0037465	0.0017375	-0.24338	-0.0045695	-0.011335	-0.61265	0.00027728	-0.40539	-0.20908	-0.031496	0.053664	0.01433	-0.020138	-0.33883	-0.010646	-0.85567	
Deletion Peak 25 - CN values	7q31.33 	chr7:124926631-128004158(probes 740942:742625)    	chr7:127213118-127230557(probes 742123:742136)    	chr7:127078427-127245958(probes 742025:742152)    	0.17032	    0.16914		Actual Copy Change Given	0.11316	0.0041632	-0.0066432	0.031155	0.1628	0.0041632	0.00027728	0.0035068	0.0066653	-0.0076101	0.010194	0.118	0.0056919	0.00027728	-0.09512	0.017264	-0.010784	0.0063871	0.033972	-0.0033418	0.028481	-0.79595	0.0019418	0.0093098	0	0.0016642	2.6841e-05	0.0050755	0	0.0034687	-0.0034627	0.28501	-0.26588	-0.63368	0.013492	0.40878	-0.0011087	0.0084743	-0.0023521	-0.0013858	-0.0066432	0.6639	-0.03504	0.60666	5.0289e-05	-0.1351	0.11448	0.0013868	-0.012162	0.13998	0.067805	-0.023429	-0.0027707	0.609	0.0013868	0.31193	0.00083195	0.0015255	0.054376	0.15382	0.34876	0.021043	0.012416	0.0026357	0.044432	0.0038854	0.1631	0.001604	-0.003202	0.049114	0.15278	0.21315	0.0016642	0.019083	0.092315	0.65608	0.39479	0	0.18268	0.1409	0.27458	0.16551	-0.0042178	1.0253	0.004719	-0.0078863	0.0022193	0.15242	-0.25962	0.00458	0.045424	-0.0024938	0.51455	0.057653	0	0.27679	0.010982	0.0081959	0.045849	0.010885	-0.0013858	0.020203	-0.00097017	0.0043021	-0.00097017	0.022725	-0.0026126	0.066802	1.2159	0.0011093	0.33869	-0.74089	0.00083195	0.0028239	0.0033299	-0.00041585	-0.76535	0.02525	0.0026357	0.064225	-0.92189	-0.82309	0.35675	0.07808	0.0023581	0.0011093	-0.00027724	0.95919	0.011043	-0.045364	-0.32151	0.0041632	-0.0063668	0.047126	0.82941	0	0.0063871	0.0019418	-0.76834	0.002071	0.042449	-0.012438	0.18268	-0.0026322	0.036088	-0.0076101	0.09043	0.30713	0.015866	0.051245	-0.021653	0.15606	0.0036076	0.0027745	0.034113	-0.08559	0.24404	0.0026357	0.015028	0.00010073	0.020343	0.008849	-0.0038779	0.17392	0.0079175	0.001706	0	0.024689	0.0029133	0	0	0.13835	-0.00097017	0.072253	0.0081959	0.0054956	-0.091287	0.00041593	0.008299	1.1187	-0.081472	0.011181	0.003191	0.00055459	0.0022193	-0.00013862	0.38254	-0.042652	0.0069173	0.00055459	-0.00026563	0.0023581	0.0066653	0.001803	0.0027745	0.00458	0.75166	0.024969	0.0010393	-0.00027724	-0.16863	0.10307	-0.0010715	0.076134	-0.037099	0.033831	0.0037249	0.0020805	-0.0031859	0.0010305	0.48716	0.91218	0.09217	0.042166	0.0011095	-0.37053	-0.025209	0.050108	0.23535	0.5677	-0.00056402	0.00097064	0.035806	0.003191	-0.0023553	0.01419	0.036794	0.0087528	0.01419	-0.0094046	0.0025533	0.0037465	-0.57375	-0.013815	-0.0083005	0.062223	0.0058309	-0.0027707	0.021603	0.0084743	0.0033299	-0.00041585	0.013074	0.0049969	-0.0015243	0.053382	-0.0029091	0.021183	-0.0030475	-0.011887	-0.021647	0.011679	0.028622	0.010564	-0.00041585	0.0015957	0.015447	0.035498	0.070061	0.006109	0.0015255	0.0049969	0	-0.17385	-0.8708	0.016565	-0.043466	0.30378	0.061079	-0.00097445	0.0080567	0.31339	0.014051	0.12358	0.078727	0.013213	0.64461	-0.17954	0.34275	0.59476	0.038347	0.0028083	0.10932	0.10952	-0.0023891	0.037924	0.054962	0.0091705	0.0025744	0.10176	0.0054139	0.83655	0.3473	0.0020805	0.0061394	0	0.00041593	-0.44124	0.018195	-0.0017713	0.0016642	0.00013863	0	0.14266	0.0043021	-0.0060846	0.07254	-0.02384	0.011093	0.0080567	0.12369	0.003191	-0.83381	0.0029133	0.081177	0.0058293	0.023847	0.021463	0.082332	0.0069435	0.065226	0.035242	0.025671	0.11389	0.1619	-0.0018014	0.15711	0.0025928	0.0049969	-0.00035511	-0.0006418	0.00083195	-0.007472	0.30649	-0.0010428	0.00083195	-0.012832	0.0084416	0.0038854	0.0016642	0.0072217	-0.38984	0.018103	-0.88774	-0.0123	0.021323	0.0036076	0.0019418	-0.14477	0.0080567	0.007502	0.19421	0.094637	0.013353	0.00069327	0.003191	-0.0012473	0.0054158	-0.10867	0.083631	0.1795	0.0095883	0.0094684	0.0026754	0.00075448	0.00083195	0.042307	0.37399	0.00458	0.078719	-0.0020784	0.0016642	0.0015694	0.31675	0.13865	-0.035377	0.0016098	-0.90452	0.003191	-0.62284	-0.0008316	0.0016642	-0.72332	0.018803	0.023847	0.0012481	-0.0024938	0.0075	0.049966	0.0091468	-0.64667	-0.00055444	0.010006	-0.00041585	0.0016642	-0.83547	-0.0056757	-0.00046255	0.0069435	0.11364	-0.4044	0.03369	0.00097064	0.0024969	0.0091705	0.0036604	0.0375	0.18721	0.10147	0.33901	0.032704	0.13302	0.0029133	0.13569	0.00097064	0.0055588	0.0015705	0.0071402	0.014242	-0.0010613	0.1802	0.82294	0.015866	0.0036076	0.031436	0	0.0031131	0.36395	-0.026304	-0.0067813	-0.15546	-0.0036369	0.06308	0.0015255	0.014609	0.10979	0.36231	0.0026357	-0.0017946	0.011983	0.11976	0.0020805	0.0089196	-0.0038779	0.010006	0.6618	0.27568	0.00019476	0.05523	0.19786	0.053507	0.0036076	0.2484	0	0.022024	0.94139	-0.75607	-0.00444	0.023987	0.0063871	-0.01354	0.0026357	0.0070826	-0.00055444	0.0093098	0.006109	0.1008	-0.0278	0.0052749	0.059794	0.010842	0.021744	-0.0040162	1.1386	0.0080567	0.00092059	-0.0035861	-0.0012473	0.10833	0.019783	-0.0018943	-0.81548	0.0011093	-0.0016388	0.0041632	0.021884	0.00027728	-0.0029646	-0.0011087	0.0019418	0	0.0020805	0.5095	0.0033299	-0.15234	0.42519	0.037359	-0.64358	0.0065262	0.6939	0.82588	
Deletion Peak 26 - CN values	8p23.2  	chr8:2166023-6404670(probes 759916:761853)            	chr8:2926897-4996752(probes 759952:761450)            	chr8:3688999-3690711(probes 760702:760703)            	0.0061646	  0.0062435		Actual Copy Change Given	-0.0084385	-0.018078	-0.68186	-0.002313	1.0782	-0.39937	-0.0049844	-0.25149	0.0090312	-0.41751	-0.6489	-0.93555	-0.85337	0.0026357	-0.1058	0.047552	0.044715	-0.13626	0.64359	-0.029153	-0.098814	-0.62627	-0.052126	-0.43029	-0.077078	0.0069435	-0.24756	-0.66365	-0.0008316	-0.14052	0.0044411	-0.70307	-0.27798	-0.01409	-0.23496	-0.81868	-0.84323	-0.81376	0.0062481	0.0012481	-0.00097017	-0.11378	0.0011093	0.19725	0.00013863	-0.25758	-0.86309	-0.34315	-0.87483	-0.02151	-0.037218	-0.65165	-0.48123	-0.0035187	-0.0018014	-0.41674	-0.2463	0.0070826	-0.69414	-0.26769	0.049824	-0.53104	-0.1379	-0.0034627	-0.84803	-0.0016629	-0.54603	-0.00033742	-0.48102	-0.63527	-0.29023	-0.27494	-0.37876	-0.28632	-0.20187	-0.90411	-0.55557	-0.18493	-0.87433	0.23598	-0.75599	-0.74377	-0.0019298	-0.98815	0.00083195	0	-0.022744	-0.15324	-0.3105	-1.0981	-0.048207	0.0011093	-0.62121	-0.3963	0.0023581	-0.84555	-0.070536	-0.2473	-0.00027724	-0.42833	-0.025756	-0.41069	-0.0048461	-0.46557	-0.0034627	0.0049969	-0.55537	0.081322	-0.011726	-0.00055444	-0.46227	-0.22883	-0.04048	-0.76387	-0.60477	0.003191	-0.42046	-0.012024	-0.022058	-0.76826	0.75949	0.012655	0.15054	-0.78412	0.0011093	0.0013868	-0.00097017	-0.62408	-0.17449	-0.82277	-0.30604	-0.0008316	-0.54834	-0.98111	-0.89031	-0.00055444	0.00067383	-0.00055444	-0.77575	0.0027745	-0.59838	-0.58215	-0.67775	-0.83156	-0.0042929	-0.02384	-0.88225	-0.021647	0.018383	0.029184	-1.0484	0.023426	-0.44189	-0.0011087	-0.12888	-0.73722	-0.0026322	-0.0008316	0.003191	-0.068164	0.038073	-0.33287	-0.22047	-0.31003	-0.30329	0	-0.0085766	0.17996	-0.0053992	0.2087	-0.3119	-0.86827	-0.057654	-0.74655	-0.00097017	-0.75019	-0.77397	-0.013127	-0.13105	0.48052	-0.0019399	0.01439	0.013911	-0.0023553	0.0036076	0.00083195	0.40461	-0.0063668	0.027611	-0.018628	0.0056919	-0.52113	-0.0042929	0.0098669	0.0043021	0.59872	-0.02151	-0.28025	-0.0027021	-0.56067	-0.66612	-0.19462	-0.023703	-0.0023561	-0.57536	-0.22982	0.69185	-0.019589	-0.0059522	-0.0013858	0.069239	0.29215	0.00083195	0.018243	-0.00050526	-0.0038779	0.017124	-0.71453	-0.56296	0.046614	0.00097064	0.0011093	-0.02562	-0.0030475	-0.86389	-0.0073349	-0.020001	0.058509	0.06537	-0.9857	-0.010314	-0.15682	0.069133	-0.57467	0.61493	-0.21306	0.012237	-0.68906	-0.83316	-0.0026322	-0.00055444	-0.44383	0.010982	0.013353	0.00069327	-0.55066	-0.63239	-0.78015	-3.6226e-05	0.00096829	-0.69685	0.0096933	-0.22969	0.026514	-0.55186	-0.56141	-0.58196	-0.20898	-0.46992	-0.68624	0.0026357	-0.84515	0.023987	-1.0095	0.022025	-0.014228	-0.22932	-0.15131	0.035242	-0.42724	0.0081959	-0.0020675	-0.59643	0.046464	-0.98435	-0.014366	0.00055459	-0.17474	-0.49965	-0.45501	-0.45012	-0.53165	-0.47469	-0.76698	-0.48796	-0.042788	-0.34666	-0.054016	0.012949	-0.017254	0.00097064	1.3945	-0.87385	-0.0012473	-0.078011	0.0065262	-0.38526	-0.86994	-0.035993	-0.00041585	-0.00027724	-0.0041546	-0.37977	-0.87432	-0.78227	-0.0077424	0.0025418	-0.18471	-0.68371	-0.39615	-0.02384	0.015587	0.023847	0.0036076	0.051672	-0.55572	-0.42735	-0.7577	-0.18647	-0.22539	-0.77259	-0.0095426	-0.61452	-0.58765	-0.23728	-0.78269	0.0077783	-0.0030475	-0.00097017	0.0011701	0.0017155	-0.86633	-0.94146	-0.55108	-0.74573	0.0020805	0.0050162	-0.32626	-0.17006	-0.35248	-0.607	-0.3668	-1.0942	-0.00097017	-0.62503	-0.66753	0.0070218	-0.36839	-0.16332	0.35477	-0.10368	-0.34393	-0.059942	-0.27727	-0.00098444	-0.81477	-0.032041	-0.01956	0.0023581	-0.28465	0.12476	-0.016017	-0.29176	-0.026714	-0.77031	-0.0027707	-0.0051227	0.17749	-0.83397	-0.58677	-0.39897	-0.69151	0.034959	-0.10276	-0.9776	-0.11332	0.012043	-0.96555	0.010187	0.2253	0	-0.0022168	-0.68861	-0.22687	0.12889	-0.028355	-0.4034	0.0020805	-0.74412	-0.23496	-0.65024	-0.033814	0.038206	0.0029133	-0.20124	-0.84942	-0.62693	-0.84329	-0.42833	-0.18446	-0.1092	-0.0089906	0.0090312	-0.025932	-0.85583	-0.54189	-0.024825	-0.28387	-0.70675	-0.05725	-0.45565	0.00013863	0.034254	0.011958	-0.15272	-1.0364	0.0011543	-0.18547	-0.9686	-0.0021694	0.0070826	-0.0055375	0.006109	-0.0015243	-0.96588	0.00090705	-0.55617	-0.42418	0.0023581	-0.007472	-0.36374	0.029007	-0.081738	-0.0013858	-0.040345	-0.7297	0.044999	-0.0012595	0.0045868	-0.22657	-0.29023	-0.60158	-0.46508	-0.044822	0.016845	-0.0031859	-0.8922	0.0027745	-0.0019108	-0.60912	0.6117	-0.082137	0.19664	-0.14065	-0.12616	0.18768	-0.79728	-0.0020784	-0.5349	-0.33352	-0.78151	-0.58147	-0.54007	-0.61297	-0.13303	-0.92735	0.1075	-0.84675	-0.00097017	0.22022	-0.13044	-0.019863	0.00458	-0.57644	0.00055459	-0.12568	0.0027895	0	-0.71408	-0.75418	0.0063871	0.006109	-0.0099565	-0.16404	0.0052749	-0.0029091	-0.0013858	-0.031357	0.0049969	-0.38493	0.034014	0.0052749	-0.62073	0.011539	-0.025072	-0.43148	-0.12213	-0.64471	0.0070826	-0.79411	-0.86373	
Deletion Peak 27 - CN values	8p21.3  	chr8:22345922-24302367(probes 771914:773015)        	chr8:22680872-22698068(probes 772003:772004)        	chr8:18073609-28056041(probes 768531:775818)        	1.3462e-10	 1.3462e-10		Actual Copy Change Given	-0.0084385	0.0013868	-0.68186	-0.002313	1.0782	-0.39096	-0.85399	-0.25149	-0.40827	-0.41751	-0.6489	-0.92189	-0.85337	0.0026357	-0.09578	0.047552	-0.69767	-0.37012	-0.7001	-0.029153	-0.11205	-0.96488	-0.052126	-0.43029	-0.39619	0.0069435	-0.25568	-0.66365	-0.0008316	-0.14348	0.0044411	-0.69269	-0.27798	-0.01409	-0.23496	0.012376	-0.8861	-0.80923	-0.40097	0.0012481	0	-0.11024	0.0052749	-0.6679	-0.27679	-0.30862	-0.85178	-0.33871	-0.8599	-0.02151	-0.037218	-0.65165	-0.48123	-0.0035187	-0.25721	-0.54774	-0.2463	0.0017278	-0.69414	-0.24034	-0.30768	-0.53104	-0.90242	-0.0030475	-0.85652	-0.0016629	-0.54603	-0.00033742	-0.48102	-0.63527	-0.29023	-0.28346	-0.37876	-0.28762	-0.26901	-0.91256	-0.48429	-0.18493	-0.8548	0.23598	-0.74543	-0.73792	-0.0019298	-0.98815	-0.049559	0	-0.022744	-0.18999	-0.3105	-1.0981	-0.60883	-0.026167	-0.62121	-0.3963	0.0023581	-0.84555	-0.28049	-0.2473	0.0037465	-0.42833	-0.025756	-0.41069	-0.12538	-0.85234	-0.32124	0.0049969	-0.55537	-0.41355	-0.011726	-0.29035	-0.46227	-0.23312	-0.04048	-0.75803	-0.60555	-0.01221	-0.77592	-0.010356	-0.4256	-0.76877	0.74956	-0.86066	0.062365	-0.78412	0.0011093	0.0013868	-0.00097017	-0.62188	-0.17449	-0.81326	-0.35327	-0.0008316	-0.54834	-0.88696	-0.89031	-0.00055444	0.00067383	-0.00055444	-0.76832	0.0027745	-0.59838	-0.57051	-0.72579	-0.83156	-0.016429	-0.02384	-0.93586	-0.31844	-0.59818	0.034395	-1.0342	0.04362	-0.44189	-0.0011087	-0.12888	-0.73722	-0.10355	-0.0008316	0.003191	-0.068164	0.010285	-0.33287	-0.22047	-0.30569	-0.30122	0	-0.52828	-0.60487	-0.84427	-0.12551	-0.3119	-0.86827	-0.74534	-0.74655	-0.0055965	-0.74197	-0.80782	-0.013127	-0.021053	0.48475	-0.079875	-0.64364	-0.36544	-0.0023553	-0.67141	0.00083195	-0.52991	-0.87902	-0.7003	-0.018628	0.00083195	-0.33606	-0.0042929	-0.13923	0.0043021	0.59872	-0.53195	-0.3527	-0.0027021	-0.56067	-0.027911	-0.17714	-0.023703	-0.0023561	-0.57536	-0.40804	-0.71791	-0.5711	0.0040243	-0.48197	0.067948	-0.70307	0.00083195	-0.3479	-0.00050526	-0.36215	0.017124	-0.71453	-0.56296	0.046614	0.00097064	0.0011093	-0.02562	-0.0030475	-0.85789	0.0040243	-0.1712	-0.79252	-0.38044	-0.99493	-0.49356	-0.15682	0.059974	-0.57891	-0.64133	-0.005261	0.012237	-0.68906	-0.81753	-0.0026322	-0.00055444	-0.44383	0.010982	-0.36658	0.00069327	-0.55066	-0.62732	-0.78015	-0.077363	0.00096829	-0.69685	-0.55437	-0.22969	-0.024935	-0.55186	-0.56141	-0.65398	-0.20898	-0.54017	-0.69381	0.0026357	-0.84515	-0.0099565	-0.94558	0.0101	-0.011473	-0.2738	-0.14412	-0.81556	-0.42724	-0.69857	-0.0020675	-0.53368	0.05637	-0.94686	-0.014366	-0.69622	-0.22982	-0.49965	-0.44545	-0.44631	-0.53165	-0.47469	-0.78972	-0.48796	-0.042788	-0.028439	-0.054016	-0.85805	-0.066252	0.00097064	-1.02	-0.88271	-0.0012473	-0.078011	-0.58441	-0.6121	-0.40782	-0.11024	-0.00041585	-0.00027724	-0.027808	-0.37977	-0.87432	-0.76089	-0.0077424	0.0025418	-0.18471	-0.68371	-0.39615	-0.45597	-0.67076	-0.071739	0.0036076	-0.32356	-0.9552	-0.42735	-0.7577	-0.44986	-0.22539	-0.73906	-0.0095426	-0.60893	-0.58765	-0.28786	-0.76742	-0.7156	-0.0030475	-0.00097017	0.0011701	0	-0.86633	-0.94146	-0.95746	-0.74573	-0.42669	-0.056828	-0.32626	-0.32135	-0.35248	-0.607	-0.3668	-1.0818	-0.40716	-0.62503	-0.62751	-0.81901	-0.36839	-0.34102	-0.45469	-0.10368	-0.33453	-0.059942	-0.27727	-0.00098444	-0.80799	-0.12148	-0.096808	-0.27052	-0.47501	-0.49394	-0.050911	-0.32981	-0.026714	-0.77031	-0.0027707	-0.051046	0.13036	-0.83397	-0.58677	-0.82211	-0.69151	-0.58481	-0.70523	-0.96395	0.010637	-0.35947	-0.96555	0.010187	0.2253	0	-0.0022168	-0.67985	-0.25564	-0.95652	-0.028355	-0.4034	0.0020805	-0.74412	-0.28798	-0.65024	-0.47586	0.01433	-0.18383	-0.20124	-0.83604	-0.74368	-0.84329	-0.42833	-0.24484	-0.099472	-0.0089906	-0.21528	-0.4661	-0.85583	-0.54189	-0.024825	-0.27958	-0.70536	-0.38224	-0.45565	0.00013863	0.0040243	0.011958	-0.15272	-1.0232	0.0011543	-0.19119	-0.94276	-0.0021694	-0.71897	-0.0055375	-0.42668	-0.7388	-0.95652	-0.011399	-0.53591	-0.21169	0.0023581	-0.007472	-0.36374	-0.021134	-0.12525	-0.022881	-0.040345	-0.75153	0.010982	-0.0012595	-0.086645	-0.23323	-0.29023	-0.60158	-0.45231	-0.046448	-0.59546	-0.0031859	-0.88743	0.0027745	-0.062764	-0.61815	0.6117	-0.70845	0.20045	-0.14065	-0.37966	0.18768	-0.84731	-0.0020784	-0.5349	-0.33352	-0.78151	-0.85718	-0.54007	-0.60022	-0.13303	-0.9168	-0.3234	-0.84675	-0.32797	0.21508	-0.13044	-0.35863	0.00458	-0.57644	0.00055459	-0.12568	-0.67728	0	-0.72075	-0.75418	-0.011541	-0.81983	-0.35692	-0.17411	-0.077478	-0.063569	-0.0013858	-0.02767	0.0049969	-0.38493	-0.60455	-0.19562	-0.61178	-0.74455	-0.080408	-0.43148	-0.70765	-0.64471	-0.34481	-0.79411	-0.86373	
Deletion Peak 28 - CN values	8p11.21 	chr8:41894191-42158596(probes 783829:783950)        	chr8:41935063-42066756(probes 783847:783904)        	chr8:41494941-42476821(probes 783563:784220)        	0.0044246	   0.004447		Actual Copy Change Given	-0.0084385	0.0013868	-0.68186	0.006109	1.1655	-0.39096	0.006109	-0.25149	0.0048579	0.0051359	-0.0085289	-0.92189	-0.85337	0.0026357	-0.09578	0.052099	0.014609	-0.14129	0.58417	-0.029153	-0.073258	-0.67049	-0.00013862	-0.37053	-0.0008316	0.0069435	-0.10753	-0.66365	-0.0008316	-0.14348	0.0044411	-0.041567	-0.32635	0.01433	-0.00027724	-0.0037395	-0.85908	-0.78074	0	-0.51424	0	-0.1203	-0.0048461	0.17498	0.00041593	-0.24034	-0.85178	-0.33006	0.42419	0	-0.065045	0.058081	-0.41553	-0.0035187	0.00055459	0.22947	-0.2463	0.0017278	0.71133	-0.15809	-0.30768	0.023426	-0.85374	-0.0030475	0.56259	-0.80724	-0.54603	-0.0024428	-0.48102	-0.61037	-0.30917	0.18571	-0.37076	-0.30216	0.17332	-0.90358	3.6569	-0.0096553	-0.8548	0.23598	0.87607	0.0072217	-0.0019298	-0.98815	-0.0055375	0	0.0026357	0.26341	0.0052749	-1.0834	-0.36227	0.003191	0.28343	-0.3963	0.0023581	-0.84555	0.010146	0.64103	-0.025794	-0.42942	0.0015255	0.040751	-0.12538	0.00083195	-0.0041546	0.0049969	-0.55537	0.032281	1.8754	0.003191	1.7472	-0.041974	0	-0.74869	0.0038854	-0.0016629	-0.22318	-0.010356	-0.28703	0.54771	0.7614	-0.83138	0.16295	-0.78412	0.0011093	0.0013868	-0.00097017	0.64726	0.0027745	-0.81326	-0.30145	-0.0008316	-0.43875	-0.87876	1.6351	-0.00055444	0.00067383	-0.00055444	-0.76813	0.0027745	-0.57684	-0.5347	-0.0083534	-0.0085766	-0.022058	-0.013953	0.02525	-0.0056757	0.002803	0.034395	-0.97384	0.068235	-0.44189	-0.0011087	0.00097064	-0.73722	0.10264	-0.0008316	0.003191	0.06004	0.010285	0.00092779	-0.22047	-0.71453	-0.2913	0	-0.0015918	0.43154	-0.81786	0.17573	-0.27327	0.95345	0.054091	-0.74655	-0.0055965	0.0072217	-0.75943	-0.013127	-0.010184	0.48475	-0.082801	0.029948	0.00013863	-0.0023553	0.0076392	0.00083195	0.38618	0.024408	0.0065	-0.018628	0.0066653	-0.33606	-0.0042929	0	0.0043021	0.59872	-0.52634	0.26263	-0.57925	0.38287	0.022759	0.14102	-0.023703	-0.0023561	-0.54431	-0.2952	-0.71791	-0.001999	-0.0023553	-0.47818	0.067948	0.20259	-0.0024938	0.0026357	-0.00050526	-0.00013862	0.017124	-0.71426	0.00083195	0.92371	0.00097064	0.0011093	0.0040396	-0.0030475	-0.048223	0.0040243	-0.1712	-0.020412	-0.38044	-0.95203	-0.0043751	-0.14026	0.057405	-0.57891	0.5971	-0.018289	0.012237	0.0041632	0.25043	-0.0026322	0	-0.44383	0.0077783	0.0012481	0.00069327	-0.55066	0.017684	1.6086	-0.020687	0.00096829	1.2996	-0.0070576	-0.22883	0.020343	0.0015255	-0.56141	-0.65398	-0.20898	-0.452	-0.0069195	0.0026357	-0.8405	-0.0099565	-0.91582	-0.75089	-0.011473	-0.057116	-0.13238	-0.81556	0.028903	-0.018078	-0.0020675	-0.027899	0.060936	-0.94686	-0.014366	-0.0027707	-0.2102	0.13954	-0.43767	-0.42713	0.0065262	-0.30545	-0.78972	-0.48796	-0.042788	0.0048101	-0.017803	-0.81244	0.019083	0.00097064	-0.99137	-0.041974	-0.0012473	0.0011093	-0.038034	-0.11299	-0.40782	-0.10946	-0.00041585	-0.00027724	-0.0014928	0.011958	-0.87432	-0.76089	-0.0077424	0.0025418	-0.16561	-0.6985	-0.38605	-0.0061574	0.0095883	-0.038714	0.0036076	0.087534	-0.0079918	-0.42735	-0.7374	-0.0084501	-0.22133	0.05086	0.019643	0.66734	2.4856	0.031014	0.0049969	0.021744	-0.0030475	-0.00097017	0.0011701	0	0.75166	-0.35293	-0.0098185	0.0022854	-0.42669	-0.056828	-0.32626	-0.14528	-0.018902	-0.607	-0.30251	-0.29508	-0.048437	-0.61104	-0.94041	-0.0087146	-0.36839	-0.34102	-0.45744	-0.10368	-0.32495	-0.059404	0.00597	-0.00098444	-0.80799	-0.027535	-0.0023033	0.0012481	-0.2913	0.15915	-0.050911	-0.26346	-0.026714	-0.77031	-0.0027707	-0.46874	0.4998	-0.83397	-0.58265	-0.39553	-0.69151	-0.2491	-0.55106	1.9639	0.010637	0.00050021	-0.96555	0.0041632	0.2253	0	-0.0022168	-0.25147	0.10707	0.85838	0.015168	-0.015238	0.0020805	0.33982	0.012934	-0.64704	-0.47586	0.01433	-0.18383	-0.20124	-0.0014597	-0.63906	-0.81944	-0.32577	0.044715	0.44054	-0.0089906	0.00083195	0.040044	-0.38246	-0.51218	0.065083	-0.26925	-0.69712	-0.055769	0.56719	0.00013863	0.0040243	0.0085283	0.11697	-0.99157	0.0011543	-0.19119	-0.94276	-0.0021694	-0.71746	-0.0055375	0.027357	0.0033299	-0.95145	0.041676	-0.53591	-0.43344	0.0023581	-0.007472	-0.1779	0.0091345	-0.046041	0.0022193	-0.040345	0.056655	0.010982	0.0019423	-0.012982	-0.23323	-0.29023	-0.60158	-0.45231	0.001803	0.0029133	-0.0031859	-0.079609	0.0027745	-0.0027707	-0.59915	0.6117	-0.65538	0.19756	-0.14065	-0.15426	0.18768	0.75853	-0.0020784	-0.093139	-0.33352	-0.78151	-0.85718	-0.52481	-0.00097017	0.00048044	-0.89787	-0.30682	-0.84331	-0.10618	0.19558	-0.011521	0.010157	0.00458	-0.57644	0.00055459	-0.24926	-0.67728	0	-0.71114	0.0063871	-0.0020116	-0.81983	0.00083195	-0.13057	-0.077478	0.011818	-0.0013858	0.0030539	0.0049969	-0.38493	0.0085155	0.00069327	-0.59944	-0.73442	0.00097064	-0.43148	-0.70765	0.3738	0.0041632	-0.7981	0.026935	
Deletion Peak 29 - CN values	9p23    	chr9:7799607-10619051(probes 846309:848013)          	chr9:8310705-10619051(probes 846641:848013)          	chr9:9224801-9231960(probes 847328:847329)            	5.7018e-05	 5.6621e-05		Actual Copy Change Given	0.0033299	-0.0062286	0.0072217	-0.0080244	-0.76843	0.0052749	0.0011093	-0.0090908	-0.19779	-0.42735	-0.63809	0	0	0.00069327	-0.0022168	-0.26408	-0.045228	0.0091705	-0.014916	0.024991	-0.43604	0.047268	0.0069435	0.0029133	0.00097064	0.0081959	-0.002323	0.0015255	0.00083195	-0.0023553	0.0038854	0.0056919	-0.54179	0.0066653	0.006109	0.0097276	-0.022744	0.001803	0.0034687	-0.0019399	0.0030844	0.043015	-0.0098185	0.17905	-0.0012473	0.016146	0.12579	0.0029133	0.021744	-0.37718	0.00027728	0.039765	0.0055529	0.0043238	-0.005261	-0.060614	0.21039	-0.0022675	-0.027124	-0.25079	-0.25962	0.021323	0.0097676	0.017963	-0.0015243	0.0019418	-0.0971	-0.0001988	0.00458	-0.31646	0.0084743	0.093185	0.00083195	0.032845	0.038206	-0.0070576	0.31514	0.00738	-0.00013862	-0.025699	-0.44167	0.014609	-0.00041585	0.91824	-0.0011087	-0.0024938	0.0011912	-0.10158	-0.0060904	-0.010072	-0.005814	-0.0047079	0.24793	0.001803	0.036935	-0.30065	0.021323	0.22792	0.015432	-0.00027724	-0.0033243	0.031014	-0.0081624	-0.024245	-0.0081624	0.0011093	0.0062481	-0.15899	-0.073321	-0.00027724	-0.48439	0.029549	0.0023581	-0.037306	0.0024969	-0.00032714	-0.7559	-0.017666	-0.00062492	-0.024524	-0.017391	0.0093098	0.018943	-0.093403	-0.0012473	-0.00069303	-0.00041585	0.031859	0.00069327	0.0086123	-0.0016629	0.00103	0	-0.077103	0.010285	0.0063871	-0.0066432	-0.005261	-0.0036011	0.0015255	-0.54834	-0.0047199	0.11008	0.0090312	-0.0098185	0.0086135	0.054945	0.0017187	0.011261	-0.019452	0.017765	0.076135	0.045991	-0.0063668	-0.0042929	-0.00027724	0.02334	-0.0018014	-0.00097017	-0.0023932	0.0054139	-0.00059726	0.0019418	0.19451	0.0024969	-0.0056427	-0.0020784	0.0076392	0.00013863	0.068808	0.0012481	-0.0095426	0.038103	0.055088	0.003191	-0.72208	-0.0081624	0.00056229	0.030796	0.10599	-0.00013862	-0.007965	-0.001794	-0.00041585	-0.0098185	-0.0037395	0.37265	-0.011887	-0.59762	0.0022193	-0.0024938	0.00458	-0.00041585	-0.0020784	-0.0036011	-0.0045695	0.019923	0.00428	0.0082648	-0.00097017	-0.65843	0.029044	0.00041593	0.063795	0.0030669	-0.020961	-0.077345	0.0013868	0.0054139	-0.03395	0.033549	0.023675	-0.0012473	0.010006	-0.0026974	0.0029133	0.016705	-0.028355	-0.019863	0.59836	-0.0023553	0.00069327	-0.00013862	-0.0053992	0.026373	-0.00013862	0.019223	0.056085	0	0.044999	0.0064436	0	-0.60716	-0.0018014	-0.5714	-0.098682	0.0049969	-0.0018014	0.18707	-0.30028	-0.0034627	0.0080567	-0.025346	-0.0022168	-0.0030475	0.010842	0.0040243	-0.81811	0.25418	0.0083351	-0.017116	-0.16459	0.0049969	0.060508	-0.0019399	0.0040946	-0.061152	0.060053	0.00083602	0.0023581	0.003191	-0.00055444	0.0019418	0.033741	-0.31167	0.0090312	0.002617	-0.019863	-0.0060904	0.010842	0.001803	0.0097386	-0.25128	0.22901	-0.92316	0.012376	0.00041593	-0.00027724	0	-0.076678	0.1437	0.00458	-0.56137	0.39911	0.001803	0.0020805	0.085163	0.0062481	0	0.066658	0.0073819	0.88125	-1.0381	0.0030522	-0.01354	0.020483	-0.010799	-0.030131	0.0044411	0.0037465	-0.0018014	-0.00069303	0.0079175	0.0070826	-0.080674	0.0039136	0.0019414	0.0024969	-0.002799	0.00038917	-0.0073339	0.0019418	0.10176	-0.0026322	-0.0081624	-0.0029979	-0.00013862	0.010703	0.047268	-0.005814	0.038489	0.0114	0.014749	-0.081339	0.0097276	0.00055459	0.041034	-0.0053992	0.02539	0.0010314	-0.0092156	0.0080118	0.017963	0.029606	-0.001874	-0.0019835	-0.0017821	-0.00017114	-0.0061826	-0.00097017	-0.011473	0	-0.018353	0.07369	0.0083351	0.0081959	0	0.0066653	-0.14026	-0.13393	-0.0030475	0.015727	0.006109	0.0068044	0.0002481	0.77733	0.0044411	0.0080856	-0.0030475	-0.028628	0.0027745	-0.019314	-0.25041	0.0020805	0.68701	-0.0041546	-0.0022168	0.24716	-0.0080244	-0.68852	0.00013863	0.0024969	0.0020805	0.14399	0.10891	0.012993	-0.00056075	0.0035603	0	-0.05674	0.00027728	0.0011093	-0.01409	-0.0029091	0.3651	-0.0077482	0.0029133	0.0016642	-0.76467	0.011539	0.012537	-0.0027707	0.013353	-0.00097017	0.00055459	-0.0079599	-0.17525	0.010377	-0.069332	0.019783	0.0029133	-0.0019399	0.0012481	-0.021921	-0.00097017	0.0027745	0.0041632	0.0020805	0.0098669	0.00041593	0.00458	0.00041593	-0.39775	0.016985	0.0033299	0.0056429	0.00059959	-0.007596	-0.019452	-0.0093574	0.0062481	0.0098669	0	0.0095883	0.035242	0.072762	-0.0080244	0.32882	0.0065262	0.0073609	-0.16217	0.087352	0.76676	0.0019418	-0.0056757	0.0055529	-0.91289	-0.0087146	0.013778	-0.046016	-0.0022168	0.0020851	-0.0027433	0.020063	-0.056125	-0.012438	0.073402	-0.0023553	0.0013146	-0.74273	-0.1168	-0.0045695	-0.11639	0.00041593	0.044715	-0.40185	0.077286	0	-0.11678	0.0073609	0.0041632	-0.16701	0.0026357	0	-0.011307	0.0074539	0.067426	0.0087606	-0.02384	1.2014	-0.0011087	-0.31844	0.030873	-0.047936	-0.0029091	-0.0036511	0.0025119	0.0090312	0.003191	0.012529	0.0015255	-0.0085766	0.0029133	0.0036076	0.0054139	-0.0067813	0.00458	-0.0053976	-0.080141	-0.0029091	0.0062892	-0.00069303	-0.59185	-0.72923	-0.0028415	-0.37966	0.00069327	-0.013953	-0.0023553	0.01433	0.00458	
Deletion Peak 30 - CN values	9p21.3  	chr9:21555228-22448738(probes 855545:856083)        	chr9:21959053-21997723(probes 855764:855777)        	chr9:21957146-22071270(probes 855761:855850)        	0.139	     0.1549		Actual Copy Change Given	0.0033299	-0.0062286	0.0026357	0.0023581	-0.0023553	0.0052749	0.0011093	-0.0090908	-0.011413	-0.0038922	-0.63809	0	0	0.00069327	-0.0022168	-0.26408	-0.0037775	0.0091705	-0.014916	0.024991	-0.43604	-0.77405	0.0069435	0.0029133	0.00097064	0.0020805	-0.002323	0.0015255	0.00083195	0.00055459	0.0038854	0.0056919	0.11829	-0.19011	0.006109	0.0097276	-0.022744	0.001803	0.0034687	-0.0019399	0.01433	0.043015	-0.015191	0.17905	-0.0012473	0.016146	0.081466	0.0029133	0.021744	-0.36895	0.00027728	0.039765	0.0055529	0.0043238	-0.005261	-0.060614	0.21039	-0.0022675	-0.041291	-0.25079	-0.089434	0.021323	0.0097676	0.042166	-0.0015243	0.0019418	-0.0971	-0.0001988	0.00458	-0.31646	0.0084743	0.093185	0.00083195	0.032845	0.038206	-0.012024	0.31514	0.00738	-0.00013862	-0.025699	-0.39391	0.014609	-0.00041585	-0.98456	0.012516	-0.0024938	0.0011912	-0.13277	-0.0060904	-0.010072	0.028341	-0.0047079	0.24793	0.001803	0.036935	-0.27906	0.021323	0.22792	0.015432	-0.00027724	-0.0033243	0.031014	-0.0055375	-0.024245	-0.0081624	0.0011093	0.0062481	-0.15899	-0.073321	-0.00027724	-0.10171	0.029549	0.0023581	-0.037306	-1.1521	-0.00032714	-1.124	-0.014503	-0.00062492	0.027357	0.012934	0.40315	-0.20647	-0.035857	-0.0012473	-0.00069303	-0.00041585	0.031859	0.00069327	0.0035646	-0.0016629	0.00103	0	-0.15439	0.010285	0.0063871	-0.0066432	-0.0071216	-0.0036011	-0.0018014	-0.54834	-0.0047199	0.077286	0.0090312	-0.0098185	0.036512	0.054945	0.0017187	0.011261	-0.027387	0.017765	-0.049154	0.045991	-0.0063668	-0.0042929	-0.00027724	0.029466	-0.0018014	-0.00097017	-0.0023932	0.0054139	-0.00059726	0.0019418	0.19451	0.0027745	-0.00027724	-0.0020784	0.0076392	0	0.050961	0.0012481	-0.0095426	0.0467	0.055088	0.003191	-0.72208	-0.02193	0.00056229	-0.0019383	0.10599	-0.00013862	0.0054736	-0.001794	-0.00041585	0.022444	-0.0037395	-0.52594	-0.9107	-0.00085769	0.0022193	-0.0024938	0.00458	-0.00041585	-0.0020784	-0.0036011	-0.0045695	0.014749	0.00428	-0.00040417	-0.00097017	-0.4295	0.024268	0.00041593	0.063795	0.0030669	-0.020961	-0.077345	0.0013868	0.0054139	-0.043793	0.033549	-1.0637	-0.0012473	0.0048316	-0.0026974	0.0029133	0.0087528	-0.028355	-0.019863	0.6025	-0.002188	0.00069327	-0.17082	-0.0053992	0.026373	-0.00013862	0.024689	0.052099	0	0.044999	0.0064436	0	0.022481	0.00597	-0.0045695	0.30841	0.0049969	-0.0018014	0.18707	0.0024969	-0.0034627	0.0080567	-0.025346	-0.0022168	-0.0030475	0.010842	0.0040243	0.017684	0.023847	0.0083351	0.0080567	0.010522	-0.087579	0.011818	-0.0019399	0.0021985	-0.061152	0.060053	0.00083602	-0.00097017	0.003191	-0.00055444	0.0019418	0.033741	-0.31657	0.0090312	0.0033299	-0.30862	-0.0060904	0.0086141	0.001803	0.0097386	-0.0031859	0.22901	0	0.012376	0.00041593	-0.00027724	0	-0.041295	0.15577	0.00458	0.014817	0.39911	0.001803	0.0020805	0.014816	0.00041593	0	0.066658	0.0073819	0.88125	0.09638	-0.011105	-0.01354	0.021043	0.0022193	-0.030131	0.0044411	0.0037465	-0.0018014	-0.00069303	0.0079175	0.0070826	-0.080674	0.0039136	0.0019414	0.0024969	-0.002799	0.00069327	0.0058309	0.0019418	0.11712	-0.0026322	-0.0081624	0.015899	-0.00013862	0.010703	-0.13316	-0.005814	0.0058309	-0.0012473	0.014749	-0.081339	0.10643	0.00055459	0.041034	-0.0053992	0.02806	0.0010314	-0.0092156	0.0080118	0.004703	0.047105	-0.001874	0.0026357	-0.70584	-0.00017114	-0.00013862	-0.00097017	-0.0041546	0	-0.018353	0.084354	0.0083351	0.0081959	-0.75444	0.0066653	-0.14026	-0.13884	0.00013863	0.015727	0.006109	0.0065262	0.0002481	-0.0037395	0.0044411	0.0080856	-0.0030475	-0.028628	0.0027745	-0.019314	-0.25041	0.0020805	0.68701	-0.0041546	-0.0022168	0.24716	-0.067592	-0.43182	0.00013863	0.0024969	0.0020805	0.14399	0.10891	0.012993	-0.00056075	0.0035603	0	-0.049154	0.00027728	0.0011093	-0.14747	-0.0029091	0.3651	-0.0077482	0.0029133	0.0016642	0.025671	0.0090308	0.012537	-0.0027707	0.018663	-0.00097017	0.00055459	-0.0079599	0.0037465	0.0010001	-0.069332	0.019783	-0.38033	-0.0019399	0.0012481	-0.021921	-0.00097017	0.0027745	0.0041632	0.0020805	0.0098669	0.00041593	0.00458	0.00041593	-0.39775	0.016985	0.0033299	0.0056429	0.00059959	-0.0060332	-0.019452	-0.0028617	-0.0026322	-0.63443	0	0.0095883	-0.94803	0.072762	-0.0080244	0.32882	0.0065262	0.0073609	-0.16217	0.019466	-0.012162	0.0019418	-0.0056757	0.0055529	-1.2929	-0.0087146	0.013778	0.0017698	-0.0022168	0.0020851	-0.0027433	0.020063	-0.050776	-0.012438	-0.72108	-0.0023553	0.0013146	-0.2787	-0.1168	-0.0045695	-0.11639	0.00041593	0.051814	0.048262	-0.038384	0	-0.11678	-0.0022664	0.0041632	0.0030522	0.0026357	0	0.00027728	0.0055529	0.067426	0.0087606	-0.02384	0.33982	-0.0011087	-0.31844	-0.9529	-0.047936	-0.0029091	-0.0036511	0.0025119	0.0090312	0.003191	0.012529	0.0015255	-0.0085766	0.0029133	0.0036076	-0.0028158	-0.0067813	0.00458	-0.0053976	-0.080141	-0.0029091	-0.57434	-0.00069303	-0.16345	0.0079175	-0.0028415	-0.37966	0.00069327	-0.013953	-0.0023553	0.016425	0.00458	
Deletion Peak 31 - CN values	10q11.22	chr10:38694110-65913002(probes 937674:950874)      	chr10:46039118-47084998(probes 939728:939729)      	chr10:46041002-47085456(probes 939729:939730)      	0.15762	    0.15762		Actual Copy Change Given	-0.0069195	-0.0045695	0.00041593	0.011539	-0.0053992	0.0070826	-0.0031859	-0.018041	0.00083195	0.015727	0.00046385	0.020903	0.0079175	0.0011369	0.0037465	-0.38033	0.016146	-0.0026322	-0.16319	-0.00094821	-0.029857	0.018243	-0.046989	0	0.00027728	0.0038854	0.001897	0.0095883	0.0065262	0.00083195	0.0027745	0.0029133	-0.11417	-0.019589	-0.20473	0.015447	0.010982	-0.007472	0.0020805	-0.0019399	-0.012576	0.6217	-0.025209	-0.0023553	-0.0021974	-0.018628	-0.21967	0.0098669	-0.0098185	-0.01354	-0.025346	-0.31471	0.0068044	0	0.006109	0.0036076	-0.23072	0.0022193	-0.0049844	-0.088904	-0.027398	-0.2056	0.0053147	-0.0053992	-0.79878	0.0038854	-0.38336	-0.0020745	0.0043021	-0.49538	-0.00027724	0.004719	0.0019418	-0.31038	0.017264	-0.0071958	-0.01076	-0.040768	0.0015255	0.0043303	-0.14836	0.003191	-0.0023553	-0.013815	-0.0024938	-0.0060904	0.0083351	-0.18005	0.011958	0.0024969	-0.0026322	0.0030522	0.28564	-0.043737	-0.04923	0	-0.013264	-0.24021	-0.03245	0.001803	-0.016292	0.0084743	-0.0018014	-0.42484	-0.25055	-0.0029091	0.00055459	-0.39653	-0.35611	0.0022193	-0.0073339	0.057939	-0.0036011	0.40267	-0.61604	0.0052749	0.0063871	-0.010094	-0.07881	0.0013868	-0.029448	-0.8609	-0.012162	-0.012024	-0.00041585	-0.0025577	0.011958	0.59674	0.00027728	-0.075078	0.00027728	0.0012481	0.028341	-0.30639	0.006109	-0.17512	-0.00060044	0.0087528	-0.76441	0.0026357	0.010424	0.0090312	0.037782	0.00013863	-0.0056757	-0.059	-0.93393	-0.0060904	0.019643	-0.89595	0.0077202	-0.010508	0.0029133	0.012647	0.010982	0.017872	0.0055529	-0.32461	0.00069327	0.0069055	-0.27208	0.00037309	0	-0.13626	-0.014641	0.00013863	0.0033299	-0.3203	-0.011473	-0.006505	0.18177	-0.066654	0.013353	0.086522	0.0032793	-0.011611	-0.73652	0.0041632	0.0020048	-0.60439	-0.035757	-0.0034032	0.0016642	0.00097064	0.0054139	-0.041024	-0.2926	0.035524	0.01612	0.004719	-0.46398	0.0012481	-0.0019399	-0.00055444	-0.0020784	-0.025001	-0.083333	0.27001	-0.0015942	0.00013863	0.0046143	-0.34079	0.001803	-0.0015749	0.0094861	-0.0020784	-0.66494	0.00016438	0.00027728	0.016425	-0.02384	-0.094988	-0.0011087	-0.0018014	0	-0.28418	0	0.080168	0.0097276	-0.013127	-0.0051227	0.00041593	-0.021373	-0.0029091	-0.007472	0.0069435	0.043157	-0.011749	-0.69305	-0.017254	0	0.012097	0.015903	0.0044411	-0.0098185	-0.034523	-0.046041	0.019083	0.031436	0.0034687	0.00021465	0.0056919	0.00069327	-0.010784	0.0069043	0.0045437	-0.0060904	0.046417	0.0056919	-0.0016629	0.023005	-0.082934	-0.053746	0.044574	-0.0053992	0.0064575	0.0026357	0.0234	0.014194	-0.0033243	-0.0019399	0.0024969	0.0041632	-0.59614	-0.33675	-0.0020784	-0.00050532	-0.55286	-0.1595	0.0026357	-0.71114	0.004452	0.00097064	0.1845	-0.023082	-0.021784	-0.00039809	-0.0035571	-0.012576	-0.0018014	-0.024114	0.013213	-0.10815	-0.41157	0.0043021	-0.0011087	-0.092823	0	-0.0041546	0.00083195	-0.0081624	-0.93951	-0.035448	0.00097064	0.011121	0.0026357	-0.19962	0.4153	0.0029133	0.0011093	0.0012481	0.00041593	0.0019418	-0.0042929	0.011121	-0.0082947	-0.072942	-0.0012473	0.0059415	0.004719	-0.0071958	-0.0042929	-0.029857	-0.00013862	-0.023155	0.37862	-2.1585e-05	0.0033299	-0.011277	-0.0088526	-0.15195	0	0.010285	-0.21408	0.0023581	0.010424	-0.0031859	-0.0027707	0.0012481	0.0020026	0.0017012	-0.0038779	-0.17967	-0.007472	0.00048193	-0.0040162	0.00057389	0.002742	0.0040243	0.020903	0.00069327	0.00069327	-0.36635	-0.013139	0.0070826	-0.01106	-0.0076101	-0.0022168	-0.0022168	0.0081959	-0.0013576	-0.29	-0.006505	-0.0036011	-0.0034627	0.011437	0.0041632	-0.00010981	0	-0.095252	0.14726	-0.0089906	0.0083544	0.00083195	-0.0070703	0.012934	-0.0024938	-0.14449	0.0080567	0.065505	0.0090312	0.0023581	0.0079175	0.12668	-0.4712	0	-0.0017172	0.011213	0.0022193	0.051956	-0.0020784	0.0044411	-0.0037395	0.012743	-0.063435	-0.23129	0.001803	-0.0018014	-0.29792	-0.0020784	0.014491	0.0068044	-0.72597	0.011539	0.003191	-0.0083741	0	0.0060621	-0.0029091	-0.32228	0.008192	0.0037465	0.00097064	0.016565	-0.87642	-0.00062989	0.0022189	-0.00013862	0.0093814	-0.0033243	0.025531	-0.0016629	0.011818	0.029867	0.0011093	0.017969	-0.0032794	0.0057494	-0.00055444	0.0065738	-0.00013862	-0.0020784	-0.0013858	0.0016642	0.065513	0.028136	0.00097064	0.12752	-0.0026322	0.0080567	0.011539	-0.031667	-0.018628	-0.00055444	-0.4825	0.0039409	0.10103	0.0058309	-0.00040903	-0.0013604	0.00097064	-0.0033243	-0.0019125	-0.0037395	-0.0076101	0.0020805	0.039337	-0.00069303	-0.0070576	-0.26276	-0.46377	-0.02384	-0.2474	0.006109	-0.029584	-0.095648	0.75681	0.0019418	0.012655	0.0026357	0.55496	0.0034687	-0.0033243	0.01447	-0.12082	0.011855	-0.058548	0.020911	0.0022193	0.24544	0.0019418	0.021603	0.0098669	0.087969	-0.0022164	0.00092059	0.0025119	-0.0031844	-0.69169	0.014888	0.0012481	0.019503	0.00041593	0.0056919	-0.00041585	0	0.0011745	0.010705	-0.00041585	0.0055529	-0.0057731	-0.0013858	0.34974	0.0023581	0.0011093	1.0635	-0.020961	-0.0085766	0.0015255	0.013353	0.0043021	
Deletion Peak 32 - CN values	10q23.31	chr10:87746731-87819888(probes 964080:964122)      	chr10:87750473-87819888(probes 964082:964122)      	chr10:79400395-105845346(probes 959041:974957)    	5.0811e-79	 7.9131e-07		Actual Copy Change Given	-0.0069195	-0.0045695	-0.37302	0.0077783	-0.0053992	0.0070826	-0.0031859	-0.018041	-0.38806	-0.41069	-0.66408	0.0078962	0.0079175	0.0015255	0.0037465	-0.38033	0.016146	-0.22932	-0.13742	-0.00094821	-0.54693	0.0093098	-0.046989	0	0.00027728	-0.37223	0.001897	0.008892	-0.028765	-0.15579	0.0027745	-0.0076101	-0.33191	-0.46035	-0.41355	-1.2929	-1.2929	-0.0022168	-0.84411	-0.14129	-0.0083005	0.65608	-0.080674	-0.17208	-0.0021974	-0.045499	-0.21967	-0.33168	0.010285	-0.01354	-0.02562	-0.29213	0.004137	0	-0.24727	-0.005814	-0.23072	-0.038306	-0.68879	0.21008	-0.027398	-0.29201	0.0053147	0.0062481	0.00027728	0.0038854	-1.093	-0.0020745	-0.49298	-0.49494	-0.00027724	0.004719	-0.38526	-0.3133	0.027216	0	-0.11417	0.01565	0.0015255	0.0043303	-0.14515	0.0041632	-0.0023553	-0.14913	-0.0024938	-0.35852	0.0083351	-0.4325	0.011958	0.0024969	0.031859	0.0030522	-0.059468	-0.043737	-0.04923	-0.20908	-0.00041585	-0.23765	-0.87244	-0.43875	0.0026357	0.0084743	-0.0018014	-0.42484	-0.084926	-0.0029091	-0.55427	-0.90609	-0.35326	0.0022193	-0.041431	0.061794	-0.0036011	-0.79466	-0.59185	0.0052749	-0.19149	-0.0056757	-0.4786	-0.66411	-0.029584	-0.85273	0.018663	-0.032016	-0.00041585	-0.0025577	0.011958	-1.2587	0.00027728	-0.075078	-0.06424	0.0012481	-0.012713	-0.36793	-0.057654	-0.60564	-0.00060044	0.0087528	-0.00088898	-0.44986	-0.005814	0.0090312	-0.6642	0.015168	-0.018078	-0.076012	-0.13432	0.0066514	0.019643	-0.92176	0.0057729	0.019923	0.0029133	0.0036447	-0.75943	-0.072274	0.0055529	-0.37685	-0.62112	-0.056614	-0.27583	0.00037309	-0.24837	-0.17006	0.0048579	0.00013863	0.0027835	-1.2929	-0.011473	-0.0099565	-1.2929	-0.89066	0.0029335	-0.74577	0.0032793	-0.66781	-1.2929	0.0041632	0.0020048	0.011679	-0.036401	-0.0034032	-0.068127	0.00097064	-0.57021	-1.1189	-0.28893	-1.2929	-1.2929	0.004719	-0.458	0.0012481	-0.0019399	-0.00055444	-0.0047427	0.0075	-0.062764	0.27001	-0.97498	0.00013863	-0.02271	-0.29969	0.001803	-0.0015749	0.0094861	-0.12875	-0.66679	0.00062377	0.00027728	-0.5244	-0.012851	-0.017116	0	0.03187	0	-0.74072	0	0.080168	-0.5793	-0.013127	-0.0051227	0.00041593	-0.5067	-0.0029091	0.010982	0.0069435	0.043157	0.026514	-0.72464	-0.010508	0	0.012097	-0.6141	-0.052261	-0.0063668	-0.29874	-0.046041	0.019083	-0.7495	-0.018765	0.00021465	-0.0047424	-0.27595	-0.010784	0.015587	0.0041392	-0.0060904	0.016705	-0.031359	0.0015255	0.017824	-0.63358	-0.18923	0.074696	-0.5245	0.00034744	-0.64133	0.0234	-1.0695	-0.62465	-0.0019399	-1.2929	-0.0018014	0.0052787	-1.2929	-0.0020784	-0.00050532	-1.1877	-0.26625	0.0026357	-0.71403	0.0034796	-0.043602	-1.2929	-0.0063668	-0.0081397	0.0033299	0.0027745	-0.015741	0.023706	-0.024114	0.013213	-0.25479	-0.41157	-0.41992	-0.0011087	-0.0054274	0	-0.90177	0.00083195	-0.0081624	0.027349	-0.051991	0.00097064	0.011121	-0.00045262	-0.00027724	-0.40374	-0.052666	0.0011093	0.0012481	0.00041593	0.0019418	-0.0042929	-0.77133	0.00069913	-0.34664	-0.0012473	0.0059415	-0.86712	-0.0071958	-0.0031859	-0.0071958	-0.13549	-0.15835	-0.63678	-0.0029091	-0.0029091	0	-0.66112	-0.74976	0	0.0058309	-0.22576	-0.13846	0.0089052	-0.020412	-0.66596	-0.62617	0.0020026	0.0082821	-0.0038779	-0.68314	-0.0085766	0.00048193	-0.0040162	-1.2929	0.0052423	0.0040243	0.020903	0.00069327	0.00069327	-0.29618	0.037641	-0.62064	-0.64959	-0.25673	-0.0022168	-0.034348	-0.92555	0.0033299	-0.29	-0.48827	-0.0036011	-0.0034627	0.0048579	0.0041632	-0.14847	-0.044551	-0.0040162	0.14726	-1.1911	0.0093291	0.00083195	-0.28679	0.012934	-0.86436	0.29596	0.0080567	-0.63685	-0.7645	0.0023581	0.0079175	-0.31447	-0.20739	-0.039594	-0.0017172	-0.0072428	0.0022193	0.051956	-0.0020784	0.0020805	-1.2929	0.012743	0.010146	-0.28703	0.001803	-0.0018014	-1.2432	-0.0020784	1.8051	0.0068044	-0.71265	0.011539	0.003191	-0.74077	0	-0.84382	-0.0029091	0.0084743	0.0016642	-0.15247	0.00097064	0.016565	-0.84066	-0.00062989	0.0038854	-0.00013862	0.0093814	-0.31412	0.025531	-0.0016629	0.011818	0.031871	-0.056712	-0.0085706	-0.0032794	0.0057494	-0.95017	-0.08249	-0.00013862	-0.0020784	-0.0013858	-1.2929	-0.96006	0.028136	0.00097064	-1.1223	-0.078677	0.0080567	-0.14862	0.013456	-0.010784	-0.00055444	-0.48397	0.0039409	-1.2929	-0.034086	-0.0030407	-0.42493	0.00097064	-0.54583	-0.91543	-0.60777	-0.018765	0.0020805	0.031859	-0.00069303	-0.0070576	-0.23029	-1.1004	-0.48544	-0.2474	-0.037898	0.049398	-0.095648	0.76408	0.0019418	0.012655	0	-0.21032	-0.41113	-0.0033243	0.0114	-0.12082	0.011855	-0.058548	-0.0049766	0.0022193	-1.1654	0.0019418	-0.32936	0.010703	0.087969	-0.0058334	-0.20017	0.0025119	0.0016642	-0.70944	-0.0092666	0.0012481	0.021622	-0.0081624	-0.27009	-0.00041585	0	0.00458	0.25512	-0.00041585	0.0055529	-0.0060495	-0.0013858	-0.63661	-0.0013282	0.0011093	0.60232	-0.88758	-0.0096806	-0.0034824	-0.00013862	0.0043021	
Deletion Peak 33 - CN values	10q23.31	chr10:87857401-88274281(probes 964147:964577)      	chr10:87857645-87976150(probes 964148:964335)      	chr10:79400395-105845346(probes 959041:974957)    	1.0704e-105	 6.3396e-51		Actual Copy Change Given	-0.0069195	-0.0045695	-0.37302	0.0077783	-0.0053992	0.0070826	-0.0031859	-0.018041	-0.38806	-0.41069	-0.47106	0.0078962	0.0079175	0.0015255	0.0037465	-0.38033	0.016146	-0.22932	-0.13742	-0.00094821	-0.54693	0.0093098	-0.046989	0	0.00027728	-0.37223	0.001897	0.008892	-0.028765	-0.2913	0.0027745	-0.0076101	-0.55907	-0.46035	-0.28251	-1.2929	-1.2929	-0.0022168	-0.70127	-0.14129	-0.0083005	0.65608	-0.080674	-0.61037	-0.0021974	-0.045499	-0.21967	-0.45822	0.010285	-0.01354	-0.71462	-0.29213	0.004137	0	-0.24727	-0.005814	-0.44318	-0.038306	-0.57318	0.21008	-0.027398	-0.29201	0.0053147	0.0062481	0.00027728	0.0038854	-0.7633	-0.0020745	-0.27476	-0.49494	-0.00027724	-0.16802	-0.38526	-0.3133	0.027216	0	-0.11417	0.01565	0.0015255	0.0043303	-0.14515	0.0041632	-0.0023553	-0.14913	-0.0024938	-0.54381	0.0083351	-0.4325	-0.47575	0.0024969	0.031859	0.0030522	-0.059468	-0.043737	-0.04923	-0.20908	-0.00041585	-0.23765	-0.59107	-0.43875	0.0026357	0.0084743	-0.0018014	-0.42484	-0.084926	-0.0029091	-0.55427	-0.6617	-0.35326	0.0022193	-0.041431	0.061794	-0.0036011	-0.35745	-0.41267	0.0052749	-0.19149	-0.0056757	-0.4786	-0.56912	-0.029584	-1.2929	0.018663	-0.032016	-0.00041585	-0.0025577	0.011958	-0.95319	0.00027728	-0.075078	-0.06424	0.0012481	-0.012713	-0.36793	-0.057654	-0.60313	-0.00060044	0.0087528	-0.00088898	-0.67352	-0.005814	0.0090312	-0.49778	0.015168	-0.018078	-0.076012	-0.93961	0.0066514	-0.54895	-1.2929	0.0057729	0.019923	0.0029133	0.0036447	-0.50173	-0.072274	0.0055529	-0.37685	-0.98026	-0.056614	-0.27583	0.00037309	0.0056919	-0.17006	0.0048579	0.00013863	0.0027835	-0.80741	-0.011473	-0.0099565	-1.1313	-0.71649	0.0029335	-0.58696	0.0032793	-0.41135	-0.62732	0.0041632	0.0020048	0.011679	-0.036401	-0.0034032	-0.068127	0.00097064	-0.97672	-0.91485	-0.28893	-1.2929	-1.0694	0.004719	-0.28976	0.0012481	-0.0019399	-0.00055444	-0.0047427	0.0075	-0.062764	0.27001	-0.73253	0.00013863	-0.02271	-0.29969	0.001803	-0.0015749	0.0094861	-0.12875	-0.66679	0.00062377	0.00027728	-0.5244	-0.012851	-0.017116	0	0.03187	0	-0.53063	0	-0.4984	-0.80857	-0.013127	-0.0051227	0.00041593	-0.82364	-0.0029091	0.010982	0.0069435	0.043157	0.026514	-0.46179	-1.2929	0	0.012097	-0.6141	-0.052261	-0.0063668	-0.29874	-0.046041	0.019083	-1.1911	-0.018765	-0.5036	-0.0047424	-0.27595	-0.010784	0.015587	0.0041392	-0.0060904	0.016705	-0.031359	0.0015255	0.017824	-0.63358	-0.18923	0.074696	-0.90099	0.00034744	-0.64133	0.0234	-0.84747	-0.62465	-0.0019399	-1.0098	-0.0018014	0.0052787	-1.2929	-0.0020784	-0.00050532	-0.86916	-0.26625	0.0026357	-0.71403	0.0034796	-0.043602	-0.96071	-0.0063668	-0.0063668	0.0033299	0.0027745	-0.015741	0.023706	-0.024114	0.013213	-0.43463	-1.1893	-0.41992	-0.0011087	-0.0054274	0	-0.7123	0.00083195	-0.0081624	0.027349	-0.051991	0.00097064	0.011121	-0.00045262	-0.00027724	-0.26323	-0.052666	0.0011093	0.0012481	0.00041593	0.0019418	-0.0042929	-1.1908	-0.3282	-0.48796	-0.0012473	0.0059415	-0.63935	-0.0071958	-0.81868	0.12079	-0.22773	-0.15835	-0.63678	-0.0029091	-0.0029091	0	-0.47427	-0.59185	0	0.0058309	-0.22576	-0.13846	0.0089052	-0.020412	-0.48858	-0.62073	0.0020026	0.0082821	-0.0038779	-0.984	0.040044	0.00048193	-0.0040162	-1.0786	0.0052423	0.0040243	0.020903	0.00069327	0.00069327	-0.29618	0.037641	-0.62064	-1.0319	-0.25673	-0.33871	-0.42145	-0.67398	0.0033299	-0.29	-0.48827	-0.0036011	-0.0034627	0.0048579	0.0041632	-0.14847	-0.044551	-0.0040162	0.14726	-0.90783	0.0093291	0.00083195	-0.28679	0.012934	-0.6551	0.29596	0.0080567	-1.0168	-0.5718	0.0023581	0.0079175	-0.82252	-0.20739	-0.039594	-0.0017172	-0.0072428	0.0022193	0.051956	-0.0020784	0.0020805	-1.0905	0.012743	0.010146	-0.28703	0.001803	-0.0018014	-1.2432	-0.0020784	1.1822	0.0068044	-0.71265	0.011539	0.003191	-0.74077	0	-1.2929	-0.0029091	0.0084743	0.0016642	-0.15247	0.00097064	0.016565	-1.2449	-0.00062989	0.0038854	-0.00013862	0.0093814	-0.31412	0.025531	-0.0016629	0.011818	0.031871	-0.056712	-0.0085706	-0.0032794	0.0057494	-1.2929	-0.08249	-0.00013862	-0.0020784	-0.0013858	-0.95116	-1.2929	0.028136	0.00097064	-0.8814	-0.078677	0.0080567	-0.60854	0.013456	-0.010784	-0.00055444	-0.48397	0.0039409	-1.2929	-0.034086	-0.0030407	-0.42493	0.00097064	-0.4197	-0.42896	-0.43409	-0.018765	0.0020805	0.031859	-0.00069303	-0.0070576	-0.23029	-0.47798	-0.48544	-0.2474	-0.037898	0.049398	-0.095648	0.44732	0.0019418	0.012655	0	-1.0616	-0.41113	-0.0033243	0.0114	-0.12082	0.011855	-0.058548	-0.0049766	0.0022193	-0.87953	0.0019418	-0.64217	0.010703	0.087969	-0.0058334	-0.20017	0.0025119	0.0016642	-0.70944	-0.0092666	0.0012481	0.021622	-0.0081624	-0.5853	-0.00041585	0	0.00458	0.25512	-0.00041585	0.0055529	-0.0060495	-0.0013858	-0.63661	-0.0013282	0.0011093	0.60232	-1.1383	-0.0096806	-0.0034824	-0.00013862	0.0043021	
Deletion Peak 34 - CN values	10q23.31	chr10:87970891-88590152(probes 964335:964723)      	chr10:88281559-88590152(probes 964586:964723)      	chr10:79400395-105845346(probes 959041:974957)    	1.8626e-98	 2.8511e-21		Actual Copy Change Given	-0.0069195	-0.0045695	-0.37302	0.0077783	-0.0053992	0.0070826	-0.0031859	-0.018041	-0.38806	-0.010242	-0.65012	0.0078962	0.0079175	0.0015255	0.0037465	-0.38033	0.016146	-0.22932	-0.69929	-0.00094821	-0.54693	0.0093098	-0.046989	0	0.00027728	-0.37223	0.001897	0.008892	-0.028765	-0.11665	0.0027745	-0.0076101	-0.73011	-0.46035	-0.18257	-0.85939	-1.2929	-0.0022168	-0.82708	-0.29591	-0.0083005	0.65608	-0.080674	-1.2929	-0.0021974	-0.045499	-0.2154	-0.68396	0.010285	-0.01354	0.0040243	-0.29213	0.004137	0	-0.24727	-0.005814	-0.23178	-0.038306	-0.8145	0.21008	-0.027398	-0.29201	0.0053147	0.0062481	0.00027728	0.0038854	-1.0693	-0.0020745	-0.48046	-0.49494	-0.00027724	-0.16802	-0.38526	-0.3133	0.027216	0	-0.11417	0.01565	0.0015255	0.0043303	-0.14515	0.0041632	-0.0023553	-0.14913	-0.0024938	-0.36261	0.0083351	-0.4325	-0.29568	0.0024969	0.031859	0.0030522	-0.059468	-0.043737	-0.04923	-0.20908	-0.00041585	-0.23765	-0.84571	-0.60022	0.0026357	0.0084743	-0.0018014	-0.42484	-0.084926	-0.0029091	-1.1243	-0.8744	-0.35326	0.0022193	-0.041431	0.061794	-0.0036011	-0.35745	-1.1985	0.0052749	0.0013868	-0.0056757	-0.27619	-0.65351	-0.029584	-1.2929	0.018663	-0.032016	-0.00041585	-0.0025577	0.011958	-1.2903	0.00027728	-0.075078	-0.06424	0.0012481	-0.012713	-0.36793	-0.057654	-0.52971	-0.00060044	0.0087528	-0.00088898	-0.48638	-0.005814	0.0090312	-0.75599	0.015168	-0.018078	-0.076012	-0.12862	0.0066514	-0.70154	-1.2929	0.0057729	0.019923	0.0029133	-0.3133	-0.75002	-0.072274	0.0055529	-0.37685	-0.5793	-0.056614	-0.27583	0.00037309	0.0056919	-0.17006	0.0048579	0.00013863	0.0027835	-1.0171	-0.011473	-0.0099565	-1.2929	-1.0005	0.0029335	-0.73705	0.0032793	-0.34251	0.013492	0.0041632	0.0020048	0.011679	-0.036401	-0.0034032	-0.068127	0.00097064	-1.2789	-0.59678	-0.28893	-1.2929	-1.2929	0.004719	-0.46568	0.0012481	-0.0019399	-0.00055444	-0.0047427	0.0075	-0.062764	0.27001	-0.56977	0.00013863	-0.02271	-0.29969	0.001803	-0.0015749	0.0094861	-0.12875	-0.66679	0.00062377	0.00027728	-1.0297	-0.012851	-0.017116	0	0.03187	0	-0.73608	0	-0.67536	-0.61774	-0.013127	-0.0051227	0.00041593	-1.0572	-0.0029091	0.010982	0.0069435	0.043157	0.026514	-0.46179	-0.94832	0	0.012097	-0.6141	-0.052261	-0.0063668	-0.29874	-0.046041	0.019083	-0.74264	-0.018765	-0.49078	-0.0047424	-0.33883	-0.010784	0.015587	0.0041392	-0.0060904	0.016705	-0.031359	0.0015255	0.017824	-0.93872	-0.18923	0.074696	-1.1148	0.00034744	-0.64133	0.0234	-1.0815	-0.62465	-0.0019399	-1.2929	-0.0018014	0.0052787	-1.2929	-0.0020784	-0.00050532	-1.148	-0.34308	0.0026357	-1.2929	0.0034796	-0.043602	-1.2591	-0.0063668	-0.0063668	0.0033299	0.0027745	-0.015741	0.023706	-0.024114	0.013213	-0.24837	-0.41208	-0.012567	-0.0011087	-0.0054274	0	-1.2929	0.00083195	-0.0081624	0.027349	-0.051991	0.00097064	0.011121	-0.00045262	-0.00027724	-0.44059	-0.052666	0.0011093	0.0012481	0.00041593	0.0019418	-0.0042929	-1.2929	-0.34308	-0.71212	-0.0012473	0.0059415	-0.81252	-0.0071958	-0.72906	0.12079	-0.22773	-0.15835	-0.63678	-0.0029091	-0.0029091	0	-0.65482	-0.75374	0	0.0058309	-0.22576	-0.13846	0.0089052	0.04259	-0.65659	-0.62073	0.0020026	0.0082821	-0.0038779	-1.2929	0.040044	0.00048193	-0.0040162	-1.2929	0.0052423	0.0040243	0.020903	0.00069327	0.00069327	-0.29618	0.037641	-0.7732	-1.2929	-0.25673	-0.33871	-0.5852	-0.44418	0.0033299	-0.29	-0.48827	-0.0036011	-0.0034627	0.0048579	0.0041632	-0.14847	-0.044551	-0.0040162	0.14726	-1.2198	0.0093291	0.00083195	-0.28679	0.012934	-0.92346	0.29596	0.0080567	-1.2929	-0.75167	0.0023581	0.0079175	-0.58314	-0.20739	-0.039594	-0.0017172	-0.0072428	0.0022193	0.051956	-0.0020784	0.0020805	-1.2929	0.012743	0.010146	-0.28703	0.001803	-0.0018014	-1.2929	-0.0020784	1.8022	0.0068044	-0.71265	0.011539	0.003191	-0.74077	0	-0.83198	-0.0029091	0.0084743	0.0016642	-0.15247	0.00097064	0.016565	-1.2929	-0.00062989	0.0038854	-0.00013862	0.0093814	-0.31412	0.025531	-0.0016629	0.011818	0.047836	-0.056712	-0.0085706	-0.0032794	0.0057494	-1.2929	-0.08249	-0.00013862	-0.0020784	-0.0013858	-1.2929	-1.2929	0.028136	0.00097064	-1.1653	-0.078677	0.0080567	-0.32994	0.013456	-0.010784	-0.00055444	-0.48397	0.0039409	-1.2929	-0.034086	-0.0030407	-0.42493	0.00097064	-0.58363	-0.42896	-0.60622	-0.018765	0.0020805	0.031859	-0.00069303	-0.0070576	-0.23029	-0.47798	-0.48544	-0.2474	-0.037898	0.049398	-0.095648	0.71321	0.0019418	0.012655	0	-1.2929	-0.58215	-0.0033243	0.0114	-0.12082	0.011855	-0.058548	-0.0049766	0.0022193	-1.1886	0.0019418	-0.31646	0.010703	0.087969	-0.0058334	-0.12178	0.0025119	0.0016642	-0.8126	-0.0092666	0.0012481	0.021622	-0.0081624	-0.5853	-0.00041585	0	0.00458	0.25512	-0.00041585	0.0055529	-0.0060495	-0.0013858	-0.63661	-0.0013282	0.0011093	0.60232	-0.71015	0.045849	-0.0034824	-0.00013862	0.0043021	
Deletion Peak 35 - CN values	10q26.3 	chr10:120908901-133797422(probes 985357:993237)  	chr10:132678401-133054948(probes 993103:993130)  	chr10:132390782-132733531(probes 992977:993119)  	0.069901	   0.070987		Actual Copy Change Given	-0.0069195	-0.0045695	0.011261	0.0077783	-0.011495	0.0070826	-0.0031859	-0.018041	0.00027728	0.014888	-0.010688	0.019223	0.0079175	0.0015255	0.0037465	-0.38033	0.036935	-0.018109	-0.16625	-0.00094821	-0.24897	0.0093098	-0.046989	0	0.00027728	-0.37223	0.0016195	0.008892	0.011539	-0.0041546	0.0027745	-0.0076101	-0.10121	-0.21069	-0.0051227	0.011818	0.019643	-0.00013862	0.0058309	-0.18081	-0.018703	-0.70379	0.12638	0.0066653	-0.0021974	-0.02151	-0.2154	0.010703	-0.041295	-0.01354	-0.039855	-0.28774	0.010285	0	0.0012481	0.019503	0.013911	0.001803	0.016006	0.0081959	-0.032384	-0.21701	0.0053147	-0.026714	-0.0123	0.0038854	-0.48092	-0.0020745	-0.47342	-0.47109	0.003191	0.0079175	0.00041593	-0.30075	0.0091705	-0.025756	0.085712	-0.16169	0.0015255	0.0043303	-0.14721	0.0041632	-0.0023553	-0.11678	-0.0024938	-0.10854	0.0083351	0.003191	0.0090312	-0.71444	-0.016154	0.0030522	-0.0056757	-0.055903	-0.20336	-0.2767	-0.04746	-0.24861	0.00027728	0.0022193	0.0026357	0.0094491	-0.0018014	-0.4579	-0.00069303	-0.0029091	0.0091705	-0.40152	-0.38049	0.0019418	-0.0030475	0.064082	-0.0036011	-0.6362	-0.66843	0.0052749	0.0013868	-0.041567	-0.075478	-0.0971	-0.064911	-0.86224	-0.039122	-0.032016	-0.00041585	-0.0025577	0.011958	-0.006505	0.00027728	-0.062361	-0.014528	0.0012481	0.040892	-0.42757	-0.098418	-0.0018014	0.001803	0.0087528	-0.00013862	0.0051359	-0.00013862	0.0090312	-0.67765	-0.015741	-0.038399	-0.014366	-0.24131	0.0066514	0.028903	0.00083195	-0.015692	0.078871	0.0029133	0.00458	0	0.010703	0.0055529	-0.32623	-0.068395	-0.011798	-0.60177	0.00037309	0.0056919	-0.14644	0.0048579	0.00013863	0.00597	-0.33075	-0.011473	-0.017116	-0.18068	-0.24938	0.0029335	0.082621	0.0032793	-0.0036011	0.013492	0.0041632	-0.38051	0.011679	-0.036401	-0.030208	0.0033299	0.00097064	-0.0111	-0.57496	-0.21565	-0.87535	0.024381	0.004719	-0.0091286	0.0012481	-0.0019399	0.0013868	-0.0047427	-0.028623	-0.087287	0.27222	0.0022881	0.00013863	-0.014744	-0.0085766	0.001803	0.00027648	0.0094861	-0.0008316	-0.68724	-0.0011979	0.00027728	0.010982	-0.04211	-0.20074	-0.094607	0.00082368	0	-0.011335	0.021463	0.09188	-0.05496	-0.013127	-0.0051227	-0.0072657	-0.029175	-0.0029091	-0.073766	0.0069435	0.043157	-0.040306	-0.67985	-0.10802	0.0020467	0.012097	-0.083696	-0.052261	-0.028491	-0.14361	-0.074144	0.019083	0.071678	0.00055459	-0.0087146	-0.0030475	-0.0045695	-0.012438	0.015587	0.0065262	0.0041632	0.05908	-0.017254	0.0015255	0.0467	0.0079175	-0.22711	-0.0049844	-0.00097017	0.022796	0.054518	0.0234	0.015731	-0.0012473	-0.0019399	0.011539	-0.0018014	0.38651	0.0023597	-0.026577	0.010424	-0.14129	-0.18484	0.017441	-0.71977	0.0034796	0.058367	-0.55327	-0.0063668	-0.018876	0.0033299	-0.0013858	-0.015741	-0.016292	-0.024114	0.013213	-0.094856	-0.40517	0.010146	0.0093098	-0.2015	-0.024251	0.0012481	0.00083195	-0.0081624	-0.038314	-0.0083005	0.00097064	0.011121	-0.020824	-0.00027724	-0.35133	-0.0048461	0.0011093	0.0012481	0.00041593	0.0019418	-0.0042929	0.0097276	-0.028212	-0.071071	-0.0012473	0.0059415	-0.38739	-0.0071958	0.0023581	-0.090758	0.00083195	-0.026441	-0.10707	-0.0029091	-0.0012473	0	-0.0041546	-0.96839	-0.024097	0.033972	-0.21948	0.0027745	0.0094491	-0.038578	-0.0033243	-0.027261	0.0020026	0.00032853	-0.0038779	-0.064508	-0.052261	0.00048193	-0.0040162	0.0091899	0.0026669	0.0040243	-0.32994	0.00069327	-0.0027707	-0.32333	-0.04726	0.0084743	-0.017666	-0.013402	0.00041593	-0.16026	0.0029133	0.0033299	0.0091705	-0.012576	-0.0036011	-0.0034627	0.0048579	0.0041632	-0.0030188	-0.0067813	-0.0051227	0.12963	-0.012851	0.0087721	0.00083195	-0.0008316	0.018943	0	0.34275	0.019363	-0.63179	0.041741	0.0023581	0.0079175	-0.30991	-0.20739	-0.73831	-0.0029921	0.014981	0.011936	0.051956	-0.0020784	0.0076392	0.05868	0.012743	-0.093484	0.0019418	0.001803	-0.0018014	-0.29035	-0.022419	-0.66002	0.0068044	-0.72001	0.011539	-0.0030631	0.01035	0.038206	0.012748	0.00079262	0.007285	0.0016642	-0.00041585	0.00097064	0.016565	0.0030522	0.0051359	-0.001663	-0.00013862	0.0093814	-0.019863	0.025531	-0.0016629	0.011818	0.039478	-0.056712	0.022871	-0.0041097	0.0057494	0.035524	0.013121	-0.00013862	-0.0020784	-0.0013858	-0.00069303	0.020763	0.016501	0.0013868	-0.16396	0.0040243	0.0080567	0.010424	-0.037576	-0.037762	-0.00055444	-0.4898	0.0039409	-0.013264	0.0012481	-0.0030407	0.0032164	-0.29898	0.0049969	-0.0002498	-0.024114	-0.0026322	0.0020805	0.11858	-0.00069303	-0.0070576	-0.2217	0.0923	-0.0099565	-0.051451	-0.088109	-0.056981	-0.095648	0.73473	0.0019418	0.012655	0	-0.0037395	0.0027745	-0.0033243	0.032596	-0.12082	0.02525	-0.058548	0.039203	0.0022193	0.23365	0.0019418	0.017264	0.010703	0.07815	-0.0058334	0.0021692	0.0025119	0.0016642	-0.70863	-0.0023553	-0.0092666	-0.01439	-0.0023553	0.0040243	-0.0060904	0	-0.037232	0.0098686	-0.00041585	0.0055529	-0.0090878	-0.0013858	0.3033	-0.0013282	0.0011093	-0.4013	-0.13523	0.032845	-0.010642	0.035242	0.037924	
Deletion Peak 36 - CN values	11p11.2 	chr11:38655116-49032736(probes 1017780:1023783)    	chr11:46612486-46687886(probes 1022997:1023022)    	chr11:42565132-48196931(probes 1020359:1023659)    	0.0012563	  0.0012468		Actual Copy Change Given	0.0019418	0.00069327	0.0029133	0.0024969	0.68775	0.0070826	0.0051359	0.00045394	-0.0061851	0.0015255	-0.00022934	0.00069327	-0.012024	0.00013863	-0.0027707	-0.0019844	0.0018468	0.0011072	0.068665	0.0059961	0.0058309	-0.020001	0.00458	0.001803	0.003191	0.0033914	0.0020357	0.0056919	-0.017803	0.0034687	0.0037465	-0.03054	-0.096308	-0.0038779	0.001803	0.03031	-0.87299	-0.023977	0.0043021	0	-0.013677	-0.0049844	0.0070826	-0.68305	-0.0011087	-0.16612	-0.87751	-0.29874	-0.024798	-0.0056757	-0.037218	0.027778	0.00458	0.001951	0.0026357	-0.38839	0.0012481	0.00069327	0.0024969	0.00069327	0.0067628	-0.0096806	0.0022591	-0.0019399	-0.017666	0.00055459	-0.0078863	0.00098326	0.0011093	0.033831	-0.1259	0.09275	0	-0.31319	-0.4935	0.68198	0.022024	-0.012368	0.0027745	-0.011721	0.015587	-0.012851	0.0041632	-1.2929	-0.54451	0.00458	0.0019418	-0.026167	0.0030522	0.00597	-0.0063808	0	0.0055529	0	-0.027808	0.10176	-0.023566	-0.0022168	-0.18421	-0.00013862	0.00027728	0.011121	-0.0014407	0.0066653	0.00097064	-0.00055444	0.0069435	0.055373	-0.010899	0.001803	-0.012989	-0.049289	0.0027745	0.015916	0.0019418	0.0016642	-0.012024	-0.0069195	0.0063871	-0.021921	-0.83946	-0.75926	-0.034495	0.0080567	0	-0.00055444	0.0011093	-0.067458	-0.0020784	0.012655	-0.0012115	-0.0011597	0.016985	0.061222	-0.0041241	0.0086135	-0.0045695	0	-0.0081624	-0.0027707	0.014609	0.0032919	0.016006	-0.03395	-0.022606	-0.16052	-0.0024938	-0.0069195	0.0054889	0.0040243	-0.88073	0.013772	0.0027745	0.00025995	0.024408	0.010006	0.087679	0.0052749	-0.016567	0.00093272	-0.015533	-0.0019827	0.0034678	-0.099868	0.004719	0.0010397	0.0081959	-1.0541	0.0011093	-0.070269	0.0070826	0.015587	-0.24776	-0.052126	0.0019418	-0.021784	0.0044411	0.00021719	-0.03383	0.00597	0	0.00061421	0.0011093	0.003191	-0.00011356	0.0034687	0.29432	0.040468	0.0053877	0.0016642	-0.0053992	0.00458	0.00013863	0.0012481	0.00091133	-0.0026322	0.06208	-0.0024938	-0.00090153	-0.0011087	-0.051688	0.0043021	0	-0.001381	0.0037465	-0.00050566	0.0040243	0	-0.00027724	0.0081959	-0.0096806	0.28074	0.0011093	0.0033299	-0.0018938	0.0022193	-0.0024938	0.10307	0.0066653	0.010424	-0.0049462	0	0.0021207	0.0016642	-0.86381	0.0045325	-0.0051227	-0.83317	0.0077783	-0.011887	0.0013044	-0.04983	-0.63772	0.0065262	-0.62035	-0.025452	0.0055529	0.0015255	0.0095883	-0.002024	-0.0008316	0.029466	-0.0022168	0.001803	0.0052749	0.059223	0.0050103	0.016845	-0.83978	-0.0013858	0.0087528	-0.012989	0.076422	-0.043195	0.00458	7.0152e-05	0.0027745	-0.10542	0.010846	-0.0041546	-0.002971	-0.0034627	-0.20685	0.00041972	-0.0087131	0.00069327	-0.00018771	0.003191	0.0042213	0.0049969	0.0052749	0.00056546	-0.0085766	0.096869	-0.026304	-0.0022168	0.0021406	0.0051359	-0.01849	-0.64057	0.17272	-0.0012473	0.023426	0.3692	0.0068777	0.0052749	-0.059441	-0.0029091	0.0036076	-0.00024199	-0.00027724	-0.9524	-0.074144	-0.0011087	-0.0028307	-0.010784	0.001803	-0.0015243	-0.053476	0.0011093	-0.0019399	-0.0044312	0.1895	0.004719	-0.090361	-0.00138	0.0011259	0.0023581	-0.32521	0.0034687	-0.0024938	-0.00013862	-0.073343	0	0.056655	-0.0074528	0.0019418	-0.018353	0.010146	-0.020598	0.045708	0.00097064	0.00458	-0.57881	-0.010784	0.0034687	-0.03817	-0.0050959	-0.033814	0.001725	-0.0017502	-0.025346	-0.030267	-0.06719	0.0068706	-0.041295	0.0039047	-0.32684	-0.0023553	0.0058309	-0.010922	0.001803	0	-0.035993	-0.0029091	0.0048579	-0.00097017	0	-0.37999	-0.0024938	-0.00013862	-0.28679	-0.012989	0.0098669	-0.00027724	0	0	-0.0060617	-0.23447	0.0083351	0.0062481	-0.0048461	-0.04399	-0.00041585	0.00069327	0.0048579	-0.0022168	-0.15388	0.008892	0.012787	0.0011093	0.00020701	0.00097064	0	-0.70594	0.0039584	0.0014579	-0.0036483	0.00055459	0.037359	0.00097064	0.00040174	0.0013868	0.00060075	0.19102	-0.28513	0.0065262	0	0.066229	-0.01354	-0.0219	-0.0023553	0.0052749	0.0066653	0.0015255	0.0023266	-0.0013858	-0.00032395	0.0072217	-0.001093	-0.37121	0.0033299	-0.00041585	0.00041593	0.0048579	0.0027745	0.0041632	0.0029133	0.00032349	-0.0048461	-0.0042929	0.0090312	-0.022195	0.17392	-0.005814	0.001254	0.0014318	5.737e-05	-0.0048461	0.0030997	0.00013863	0	0.0016642	-0.18106	-0.024798	0.031935	0.0019418	0.067948	-0.00021683	0.003191	0.020343	-0.051351	-0.052531	-0.00027724	-0.0063668	0.0036547	0.004719	-0.00097017	-0.048471	0	0.0062307	-0.00041585	0.00072072	-0.0047079	0.0013868	-0.57239	-0.16319	-0.0016629	-0.0011087	0.23814	-0.008867	0.010146	0.20916	0.0020805	-0.045906	0.1607	-0.74203	0.0011093	0.021323	0.0025748	0.0013868	0.0038854	-0.006505	-0.0015243	0.0060698	-0.077212	0	-0.0029013	-0.0074182	0.004719	0.00013863	0.0063871	0.0073609	-0.017803	-0.002988	-0.00074304	-0.0033094	0.003357	-0.016429	0.0048579	0.001803	0.0011093	0.00055459	0.0011093	-0.0020336	-0.023435	0.0031119	0.24171	0.0022193	-0.0012805	-0.014875	0.0024969	0.38065	-0.0018014	-0.0026322	0.36657	0.0094491	0.019923	-0.1665	0.0012481	0.00458	
Deletion Peak 37 - CN values	11q23.2 	chr11:113778340-115174516(probes 1057105:1058131)	chr11:113972278-113991026(probes 1057235:1057245)	chr11:111756793-118544698(probes 1055773:1060664)	6.6545e-09	 6.5992e-09		Actual Copy Change Given	0.0019418	0.00069327	0.0029133	0.0024969	0.68031	0.0070826	0.0027745	-0.25197	0.003225	0.011261	0.0010186	0.00069327	0.010006	0.00013863	0.0029133	0.011679	0.016286	0.0018729	-0.66791	0.013375	0.0058309	-0.024661	0.00458	-0.41498	0.003191	0.011818	0.0028685	0.0056919	-0.01106	-0.13987	0.0037465	-0.037354	-0.065581	-0.0038779	0.001803	-0.005814	0.026795	-0.011198	-0.8405	0	-0.010545	-0.0044312	-0.78108	-1.2929	-0.0011087	-0.17967	0.024969	0.0054139	-0.021373	0.44257	-0.76877	0.044432	0.00041593	0.0030522	0.0026357	-0.30051	0.0012481	0.00069327	0.0024969	0.23829	-0.34056	-0.5426	0.0022591	-0.010232	-0.0080244	0.00055459	0.027497	0.00098326	0.0011093	0.041458	-0.14297	0.09275	0	-0.31108	-0.0059522	-0.61978	0.34031	-0.048493	0.0027745	-0.015163	0.09217	0.0047275	0.0041632	-0.46791	0.010006	0.00458	0.0019418	0.023145	-0.30765	0.015447	-0.01409	0	-0.26973	0	-0.027808	0.063939	0.01419	-0.0022168	-0.01904	-0.00013862	0.00027728	-0.021647	0.00097064	-0.90745	0.00097064	-0.00055444	0.0069435	0.060222	-0.02135	0.0038854	-0.48126	-0.00041585	0.0027745	0.015916	0.002228	3.7806e-05	0.012795	0.00097064	-0.27691	-0.0023553	0.45205	0.0081959	-0.4694	0.0058309	-0.0014943	-0.0030164	0.0006826	-0.036401	-0.042924	0.036794	-0.0012115	-0.0008316	0.016985	0.042449	-0.0041241	0.0020002	0.00097064	-0.025483	-0.009186	-1.0042	0.0093744	-0.079742	-0.076412	-0.020687	-0.017529	-0.0047079	0.035242	-0.014641	0.012934	-0.8997	-0.0011666	-0.027124	0.0027745	-0.36113	0.0012481	0.010006	0.087679	0.0052749	-0.0023553	0.0021814	-0.34469	-0.0019827	0.00055459	0.11155	0.00395	0.0010397	0.0049969	-0.70756	0.0011093	-0.011473	0.0075	0.054518	-0.0043874	0.025952	0.0019418	0.0066653	-1.2929	0.0024969	0.030655	-0.0083005	0	-0.01527	0.0011093	-0.00014717	0.00097064	0.0044086	0.34258	0.038771	0.0053877	0.0016642	-0.46982	0.0016642	0.00013863	0.0012481	0.00091133	-0.0026322	0.058795	0.0026357	-0.00090153	0.040609	-0.040854	-0.68469	0	0.0048571	0.0037465	0.0080567	0.0040243	0	-0.00027724	0.004719	-0.036538	0.33723	0.00097064	0.0033299	-0.0018938	-0.00013862	0.014749	0.10307	0.0066653	-0.018765	-0.0015243	0	0.0021207	0.0016642	-0.0087146	-0.12356	0.00056159	-0.016841	0.0029133	-0.12004	0.0013044	0.0075051	0.0017004	0.0065262	-0.011198	-0.084247	0.0055529	-0.0013199	0.049966	-0.002024	-0.0008316	-0.44054	-0.0022168	0.001803	0.00597	-0.48523	0.0050103	0	-0.88093	-0.0085766	-1.2929	-0.01409	0.076422	-0.030813	0.00458	7.0152e-05	0.066945	-0.17605	-0.47543	-0.005261	-0.0089906	0.017824	0.0054139	0.00041972	0.0055544	0.013213	-0.02562	0.0065262	-0.41003	0.010146	-0.15426	0.0036185	-0.025893	0.10118	-0.0084385	-0.0070576	0.0021406	0.0048579	-0.017529	0.020203	0.17332	-0.0012473	-0.56027	0.37446	0.0068777	-0.013264	0.043995	0.0086135	-0.027397	0.00597	0.010842	-0.026038	-0.065447	-0.0011087	-0.0069195	-0.010094	-0.0012473	0.91178	-0.046854	0.0011093	-0.0019399	-0.00069303	-0.0012473	0.010146	0.0052749	-0.33525	0.080312	0.0023581	0.33833	0.0034687	-0.011335	-0.00013862	-0.0029091	0	0.056655	0.0098998	0.0019418	-0.0070576	-0.024388	0.0034687	0.082188	0.00097064	-0.0016155	0.048262	0.438	0.0034687	-0.025199	-0.0017908	-0.012575	0.0054748	0.0024094	-0.012989	-0.65454	-0.0095426	0.0068706	-0.0033243	0.0016414	0.0017705	-0.0023553	-0.33975	0.011121	0.001803	0.11418	-0.0060904	-0.0029091	0.020903	-0.00097017	0	0.18301	-0.90957	-0.00013862	-0.2974	-0.43007	0.00013863	-0.00027724	0	0	-0.70197	0.041883	-0.41926	0.0282	-0.010133	-0.04399	-0.00041585	0.059651	-0.00041585	-0.0008316	-0.56744	0.008892	0.012787	0.00597	0.00020701	0.0075	0.00055459	-0.07067	-0.025821	0.0017486	0.021976	-0.5426	0.026935	0.00097064	0.0023581	0.0013868	-0.00041585	0.21969	0	0.0065262	0	-0.74777	-0.050235	-0.64131	0.01419	0.046984	0.0041374	0.0015255	0.0023266	0.006109	-0.00032395	0.0072217	-0.001093	-0.3282	0.0017862	-0.00041585	0.00041593	0.0093098	0.0026562	-0.094592	0.0029133	0.00032349	0.006109	-0.47173	0.0090312	0.00013863	0.17157	-0.005814	0.0023641	0.0014318	-0.0010772	-0.14901	0.0030997	0.006109	0	-0.011887	0.00597	0.018523	0.031935	0.0019418	0.10512	-0.22231	0.003191	-0.14888	-0.007922	-0.027261	-0.00027724	-1.2037	0.0083351	-0.010646	-0.0013858	-0.0041478	0.0019672	0.0062307	-0.00041585	-0.0020509	-0.017803	0.0013868	-0.58598	-0.14721	-0.0016629	-0.057924	0.28802	-0.043056	-0.69848	0.42597	0.0020805	-0.0049844	0.062508	-0.012024	0.0011093	0.015866	0.18707	-0.0047079	0.0038854	-0.00055444	0.031718	0.0072217	0.0033299	0	-0.83913	-0.0074182	0.0038854	0.00013863	0.0063871	-0.025893	-1.2174	-0.002988	-0.00074304	0.11889	0	0.010146	0.35757	0.001803	0.0011093	-0.35407	-0.31132	-0.0016629	0.00055459	0.0031119	0.24669	0.0022193	0.0016642	-0.0089498	0.0024969	0.38651	0	-0.0026322	0.36657	0.02108	0.017684	-0.033973	0.0012481	0.00458	
Deletion Peak 38 - CN values	12p13.1 	chr12:12691300-12799496(probes 1078251:1078307)    	chr12:12715519-12799496(probes 1078269:1078307)    	chr12:8570078-15364451(probes 1075965:1079944)      	1.556e-20	 1.5313e-20		Actual Copy Change Given	0.00041593	-0.0041546	-0.64996	0.0016642	0.020203	0.00097064	-0.00097017	-0.076509	-0.40904	-0.0029091	-0.63809	-0.89787	-0.0046823	-0.0015243	0.0049969	-1.0571	0.0020686	-0.23325	-0.12733	0.0033019	0.0027745	-0.116	0.0027745	0.00085565	-0.0011087	-0.0013858	-0.0017076	-0.00097017	-0.0037395	-0.14785	-0.0024938	0.00069327	-0.28013	-0.014778	-0.0030475	0	-0.018216	-0.010508	-0.0008316	-0.5243	-0.015879	-0.0084385	-0.044686	-0.007472	-0.018091	0.0044411	-0.077345	-0.0016629	0.0091705	0.046984	0.0016642	-0.2881	-0.48984	0.00046448	-0.48785	-0.23606	0.0011207	-0.0020784	0.0054979	-0.46302	0.033549	0.016286	-0.0047066	0.0079175	0.010285	-0.0045695	0.054945	-6.0184e-05	-0.0019399	-0.82171	-0.13523	-0.45033	-0.3764	-0.28156	-0.095384	0.010703	0.36204	-0.0029775	0	-0.0043556	-0.24082	0.0081959	-0.0015243	0.033267	0.00069327	-0.0038304	0.00013863	0.042307	0.00044016	-0.71995	-0.80722	0.00041593	-0.026851	-0.38906	0.057939	-0.36386	-0.093535	0.0048579	0.024127	-0.0044312	0.00027728	-0.0038223	-0.0012688	-0.82285	-0.063569	-0.072808	-0.5432	-0.40407	0.042047	-0.0041546	0.43159	-0.74525	-0.040073	-0.74843	0.0023581	0.0058309	-0.76149	-0.017254	0.0036076	-0.016292	-0.0052496	0.0035089	0.029184	-0.017803	0.0066653	-0.0058256	0.00055459	-0.23031	0.0020805	0	-0.19275	0.0013868	-0.56654	-0.90487	-0.0059066	-0.78917	-0.0008316	0.0020805	0.0044411	-0.0026322	0.011679	-0.023292	0.021043	-0.80236	-0.028355	-0.023566	-0.92279	-0.013264	-0.23104	0.00083195	-0.010842	0.087969	-0.0034627	0.0022193	-0.0011087	-0.4825	0.053521	-0.0088526	-0.60767	0.00093272	-0.24095	-0.0047506	-0.0042929	0.19406	-0.29118	-0.0013649	0.0068044	-0.33179	-0.00069303	-0.010646	-0.0013858	-0.1499	-0.61738	-0.37347	0.0016642	-0.71006	-0.0096806	-0.013953	0.0039485	0.0012481	0.0023581	-0.026929	-0.0027707	0.0012481	-0.61508	-0.56853	-0.6945	-0.8567	-0.68899	0.0040243	0	0.0023581	0.0020805	-0.0014471	0.0011093	0.0024882	-0.051721	-0.061958	-0.0022867	-0.51383	-0.6426	0.014749	0.00013863	0.0026349	-0.30098	-0.17601	-0.2978	-0.0063608	0.0019418	-0.080807	-0.63339	-1.1602	-0.0078156	-0.0047744	0.0011093	0.0049969	-0.0092666	-0.22478	-0.53042	0.57844	0	0.0020805	-0.0088526	-0.0008316	-0.84171	-0.0060904	0	0.023566	0.0027745	0.024478	5.63e-05	0.010564	-1.2927	-0.0020784	-0.0029091	0.10935	-0.0055375	-0.64762	-0.0092666	0.0013868	0.0049969	-0.41784	-0.00055444	0.0058774	0.00086884	0.0087528	-0.60777	-0.74681	0.040326	-0.053071	-0.68588	-0.55737	-0.24107	-0.032996	-0.5431	-0.0046379	0.015168	-0.28824	-0.0022128	0.00041593	0.0038854	-0.83925	-0.060427	-0.58058	-0.019587	0.0083351	-0.0008316	-0.00079347	-0.010922	-0.42462	-0.00013862	0.0070844	-0.013127	-0.67884	5.0602e-06	0.0090312	-0.00069303	-0.0029091	0.14429	-0.62918	-0.44739	-0.0056757	0.00083195	-0.37268	-0.0026322	-0.017529	-0.008726	-0.040248	-0.79553	-0.0036011	-0.019589	-0.9621	-0.027945	-0.28275	-0.012713	-0.020275	-0.00013862	-0.40573	-0.27571	0.00055459	0.00064195	0.0015255	-0.3711	-0.007472	-0.75521	0.0027654	-0.0024938	-0.18068	-0.68881	-0.00041585	0.00013863	-0.0016629	0.0076392	-0.00097017	0.00083195	0.0024089	-0.39263	-0.015054	-0.48239	-0.66087	-0.74212	-0.56286	0.58037	0.00067355	-0.012576	-0.003003	-0.029038	-0.7156	0.034677	0.00019939	0.0038299	-0.063301	-0.22071	0.010982	-0.0028273	-0.41608	0.00085124	0.00010612	-0.10066	0	-0.60032	-0.56585	-0.70827	0.0068044	-0.034495	-0.011335	-0.7895	-0.34584	-0.084262	-0.0041546	-0.067993	-0.31003	0.001803	0.003191	0.0011093	-0.0027707	0.0027745	0.0026645	-0.23899	0.0097276	-0.0036011	0.011539	-0.033113	0.0019263	-0.68195	-0.0024938	-0.48008	0.2939	0.0013868	-0.61086	-0.016704	-0.0029091	-0.86358	-0.021916	-0.45896	0.01231	0.0023037	0.015819	-0.5434	0.017963	0.00097064	-0.11952	-0.72376	-0.25443	-0.36454	-0.031496	-0.3479	-0.0012473	0.037151	-0.0056757	-0.64592	-0.095648	0.026795	-0.19049	-0.42713	0.0010354	0.0077783	-0.8293	0.001803	-0.0041546	-0.071205	0.00055459	-0.00055444	-0.0045695	0.0027745	0.0011093	-0.12512	0.004719	-0.0069195	0.0051359	0.006109	-0.0020784	-0.10618	0.058795	-0.055903	-1.001	0.0010156	-0.11712	-0.93703	-0.0084332	-0.70388	-0.18106	0.0049969	-0.0016629	0.0016642	0.022801	-0.46387	0.29565	-0.0030041	0.00027728	-0.044551	-0.020926	-0.016416	-0.035585	0.010842	0.00013863	-0.006505	0.00069327	-0.02575	-0.23799	0.0037465	-0.59526	0.0043296	-0.017803	-0.0030475	-0.5793	0.057796	0.0015255	0.001803	-0.14888	0.052653	-0.1329	-0.23055	-0.0015243	0.0056919	0.15159	-0.082137	0	-0.14412	-0.0012473	0.013492	-0.8326	-0.023977	-0.6147	-0.13987	0.00013863	-0.32747	-0.010225	0	-0.82871	0.0012481	-0.3304	0.00458	0.011121	0.0013868	-0.12282	0.000338	0.0015255	0.0012481	0.0034687	-0.0018011	0	-0.66642	-0.054151	0	-0.45061	-0.00069303	-0.0020767	-0.0029091	0	-0.58781	-0.0015243	0.37874	-0.0053992	0.00069327	-0.26973	-0.054314	0.015028	-0.16268	0.0094491	0.0027745	
Deletion Peak 39 - CN values	12q24.32	chr12:123267717-133275309(probes 1142040:1146547)	chr12:128244699-128714475(probes 1144965:1145179)	chr12:127465343-133275309(probes 1144777:1146547)	0.0041797	   0.004087		Actual Copy Change Given	0.00055459	-0.0047079	0.00069327	0.0016642	0.0076392	0.00097064	-0.004177	-0.0077103	0.0012481	0.42435	0.56638	0.82647	-0.0099938	-3.8895e-06	-0.011185	-0.3356	0.018243	0.0015255	-0.067726	-0.00044545	0.0098669	0.03214	0.0027745	-0.0022168	-0.0051227	-0.0013858	0.00092587	0.018103	-0.0037395	-0.0030475	0.0084743	-0.0034627	0.0558	-0.0087146	-0.0030475	0.038347	0.022725	-0.0018014	-0.0008316	9.1075e-05	-0.1177	-0.0008316	0.023426	-0.062361	-0.0019399	-0.010508	-0.0066432	-0.0016629	-0.054016	0.046984	-0.028628	0.023145	0.00458	0.0054139	0.00041593	0.0029133	0.003191	-0.0010284	0.0086135	-0.11691	0.021399	-0.0027707	0.004342	-0.019456	-0.048779	0.020203	-0.47258	-6.0184e-05	0.011679	-0.20473	0.0065262	0	-0.39719	0.044148	-0.52798	0	0.44918	-0.11725	0	0.0018311	-0.070001	-0.74081	-0.0027403	-0.96595	0.01447	0.00097064	0.00013863	0.033267	-0.0021549	0.0097276	0.0016642	0.00041593	0.012237	-0.39386	-0.11757	-0.85422	0.010842	0.0048579	-0.019863	-0.0068519	0.00029987	-0.00055444	0.00013863	0.0040889	0.00083195	-0.051181	0.013286	0.0077783	0.042047	-0.0041546	0.0038854	-0.016429	-0.043873	0.022214	-0.016979	-0.0074766	-0.0080244	-0.023977	0.0068044	-0.035805	-0.052666	0.0034687	-0.034381	0.065942	0.0066653	0.0069435	-0.097363	0.0022193	0.0017048	-0.81573	-0.021404	-0.0045695	-0.043852	-0.13613	0.021603	-0.024251	-0.00069303	0.0020805	-0.0041387	0.00027728	-0.016429	-0.00027724	0.029044	-0.023977	-0.0069195	-0.017254	-0.032587	-0.017973	0.01447	0.0056919	-0.007944	0.080889	-0.0034627	0.0022193	-0.042652	-0.0015243	0.053521	0.0013868	-0.064643	0.069056	0.0079175	-0.0047506	-0.0042929	-0.31902	0.0058309	-0.00030424	0.0087528	-0.98766	-0.00069303	-0.027535	-0.043195	-0.16548	0	-0.37234	0.0016642	-0.0037395	0	-0.0015243	-0.023366	-0.12004	-0.0018014	-0.043408	-0.0027707	-0.0022168	0.00069327	0.0063871	0.25074	-0.86578	-0.012464	-0.0033243	-0.01409	0.0023581	-0.00076556	-0.014013	-0.00052919	-0.024378	-0.56396	0.00597	-0.0022867	-0.56604	-0.037728	-0.016429	0.00013863	0.0026349	0.028903	0.0038854	-0.28287	-0.0019399	0	-0.0016629	-0.00013862	-0.055634	-0.0030475	0.31482	0.0011093	-0.0026322	0.026373	-0.23753	0.0015255	0.51107	0	0.0020805	-0.010784	-0.0008316	-0.031223	-0.0060904	0	-0.038578	0.0027745	-0.065716	-0.00479	-0.14065	-0.051011	0.012097	0.59476	-0.18009	-0.0055375	0.55939	0.07484	0.0027745	-0.015812	-0.00069303	-0.24958	-0.00027724	0.0055529	-0.34308	0.0282	0.024969	-0.047801	0.0083351	0.034818	-0.14425	-0.10906	-0.042788	0.00055459	-0.0046379	-0.051316	0.093159	-0.0022128	0.086233	-0.0056757	0.029466	-0.019589	-0.037696	-0.025618	-0.024251	-0.0008316	0.015587	-0.0044312	0.00458	-0.023196	-0.025883	0.54171	-0.12317	-0.024661	-0.012438	-0.00069303	-0.0029091	0.09275	0.008892	-0.43983	-0.0056757	-0.099604	-0.3527	0.0086135	-0.016154	-0.046396	-0.022058	-0.0049844	-0.0036011	-0.013815	-0.015474	-0.060748	0.00055459	-0.005261	-0.60109	-0.00013862	0.31129	-0.24192	0.00055459	0.0020805	0.0015255	0.043157	-0.89181	-0.0040162	0.019996	0.0043021	-0.00041585	0.015419	-0.36861	-0.040073	-0.0016629	-0.091552	-0.0051227	0.0043416	0.0037792	0	-0.00055444	-0.027535	-0.024251	-0.72879	-0.022195	0.018103	0.02525	0.022444	-0.00055444	-0.069466	-0.0047079	-0.033677	0.00019939	0.0056043	-0.022332	-0.00055444	-0.071205	-0.0053863	-0.018557	0.00085124	-0.00044402	0.00029456	0.003191	0.0013868	-0.016025	-0.13122	-0.075078	0.025671	0.0040243	-0.0016799	0.0013868	0.090908	0.010564	-0.0059522	0.0044411	-0.024114	0.003191	0.0011093	-0.0027707	-0.33606	0.0026645	-0.0081624	-0.024798	-0.036946	-0.020138	0.026112	0.0021684	0.011958	0.0027745	0.0012481	0.68291	0.038206	0.03171	-0.005814	0.0095883	0.011679	-0.046854	0.0023581	-0.080072	-0.0011631	0.01512	-0.55579	0.017963	0.00097064	0.0013868	-0.0031859	-0.25831	0.03863	-0.0091286	-0.34607	-0.0012473	-0.73222	-0.033031	0.66127	0.0020805	0.05694	0.0011093	0.00069327	-0.01609	0.0015255	0.0062012	0.0076392	-0.0041546	0.0026357	0.00055459	-0.00055444	-0.0045695	0.0027745	0.0011093	0.022585	0.004719	0.011539	-0.31202	-0.0039609	-0.0020784	-0.0038779	0.058795	-0.0008316	0.021189	-0.0013709	-0.0066818	0.0087528	0.001573	-0.0049844	-0.066654	-0.027893	-0.0023553	-0.055499	0.022801	0.00069327	-0.026441	0.012237	-0.0038779	-0.40937	-0.038205	0	0.0026357	-0.0011087	0.00069327	0	-0.0096313	-0.034007	0.0057173	-0.0026322	0.0019418	-0.0012198	-0.023018	-0.015191	0.012237	0.1854	0.0015255	0.001803	-0.1391	0.052653	0.0020133	-0.0062286	-0.0013858	-0.051451	-0.10657	-0.019589	0	-0.11822	-0.0012473	0	0	-0.025713	-0.5795	-0.007472	-0.0011087	0.10109	0.14891	0	0.31659	-0.11939	-0.0029091	-0.011749	-0.01354	0.0013868	-0.0010202	0.000338	0.0040243	-0.0042929	0.0051359	0.00097064	-0.0065758	-0.0034627	-0.0044459	-0.0020502	-0.012718	-0.00069303	-0.0043937	0.065083	0	-0.60774	-0.0015243	0.37347	-0.0053992	0.00069327	0.070673	-0.020549	0.016565	0.00458	0.034335	-0.84611	
Deletion Peak 40 - CN values	13q13.1 	chr13:31798979-34440685(probes 1154511:1156367)    	chr13:32807635-32913816(probes 1155135:1155212)    	chr13:31093014-85189174(probes 1154127:1185419)    	1.1269e-11	  0.0072358		Actual Copy Change Given	-0.00027724	0	-0.0011087	-0.0023553	-0.025906	0.0027745	-1.2929	0.005591	-0.40407	-0.00027724	-0.007148	-0.026304	0.012795	-0.00041585	0.0058309	-0.3112	0.012655	-0.0024938	-0.043873	0.00127	-0.43181	0.00083195	0	-0.00013862	-0.026167	0.003191	-0.01496	0.0097276	-0.59917	-0.136	-0.0027707	0	-0.2732	-0.012629	-0.0016629	-0.0030475	-0.0055375	-0.0012473	-0.0022168	0.0091705	0.017404	-0.0051227	0.2035	-0.16523	0.0016642	-0.15643	-0.052936	0.00041593	-0.85049	0.52101	0.018103	-0.19262	0.001803	-0.005814	-0.0038779	-0.027273	-0.0040162	-0.08413	-0.023009	-0.063032	0.0020805	-0.52123	-0.0064654	0.004719	-0.82342	-0.00013862	-0.014228	-0.0001988	0.0074778	-0.2744	-0.31295	0.0282	0.0073309	-0.29319	-0.058866	-0.86101	-0.54562	0.0025671	-0.006505	-0.020385	0.44986	-0.0029091	0.0011093	0	0.00069327	-0.36113	-0.0037395	-0.17816	0.0048579	-0.3543	-0.79494	-0.0031859	-1.259	-0.39152	0.0092216	-0.17512	-0.011572	-0.23569	-0.74864	0.0015255	-0.029857	-0.0077482	-0.0008316	0.00055459	-0.0026322	0.0034687	-0.044144	0.057939	-0.027239	-0.016154	-0.0034627	-0.73871	-0.0077482	-0.041383	0.0055529	-0.0045695	-0.26252	-0.015879	-0.48283	0.017544	0.0062481	-0.40296	-0.096176	-0.68442	0.0019418	-0.0085766	-0.0084385	-0.60541	-0.0018014	-0.83001	-0.28727	0.00069327	-0.018628	-0.011611	-0.87667	0.0040243	0.00041593	0.0027745	-0.0088526	-0.0015846	-0.026851	-0.56952	-0.0048461	0.00041593	0.00458	-0.61748	0.017404	-0.0031859	-0.57634	-0.0033742	-0.012633	0.00049424	0.00055459	-0.0008316	0.022164	-0.2283	-0.078544	-0.0092666	-0.0067813	-0.0032238	0.012795	0	0.0011093	-0.29532	0.00069327	0.0024011	-0.51825	-0.020275	-0.75452	0.01447	0.0044411	0.014609	0.0024969	-0.7324	-0.0018014	-0.0073339	0.015866	-0.00041585	-0.0043188	-0.9213	0	0.004084	-0.0024938	-0.0051227	0.0069435	-0.0067813	0.00097064	0.0011093	-0.067215	-0.0023553	-0.44954	-0.20661	-0.0063301	0.042024	0.004719	0.020063	-1.0005	0.0016642	0.0070124	0.0015255	0.019397	-0.34194	0.001803	-0.002633	0.0016642	-0.00069303	-0.0080244	0.0015255	-0.010784	0.0011093	-0.44932	0.013911	-0.012792	-0.34335	-0.0037395	-0.0012473	-0.012162	-0.079343	-0.0019399	-0.020138	0.0034687	0.0044411	-0.022195	-0.0027707	0.008892	-0.047395	-0.014667	-0.78673	-0.67939	-0.95101	-0.0036833	0.003191	-0.61448	0.0043021	-0.63623	0.49493	0.0027745	-1.2929	-0.19862	-0.0008316	0.0016345	-0.44081	-0.00069303	-0.0013858	0.0093098	0.010006	-0.60921	-0.090096	0.022865	-0.31604	-0.005261	-0.55367	-0.27093	0.050819	0.00597	0.0015957	0.026935	-0.28337	-0.0095385	-0.68415	-0.015329	0.0036076	-0.067056	0.017408	-0.86972	0.0093098	-0.0031859	0.0030522	-0.042652	0.0038854	0.0038854	-0.0041437	-0.50756	0.19056	0.0095883	-0.00097017	0.0034687	0.0043021	-0.0013824	0.011261	0.001803	-0.0032346	-0.0019399	-0.00055444	-0.0040162	-0.0022168	0.023274	-0.011212	-0.79936	0.004719	-0.005261	0.78175	-0.84539	0.0075	0	0.0048579	-0.006505	0.55071	-0.1837	-0.0018014	0.00031356	-0.00097017	-0.37752	0.0037465	-0.75124	-0.0029033	-0.35373	-0.0023553	-0.38939	-0.011887	0.0097276	-0.61287	0.075271	-0.0015243	0	0.0047658	-0.0038779	0.017544	-0.24569	0.0076392	-0.37189	-0.0072295	-0.012438	-0.047141	-0.013815	0.0083351	-0.15119	-0.0012473	0.010285	-0.0029869	0.067571	-0.053341	0.0013868	0.060794	-0.70859	0.00027728	-0.0084193	0.0067718	-0.012713	-0.0038779	0.0024969	-8.8914e-05	0.030873	-0.0073339	0.0023581	-0.099077	-0.82368	0.0011093	-0.3365	-0.24131	0.0084743	0	0.012516	-0.27236	0.003191	-0.0041546	-0.0038779	-0.54076	-0.0084385	-0.011198	-0.42057	-0.60709	-0.0073147	-0.0077482	-0.52879	-0.0010569	0.00041593	-1.0568	-0.83009	-0.63771	-0.0027707	-0.023566	-0.0034332	-0.70199	-0.54088	0.091521	0.0035532	0.40955	0	-0.0076101	-0.0022168	-0.0022168	0.0024526	-0.00027724	0.19878	-0.24204	0.0029133	-0.0045695	-0.44437	-0.007472	0.031176	-0.1177	-0.34814	0.0056919	0.0070826	0.011047	-0.086651	-0.0086231	0.0076392	0.0016642	-0.4911	0.0020805	-0.0031859	0.0044411	-0.0024938	-0.064508	0.00069327	-0.0027707	-0.5037	-0.38781	-0.0029091	-0.0076101	-0.42123	-0.029584	-0.028765	0.0022253	-0.2062	0.002138	0.10366	-0.0014769	-0.014641	0.0080567	0.013911	0.00097064	-0.95348	-0.0017264	0.0075	-0.079742	0.00015771	0.0055529	-0.19975	0.0023769	-0.027671	0.0026357	-0.56485	-0.0030504	-0.071606	0	-0.53327	-0.0068942	-0.2939	0.00083195	-0.00011118	-0.60246	0.0068044	-0.0047079	0.037782	0.0016642	-0.0018014	-0.2066	-0.55538	-0.7011	-0.0042929	-0.0096806	-0.83397	0.49303	0.15562	-0.0078863	-0.12108	0.0020805	-0.77583	0.0049969	-0.52041	-0.60873	-0.0033243	0.0040243	-0.15907	0.013361	-0.20295	-0.2491	0.00055459	-0.069198	-0.0073339	0.83707	0.0012481	-0.00060446	-0.0042779	-0.00097017	0.70814	-0.028081	-0.0095426	-0.81376	0.0037465	0.0026357	0.0015255	-0.4712	-0.0063668	-0.0041475	-0.23337	-0.012576	0.0015665	-0.0011087	-0.56396	0.0044411	-0.020001	-0.37943	0.010982	0.0075	0.0015255	0.0058309	-0.0062286	
Deletion Peak 41 - CN values	13q13.3 	chr13:38362754-39346148(probes 1158984:1159706)    	chr13:38686460-38888407(probes 1159193:1159334)    	chr13:31093014-85189174(probes 1154127:1185419)    	3.4207e-43	 1.6805e-06		Actual Copy Change Given	-0.00027724	0	-0.0011087	-0.17689	-0.025906	0.0027745	-0.84531	0.005591	-0.40407	-0.42134	-0.007148	-0.026304	0.0057129	-0.00041585	-0.21787	-0.26625	-0.011335	-0.0024938	-0.64856	-0.15475	-0.43181	0.00083195	-0.11784	0.095798	-0.026167	-0.36771	-0.01496	0.0097276	-0.59917	-0.136	-0.0027707	0	-0.2732	-0.012629	-0.0016629	-0.045093	-0.0055375	-0.78555	-0.0022168	-0.52389	0.017404	-0.56813	-0.036946	-1.0342	0.0016642	-0.3685	-0.99444	0.00041593	-0.81219	-0.39619	0.018103	-0.19262	0.001803	-0.005814	-0.0038779	-0.17158	-0.0040162	-0.08413	-0.023009	-0.063032	-0.34836	-0.52123	-0.0064654	0.004719	-0.82342	-0.00013862	-0.014228	-0.0001988	0.0074778	-0.2744	-0.31295	0.0282	0.0087528	-0.29319	-0.058866	-0.85409	-0.54562	0.0025671	-0.006505	-0.020385	-0.17221	-0.73664	0.0011093	0	-0.52655	-0.36113	-0.0037395	-0.67177	-0.045635	-0.3543	-0.79494	-0.0031859	-0.59633	-0.39152	0.0092216	-0.17512	-0.064777	-0.23569	-1.2238	0.0015255	-0.029857	-0.0077482	-0.0008316	0.00055459	-0.0026322	-0.20037	-0.0069195	-0.16917	-0.027239	-0.016154	-0.0034627	-0.73871	-0.0077482	-0.041383	-0.60119	-0.0045695	-0.26252	0.0054139	-0.48283	0.017544	-0.8984	-0.81852	-0.53602	0.49182	0.0019418	-0.0085766	-0.0084385	-0.60541	-0.062629	0.0044411	-0.60477	0.00069327	-0.018628	-0.011611	-0.87667	0.0040243	0.00041593	-0.26877	-0.75409	-0.0015846	-0.027945	-0.032723	-0.0048461	-0.79811	0.00458	-0.74705	0.017404	-0.0031859	-0.57634	-0.0033742	-0.024582	-0.39441	0.00055459	-0.0008316	0.022164	-0.2283	-0.078544	-0.0092666	-0.58343	-0.0032238	0.012795	0	0.0011093	-0.29532	0.00069327	0.0024011	-0.51825	-0.75669	-0.7639	-0.94576	-0.70442	0.014609	-0.275	-0.72517	-0.0018014	-0.0073339	-0.80865	-0.00041585	0.010566	0.22515	-0.080275	0.004084	-0.0015243	-0.0051227	0.0069435	-0.58481	-0.61511	0.0011093	-0.067215	-0.0023553	-0.44954	-0.20661	-0.0063301	-0.26107	0.004719	-0.72967	-1.0005	-0.10815	0.0070124	0.0015255	0.080925	-0.34194	-0.034631	-0.54108	0.0016642	-0.00069303	-0.6907	0.0015255	-0.010784	-0.095384	-0.44932	-1.1077	-0.012792	-0.34335	-0.0037395	-0.0012473	-0.012162	-0.079343	-0.0019399	-0.05752	0.0034687	0.0044411	-0.022195	-0.0027707	0.080024	-0.081339	-0.014667	-0.78673	-0.67444	-0.95101	-0.44859	0.003191	-0.61448	0.0043021	-0.63623	-0.0046226	0.0027745	-0.6679	-0.25079	-0.0008316	-0.68287	-0.44081	-0.29378	-0.0013858	-0.029857	0.010006	-0.60921	-0.090096	-0.89166	-0.31604	-0.005261	-0.55367	-0.27093	-0.89756	-0.52951	0.0015957	-0.65024	-0.28337	-0.0095385	-0.68415	-0.015329	0.0036076	-0.29745	0.017408	-0.86972	0.0093098	-0.0031859	0.0030522	-0.042652	0.0038854	0.0038854	-0.65965	-0.50525	0.11257	-0.92219	-0.00097017	-0.67444	-0.59361	0.031155	-0.65892	0.001803	-0.0032346	0.00083195	-0.00055444	-0.0040162	-0.0022168	0.023274	-0.011212	-0.79936	0.004719	-0.199	-1.0181	-0.84539	-0.14875	0	-0.55844	-0.33422	0.50933	-0.25854	-0.0018014	0.00031356	-0.00097017	-0.37752	0.0037465	0.036229	-0.0029033	-0.34779	-0.0023553	-0.41011	-0.011887	0.0097276	-0.0063668	-0.82928	-0.0015243	-0.36465	-0.012819	-0.0038779	-0.72818	-0.24569	0.0076392	-0.37189	0.0024969	-0.012438	-0.047141	-0.015054	-0.7568	-0.10487	-0.0059522	-0.6326	-0.0029869	-0.0059898	-0.053341	-0.020687	-0.91168	-0.70859	0.00027728	-0.0084193	0.0067718	-0.012713	-0.0038779	0.0024969	0.00458	0.030873	0.05694	0.0023581	-0.099077	-0.78572	0.0011093	-0.3365	0	-0.1025	0	-0.24885	-0.27236	0.003191	-0.0041546	-0.0038779	-0.54076	-0.17891	-0.050776	-0.50183	-0.61853	-0.0073147	-0.0077482	-0.52685	-0.0010569	0.00041593	-1.0138	-0.83009	-0.63546	-0.0027707	-0.030965	-0.0092666	-0.70199	-0.54088	0.077074	-0.36651	-0.9452	0	-0.0076101	-0.0022168	-0.0022168	-0.013815	-0.00027724	-0.7227	-0.24204	-0.017592	-0.0045695	-0.2991	-0.007472	0.031176	-0.1177	-0.34814	0.0056919	0.0070826	-0.83821	-0.12649	-0.0086231	-0.70594	0.0016642	-0.4911	0.0020805	-0.0031859	0.0044411	-0.0024938	-0.064508	0.00069327	-0.0027707	-0.0078863	-0.38781	-0.45083	-0.0076101	-0.10316	-0.029584	-0.028765	0.0022253	-0.2062	0.002138	0.10366	-0.0014769	-0.69477	0.0080567	0.013911	-0.70091	-0.95348	-0.0017264	0.0075	-0.079742	0.00015771	0.0055529	-0.34136	-0.68818	-0.027671	0.0026357	-0.56485	-0.0030504	-0.071606	-0.88472	-0.53327	-0.0068942	-0.28525	0.00083195	-0.45027	-0.60246	0.0068044	-0.0047079	0.026233	0.0016642	-0.0018014	-0.2066	-0.55538	-0.7011	-0.0042929	-0.18886	-0.83397	-0.46195	0.11949	-0.0078863	-0.14322	0.0020805	-0.77583	0.0049969	-0.52041	-0.60873	-0.0033243	0.0040243	-0.15907	0.013361	-0.20295	-0.59565	0.00055459	-0.069198	-0.0073339	0.78794	0.0012481	-0.00060446	-0.0042779	-0.00097017	0.70814	-0.028081	-0.0095426	-0.81376	-0.34618	0.0026357	-0.020138	-0.51897	-0.0063668	-0.0041475	-0.23337	-0.012576	-0.57365	-0.17487	-0.56396	0.0044411	-0.020001	-0.37943	-0.69921	-0.028628	0.0015255	0.0058309	-0.0062286	
Deletion Peak 42 - CN values	13q14.13	chr13:45283532-48297646(probes 1163465:1165468)    	chr13:45959822-46053344(probes 1163909:1163945)    	chr13:31093014-85189174(probes 1154127:1185419)    	4.6198e-65	 1.9078e-32		Actual Copy Change Given	-0.00027724	-0.10697	-0.23129	-0.17689	-0.025906	0.0027745	-0.8244	-0.25633	-0.40407	-0.42134	4.7907e-05	-0.026304	0.0057129	-0.00041585	-0.21787	-0.28108	-0.011335	-0.0024938	-0.65139	-0.15475	-0.43181	-0.78336	-0.11352	-0.42886	-0.026167	-0.36771	-0.01496	-0.65053	-0.59439	-0.136	-0.0027707	0	-0.2732	-0.012629	-0.0016629	-0.045093	-0.0055375	-0.78555	-0.0022168	-0.52389	0.017404	-0.56813	-0.036946	-1.0342	0.0016642	-0.3685	-0.99444	0.00041593	-0.81219	-0.39619	0.018103	-0.19262	-0.019726	-0.005814	-0.0038779	-0.17158	-0.0040162	-0.4317	-0.023009	-0.063032	-0.34836	-0.52123	-0.0064654	-0.57585	-0.82342	-0.00013862	-0.014228	-0.0001988	-0.0055117	-0.58775	-0.31295	-0.34968	-0.37459	0.34015	-0.15016	-0.85409	-0.54562	0.0025671	-0.006505	-0.020385	0.24653	-0.73664	0.0011093	0	-0.52655	-0.36113	-0.0037395	-0.67177	-0.045635	-0.3543	-0.79494	-0.0031859	-0.59633	-0.39152	0.0092216	-0.17512	-0.82015	-0.23569	-0.79586	-0.41832	-0.029857	-0.0077482	-0.0008316	0.00055459	-0.25261	-0.45018	-0.0069195	-0.16917	-0.8964	-0.016154	-0.0034627	-0.73871	-0.0077482	-0.041383	-0.62884	-0.14528	-0.26252	0.36608	-0.48283	-0.063703	-0.8984	-0.91905	-0.53602	-0.68579	0.0019418	-0.0085766	-0.0084385	-0.60541	-0.062629	-0.02562	-0.60477	0.00069327	-0.018628	-0.011611	-0.87667	0.0040243	0.00041593	-0.26877	-0.75409	-0.0015846	-0.027945	-0.032723	-0.0048461	-0.79811	-0.045499	-0.74705	-0.87151	-0.0031859	-0.057789	0	-0.024582	-0.38973	0.00055459	-0.0008316	-0.74011	-0.2283	-0.078544	-0.0092666	-0.58343	-0.0032238	-0.59556	0	0.0011093	-1.2929	0.00069327	0.0024011	-0.51825	-0.7508	0.00458	-0.94576	-0.70442	-0.81745	-0.29239	-0.73075	-0.0018014	-0.67058	-0.80865	-0.020687	-0.057189	-0.91221	-0.080275	0.004084	-0.0015243	-0.0051227	0.0069435	-0.58481	-0.59935	0.0011093	-0.067215	-0.0023553	-0.44954	-0.20661	-0.0063301	-0.26937	0.004719	-0.72967	-1.0005	-0.006505	-0.54618	-0.14253	-0.71797	-0.34194	-0.034631	-0.54108	0.0016642	-0.00069303	-0.6907	-0.026851	-0.010784	-0.0062286	-0.44932	-1.1062	-0.005814	-0.34335	-0.0037395	-0.35396	-0.012162	-0.079343	-0.0019399	-0.05752	0.0034687	0.0044411	-0.022195	-0.0027707	-0.82838	-0.081339	-0.014667	-0.78673	-0.67444	-0.95101	-0.44859	-0.85265	-0.61448	-0.513	-0.63623	-0.13326	-0.052261	-0.6679	-0.50629	-0.0008316	-0.66707	-0.44081	-0.54391	-0.35605	-0.029857	-0.56416	-0.60921	-0.86759	-0.85337	-0.31604	-0.005261	-0.55367	-0.27093	-0.89756	0.0015255	0.0015957	-0.65024	-0.28337	-0.0095385	-0.66892	-0.105	-0.030267	-0.42364	0.017408	-0.84931	0.0093098	-0.0031859	0.0030522	-0.080275	0.0038854	0.0038854	-0.65965	-0.50525	0.14191	-0.0053992	-0.00097017	-0.67444	-0.59361	-0.51671	-0.65892	0.001803	-0.0032346	0.00083195	-0.00055444	-0.0040162	-0.0022168	-0.25321	-0.044675	-0.79936	0.004719	-0.199	-0.98937	-0.84539	-0.14875	0	-0.55844	-0.33422	0.50933	-0.25854	-0.0020253	0.00031356	-0.00097017	-0.37752	0.0037465	0.008892	-0.0029033	-0.34779	-0.0023553	-0.40464	-0.40157	0.0097276	-0.0063668	-0.82928	-0.0015243	-0.36465	0.0023908	-0.0038779	-0.72818	-0.3282	-0.64667	-0.34813	0.0024969	-0.60651	-0.047141	0.080601	-0.7568	-0.2894	-0.0059522	-0.6326	-0.0029869	-0.0059898	-0.053341	-0.275	-0.92629	-0.70859	0.00027728	-0.0084193	0.0067718	-0.28346	-0.04983	0.0024969	-0.56286	0.030873	-0.91695	0.0023581	-0.81013	-0.78572	0.0011093	-0.3365	-0.43875	-0.72128	-0.33341	-0.52798	-0.27236	0.003191	-0.0041546	-0.0038779	-0.54076	-0.2435	-0.41827	-0.50183	-0.61853	-0.0073147	-0.0077482	-0.52685	-0.0010569	0.00041593	-1.0151	-0.83009	-0.63546	-0.0027707	-0.033132	-0.0092666	-0.70199	-0.54088	0.077074	-0.35321	-0.9452	0	-0.012024	-0.0022168	-0.0022168	-0.013815	-0.00027724	-0.7227	-0.24204	-0.017592	-0.0045695	-0.2991	-0.007472	0.031176	-0.35692	-0.34814	0.0056919	-0.099868	-0.83821	-0.28192	-0.0086231	-0.70594	-0.40152	-0.4911	0.0020805	-0.0031859	-0.0027707	-0.0024938	-0.064508	-0.10749	-0.0027707	-0.0078863	-0.38781	-0.45083	-0.0076101	-0.10342	-0.029584	-0.028765	0.0022253	-0.2062	0.002138	-0.8326	-0.0014769	-0.69477	-0.033541	0.013911	-0.70091	-0.95246	-0.0017264	-0.026441	-0.073743	0.00015771	0.0055529	-0.34136	-0.68818	0.47118	0.0026357	-0.56485	-0.0030504	-0.071606	-0.86706	-0.53327	-0.0068942	-0.28525	0.00083195	-0.45027	-0.60246	-0.5713	-0.0047079	0.021603	0.0016642	-0.0018014	-0.2066	-0.55538	-0.7011	-0.0042929	-0.18886	-0.83397	-0.46195	-0.78083	-0.0078863	-0.14322	0.0020805	-0.77583	0.0049969	-0.52041	-0.60873	-0.0033243	0.0040243	-0.15907	-0.01367	-0.20295	-0.59565	0.00055459	-0.069198	-0.0073339	-0.58225	0.0012481	-0.00060446	-0.0042779	-0.00097017	-0.69405	-0.24058	-0.016977	-0.81376	-0.34618	-0.0022332	-0.020138	-0.51897	-0.0063668	-0.0041475	-0.41597	-0.012576	-0.57365	-0.18144	-0.56396	0.0044411	-0.060076	-0.37943	-0.69921	-0.028628	-0.34125	0.0058309	-0.050776	
Deletion Peak 43 - CN values	13q22.1 	chr13:69321079-75552394(probes 1175466:1179539)    	chr13:73056483-73078165(probes 1177708:1177714)    	chr13:31093014-85189174(probes 1154127:1185419)    	1.0715e-24	  5.068e-07		Actual Copy Change Given	-0.00027724	-0.10697	-0.0047079	-0.17689	-1.2929	0.0027745	0.0034687	0.0076773	-0.40407	-0.0094046	4.7907e-05	-0.026304	0.0057129	-0.00041585	0.0015255	-0.22883	-0.011335	-0.0024938	-0.62627	-0.15475	-0.43181	-0.75063	-0.11352	0.0084743	-0.026167	-0.36771	-0.01496	-0.0024938	-0.53144	-0.136	-0.0027707	0	-0.2732	-0.6351	-0.0016629	-0.045093	-0.0055375	0.023426	-0.0022168	-0.0023116	-0.82342	-0.55787	-0.043059	-1.0086	0.0016642	-0.13031	-0.072408	0.00041593	0.058652	-0.39619	0.043015	-0.19262	-0.019726	-0.005814	-0.24849	-0.048262	-0.0030475	-0.0062286	-0.023009	-0.063032	-0.28132	-0.52123	-0.0064654	0.0095883	0.031859	-0.00013862	-0.014228	-0.00092674	-0.0055117	-0.3203	-0.31587	-0.043737	-0.37459	-0.30204	-0.085988	-0.84275	-0.54562	-0.010822	-0.006505	-0.020385	-0.42757	-0.73664	0.0011093	-0.034904	-0.52655	-0.36113	-0.0037395	-0.64114	-0.035393	-0.3543	0.021277	-0.0031859	-0.59633	-0.0030475	0.0092216	-0.17512	-0.82173	-0.23569	-0.77073	-0.40804	-0.039779	-0.0077482	0.0019418	-0.46046	-0.090758	-0.37603	-0.0069195	-0.39508	-0.8964	-0.016154	-0.039258	-0.74394	-0.0037395	-0.087797	0.0031384	-0.15093	-0.26252	0.38452	-0.0026322	-0.080171	-0.88511	-0.81228	-0.47942	0.45803	0.0019418	-0.0085766	-0.0084385	-0.60541	-0.062629	-0.02562	-0.601	0.00069327	-0.018628	-0.011611	-0.87667	0.0040243	0.00041593	-0.076012	0.00055459	-0.0041965	-0.027945	-0.032723	-0.040752	-0.79811	0.008892	-0.73398	-0.82895	-0.29827	-0.057789	-0.88697	0.0070646	-0.048072	0.00055459	-0.0008316	0.0024969	-0.011436	-0.078544	-0.0092666	-0.58343	-0.0032238	-0.90008	0	0.0011093	-0.32855	0.00069327	0.0024011	-0.51825	-0.73854	0.00032392	0.028341	-0.70496	-0.81745	-0.015329	-0.70424	-0.0018014	-0.74447	-0.05037	-0.020687	-0.0093419	0.20687	0.001803	-0.076888	-0.0015243	-0.0051227	-0.2862	-0.041567	-0.59935	-0.015604	-0.067215	-0.0023553	0.013512	-0.20661	-0.0063301	-0.26937	0.004719	-0.72967	-0.98752	-0.006505	-0.54618	-0.14253	0.070565	-0.20548	-0.0044312	-0.54108	-0.00057239	-0.00069303	-0.0048461	-0.026851	-0.010784	-0.0062286	-0.5434	-1.0942	-0.017391	-0.34171	-0.0037395	-0.007472	-0.012162	-0.079343	-0.0019399	-0.05752	0.0034687	0.0044411	-0.022195	-0.0027707	-0.81367	-0.079742	-0.011887	-0.80536	-0.67444	-0.10303	-0.44859	0.00041593	-0.58844	-0.19775	-0.028901	0.035391	-0.052261	-0.013402	-0.50629	-0.0008316	-0.67122	-0.44081	-0.28667	-0.35042	-0.029857	-0.55897	-0.0023553	-0.09644	-0.83535	-0.31085	-0.028355	-0.55367	-0.41937	-0.87408	0.0015255	0.0015957	-0.64424	-0.081762	-0.0095385	-0.66892	-0.069198	-0.030267	-0.38851	0.017408	-0.84931	0.014749	-0.0031859	-0.02603	-0.058731	-0.44297	-0.00069303	0.0065371	-0.11521	0.1057	0.017124	0.020623	-0.67444	0.14518	-0.51722	-0.63282	0.001803	-0.03095	-0.01037	-0.020275	-0.0040162	-0.0022168	-0.10711	-0.0013858	-0.005814	0.004719	-0.17424	-1.0074	-0.83793	-0.15183	0	0.049256	-0.33422	-0.37017	-0.10788	-0.0020253	0.00031356	-0.00097017	-0.37752	0.0037465	0.008892	-0.0029033	-0.34779	-0.0023553	-0.40464	-0.39575	0.0097276	-0.0063668	-0.80385	-0.0015243	-0.00055444	-0.3935	-0.40573	-0.73242	-0.50494	-0.72172	-0.47536	0.026429	-0.60651	-0.61104	-0.0069195	-0.067458	-0.70675	-0.0059522	0.042732	-0.0029869	-0.002581	-0.043331	-0.012162	-0.91191	0.0036451	0.0091705	-0.0089476	0.0067718	-0.027398	-0.049374	0.0024969	0.013772	0.030873	-0.85639	0.0023581	-0.11116	-0.79121	0.0011093	-0.33756	-0.016704	0.0019418	-0.34859	-0.40495	-0.27236	0.003191	-0.0041546	-0.0055037	-0.0046791	-0.14734	-0.24411	-0.032314	-0.58255	-0.0073147	-0.0077482	-0.52685	-0.0010569	0.00041593	-1.03	-0.83199	-0.61499	-0.30369	-0.033132	-0.0092666	-0.67554	-0.53419	0.077074	0.00036155	-0.90702	-0.004371	-0.012024	-0.0022168	-0.0022168	-0.013815	-0.00027724	-0.7227	-0.23423	-0.017592	-0.0045695	-0.33399	-0.007472	0.031176	-0.29804	-0.34814	-0.0029091	-0.10723	0.0040891	-0.15528	-0.0086231	-0.031496	-0.40152	-0.37031	0.0020805	-0.085722	-0.0027707	-0.0024938	-0.064508	-0.015466	-0.0027707	-0.0078863	-0.38089	-0.45083	-0.0049844	-0.09142	-0.029584	0.0040243	0.0022253	-0.21332	0.0026931	0.089272	-0.0014769	-0.69477	-0.033541	0.013911	-0.70091	-0.29591	-0.0017264	0.0034687	-0.073743	0.00015771	0.0055529	-0.34136	-0.67181	-0.038969	0.0026357	-0.56485	-0.0030504	-0.071606	0.020946	-0.50442	-0.0068942	0	0.00083195	-0.0088253	0.026935	-0.5713	-0.0047079	-0.0018014	0.0016642	-0.0018014	-0.2066	-0.54785	-0.7011	0.22391	-0.19825	0.064082	-0.46195	-0.77158	-0.0078863	-0.14322	0.0020805	-0.76278	0.0049969	0.0093098	-0.016567	-0.0033243	0.0040243	-0.50055	-0.01367	0.0086135	-0.23899	-0.0010218	-0.072675	-0.96989	-0.58225	0.0012481	-0.00060446	-0.0042779	-0.0041546	-0.69405	-0.24058	-0.016977	-0.81737	0.0093098	-0.0022332	0.0030522	0.008892	-0.0063668	-0.0041475	-0.22704	-0.012576	-0.57365	-0.18144	-0.56396	0.0044411	-0.053476	-0.38728	-0.69441	-0.049019	-0.0087146	-0.78589	0	
Deletion Peak 44 - CN values	13q31.1 	chr13:81226644-84856026(probes 1183241:1185174)    	chr13:84135244-84607894(probes 1184830:1185115)    	chr13:31093014-85189174(probes 1154127:1185419)    	6.5213e-07	   0.011582		Actual Copy Change Given	-0.00027724	-0.10697	-0.0047079	-0.17689	-0.027261	0.0027745	0.0034687	0.0076773	-0.40407	-0.0094046	4.7907e-05	-0.026304	0.0057129	-0.00041585	0.0015255	-0.22883	-0.011335	-0.0024938	0.062794	-0.0021949	-0.43127	-0.75866	-0.11352	0.0084743	-0.026167	-0.36771	-0.01496	-0.0039009	0.012934	-0.136	-0.0027707	0	-0.2732	0.010285	-0.032587	-0.014366	-0.0055375	0.023426	-0.0022168	-0.0023116	-0.82342	-0.55949	-0.053341	-0.034768	0.0016642	-0.13031	-0.072408	0.00041593	0.056228	-0.39619	0.040185	-0.19262	-0.019726	-0.005814	-0.24046	-0.033269	-0.0045695	-0.0062286	-0.023009	-0.47913	0.006109	-0.52123	-0.0064654	0.045566	0.029466	-0.00013862	-0.014228	-0.00092674	-0.0055117	-0.33399	-0.31587	-0.043737	-0.37459	-0.29579	-0.035857	-0.78202	-0.54562	-0.010822	-0.006505	-0.020385	-0.42757	-0.72729	0.0011093	-0.034904	-0.52655	-0.36113	-0.0037395	-0.64227	-0.035393	-0.34905	0.05466	-0.0031859	-0.59633	-0.0030475	0.0092216	-0.17512	-0.79302	-0.23569	-0.89427	0.011121	-0.035721	-0.0077482	0.0019418	-0.0056757	-0.0038779	-0.1832	-0.0069195	-0.39118	-0.86049	-0.016154	-0.039258	-0.69215	-0.0037395	-0.087797	0.0031384	-0.15093	-0.26252	0.0015255	-0.0026322	0.085943	0.054233	-0.78227	0.062365	-0.70684	0.0019418	-0.0085766	-0.0084385	-0.60541	-0.062629	-0.02562	-0.28453	0.00069327	-0.018628	-0.011611	-0.87667	0.0040243	0.00041593	-0.034768	0.00055459	-0.0041965	0.32398	0.0080567	-0.040752	0.051245	0.008892	-0.040209	-0.82895	-0.28084	-0.055634	0.017561	0.020564	-0.048072	0.00055459	-0.0008316	0.0063871	-0.011436	-0.081179	-0.0092666	-0.58343	-0.0032238	-0.90008	0	0.0011093	-0.32855	0.00069327	0.0024011	-0.0092666	0.060222	0.00032392	0.081755	0.0076392	-0.82257	-0.35236	-0.7089	-0.0018014	0.0019418	-0.05037	-0.0037395	-0.0093419	0.20687	0.001803	-0.10979	-0.0015243	-0.0084744	-0.2862	-0.041567	0.013772	-0.054555	-0.067215	-0.0023553	0.00087347	-0.20286	-0.0027707	-0.26937	0.004719	0.023005	0.08739	-0.006505	-0.54618	-0.14253	0.14002	-0.20548	-0.0044312	0.0049961	-0.00057239	-0.0049942	-0.0048461	-0.026851	-0.010784	-0.0062286	-0.53439	0.56525	-0.0033243	0.00044894	-0.0037395	-0.007472	-0.012162	-0.079343	-0.0019399	-0.05752	0.0034687	0.0044411	-0.022195	-0.0027707	0.062503	-0.044686	-0.011887	0.10031	-0.67444	-0.062361	-0.44859	0.00041593	-0.58844	0.0013868	0.60107	-0.16371	-0.052261	-0.013402	-0.50629	-0.0008316	0.45865	0.012376	0.0062481	-0.35042	-0.029857	0.0027745	-0.0023553	-0.09644	0.088283	-0.31085	-0.028355	-0.55367	-0.22515	-0.87408	0.0015255	0.0015957	0.008892	-0.28075	-0.0095385	0.015587	-0.069198	-0.030267	-0.18461	0.019226	-0.86715	0.014749	-0.0031859	-0.02603	-0.022469	0.0022193	-0.00069303	0.037652	-0.0023553	0.1057	0.017124	0.020623	0.0043021	0.14518	-0.49653	-0.63282	0.001803	0.00083195	-0.01849	-0.020275	-0.0040162	-0.0022168	-0.074555	-0.0013858	-0.005814	0.004719	-0.20486	-0.045236	-0.8103	-0.14258	0	-0.51805	-0.014916	-0.37017	-0.27476	-0.0020253	0.0016642	-0.00097017	-0.37752	0.0037465	0.0080567	-0.0029033	-0.34779	-0.0023553	-0.40464	0.0084743	-0.10066	-0.0063668	0.19056	-0.0015243	-0.00055444	-0.3935	0.0012481	-0.68396	0.037924	-0.64668	0.45122	0.026429	-0.60651	-0.60264	0.0023488	-0.067458	0.029325	-0.0059522	0.074696	-0.0029869	-0.002581	-0.043331	-0.24946	0.10833	0.0036451	-0.41509	-0.0089476	0.0067718	-0.027398	-0.049374	0.0065262	0.013772	0.030873	-0.84235	-0.029857	-0.081472	0.0080567	0.0011093	-0.33756	-0.016704	0.0019418	-0.66513	-0.12226	-0.27236	0.003191	-0.0041546	-0.0055037	-0.0046791	-0.14734	-0.058462	-0.017132	-0.58255	-0.0073147	-0.011379	-0.529	-0.0010569	0.00041593	-0.75633	0.011903	-0.6012	0.0013868	-0.033132	-0.0092666	-0.67554	-0.53419	0.077074	0.00036155	-0.89437	-0.004371	-0.012024	-0.0022168	-0.0022168	-0.013815	0	0.20553	0.023426	-0.017592	-0.0045695	-0.33399	-0.007472	0.0016859	-0.052936	-0.34217	-0.0029091	0.0013868	0.0040891	-0.11064	-0.0086231	-0.031496	0.011539	-0.36045	0.0020805	-0.0013858	-0.0027707	-0.0024938	-0.064508	-0.015466	-0.0027707	-0.0078863	-0.38089	-0.43973	-0.0049844	-0.09142	-0.029584	0.0040243	0.0022253	-0.15281	0.0026931	0.080308	-0.0014769	-0.0044312	-0.039665	0.025812	-0.70091	-0.29591	-0.0017264	0.0034687	-0.073743	0.00015771	0.0055529	-0.34136	-0.62686	-0.034359	0.0026357	-0.56485	-0.0030504	-0.071606	0.037782	-0.50442	-0.0068942	0	0.00083195	-0.0088253	0.026935	-0.57757	-0.0047079	-0.77209	0.0016642	-0.059942	-0.2066	-0.54785	-0.7011	0.22391	-0.11378	0.064082	0.50238	-0.7098	-0.0078863	-0.14322	0.0020805	-0.76278	0.0049969	0.0093098	-0.016567	-0.0033243	0.0040243	-0.47256	-0.01367	0.0086135	-0.23899	-0.0010218	-0.072675	0.038913	-0.58225	0.0012481	-0.00060446	-0.0042779	-0.0031445	-0.69405	-0.0083005	-0.016977	0.0019418	0.0034839	-0.0022332	0.0030522	0.008892	-0.0063668	-0.0037378	-0.22704	-0.012576	-0.57365	-0.18144	-0.034631	0.0044411	0.0013868	-0.35988	-0.69441	-0.049019	-0.0087146	-0.010646	0	
Deletion Peak 45 - CN values	15q21.3 	chr15:56731220-57304151(probes 1272520:1272777)    	chr15:56916072-57291102(probes 1272606:1272774)    	chr15:56715770-57232808(probes 1272517:1272746)    	0.029275	    0.02839		Actual Copy Change Given	0.00097064	-0.0059522	0.00077966	-0.0027707	0.0076392	0.006109	-0.0096806	0.0028126	-0.019589	0.0079175	-0.0010608	0.0081959	-0.005814	-0.0027841	-0.0044312	0.018943	0.010982	-0.0022168	-0.12966	0.0034907	-0.032587	-0.27619	0.03637	-0.0037395	0.0024969	-0.0012473	0.0014807	0.0057852	-0.0038779	0	0.0052749	0.0081959	-0.28525	-0.13691	0.0030522	0.08392	-0.012851	0	0.0068044	0.0027745	0.003191	0.0094491	-0.056442	-0.1717	0.0040243	-0.039394	-0.1717	-9.9665e-05	-0.0044312	-0.16777	-0.032996	0.0082934	0.004447	0.011121	-0.10276	0.0065262	0.0013868	-0.00069303	-0.11626	-0.13018	-0.010094	-0.018353	-0.11741	-0.010508	-0.031496	0.0019418	0.019083	0.0011878	0.0039132	-0.24727	-0.1307	-0.018765	-0.00055444	-0.30968	-0.005261	-0.012713	-0.04577	0.013563	-0.098682	-0.024771	-0.29792	-0.08559	0.001803	-0.043466	-0.0083005	-0.0015243	-0.0030475	0.0098669	-0.0020886	-0.010784	-0.0066432	0.0012481	-0.037898	-0.0013858	-0.067056	-0.037626	0.013492	0.00097064	-0.0013858	-0.007472	-0.046041	0.053521	-0.0089906	0.005843	0.0056919	-0.0096806	0.0066653	-0.057924	-0.43548	-0.0048461	-0.45372	-0.74037	0.0022193	0.017034	-0.012989	0.0073609	-0.020687	-0.02384	0.0063871	-0.010784	-0.040209	0.0066653	-0.0012473	-0.7456	-0.0087146	0.00597	0	-0.5827	-0.0037395	-0.016841	-0.0013858	0	0.0069435	-0.069734	0.017381	0.011818	-0.0008316	-0.0045695	-0.74881	-0.0022168	0.015028	-0.0060904	0.020203	-0.017529	0.68068	-0.0020784	0.056085	-0.016979	-0.20162	-0.019452	-0.023897	0	0.004719	-0.0022168	-0.18672	-0.0030475	0	0.00041593	-0.0033243	-0.00059233	-0.28739	-0.0033671	0.00041593	-0.29898	0.0020805	0	-0.11208	-0.062764	-0.0049844	-0.00013862	-0.29815	-0.46035	-0.0023553	-0.065716	0.004719	-0.74595	0.0114	0.0044411	0.02728	-0.27416	0.0029133	-0.013205	0.0013868	0.0047296	-0.62379	0.0023581	-0.50836	0.011679	-0.019752	0.004719	-0.0084385	-0.15452	0.0023581	-0.0026322	0.0011093	-0.0030475	-0.046799	0	-0.0046393	0.0011093	-0.11858	-0.006505	-0.00013862	0.0037457	0.0077783	0.001803	0.01419	-0.54361	0.0011093	-0.0037374	-0.011887	-0.013264	-0.0069195	-0.025756	-0.0066432	-0.0012473	0.013176	-0.26805	0.013353	-0.00055444	-0.0011198	0.00083195	0	0.0040243	0.006109	-0.0055375	-0.0060904	-0.0023553	-0.0034627	-0.19212	-0.007554	-0.0027707	-0.025858	0.0086135	0.0033299	0.45905	0.012655	-0.0016629	-0.20406	-0.0008316	-0.635	-0.010094	0.0052749	0	0	-0.032051	-0.60255	-0.098418	-0.85226	-0.0059522	0.02806	-0.0042929	-0.13807	0.031859	-0.53002	0.00020879	0.0058309	-0.068821	0.017128	-0.012851	-0.0070576	0.0052749	-0.012024	-0.56882	-0.0026307	0.0012481	0.012376	0.0097276	0.029606	0.0062481	0.0070826	-0.0069086	0.08739	-0.14528	-0.012162	-0.005814	0.0075	0.0037465	-0.011611	-0.044957	-0.041702	0.0034687	0.025671	-0.27117	0.003191	-0.0123	-0.0095829	-0.0083005	0.0086135	-0.0038779	-0.0096806	-0.06304	-0.03885	-0.0040162	-0.00069303	-0.005261	0.00097064	-0.39196	-0.0023184	0.0019752	-0.0031859	0.0030522	-0.0019399	0.0024969	-0.73451	0.004308	-0.089302	0.0033299	0.012208	-0.00097017	-0.011335	-0.64603	-0.0096806	-0.0078863	-0.10802	-0.40227	-0.0051227	-0.0123	-0.059618	0	-0.3609	-0.015604	0.011958	-0.00013862	0.58811	-0.00013862	-0.023703	0.1177	-0.27583	0.0052472	-0.0021657	-0.014778	-0.24679	0.010982	-0.00076565	-0.0019399	0.0047383	-0.009023	-0.04167	0.013353	-0.0098185	-0.0040162	-0.038306	0.015447	-0.5037	0.010424	-1.2929	0.00069327	-0.15649	0.0087528	0.00041593	-0.044551	-0.010232	-0.0008316	0.00041593	-0.005814	0.0037465	-0.0019111	-0.0027707	0.067805	-0.026714	-0.020687	-0.24993	-0.0011087	-0.0027281	0.0051359	-0.0019399	-0.08844	-0.00036119	-0.17627	0.0011093	0.0049969	0.0056173	-0.044822	-0.083731	-0.019791	-0.0029634	-0.061869	-0.030311	-0.010646	0.0022193	-0.00055444	-0.012851	0.0034687	-0.3651	-0.0084385	-0.0045695	0.00083195	-0.8347	-0.12836	-0.36656	0.0026357	0.024268	0.0038854	-0.0018014	0.00048063	-0.13949	0.010898	-0.019314	-0.017239	0	-0.0020784	-0.00056785	0.00458	-0.005261	0.0027745	-0.015879	0.014749	0.0097276	-0.0016629	-0.0053992	-0.0008316	-0.0018014	-0.0044312	0.0020805	-0.0052827	-0.0060456	-0.0045123	-0.92085	-0.0024464	-0.0032254	-0.0095426	-0.012576	0.0055529	-0.0056757	-0.0056009	-0.0034627	-0.43463	0.0072217	0.0076392	-0.017254	-0.0036369	1.0906	-0.00069303	-0.019314	0.010842	-0.91785	-0.0073339	-0.011742	0.0031067	-0.01849	0.0013868	2.7446e-05	-0.016979	-0.0013858	-0.0037395	-0.61681	-0.0022168	0	-0.60056	-0.47015	0.0073609	-0.025756	0.00069327	-0.44016	-0.058731	0.025531	0.0063871	-0.0088574	-0.0023553	0.018803	-0.037872	-0.0026322	0.013074	0	-0.0062286	0.0099167	-0.0064972	0.0012481	0.25543	-0.0019399	-0.041431	0	-0.12538	-0.0011087	-0.0026782	0.0080718	0.00097064	-0.00013862	-0.051586	0.0043021	-0.041702	-0.0047079	0.0044411	-0.0034627	-0.010232	-0.0047079	0.0016659	-0.059084	-0.46993	-0.035136	-0.00055444	-0.51393	-0.0027707	0.0023581	-0.37909	-0.068395	0.019886	-0.0089906	0.033633	0.0072565	
Deletion Peak 46 - CN values	16q12.1 	chr16:49851598-55483249(probes 1315770:1319997)    	chr16:52543993-52612463(probes 1317659:1317717)    	chr16:52022541-52617450(probes 1317261:1317722)    	0.017302	   0.017576		Actual Copy Change Given	-0.021784	-0.0089315	0.010842	-0.0020784	0.71722	-0.0040162	-0.0073459	0.0014248	-0.0079237	0.028763	-0.014043	0.013632	-0.86066	0.00027728	-0.0078705	-0.70567	0.020763	0.00055459	0.048404	-0.0099346	-0.42807	-0.046583	-0.052396	-0.42484	0.0027745	0.01433	0.0070377	-0.63358	-0.0092666	-0.1458	0.0095813	-0.68761	-0.023018	-0.12849	0.0029133	-0.79895	0.011121	-0.79761	-0.39051	0.00041593	-0.014641	-0.0016629	-0.76364	-0.7738	-0.005814	-0.16942	-0.89105	0.0075	0.0052749	-0.10224	-0.020687	-0.19475	-0.45522	0.0065262	-0.0024938	-0.35353	0.00013863	0	0.4913	-0.38224	-0.020412	0.035036	0	-0.02151	-0.033677	-0.10841	-0.48208	-0.003246	0.011818	-0.50339	-0.27906	-0.4506	0.0038854	0.060794	-0.11286	-0.048748	-0.46408	-0.070602	-0.83672	-0.013236	-0.57654	-0.73963	0	-0.96085	-0.0084385	-0.00041585	0.0029133	-0.44805	-0.00041585	-0.74133	-0.80658	-0.19212	0.24835	0.039478	-0.06786	0.020063	-0.35202	-0.00093956	-0.028901	-0.0033243	-0.0031859	0.15562	-0.0014987	0.015308	0.0034687	-0.0080244	0.013353	-0.0084385	-0.44715	-0.0042929	-0.46195	-0.0056757	-0.28323	-0.024613	-0.017529	0.004719	-0.20685	-0.0081624	-0.20772	-0.030267	-0.050506	-0.40617	-0.047801	-0.74229	-0.0063668	-0.014778	-0.038714	0.062937	0.00083195	0.010842	-0.29556	-0.0094046	0.023005	0.039902	-0.87432	-0.00069303	-0.0015243	-0.0099565	0.011539	0.0037465	0.010006	0.00637	-0.66855	-0.022058	-0.014916	-0.020412	-0.86366	-0.012989	-0.17246	0.00015289	-0.04393	-0.25079	-0.00097017	-0.0020784	-0.0038779	0.020763	-0.19325	-0.33456	-0.0047079	-0.060836	-0.27093	0.0013711	0.0040243	-0.058866	-6.608e-06	0.0073609	0.0072217	-0.34572	-0.00013862	-0.024798	-0.019589	-0.11456	-0.62236	0.010146	-0.00097017	-0.0047079	0.020343	-0.025756	-0.016779	-0.11952	0	-0.027613	-0.0018014	-0.50525	-0.0078863	0.0083351	-0.10749	0.021323	-0.0023814	0.00097064	-0.0051227	-0.31751	-0.0018014	-0.0045695	-0.010232	-0.019175	1.3739	-0.076678	-0.011818	0.0098669	-0.02996	-0.023018	0.0048579	0.0012473	0.0086135	-0.19244	-0.67683	0.009434	-0.00055444	-0.034359	-0.03682	-0.29922	0.0072217	0.009061	-0.0053992	-0.36352	0.036088	-1.0637	0.012934	-0.0084385	-0.00097017	-0.00097017	-0.03395	-0.0044312	-0.84971	-0.048342	-0.0055375	-0.010784	0.0069435	-0.007472	-0.062575	0.0093098	-0.042753	-0.00027724	-0.006492	0.081322	-0.061771	-0.0013858	-0.73661	0.00069327	-0.0067813	0.0058309	-0.00066498	-0.00068258	-0.017941	-0.018765	0.0072217	-0.11939	-0.012989	-0.0096806	-0.66892	-0.032314	-0.024661	-0.0044312	0	0.0050672	0.030873	-0.128	0.013217	-0.0077482	-0.010232	0.01203	-0.01644	0.027782	-0.016977	-0.018353	0.00597	0.0026357	0.017253	-0.42057	-0.077078	-0.021636	-0.0092666	-0.025066	-0.027261	-0.014778	-0.0013858	0.0055529	0.092489	-0.16026	-0.39074	0.0093098	0.023426	-1.0684	0.012934	-0.0066432	-0.036245	-0.02151	-0.01354	-0.0044312	-0.0084385	0.034387	-0.046583	-0.0053992	0.0030522	-0.0059522	0.0079175	-0.81096	-0.019726	0.006109	-0.0026322	-0.0022168	-0.0013858	0.0043021	-0.083465	-0.013396	0.013805	-0.0016919	0.03338	0.011958	-0.018902	-0.59585	-0.029584	-0.00069303	0.05694	-0.055283	-0.0036011	-0.026304	-0.018628	-0.20548	-0.71256	-0.018216	0.51644	0.020903	0.0026357	0.003191	-0.036265	-0.0067813	-0.025483	0.004363	0.0050483	0.0043021	-0.27081	-0.025346	0.0045072	-0.0029091	0.0075194	-0.0084709	-0.0022168	-0.013264	-0.010094	-0.29118	-0.32461	-0.048883	-0.49277	-0.075745	-0.0063668	-0.0037142	-0.11182	-0.072203	-0.6351	0.0065262	-0.031905	-0.26853	0.0034687	0.005565	0.0069435	-0.0040132	-0.0041546	0	-0.026988	-0.60429	0.02836	0.0015255	-0.36805	0.0063871	-0.0040162	-0.57773	-0.27894	-0.061428	-0.36363	0.012655	-0.85987	-0.21713	-0.70336	-0.038212	0.00063888	-0.94403	-0.53906	0.015587	0.00055459	-0.0024938	-0.17411	-0.22748	0.027081	-0.017254	0.008892	0.00069327	-0.70854	-0.0099565	1.2522	-0.41784	-0.31307	0.012934	-0.088904	-0.22656	0.0083351	0.028434	-0.35886	-0.01354	-0.48155	-0.0023553	0.00083195	-0.017529	0	0.0027745	-0.056038	0.011261	-0.79745	-0.38504	-0.046312	0.0049969	-0.0012473	-0.20174	-0.17891	-1.0163	-0.0064601	-0.0034055	-0.116	0.00074075	-0.72066	-0.024661	-0.020961	-0.029721	0.0066653	0.02196	-0.060614	-0.42996	0.016146	0.019363	-0.42189	-0.038613	-0.01037	-0.30768	0.38452	0.0095883	0.0022193	-0.7584	-0.022556	-0.21563	0.0055529	0.0073609	0.0047465	-0.026851	-0.10631	-0.5719	-0.13303	-0.0086056	-0.0018014	-0.594	0.080586	0.008892	-0.029994	-0.042652	0.0034687	-0.10644	-0.77481	0.0066653	-0.14245	-0.32646	-0.76072	0.0020805	-0.0098185	0.028903	-0.1307	-0.0028255	-0.15076	0.021051	-0.20294	-0.75132	-0.00097017	0.0086135	-0.0027707	-0.0091814	-0.0073357	-0.12295	0.008211	-0.0008316	-0.0012473	-0.13173	-0.0038332	-0.0053992	-0.0033243	0.00083195	-0.0060904	-0.017116	-0.012024	0.00027897	0.0011093	-0.046718	-0.58546	-0.0027707	0.36838	-0.0057152	-0.0080244	-0.41003	-0.16726	0.017264	-0.040071	-0.76261	-0.85114	
Deletion Peak 47 - CN values	16q22.3 	chr16:72662248-73092559(probes 1329791:1330029)    	chr16:72773515-73056203(probes 1329844:1330012)    	chr16:69303501-90338345(probes 1328427:1341323)    	4.8004e-34	 8.5989e-17		Actual Copy Change Given	-0.021784	-0.13975	0.010842	-0.0020784	-0.74142	-0.0040162	-0.0073459	-0.25585	-0.0079237	0.0068044	-0.014043	0.013632	-0.00097017	0.00027728	-0.0078705	-0.70567	-0.68752	0.00055459	-0.031086	-0.0099346	-0.42807	-0.78808	-0.054252	-0.42484	0.0027745	0.01433	-0.067099	-0.63358	-0.0092666	-0.1458	0.0095813	-0.68761	-0.028832	-0.23667	0.0029133	-0.79895	-1.0835	-0.77677	-0.39419	-0.093139	-0.014641	-0.0016629	-0.76012	-0.7738	-0.005814	-0.16942	-0.91725	0.0075	-0.83881	-0.10224	-0.7709	-0.83454	-0.46664	0.0065262	-0.0024938	-0.45618	0.00013863	0	-0.66772	-0.46493	-0.020412	-0.03054	0	-0.02216	-0.055769	-0.82228	-0.48208	-0.003246	-0.52246	-0.50339	0.025671	-0.44555	0.0038854	-0.65631	-0.59263	-0.042245	-0.46302	-0.070602	-0.83583	-0.013236	-0.58333	-1.2929	-0.0056496	-0.96085	-0.0083005	-0.57664	-0.23594	-0.20635	-0.24216	-0.74133	-0.005814	0.00027728	0.24835	0.039478	-0.06786	0.020063	-1.2929	-0.24387	-0.023977	-0.0033243	-0.60989	-0.39152	-0.0014987	-0.33156	0.0058309	-0.0080244	-0.43148	-0.012851	-0.44715	-0.0042929	-0.46078	-0.035176	-0.28323	-0.62547	-0.017529	-0.73117	-0.76527	-0.013815	-0.33825	-0.074277	-0.051856	-1.2805	-0.030677	-0.75495	-0.0063668	-0.014778	-0.13599	-0.604	0.00083195	-0.85289	-0.29556	-0.42896	0.023005	-0.86018	-0.87432	-0.00069303	-0.0026676	-0.0099565	-0.76364	0.0037465	0.010006	-0.09855	-0.66855	-0.022058	-0.022744	-0.010508	-0.88132	-0.011198	-0.17246	0.00015289	-0.054342	-0.0037556	-0.00097017	-0.0020784	-0.0038779	-0.11939	-0.19325	-0.33456	-0.0047079	-0.060836	-0.31984	0.0035647	0.0040243	-0.97459	-6.608e-06	0.0073609	-0.52205	-0.33814	-0.00013862	-0.018986	-0.019589	-1.0045	-0.6215	0.030029	-0.00097017	0.012297	0.020343	-0.025756	-0.091779	-0.43756	0	-0.027613	-0.0018014	-0.03095	-0.0078863	-0.55196	-0.40661	-0.85456	-0.0023814	0.00097064	-0.0051227	-0.31751	-0.0018014	-0.0045695	-0.47849	-0.019175	-0.74238	-0.36193	-0.011818	0.0081019	-0.044517	-0.0042929	-0.0035019	0.0012473	-0.2843	-0.2474	-0.67683	0.005401	-0.00055444	-0.22862	-0.018902	-0.3567	-0.18936	0.009061	-0.0053992	0.0012481	-0.9731	-0.32437	0.012934	-0.10841	-0.00097017	-0.00097017	-0.21429	-0.0044312	-0.85971	0.0011093	-0.013264	-0.014916	0.0069435	-0.99123	-0.52221	-0.8838	-0.62336	-0.53662	-0.0055375	-0.061555	-0.061771	-0.69006	-0.72809	0.00069327	-0.0067813	0.0058309	-0.023292	-0.00068258	-0.017941	-0.018765	0.017404	-0.0045695	-0.87525	-0.32217	-0.66726	-0.02384	-0.89863	-0.032723	0	-0.71182	-0.65789	-0.12202	0.013217	-0.70007	-0.010232	0.01203	-0.0023553	-0.58048	-0.017195	-0.018353	-0.21886	0.0026357	0.049824	-0.42057	-0.077078	-0.021636	-0.072808	-0.021373	-0.020824	-0.014778	-0.0013858	-0.018216	-0.56037	-0.18446	-0.37786	0.0093098	0.023426	-1.0613	0.012934	-0.06585	-0.06264	-0.02151	-0.01354	-0.0044312	-0.056038	-0.94071	-0.03817	-0.0053992	-0.0559	-0.052396	-0.32352	-0.83478	-0.037354	0.006109	-0.0026322	-0.0022168	-0.0013858	-0.026796	-0.74473	-0.012294	-0.34171	-0.0016919	-0.70659	-0.40269	-0.018902	-0.59585	-0.080674	-0.00069303	-0.012438	-0.18845	-0.0084498	-0.00027724	-0.056307	-0.31459	-0.71256	-0.029348	-0.6041	0.020903	0.018383	0.003191	-0.028989	-0.0067813	-0.039122	0.004363	0.0050483	-0.010922	-0.019177	-0.064374	0.0015915	-0.42844	-0.72428	-0.0084709	-0.0022168	-0.013264	-0.010094	-0.45854	-0.70729	-0.051721	-0.35145	-0.1905	-0.0077482	0.0034687	-0.10368	-0.069734	-0.0038779	-0.30039	-0.058866	-0.26853	0.0034687	0.005565	-0.3385	-0.0016341	-0.011335	-0.16243	-0.026988	-0.63462	-0.21179	0.0015255	-0.42757	-0.38291	-0.0040162	-0.57773	-0.39219	-0.063711	-0.39886	0.012655	-0.85789	-0.30874	-0.70783	-0.0060177	0.00063888	-0.92825	-0.53906	-0.59575	0.00055459	-0.0024938	-0.70523	-0.22748	-0.83187	-0.017254	-0.39408	-0.0044914	-0.72994	-0.30545	0.6563	-0.41784	-0.31307	-0.18131	-0.38649	-0.22656	-0.75866	0.019448	-0.52968	-0.01354	-0.099472	-0.0023553	0.00083195	-0.017529	0	-0.01849	-0.056038	0.011261	0.031999	-0.38504	-0.046312	0.0049969	-0.0012473	-0.20174	-0.18421	-0.98322	-0.0064601	-0.0034055	-0.116	0.00074075	-0.0024019	-0.024661	-0.020961	-0.029721	0.67864	0.02196	-0.078011	-0.42996	-0.64537	0.019363	-0.488	-0.048242	-0.088242	-0.0015243	-0.8726	0.0095883	-0.8984	-0.89496	-0.016835	-0.22166	0.0055529	0.0073609	0.0047465	-0.025321	-0.36034	-0.5719	-0.195	0.0044411	-0.0018014	-0.56773	-0.53927	-0.70639	-0.25902	-0.061555	-0.15682	-0.10644	-0.91515	0.00027728	-0.14245	-0.32646	-0.75323	-0.0051776	-0.0098185	0.028903	-0.1307	-0.0028255	-0.15076	-0.82594	-0.20294	-0.25685	-0.00097017	-0.051316	-0.96717	-0.0091814	-0.0073357	-0.12295	0.008211	-0.0008316	-0.0012473	-0.55086	-0.0038332	-0.80848	-0.0016629	0.00083195	-0.0060904	-0.51486	-0.030404	0.00027897	0.0011093	-0.046718	-0.58546	-0.0027707	0.34096	-0.051181	-0.0080244	-0.40429	-0.1572	0.017264	-0.34492	-0.76261	-0.82757	
Deletion Peak 48 - CN values	16q24.1 	chr16:84142166-88170122(probes 1338797:1341174)    	chr16:85047567-85103662(probes 1338925:1338933)    	chr16:69303501-90338345(probes 1328427:1341323)    	4.7307e-41	  1.412e-23		Actual Copy Change Given	-0.021784	-0.13975	0.010842	-0.0020784	-0.78387	-0.0040162	-0.011335	-0.25585	-0.41674	-0.40606	-0.014043	-0.70926	-0.88209	0.00027728	-0.012845	-0.70567	-0.68752	0.00055459	-0.040209	-0.0099346	-0.42807	-0.7216	-0.054252	-0.42484	0.0027745	0.019363	0.0014807	-0.68287	-0.0092666	-0.1458	0.010982	-0.72976	-0.028832	-0.020412	0.0029133	-0.79895	-0.89683	-0.83527	-0.39419	0.0011093	-0.014641	-0.72279	-0.76012	-0.79611	-0.005814	-0.024798	-0.91793	0.0075	-0.92234	-0.10224	-0.7709	-0.18106	-0.47035	0.013632	-0.0024938	-0.49287	-0.0032154	-0.013109	-0.66772	-0.46493	0.25215	-0.072408	-0.94076	-0.02216	-0.055769	-0.82228	-0.48208	-0.003246	-0.52246	-0.50339	-0.29183	-0.44555	-0.37921	-0.65631	-0.62617	-0.057868	-0.46302	-0.1606	0.40211	-0.013236	-0.69423	-0.74629	-0.0056496	-0.97495	-0.0083005	-0.4267	-0.18697	-0.20635	-0.29544	-0.74133	-0.005814	0.00027728	-0.61777	0.039478	-0.1316	0.020063	-0.84467	-0.24387	-0.033087	-0.0033243	-0.6301	-0.39152	-0.12369	0.016733	0.0058309	-0.0080244	-0.43148	-0.40241	-0.44715	-0.0029091	-0.46078	-0.044822	-0.28323	-0.63083	-0.030841	-0.78328	-0.49632	0.29883	-0.33825	-0.096836	-0.051856	-0.41234	0.036088	-0.75495	-0.0063668	-0.014778	-0.10592	-0.62657	0.00083195	-0.82749	-0.29556	-0.43214	0.023005	-0.89481	-0.87432	0.00012366	-0.0026676	-0.0099565	-0.76364	0.0037465	0.010006	-0.24277	-0.66855	-0.022058	-0.048072	-0.096836	-0.95275	-0.011198	-0.42003	-0.0012761	-0.054342	-0.25249	-0.00097017	-0.011749	-0.02092	-0.11939	-0.19325	-0.33456	-0.0047079	-0.060836	-0.59692	-0.0015238	0.0040243	-0.27607	-6.608e-06	0.0073609	-0.52205	-0.35564	-0.00013862	-0.018986	-0.019589	-1.0045	-0.63216	0.030029	-0.00097017	-0.00035912	0.0073609	-0.028081	-0.14292	-0.43648	0	-0.027613	-0.0091286	-0.03095	-0.018079	-0.55196	-0.46078	-0.85456	-0.0023814	-0.051451	-0.0051227	-0.31751	-0.022905	-0.0045695	-0.47849	-0.019175	-0.79244	-0.32936	-0.011818	-0.53388	-0.039632	-0.026526	-0.0090297	0.0012473	-0.56306	-0.2474	-0.67683	0.005401	-0.00055444	-0.20983	-0.059	-0.36022	-0.18936	-0.35852	-0.0053992	0.0012481	-0.9731	-0.32437	-0.56515	-0.10841	-0.00097017	-0.00097017	-0.21429	-0.0044312	-0.93504	-0.0028008	-0.013264	-0.085855	-0.704	-1.1133	-0.52221	-0.8838	-0.66168	-0.59808	-0.0055375	-0.32809	-0.061771	-0.69651	-0.75409	0.00069327	-0.0067813	-0.046196	-0.02384	-0.00068258	-0.017941	-0.018078	0.017404	-0.0045695	-0.95674	-0.0056757	-0.66726	-0.10447	-0.89863	-0.093403	0.0036076	-0.72044	-0.65789	-0.12202	0.013217	-0.69468	-0.010232	0.01203	-0.0023553	-0.58048	0.0011109	-0.055634	-0.22596	0.027778	-0.84875	-0.42057	-0.084266	-0.021636	-0.42571	-0.021373	-0.020824	-0.014778	-0.0013858	-0.018216	-0.56037	-0.18446	-0.37786	0.0093098	-0.58157	-1.1255	0.012934	-0.06585	-0.25635	-0.02151	-0.84739	-0.0044312	-0.056038	-1.0021	-0.042381	-0.0062286	-0.066788	-0.070082	-0.32352	-0.83478	-0.051575	0.006109	-0.0026322	-0.0022168	-0.0013858	-0.020687	-0.79519	-0.012294	-0.34171	0.0043021	-0.70659	-0.39797	-0.018902	-0.59585	-0.13186	-0.00069303	-0.012438	-0.54439	-0.0084498	-0.035721	-0.056307	-0.23018	-0.71256	-0.029348	-0.6041	-0.61287	-0.66365	0.003191	-0.024935	-0.0067813	-0.062495	0.004363	0.0050483	-0.010922	-0.2281	-0.1779	0.0015915	-0.42844	-0.72428	-0.0084709	-0.0022168	-0.013264	-0.010094	-0.50225	-0.70729	-0.085988	-0.44394	-0.21861	-0.010196	-0.39575	-0.39152	-0.07709	-0.0038779	-0.30039	-0.057293	0.0070826	0.0034687	0.0016642	-0.3385	-0.03504	-0.011335	-0.22748	-0.026988	-0.63462	-0.016547	0.0015255	-0.76962	-0.39404	-0.0040162	-0.61239	-0.44189	-0.063711	-0.39886	0.0095251	-0.90061	-0.30874	-0.70783	-0.20988	0.00063888	-0.98177	-0.53906	-0.61992	0.00055459	-0.0024938	0.0037465	-0.23439	-0.87401	-0.017254	-0.39408	-0.0044914	-0.76962	-0.023566	-0.71855	-0.41784	-0.31307	-0.18131	-0.38649	-0.22656	-0.75866	-0.84614	-0.52968	-0.01354	-0.099472	-0.0062289	-0.074678	-0.017529	-0.011692	-0.01849	-0.056038	0.011261	-0.8138	-0.38504	-0.046312	0.0051359	-0.0012473	-0.22051	-0.18421	-1.0719	-0.0064601	-0.0034055	-0.116	0.00074075	-0.0091286	-0.029179	-0.020961	-0.029721	-0.2665	0.02196	-0.078011	-0.42996	-0.64537	0.019363	0.016705	-0.050405	-0.15745	-0.0022168	-0.56932	-0.72429	0.0036076	-0.0059522	-0.016835	-0.22166	-0.30169	0.0073609	-0.45691	-0.066654	-0.26023	-0.5719	-0.27428	0.0044411	-0.0018014	-0.61377	-0.53927	-0.70639	-0.25902	-0.15208	-0.090361	-0.84715	-0.86066	0.00027728	-0.14245	-0.34393	-0.80534	-0.65249	-0.0098185	0.028903	-0.1307	-0.013644	-0.15076	-0.84449	-0.21644	-0.25685	-0.00097017	-0.090626	-1.0043	-0.0091814	-0.0073357	-0.12295	0.008211	0.0091705	-0.0014455	-0.55086	-0.0038332	0.00041593	-0.37256	-0.091358	-0.0060904	-0.024935	-0.030404	0.008476	0.0011093	-0.046718	-0.61582	-0.0027707	0.24016	-0.054717	-0.0080244	-0.42591	-0.20821	0.017264	-0.042381	-0.78268	-0.87064	
Deletion Peak 49 - CN values	17p13.1 	chr17:7632143-7688442(probes 1344553:1344570)        	chr17:7657184-7679764(probes 1344563:1344564)        	chr17:5152984-8760017(probes 1343123:1345120)        	4.3672e-28	 4.6412e-28		Actual Copy Change Given	0.0012481	-0.013815	0.0048579	-0.028765	-0.73178	-0.38526	-0.014778	-0.016116	-0.014641	0.00697	-0.65087	0.0054139	-0.015466	-0.0056757	0.0023581	-0.69051	0.0044411	-0.0063668	-0.042381	-0.00094821	-0.42462	-0.79519	-0.11887	-0.013953	0.0012481	-0.013815	-0.00033221	0.018523	-0.016292	-0.14644	0.0063871	-0.094328	-0.33848	-0.64621	0.0048579	-0.85265	-0.89158	-0.016017	-0.0024938	0.015308	-0.014471	-0.68378	0.019363	-0.03885	0.019083	-0.16447	0.072827	-0.26107	-0.083731	-0.3875	-0.028628	-0.6041	-0.49078	0.0075866	-0.010784	-0.2497	0.0011093	-0.092345	-0.66254	-0.55917	-0.043195	-0.014366	0.011579	-0.015741	-0.031768	0.00027728	-0.52143	-0.00075319	-0.26432	-0.49538	-0.27236	0.010564	-0.00055444	0.0041632	-0.04211	-0.085722	-0.45351	-0.052868	-0.81013	-0.0046799	-0.48984	-0.71653	-0.35316	-0.94835	-0.014503	-0.12343	-0.058691	0.029184	-0.28323	-0.71622	-0.028843	0.003191	-0.60061	-0.0029091	0.029888	-0.83535	-0.54078	-0.24058	-0.032587	-0.018628	0.0024969	-0.37999	-0.00013862	0.006109	0.0072217	-0.0071958	0.008892	-0.40716	-0.43863	0.00041593	-0.44221	-0.037354	-0.27858	-0.85223	-0.031632	0.0098669	-0.77192	-0.038442	-0.4912	-0.051046	-0.031632	-0.42156	-0.027398	-0.73442	-0.0074981	-0.0034627	-0.33722	-0.56614	-0.14219	-0.048072	-0.01106	0.0040243	-0.55727	-0.87002	-0.90472	-0.7982	-0.0084385	-0.0012473	0.0036076	-0.0096806	-0.61556	-0.022788	-0.68779	-0.029175	-0.092874	-0.028218	-0.22797	-0.020549	0.012376	-0.36827	-0.0035205	0.016705	-0.023429	0	-0.10158	-0.18496	-0.55587	-0.33641	-0.61556	-0.00017652	-0.28192	-0.0038618	-0.00013862	-0.60593	-0.0091286	0.001803	-0.49996	-0.34676	-0.81499	-0.022195	-0.72562	-1.2929	-0.0087146	-0.78374	-0.00069303	-0.023155	-0.79277	-0.11482	-0.015543	-0.26396	0	-0.040694	-0.36782	-0.49183	0	0.0037465	-0.58514	-0.84963	0.011513	-0.033405	-0.018902	-0.27093	-0.01106	-0.0055375	-0.0071958	-0.013719	-0.058462	0.001803	-0.59774	-0.33341	-0.13105	-0.020457	-0.005814	-0.0015251	-0.55627	0.0036076	-0.70226	0.0048579	0.0029133	0.011679	-0.038986	-0.10184	-0.013953	-0.34813	-0.0016629	0.0030522	0.030029	-0.68342	-0.11535	0.021603	0.0093098	-0.0031859	-0.19775	0.0027745	-0.052531	-0.013402	-0.17335	-0.069332	-0.095516	-1.0381	-0.012244	-0.86358	-0.032824	-0.52289	0.0084743	-0.010908	-0.045635	-0.020138	-0.76794	-0.0030475	-0.011198	-0.0059522	-0.56932	-0.33929	-0.0016629	-0.38022	0.010146	-0.29388	-0.013953	-0.013402	-0.64067	-0.56485	-0.89703	-0.049559	0.0022193	-0.0061587	-0.6537	-0.18762	-0.0022128	-0.045564	-0.011473	-0.0027707	-0.018078	-0.55061	-0.8751	-0.83373	0.0098669	0.021744	-0.81655	-0.42473	-0.73196	-0.074667	-0.080674	-0.61968	-0.019177	-0.017666	0.0019418	-0.39853	-0.14772	-0.23006	-0.026851	0.0070826	-0.37572	-0.62255	-0.51105	-0.017941	-0.16981	-0.019427	-0.80443	-0.0073339	-0.012438	-0.0072035	-0.071472	-0.27774	-0.0038779	-0.06758	-0.58931	-0.41047	-0.013528	0.0054139	0.0029133	-0.0026322	-0.00055444	-0.021647	-0.038306	0.008341	-0.15707	-0.0036011	0.06205	-0.39997	-0.020961	-0.67285	-0.10946	-0.00027724	-0.0020436	-0.52509	-0.0088526	-0.038221	-0.037856	-0.44784	-0.72932	-0.021098	0.0048579	-0.59604	-0.018628	-0.0063668	-0.042652	-0.020275	-0.029994	0.00089272	0.00043241	-0.023429	-0.020824	-0.088242	-0.0025663	-0.015604	-0.73555	-0.0050169	0.00055459	-0.33422	-0.017391	-0.020361	-0.8513	-0.049965	-0.51671	-0.0023553	-0.0060904	-0.0067813	-0.34676	-0.10053	0.00055459	-0.034721	-0.024935	-0.27308	-0.0024938	-0.0073339	-0.0012473	-0.0099278	-0.005814	-0.45265	-0.036129	-0.0019399	-0.44014	-0.074277	-1.2671	0.0098669	-0.49078	-0.19737	-0.042652	-0.64349	-0.35658	-0.032996	0.0033299	-0.71977	-0.70343	-0.033878	-0.0055917	-0.0577	-0.0076101	-0.011887	-0.00068984	-0.0024938	0.012097	-0.0015243	-0.91364	-0.016154	-0.3963	-0.0024938	-0.7019	-0.31972	-0.66641	-0.59419	0.00083195	0.00023659	-0.0045695	-0.84143	0.0095883	0.026186	-0.0011087	-0.015191	-0.093139	-0.0033243	-0.00069303	0.00597	-0.075078	-0.25962	-0.0047079	0.00038135	0.019503	0.0022193	-0.43756	-0.00027724	-0.5009	-0.016292	-0.0098185	-0.011542	-0.00050947	-0.002157	-0.93016	-0.071694	-0.015879	-0.039394	-0.025072	-0.013127	-1.0242	-0.36979	-0.077611	-0.45415	-0.65945	-0.00027724	-0.4013	-0.050811	-0.072408	-0.0049844	-0.066118	0.0033944	-0.90662	-0.017941	-0.017934	0.0046054	0.0016642	-0.0033243	-0.0052336	-0.030131	-0.59818	-0.54512	-0.098023	-0.0019399	-0.0008316	-0.5349	-0.56372	-0.69323	-0.23789	-0.0030475	-0.051451	-0.078411	-0.0012473	0.0068044	-0.50277	-0.011611	0.0282	-0.58461	-0.015054	-0.54724	0.0015255	-0.91635	-0.37207	-1.2929	-0.21144	-0.54955	-0.0041546	-0.33886	-0.016154	-0.24752	-0.0069195	-0.12282	-0.00012361	-0.34802	-0.73047	-0.043737	-0.0024938	-0.10473	-0.0098185	0.00069327	-0.00013862	-0.017529	0.0027745	-0.0096789	0.0034687	-0.0034627	-0.024621	0	-0.52849	-0.013677	0.0023581	-0.43756	-0.78572	0.031718	-0.048883	-0.78597	0.010006	
Deletion Peak 50 - CN values	17q21.31	chr17:44022779-44562358(probes 1358950:1359155)    	chr17:44204066-44312259(probes 1359018:1359061)    	chr17:41832900-47176823(probes 1357927:1359780)    	5.7241e-20	   5.84e-20		Actual Copy Change Given	0.0012481	-0.013815	0.0048579	0	0.054376	-0.37887	-0.014778	-0.016116	-0.017254	0.00697	-0.017385	0.0054139	-0.84483	-0.0056757	-0.0017796	-0.67325	0.00458	-0.38694	-0.70442	-0.00094821	0.0033299	-0.02562	-0.011887	-0.013953	-0.44523	-0.38055	-0.0014305	-0.59068	-0.016292	-0.0019399	0.0063871	-0.03395	0.094782	-0.013953	-0.090626	-0.79528	0.010564	-0.016017	0.00068471	0.00097064	-0.011335	-0.0029091	0.026795	-0.10985	-0.41762	0.027076	-0.85734	-0.0029091	-0.089567	-0.36454	-0.037221	0.09304	-0.42974	0.0075866	-0.0044427	0.011539	0.0011093	0	0.013772	-0.35601	-0.043195	-0.040616	0.011579	-0.015741	-0.031768	0.00027728	-0.035312	0.0056315	0.0019418	0.081177	0.013772	0.010564	-0.00055444	-0.00069303	-0.0060904	-0.085722	-0.033541	0.017563	-0.77575	-0.0046799	-0.13807	0.027216	-0.00045333	0.041317	-0.014503	-0.28096	-0.0034627	0.027357	-0.0019399	0.0037465	-0.028843	0.003191	-0.071472	-0.00041585	-0.0084385	-0.8292	-0.024114	-0.016292	-0.032587	-0.42713	0.0024969	0.013492	-0.00013862	-0.36113	0.0072217	-0.0071958	-0.55797	0.047126	0.021206	0.00041593	0.082476	-0.037354	-0.2744	-0.82331	-0.031632	-0.7072	-0.028081	-0.015054	-0.00055444	-0.055229	-0.031632	-0.020687	-0.027398	-0.7164	-0.0074981	-0.0034627	-0.31634	-0.56614	-0.0023759	-0.01849	-0.01106	0.0040243	0.010703	0.060079	0.0087844	0.00597	-0.0084385	-0.0012473	0.0036076	-0.0096806	-0.0031859	-0.010094	0.027919	-0.029175	-0.080141	-0.028218	-0.14103	-0.020549	-0.23713	-0.0088526	-0.004489	0.016705	-0.023429	0	-0.10158	0.0033299	0.026336	0.0087528	0.0011093	-0.00017652	-0.55827	-0.0038618	-0.21948	-0.18521	-0.0091286	0.001803	-0.52133	-0.34676	-0.059673	-0.022195	-0.0083005	-0.10552	-0.0087146	0.016845	-0.00069303	-0.023155	0.023426	-0.24764	-0.015543	-0.26396	0	-0.040694	0.0027745	-0.45554	0	-0.55887	-0.016154	0.042874	-0.65007	-0.26889	-0.018902	-0.088374	-0.082801	-0.0055375	-0.0071958	-0.0078863	-0.058462	0.001803	-0.015673	0.0056919	-0.13092	-0.020457	-0.11234	-0.0015251	0.0013868	-0.7317	-0.67554	-0.34973	-0.68342	-0.53987	-0.038986	-0.094396	0.023426	0.014609	-0.0016629	0.0030522	0.030029	0.016985	-0.51146	0.021603	0.0093098	-0.0031859	-0.022332	0.0027745	-0.051046	-0.013402	-0.16675	-0.061823	-0.013402	-0.10565	-0.012244	0.0055529	-0.032824	0.011261	0.0084743	0.011679	-0.045635	-0.017846	-0.2061	-0.0030475	-0.67628	-0.0059522	-0.54411	0.015168	-0.64678	0.010842	0.010146	-0.26937	-0.013953	-0.013402	0.025952	-0.27667	0.027216	-0.049559	-0.5201	-0.0061587	0	0.078124	-0.00041177	-0.69577	-0.011473	-0.0027707	-0.018078	-0.48586	-0.01574	-0.025756	0.0052151	-0.51702	0.034959	-0.0016629	0	-0.015593	-0.0095426	-0.60757	-0.019177	-0.017666	-0.63708	-0.13693	0.076422	-0.17145	-0.026851	0.0070826	-0.34423	-0.2991	-0.4748	-0.017941	0	-0.019427	-0.72234	-0.0066432	-0.012438	-0.0072035	0.58829	0.0081959	-0.79302	-0.046041	-0.22244	0.0012481	-0.013528	0.0054139	0.0029133	-0.0026322	-0.00055444	-0.023292	-0.018216	0.008341	-0.15707	-0.15962	-0.65363	-0.0022168	-0.020961	0.0062943	-0.094724	-0.00027724	-0.31213	-0.39127	-0.0088526	-0.023018	-0.023566	-0.24338	-0.70271	-0.021098	0.0048579	0.023987	-0.020803	-0.0063668	-0.042652	-0.020275	-0.029994	0.00089272	0.00043241	-0.023429	-0.68095	-0.10631	-0.0025663	-0.015604	0.011977	-0.0050169	0.00055459	0.0011093	-0.012713	-0.0066432	-0.72084	-0.054825	0.016146	-0.0023553	-0.74002	-0.0067813	-0.36045	0.017124	-0.68232	-0.12486	-0.024935	-0.26949	-0.0024938	-0.0073339	-0.11456	-0.003434	-0.005814	-0.70253	-0.032723	-0.0019399	-0.0035819	-0.0048461	-0.66467	0.0098669	0.0012481	-0.19737	-0.088242	-0.6578	-0.006554	0.0027745	-0.076278	-0.021921	0.0087573	-0.033878	-0.0055917	-0.019361	-0.0076101	-0.011887	-0.00068984	-0.0012473	0.012097	-0.0015243	0.044007	-0.016154	0.010146	-0.0024938	-0.21552	-0.012713	-0.0088965	-0.43018	0.0034687	0.00023659	-0.0045695	-0.014026	0.0095883	-0.15852	0.0084743	-0.015191	0.0024969	-0.0033243	-0.00069303	-0.42046	-0.022058	-0.14297	-0.0047079	0.00038135	0.019503	0.0022193	-0.42462	-0.00027724	-0.40584	-0.016292	-0.0031857	-0.011542	-0.00050947	-0.002157	-0.91845	-0.075699	-0.68278	-0.039394	-0.025072	-0.013127	0.80908	0.024203	-0.50121	-0.057654	0.0038854	-0.00027724	-0.39997	-0.050811	-0.12278	-0.0049844	-0.066118	0.010205	-0.0073561	-0.017941	-0.017934	0.0046054	-0.29059	-0.0077997	-0.0052336	-0.030131	-0.57861	-0.53409	0.062508	-0.0019399	-0.0008316	-0.46493	0.036779	-0.0071958	-0.22699	-0.071606	-0.073877	-0.087712	-0.02151	-0.27941	-0.20734	-0.011611	0.017127	-0.020001	-0.015054	0.039337	-0.11822	-0.039801	0.045697	0.0048658	0.0013768	0.031422	-0.0041546	0.0076392	-0.016154	-0.24752	-0.0069195	0.0061979	-0.64508	0.001803	-0.011198	-0.67141	-0.0024938	-0.10303	-0.0098185	0.00069327	-0.00013862	-0.017529	0.0027745	-0.0096789	0.0034687	-0.0034627	-0.024621	0	0.0051359	-0.013677	0.0023581	-0.013264	-0.098286	0.031718	-0.0016629	0.006102	0.0056919	
Deletion Peak 51 - CN values	18q22.1 	chr18:54959035-77971457(probes 1408642:1421641)    	chr18:66498125-66610172(probes 1415833:1415889)    	chr18:58067812-80373285(probes 1410682:1422409)    	0.00053726	   0.054622		Actual Copy Change Given	-0.00033565	-0.0044312	-0.0027707	0.00013863	0.69185	-0.38694	-0.0042929	-0.25258	-0.082004	0.0080567	0.018571	0.010564	-0.0008316	-0.0018014	-0.10376	0.023706	-0.68506	-0.0048461	-0.58696	-0.0081406	-0.26709	-0.77269	0.00083195	-0.018765	-0.028491	-0.36892	-0.0039225	-0.013677	-0.0033243	-0.0066432	-0.011198	-0.68332	-0.27547	0.0063871	-0.0034627	0.0034551	0.00097064	0.027357	0.0048579	-0.00065854	0.053094	-0.6749	-0.03054	-0.77694	0.003191	-0.076146	-0.90745	0.0034687	0.044007	0.00097064	-0.75461	-0.17031	0.00027728	0.0014751	-0.005261	-0.018216	-0.23887	0.00069327	-0.69277	-0.22601	0.011679	-0.21218	-0.00023749	0.0062481	0.0015255	0.00013863	-0.62255	-0.0014068	-0.47733	-0.28071	-0.13549	-0.52788	0.00055459	0.58668	-0.24703	0.074265	-0.34136	0.022059	-0.26252	-0.032968	-0.35042	-0.73196	-0.0023553	-0.1307	0.0058309	0.0036076	-0.066386	0.020483	-0.01409	0.006109	0	0.001109	-0.10066	0.00055459	-0.036946	-0.29955	-0.70827	-0.014916	0.0084743	-0.0029091	-0.10745	-0.0044312	-0.0019399	-0.0050781	0.0093098	-0.00069303	0.0044411	-0.39129	-0.40272	-0.011335	-0.01354	-0.68697	-0.0076101	-0.081823	0.00068934	-0.175	0.0091705	-0.0059522	0.15876	0.061794	0.034536	0.0086135	0.013213	-0.016979	-0.0020784	0.0044411	-0.0083005	-0.57021	-0.0042929	-0.78159	0	0.0030522	-0.38448	0.00013863	-0.88239	-0.79294	0	0.00048062	0.00047848	-0.45394	-0.041702	-0.075878	-0.23067	0.00055459	-0.0077482	-0.0037395	-0.8521	0.0081959	-0.22689	-0.0008316	-0.96835	-0.10513	-0.48533	0.00055459	-0.012713	-0.34033	-0.17246	-0.0092666	-0.59682	-0.056344	-0.35829	0.0018989	0.0004999	0.11521	-0.0055375	0.0023581	-0.0020784	-0.10697	0.00097064	-0.91477	-0.033269	-0.60757	-0.43832	-0.73003	0.0030522	-0.71595	0.0043021	0.0027745	-0.0079616	-0.20286	0.00085386	0.00019824	-0.0048392	-0.0034488	-0.011611	0.0041632	-0.83535	-0.028765	-0.024002	-0.0094046	0.00041593	-0.10276	0	-0.27093	-0.45618	0.040947	0.021884	0.0036076	0.019152	0.003191	-0.6397	-0.29674	-0.0094046	-7.975e-07	-0.36997	0.00013863	0.0080567	-0.0070576	0.0013868	-0.47522	-0.019314	-0.06048	0.00097064	-0.0053992	0.00027728	-0.0022168	-0.79636	-0.93858	-0.057116	-0.63453	0.0023581	0.0029133	-0.0043709	0.0020805	0.010982	0.0042516	-0.026828	0.018523	-0.045364	0.010982	0.0050533	0.011679	0.032459	-0.00055444	-0.63188	0.018523	-0.01037	-0.021784	-0.067056	0.00597	0.0079175	-0.44037	-0.0012473	0.0079175	-0.00027724	-0.010508	-0.0078863	-0.76408	-0.75763	0.0043021	0.019363	-0.056846	0.07815	0.080745	0.0051359	-0.5499	-0.63557	-0.053771	0.0005622	-0.0024938	0.00013863	0.0015565	-0.39664	0.0056957	-0.8156	-0.005261	-0.036538	-0.00041585	-0.042788	-0.42855	-0.0074678	0.0037574	-0.20834	-0.60148	-0.0099565	0.0094491	-0.0013858	-0.01409	-0.12095	-0.044144	-0.30627	-0.0093705	-0.37673	0.080441	0.0036076	0.0015443	0.0016312	-0.0027707	-0.84651	-0.00013862	0.004719	-0.88967	-0.085192	-0.0055375	-0.01578	0.019363	0.0052749	-0.37775	0	0.00013863	-0.0059522	-0.0033243	0.0026357	-0.85908	-0.7574	0	-0.00041585	-0.0015243	-0.35649	-0.14361	-0.0066432	0.0072217	-0.72199	-0.00013862	-0.016704	-0.52638	-0.0081624	0.023987	-0.011335	-0.23814	-0.7287	0.00027728	0.00013863	-0.15503	0.0073609	0.006109	0.020623	-0.0033243	-0.49434	-0.00077088	-0.0018887	0.02511	-0.85027	-0.82269	-0.0082497	-0.42364	-0.002336	-0.0016953	-0.0031859	0.0026357	-0.01937	0.0066653	-0.67739	-0.84739	0.004719	-0.00055444	0.0016642	-0.00069303	-0.46621	-0.066788	-0.00027724	-0.019314	0	-0.27404	0.0034687	-0.088109	0.0026357	-0.0049557	-0.0042929	-0.091816	-0.030131	0.0016642	0.015048	-0.055769	0.0048579	0.001511	0.0016642	-0.33929	0.0054139	-0.69224	0.00458	-0.0069195	-0.018078	-0.29981	-0.55657	-0.028556	0.00091625	-0.0024025	-0.006505	-0.011887	0.0083351	-0.0042466	-0.016154	-0.22194	-0.44005	-0.0037395	-0.01849	0.00013863	-0.78948	-0.036538	-0.63252	-0.0016629	-0.83622	-0.005261	-0.0011087	-0.83668	0.035947	0.0046721	-0.10329	-0.00069303	-0.33848	-0.030267	0.00013863	-0.45661	-0.029311	-0.011335	-0.10066	0.00083195	-0.30803	-0.0501	-0.0011087	-0.0013858	-0.50525	-0.21688	-0.0030475	-0.99513	-0.0069317	0.002832	-0.12784	-0.012316	0.004719	-0.0087146	0.0058309	0.013074	-0.97067	-0.03796	0.0024969	-0.3044	-0.63793	-0.39363	-0.033269	0.051066	-0.59468	-0.27739	-0.0040162	-0.73095	-0.72473	0.0034687	0.0055597	-0.0055122	-0.05496	0.0024969	-0.003816	-0.011473	0.0033299	-0.0029091	-0.3755	-0.0044312	-0.0022168	-0.59048	-0.069881	0.010982	0.18313	0.0013868	0.01419	-0.10985	0.052952	0.0016642	-0.68259	0.0049045	0.012655	-0.03245	-0.0075854	0.0051359	0.001803	0.013353	-0.35745	-0.84202	-0.20299	-0.56823	-0.0016629	-0.025726	-0.94948	0.19041	0.00069327	0.0025856	-0.017926	0.0020805	0.01339	-0.71042	0.0016642	-0.047936	-0.0078863	-0.0053992	0.0020805	-0.010508	-0.027535	-0.00041416	-0.06048	-0.0048461	0.0022603	-0.18722	-0.28727	-0.72553	-0.0070738	-0.39174	-0.70899	-0.0047144	-0.0063668	-0.77855	0.0069435	
Deletion Peak 52 - CN values	18q23   	chr18:74158865-80373285(probes 1418867:1422409)    	chr18:79063009-80373285(probes 1422277:1422409)    	chr18:58067812-80373285(probes 1410682:1422409)    	0.0011381	   0.070987		Actual Copy Change Given	-0.00033565	-0.0044312	-0.0027707	0.00013863	0.69185	-0.38694	-0.0060259	-0.25258	-0.082004	0.0080567	0.018571	0.010564	-0.0008316	-0.0018014	-0.10376	0.023706	-0.68506	-0.0048461	-0.65482	-0.0081406	-0.26709	-0.77269	0.00083195	-0.018765	-0.028491	-0.36892	-0.0039225	-0.013677	-0.0092666	-0.0066432	-0.011198	-0.68332	-0.29284	0.0063871	-0.0034627	0.0034551	0.00097064	0.0058309	0.0048579	0.0058309	-0.0036011	-0.6749	0.015587	-0.79511	0.003191	-0.076146	-0.90745	0.0034687	-0.88874	0.00097064	-0.01904	-0.17031	0.00027728	0.0014751	-0.005261	-0.018216	-0.24288	0.00069327	-0.69277	-0.24156	0.011679	-0.21218	-0.00023749	0.0062481	-0.013302	0.00013863	-0.62255	-0.0014068	-0.47733	-0.20299	-0.13549	-0.10487	0.00055459	0.0091705	-0.032061	-0.0083005	-0.33918	-0.12401	-0.26252	-0.044659	-0.36181	-0.73196	-0.0023553	-0.0056757	0.0058309	-0.0053992	-0.066386	-0.028491	-0.01409	0.006109	0	0.001109	-0.016429	0.00055459	-0.036946	-0.29955	-0.83325	-0.014916	0.0084743	-0.0029091	-0.1126	-0.0044312	-0.0019399	0.0075	0.011679	-0.00069303	-0.56266	-0.39129	-0.40272	-0.011335	-0.01354	-0.029994	-0.0076101	-0.044367	0.00068934	-0.175	0.0091705	-0.022881	-0.34973	-0.0048461	-0.04428	0.0086135	-0.038578	0.082621	-0.0020784	0.0044411	-0.0083005	-0.58769	-0.0042929	-0.78159	0	0.0030522	-0.38448	0.026373	-0.88239	-0.82757	0	0.0080567	0.0058309	0.0083351	-0.046718	-0.075878	-0.22441	0.00055459	-0.029175	-0.0037395	-0.88881	0.0081959	-0.22689	-0.0008316	0.0036885	-0.10513	-0.48533	0.00055459	-0.012713	-0.34033	-0.17246	-0.34297	-0.59682	-0.056344	-0.35829	0.0018989	0.0004999	-0.31552	-0.0055375	0.0023581	-0.0020784	-0.10697	0.00097064	-0.94686	-0.033269	-0.63614	-0.43832	-0.78159	0.0030522	-0.71595	0.0043021	0.0027745	-0.06485	-0.23628	0.00085386	-0.049501	-0.0048392	-0.0034488	-0.011611	0.0041632	-0.029175	0.031436	-0.024002	-0.0094046	0.00041593	-0.10276	0	-0.26612	-0.0089906	-0.005814	-0.058788	0.0036076	-0.0067129	0.003191	-0.50295	-0.29674	-0.0094046	-7.975e-07	-0.36997	0.00013863	0.027778	-0.0070576	0.0013868	-0.47522	-0.019314	-0.15669	0.00097064	-0.3543	0.00027728	-0.0022168	-0.79636	-0.90016	-0.057116	-0.095252	0.0023581	0.0029133	-0.0043709	0.0020805	-0.027398	-0.0021456	-0.026828	-0.033405	-0.68988	0.010982	0.0050533	0.011679	-0.029822	-0.00055444	-0.044957	-0.20984	-0.054286	-0.021784	-0.011473	0.00597	-0.52297	-0.44037	-0.0012473	0.0079175	-0.00027724	-0.010508	-0.0078863	-0.76408	-0.045499	0.0043021	0.019363	-0.056846	0.07815	-0.016567	0.0051359	-0.5499	-0.63557	-0.21357	0.0005622	-0.0024938	0.00013863	0.0015565	-0.015879	0.0056957	-0.8156	-0.005261	-0.036538	-0.00041585	-0.042788	-0.42855	-0.0074678	0.0037574	-0.25721	-0.60148	-0.0099565	-0.01409	-0.0013858	-0.01409	-0.12095	-0.081738	-0.30627	-0.0093705	-0.37673	-0.31634	0.0036076	-0.078411	-0.014927	-0.0027707	-0.84651	-0.00013862	0.004719	0.05679	-0.12629	-0.0055375	-0.01578	-0.018902	0.0052749	-0.37775	0	0.00013863	-0.0059522	-0.0033243	0.0026357	0.024268	-0.7574	0	-0.00041585	-0.14142	-0.35649	-0.14361	-0.037762	0.0072217	-0.005261	-0.00013862	-0.016704	-0.52638	-0.0081624	-0.0020784	-0.011335	-0.23814	-0.7287	0.00027728	0.040609	-0.15605	0.0034687	0.006109	-0.032178	-0.0033243	-0.55487	-0.00077088	-0.0018887	0.001803	-0.87511	-0.91063	-0.0082497	-0.42364	-0.002336	-0.0016953	-0.0031859	-0.35305	-0.01937	-0.14039	-0.69525	-0.016292	0.004719	-0.00055444	0.0016642	-0.00069303	-0.42079	-0.066788	-0.00027724	-0.019314	-0.0060904	-0.27404	0.0034687	-0.0696	0.0026357	-0.0049557	-0.0042929	-0.091816	-0.030131	0.0016642	0.015048	-0.055769	-0.13587	0.001511	0.0016642	-0.33929	0.0054139	-0.72536	0.00458	-0.0069195	-0.018078	-0.29981	-0.55657	-0.028556	0.00091625	-0.0024025	-0.006505	-0.011887	0.0083351	-0.0042466	-0.016154	-0.22194	-0.44005	-0.0037395	-0.01849	0.00013863	-0.78948	-0.036538	-0.63252	-0.0016629	-0.86992	-0.005261	-0.0036011	-0.0060259	-0.73582	0.0046721	-0.10329	-0.00069303	-0.39185	-0.2	0.00013863	-0.45661	-0.029311	-0.011335	-0.10066	0.00083195	-0.30803	-0.38906	-0.0011087	-0.0013858	-0.50525	-0.21688	-0.0030475	-0.99687	-0.0069317	0.002832	-0.12784	-0.0047988	-0.67223	-0.0087146	0.0058309	0.013074	-0.99503	-0.03796	0.0024969	-0.75349	-0.63793	-0.39363	-0.033269	-0.032213	-0.60041	-0.24837	-0.0040162	-0.73095	-0.72703	0.0034687	0.0055597	-0.0055122	-0.05496	0.0024969	-0.003816	-0.04577	0.0033299	0.034395	-0.36374	-0.0044312	-0.0022168	-0.59048	-0.069881	0.010982	-0.28168	0.0013868	-0.060614	-0.10985	-0.022606	0.0016642	-0.68259	0.0014333	0.012655	-0.03245	-0.0075854	0.0051359	0.001803	-0.93105	-0.35745	-0.84202	-0.20299	-0.56823	-0.0016629	-0.025726	-0.93828	0.19041	0.00069327	0.0025856	-0.075597	0.0020805	0.032845	-0.71042	0.0016642	-0.047936	-0.0078863	-0.0053992	0.0020805	-0.010508	-0.027535	-0.00041416	-0.06048	-0.0048461	0.0022603	-0.18722	-0.3371	-0.72491	-0.050235	-0.39174	-0.76149	-0.0047144	-0.0063668	-0.77855	0.0069435	
Deletion Peak 53 - CN values	19q13.2 	chr19:42250486-42297190(probes 1440151:1440160)    	chr19:42260379-42296467(probes 1440155:1440159)    	chr19:42122759-42460818(probes 1440116:1440222)    	0.00035311	 0.00033615		Actual Copy Change Given	0	-0.015466	0.0073609	-0.0044312	-0.70208	-0.0013858	-0.015329	-0.026677	-0.024524	0.00040265	-0.038667	-0.00041585	-0.035375	-0.0029091	-0.006333	-0.32953	0.0092526	-0.0011087	-0.041024	0.001825	-0.00097017	-0.058731	-0.13445	-0.02151	0.0023581	-0.018353	0.00523	0.015866	-0.018628	-0.0040162	0.014051	-0.079476	0.097397	-0.016567	0.01447	0.066802	0.01894	-0.017254	0.0027745	0.0052749	-0.010508	-0.66901	-0.016567	-0.02603	0.0040905	-0.0041546	-0.25745	0.00069327	-0.09261	-0.38269	-0.038578	-1.2053	0.0051515	0.005887	-0.0018014	0.024127	-0.0024938	-0.0041546	0.0084743	-0.60303	-0.022469	-0.033814	-0.33257	-0.024935	-0.039258	0.0024969	0.022865	0.00035574	0.0023581	0.046984	0.15666	-0.026304	0.0013868	-0.031496	-0.036674	-0.047395	0.043299	-0.034158	0.0351	0	-0.35008	-0.66624	0.0020805	0.059223	-0.017486	-0.003624	-0.0067813	-0.020138	-0.0027707	0.0038229	-0.028218	0.00458	-0.090493	0.00041593	0.083487	0.032563	-0.069867	0	-0.040073	-0.018972	0.00083195	-0.13936	0.003191	-0.027535	0.016845	-0.0095426	0.001803	-0.10802	-0.0027481	-0.015191	0.048546	-0.056431	0.0054139	0.010753	-0.041295	0.010006	-0.01354	-0.034904	0.0054139	-0.073209	-0.020275	-0.41805	-0.04211	0.052668	-0.0040162	0.0044411	0.0051359	-0.5937	-0.0045695	-0.011335	-0.013127	0.0073609	-0.034706	-0.090361	0.030732	-0.023155	-0.0055375	-0.0051227	0.012934	-0.014366	0.016286	-0.019177	0.035277	-0.042245	-0.083731	-0.031937	-0.90137	-0.022744	-0.0080244	-0.010646	-0.0046848	0.0043021	-0.0092666	-0.00097017	0.0063871	0.013353	-1.0837	0.0052749	-0.0027707	-0.0046074	-0.27392	-0.0059949	-0.0031859	0.16775	0.004719	0.014518	-0.49465	0.015727	-0.0034627	-0.023155	-0.014641	-0.063972	-0.13135	-0.012438	0.00089258	-0.025209	0.017684	-0.015604	-0.016504	0.17181	-0.0011087	-0.047743	0.0070826	0.0046077	-0.0045695	-0.0064784	-0.0084385	0.044148	-0.020438	-0.00055444	-0.027124	0.0023581	0.003191	-0.23031	-0.01904	-0.0092666	-0.059807	0.0083351	-0.022813	0.0114	-0.15	-0.030131	0.00069327	0.00013784	0.00097064	0.010419	0.01886	0.0026811	0.0026357	0.0040243	-0.040019	-0.10933	-0.00069303	0.015587	0.00083195	0.01419	-0.88527	-0.3409	-0.11803	0.033549	0.0019418	0.00069327	-0.55176	0.00027728	-0.051856	-0.010232	-0.0055532	-0.063972	-0.029175	-0.99667	-0.014585	-0.18896	-0.040581	0.021183	0.0086135	-0.035176	-0.0049844	-0.0179	-0.80302	-0.0048461	-0.0060504	-0.031496	0.0077783	-0.0078863	0.00097064	0.010146	0.0062481	0.045566	-0.028491	-0.018902	0.0375	-0.020275	-0.010508	-0.053611	-0.0027707	-0.010714	0.010146	0.044406	0.010986	-0.054286	-0.018902	-0.0069195	-0.020824	0.017967	-0.82887	-0.03885	0.0069285	-0.46791	-0.056307	-0.0019399	-0.031117	-0.021225	-0.011198	-0.050506	-0.025346	-0.017803	0.008892	0.012934	-0.057116	-0.07921	-0.019863	0.012376	0.015028	-0.66217	-0.0037395	-0.013402	-0.086788	-0.77431	-0.015604	-0.0078863	-0.015269	0.050669	-0.13445	0.00083195	-0.0049844	-0.066788	-0.0021419	0.23395	-0.014916	0.0019719	0.0048579	-0.0020784	0.00027728	-0.030131	-0.032996	-0.010502	0.0056919	-0.0049844	0.042137	-0.014366	-0.029721	0.0044411	-0.11339	-0.0035743	-0.0040162	-0.0055537	-0.012713	-0.043737	-0.039937	-0.026441	-0.016017	-0.024524	0.023005	0.0044411	-0.021784	-0.0081624	-0.048478	-0.66235	-0.044822	-0.00029827	-0.0042418	-0.038306	-0.048565	-0.09855	-0.0085109	-0.019177	0.020502	-0.0063992	0.00458	-0.039529	-0.023977	-0.014228	-0.016292	-0.060883	0.0070826	-0.0063668	-0.012576	-0.01409	0.050392	0.030169	-0.57832	-0.0023179	-0.027261	-0.00069303	-0.00055444	-0.0071958	0.0047157	-0.0042641	-0.0063668	-0.6867	-0.03994	-0.0092666	-0.12536	-0.0051227	-0.045364	0.006109	-0.00055444	-0.064777	-0.0015243	-0.067197	-0.01037	0.014609	-0.0077482	-0.66707	-0.19124	-0.0093321	-0.0050387	0.028715	-0.022195	-0.0019399	0.0048579	-0.0038779	0.012237	0.0028247	-0.39163	-0.022332	0.018663	-0.0023553	0.097833	-0.029311	-0.063682	0.029681	-0.11404	0.0095833	-0.0099558	-0.0018753	-0.70702	0.021836	-0.071123	-0.026988	-0.0095426	-0.0031859	-0.0012473	-0.0033243	-0.037218	0.011121	-0.0099565	0.0012481	-0.4381	0.011121	0.010006	0.00055459	-0.013815	-0.0063668	-0.0033243	-0.015914	-0.0045247	-0.0050058	-0.012576	0.0051835	-0.012152	-0.025209	-0.032314	-0.67223	-1.2929	-0.0069828	-0.0012473	0.21177	-0.0050322	0.01419	0.032422	-0.053241	0.36166	-0.016017	-0.03095	-0.53987	-0.015466	-0.014503	-0.025394	0.0041886	-0.0022168	-0.0047079	-0.0081351	-0.037354	0.0015255	0.012516	-0.16192	0	0.0012481	0.29883	0.089256	-0.011335	0.18965	0.0034687	-0.070536	0	-0.0067813	0.012376	-0.19437	-0.01106	0.019223	-0.0042929	-0.023977	0.044574	0.003191	-0.014641	-0.41208	-0.010776	-0.0029963	-0.018628	-0.0044312	0.014051	-0.017826	-0.20523	0.0037465	-0.00060446	0.0089071	0.010703	-0.031496	-0.012438	0.0022193	-0.030813	-0.020138	0.0040243	0.0048579	-0.022332	-0.005261	-0.0015227	0.012795	0.00069327	-0.032274	-0.00013862	-0.0047079	-0.021235	0.0041632	-1.1816	-0.7338	0.031014	-0.326	0.0027745	0.011679	
Deletion Peak 54 - CN values	21q22.2 	chr21:38344545-38783136(probes 1500618:1501057)    	chr21:38469691-38669370(probes 1500830:1501010)    	chr21:38461668-41512103(probes 1500807:1503336)    	2.7944e-47	 4.4017e-10		Actual Copy Change Given	0.0043021	-0.75374	0.010982	0.00055459	0.0090312	-0.38605	-0.00027724	-0.0049465	-0.00041585	-0.0036011	-0.63326	0.011539	-0.85892	-0.0011087	-0.005814	-0.6465	0.010842	-0.0037395	0.018523	0.013375	-0.080141	0.010146	-0.055903	-0.0019399	-0.43875	-0.019468	-0.90087	0.015447	-0.016154	-0.14824	-0.0049844	0.0093098	0.36608	-0.0085766	-0.17018	-0.86476	-0.89817	-0.0091286	-0.39564	-0.54421	-0.87362	0.015168	0.0081959	-0.79244	-0.43713	0.0030522	-0.17424	-0.32843	-0.052801	0.050392	-0.023566	-0.326	0.0011093	0.001803	-0.0045695	0.0097276	0.0079175	0.0013868	-0.67196	-0.034904	-0.012576	-0.043195	0.0055927	-0.0077482	-0.020001	-0.0036011	0.042024	0.0045197	-0.5351	-0.16599	-0.1272	0.013492	0.0041632	-0.30592	0.028341	-0.041024	0.35594	0.020834	0.0079175	0.019811	-0.11482	0.035947	-0.0022168	0.071104	-0.015741	-0.046854	-0.012162	0.040892	0.00013863	-0.015879	-0.02958	-0.0030475	0.72867	0	-0.17588	-0.92525	-0.005261	0.0022193	-0.01797	0.0038854	0.0034687	0.070386	-0.0055375	-0.0015243	-0.4186	-0.010317	0.00069327	-0.12772	0.22209	-0.01037	0.0070826	-0.028362	-0.0083005	-0.88199	-0.61239	0.012516	-0.78757	-0.01037	0.00597	-0.031785	0.65329	-0.84635	-0.024251	-0.03286	-0.0053167	5.7965e-05	-0.0055375	0.027524	-0.0019399	0.022164	0.0097276	-0.0016629	-0.022606	-0.48176	1.6336	0.014609	-0.007472	-0.00069303	0.0079175	-0.47258	0.0041632	-0.0038779	0.019223	-0.018353	0.83884	-0.023566	-0.90677	-0.02562	-0.0012973	-0.0046924	0.0071636	0.078006	-0.0059522	-0.0062286	-0.74846	-0.00073342	-0.055095	-0.31704	-0.61978	-0.0020155	0.012609	-0.005442	-0.0029091	-0.99917	-0.0026322	0.00097064	-0.0031859	-0.0042929	-0.84411	-0.012989	-0.73521	0.11228	-0.0024938	0.061937	-0.0036011	0.0020805	-1.1602	0.0015255	0.0095359	0.75471	-0.10066	-0.022685	-0.0011087	-0.49673	0.0043021	-0.58402	0.23261	0.029237	-0.034248	0.0023581	-0.0041546	-0.35327	-0.091552	0.006109	0.0012481	0.021463	-0.080008	0.0068044	-0.58544	-0.53875	-0.015983	-0.012024	0.0013868	-0.55937	-0.5717	-0.010004	-0.71773	-0.0041546	-0.0041546	-0.49705	-0.019452	-0.041974	-0.0013621	0.010424	-0.00097017	-0.36963	0.036794	-0.17474	0.010982	0.56578	-0.0008316	-0.081168	-0.0047079	0	-0.006505	-0.0011322	-0.0095426	-0.040073	0.0070826	-0.21151	-0.52426	-0.0038241	-0.017493	-0.59175	1.1018	0.019363	-0.02603	-0.676	0.055943	-0.38761	0.0036076	0.0048579	-0.59701	-0.0033243	-0.87557	0.0058309	0.0016642	0.033549	-0.0087146	0.010424	0.015028	-0.61691	-1.0177	-0.037762	-0.006505	0.0010408	-0.6433	-0.1408	-0.0035971	-0.68633	0.00013863	0.0062481	-0.017071	-0.58127	-0.88858	-0.81721	0.0052749	-0.54995	0.01433	0.0022193	-0.065984	-0.017793	-0.0056724	-0.55847	-0.00097017	-0.019863	0.0019418	0.00055459	-0.027808	0.0093098	-0.26372	0.0086135	-0.052126	-0.72013	-0.0034627	0.0012481	0.030861	-0.020824	-0.86688	-0.0023553	0.0019418	-0.01396	0.027076	-0.28952	-0.8409	-0.037354	-0.69658	-0.85313	-0.010646	0.0020805	-0.0011087	-0.8892	-0.0034017	0.00097064	0.01433	0.0020864	-0.52502	-0.17424	-0.71419	0.0040243	-0.011887	-0.65547	-0.070001	0.00041593	-0.0069195	0.014223	0.0016642	-0.76552	-0.024114	0.057368	0.063223	-0.021098	0.032563	0.61	0.0036076	-0.0045695	-0.026714	-0.74664	0.0090312	-0.0031253	-0.0057629	-0.021235	-0.27152	-0.012438	-0.0015969	0.0048579	0.0043215	-0.0008641	-0.53855	0.0020805	-0.020275	0.010842	-0.14111	-0.031632	-0.62188	-0.0029091	-0.80965	-0.0018014	-0.13005	0.012795	-0.0037395	0.017124	0.00097064	-0.26552	0.0033299	-0.0015243	-0.36624	-0.0046791	-0.0055375	-0.015604	-0.034631	0.017684	0.022464	-0.075078	0.0031687	-0.38526	0.0033299	0.071391	-0.8372	0.049257	-0.0020784	-0.0030492	-0.8765	-0.10487	-0.073209	-0.10716	-0.36662	0.11047	-0.0023553	-0.0028546	-0.00027724	-0.88673	0	0.0034687	-0.0026322	0.0013814	0.0068044	0.00069327	-0.72296	-0.038889	-0.63413	0.0016642	-0.023429	0.0026357	-0.0029091	0.011883	-0.71158	0.012469	-0.031261	-0.0033243	0.00083195	-0.0018014	0.0011093	0.001803	-0.029038	0.0027745	-0.0084385	0	0.0070826	-0.062226	-0.022881	0.00083195	0.0016642	0	-0.0013858	0.0019477	-0.0032794	-0.10376	-0.9473	-0.0042455	-0.013264	-0.0067813	-0.024251	-0.72791	0.013213	0.0018781	-0.62102	0.095217	0.0079175	0.0020805	-0.604	-0.032622	-0.056038	-0.0013858	-0.65463	0.0036076	0.18692	-0.0011087	-0.012569	-0.0050974	-0.2726	-0.58088	-0.45134	-0.01409	-0.59663	-0.58157	0.053806	-0.0015243	-0.0091286	0.16655	-0.0067585	0.0075	0.17528	-0.0023553	-0.016017	-0.42757	-0.0033243	0.00097064	0.058652	-0.010094	0.019503	-0.0008316	0.0037465	0.024408	-0.13665	-0.93511	-0.34992	-0.84226	-0.019726	-0.07401	-0.0077482	-0.37087	0.011539	0.18192	-0.0023553	-0.027564	0.075431	0.00041593	-0.71568	0.001803	-0.11796	-0.9016	0.00069327	-0.30487	-0.0027707	-0.00027724	-0.0033243	-0.0073322	0.0011093	0.00027728	-0.025032	-0.19412	0.40811	-0.012438	-0.0096806	0.10789	-0.010232	0.028481	-0.17752	0.042024	0.0098669	
Deletion Peak 55 - CN values	21q22.3 	chr21:41455552-41680542(probes 1503204:1503472)    	chr21:41460712-41511243(probes 1503206:1503335)    	chr21:38461668-41512103(probes 1500807:1503336)    	1.3436e-78	 2.2191e-58		Actual Copy Change Given	-0.20809	-0.75374	0.010982	0.00055459	0.034536	-0.38605	-0.00027724	-0.0049465	-0.42506	-0.0036011	-0.63326	0.011539	-0.098173	-0.0011087	-0.005814	-0.7055	0.010842	-0.0037395	0.018523	-0.10987	-0.080141	-0.63727	-0.055903	-0.0019399	0.0040243	-0.019468	-0.90087	0.015447	-0.016154	-0.14824	-0.0049844	-0.036129	-0.1307	-0.63916	-0.17018	-0.85385	-0.89817	-0.0091286	-0.39564	-0.54421	-0.87362	0.015168	1.3154	-0.79244	-0.43713	0.0030522	-0.17424	-0.33503	-0.052801	0.050392	-0.023566	-0.326	0.0011093	0.001803	-0.0045695	0.0097276	0.0079175	0.0013868	-0.67196	-0.034904	-0.012576	-0.043195	0.0055927	-0.0077482	-0.020001	-0.0036011	0.090141	0.0045197	-0.5351	-0.16599	-0.1272	0.013492	0.0041632	-0.2453	0.028341	-0.041024	0.35594	-0.064441	0.0079175	0.019811	-0.0066432	0.035947	-0.0022168	0.034113	-0.015741	-0.69884	-0.012162	0.040892	0.00013863	0.017124	-0.02958	-0.0027707	0.72867	0	-0.17588	-0.13122	-0.005261	0.0022193	-0.01797	0.0038854	0.0034687	-0.042381	-0.0055375	-0.4434	-0.46174	-0.010317	0.00069327	-0.12772	0.21162	-0.01037	0.062223	-0.028362	-0.0083005	-0.90081	-0.61239	0.012516	-0.7977	-0.03817	0.00597	-0.031785	0.65329	-0.84635	-0.024251	-0.03286	-0.0053167	5.7965e-05	-0.0055375	0.027524	-0.0019399	-1.2929	0.0097276	-0.0016629	-0.022606	-0.48176	1.6948	0.014609	-0.007472	-0.013956	0.0079175	-0.47258	0.0041632	-0.0038779	-0.70935	-0.86097	0.77118	-0.023566	-0.90677	-0.02562	-0.0012973	-0.0046924	0.0071636	0.078006	-0.0059522	-0.0062286	-0.0045695	-0.00073342	-0.055095	-0.64706	-0.61978	0.0019038	-0.60216	-0.005442	-0.0029091	-0.99917	-0.0026322	0.00097064	-0.0031859	-0.0042929	-0.84411	-0.22022	-0.73521	-0.063301	-0.0024938	-0.77643	-0.055769	0.0020805	-0.78345	-0.25793	-0.046634	0.75471	-0.019726	-0.022685	-0.0011087	-0.94371	0.0043021	-0.58402	0.23261	0.029237	-0.034248	0.0023581	-0.0041546	-0.35327	-0.0063668	0.006109	0.0012481	0.021463	-0.080008	0.0068044	-0.58544	-0.55153	-0.015983	-0.012024	0.0013868	-0.55937	-0.5717	-0.010004	-0.73398	-0.0041546	-0.0041546	-0.49705	-0.019452	-0.2714	0.18662	0.010424	-0.00097017	-0.36963	0.036794	-0.17474	0.023145	0.56578	-0.0008316	-0.099341	-0.0047079	0	-0.070135	-0.0011322	-0.0095426	-0.040073	0.0070826	-0.20137	-0.52426	-0.0038241	-0.017493	-0.59175	1.1018	1.0491	-0.02603	-0.676	0.055943	-0.38761	0.0036076	0.0048579	-0.59701	-0.0033243	-0.87557	0.0058309	0.0016642	0.033549	-0.0087146	0.010424	-0.65771	-0.61691	-0.98534	-0.037762	-0.034904	0.0010408	-0.6433	-0.21622	-0.53591	-0.68633	0.00013863	-0.76886	-0.041702	-0.58127	-0.88858	-0.044822	0.0052749	-0.54995	-0.8186	0.0022193	-0.065984	-0.017793	-0.15848	-0.55847	-0.00097017	-0.019863	-0.56376	-0.59925	-0.027808	0.0093098	-0.26372	0.0086135	-0.57101	-0.72013	-0.0034627	0.0012481	0.030861	-0.020824	-0.86688	-0.0023553	0.0019418	-0.01396	0.33885	-0.28952	-0.82138	-0.037354	-0.69658	-0.41388	-0.010646	-0.053071	-0.0011087	-0.8892	-0.0034017	0.00097064	0.01433	0.0020864	-0.52502	0.0015255	-0.71419	-0.40541	-0.011887	-0.65547	-0.070001	0.00041593	-0.0069195	-0.53559	0.0016642	-0.76552	-0.024114	-0.029038	-0.90934	-0.021098	-0.05469	0.61	0.0036076	-0.0045695	-0.026714	-0.74664	-0.042517	-0.0031253	-0.01253	-0.021235	-0.25866	-0.25854	-0.0015969	0.0048579	0.0043215	-0.0008641	-0.022195	-0.35464	-0.020275	0.010842	-0.8779	-0.031632	-0.62188	-0.0029091	-0.7987	-0.0018014	-0.18697	0.012795	-0.0037395	0.017124	0.00097064	-0.26552	-0.0088097	-0.0015243	-0.36624	-0.0046791	-0.0055375	-0.015604	-0.034631	0.017684	0.022464	-0.075078	0.0031687	0.011818	-0.49986	0.071391	-0.8372	0.049257	-0.39508	-0.0030492	-0.8765	-0.76945	-0.073209	-0.10716	-0.36662	-0.12477	-0.0023553	-0.0028546	-0.00027724	-0.88673	0	0.0034687	-0.0026322	0.0013814	0.0068044	0.00069327	-0.72296	-0.7633	-0.63413	-0.42538	-0.02777	0.0026357	-0.0029091	0.011883	-0.71158	0.012469	-0.031261	-0.0033243	0.00083195	-0.0018014	0.0011093	0.001803	-0.029038	0.0027745	-0.0084385	-0.7131	0.0070826	-0.062226	-0.022881	0.00083195	-0.5128	0	-0.0013858	-1.049	-0.0032794	-0.11369	-0.9473	-0.0042455	-0.72332	-0.024081	-0.024251	-0.72791	0.013213	0.0018781	-0.62102	-0.72659	0.0049969	0.0020805	-0.604	-0.032622	-0.076412	-0.0013858	-0.65463	0.0036076	0.18692	-0.0011087	-0.012569	-0.2419	0.094782	-0.60487	-0.45134	0.29596	-0.59663	-0.58157	0.053806	-0.0015243	-0.0091286	0.16655	-0.0067585	0.0075	0.17528	-0.0023553	-0.063972	-0.42757	-0.0033243	-0.57407	0.058652	-0.010094	-0.1314	-0.0008316	0.0037465	0.024408	-0.13665	-1.2929	-0.34992	-0.84226	-0.019726	-0.07401	-0.0077482	-0.37087	0.011539	-0.61393	-0.1067	-0.14192	0.075431	0.00041593	-0.71568	0.001803	-0.11796	-0.85345	0.00069327	-0.0066432	-0.0027707	-0.00027724	-0.0033243	-0.0073322	0.0011093	0.00027728	-0.025032	-0.19412	-0.01409	-0.012438	-0.0096806	0.10789	-0.010232	0.028481	-0.17752	0.014749	0.0098669	
Deletion Peak 56 - CN values	22q13.31	chr22:46004082-46152471(probes 1520637:1520692)    	chr22:46086844-46091647(probes 1520668:1520669)    	chr22:46027246-46135881(probes 1520638:1520685)    	0.061963	   0.062443		Actual Copy Change Given	0.00097064	-0.015879	0.013632	-0.0062522	0.010703	-0.064374	-0.01833	-0.034321	-0.022332	-0.41311	-0.02612	0.0079175	-0.015466	-0.0043873	-0.0084385	-0.34756	-0.69423	0.00041593	-0.03817	-0.0017794	0.015866	-0.065313	-0.11521	-0.0092666	0.0026241	-0.013953	0.0074551	0.017544	-0.023566	-0.0012473	0.017264	-0.026441	-0.30921	-0.055903	-0.0056757	0.061651	0.019188	-0.019726	0.0017587	0.0093098	-0.021784	-0.0049844	-0.75771	0.18419	0.0052749	0.044715	-0.45458	-0.00013862	-0.089434	-0.14039	-0.0053992	0.010285	0.017544	0.010703	-0.0008316	-0.049518	-0.23545	-0.0016629	0.027887	-0.2233	-0.053746	-0.048072	-0.020785	-0.028628	-0.048748	0.0043189	0.0055529	-0.0030977	0.0090312	-0.23826	-0.12603	-0.056442	0.00013863	-0.09855	-0.043331	-0.050641	0.0041632	0.045212	-0.082668	0.098881	-0.050235	0.0012481	-0.0055375	0.077286	-0.018765	-0.0066432	-0.0088526	-0.019589	-0.005814	-0.73834	-0.060187	-0.0008316	-0.0049844	-0.0052996	-0.19925	-0.30733	-0.011887	-0.015191	-0.040752	-0.012024	-0.0036399	0.022725	-0.0036011	0.023566	-0.051181	-0.015054	0.012655	0.060508	0.0054365	-0.0069195	0.067661	-0.055095	0.011818	0.029938	-0.030813	0.0044411	0.011261	-0.042245	-0.0076101	-0.058596	-0.044415	-0.021235	-0.11835	-0.0083005	-0.0036011	-0.0031859	0.0069435	-0.40241	-0.0019399	-0.19262	-0.0060904	-0.020138	0.020903	-0.2514	-0.044551	-0.0020784	-0.0045023	-0.0036011	-0.0020784	-0.010784	-0.013953	-0.03095	-0.69369	-0.87817	-0.033541	-0.03817	-0.087844	-0.02603	0.016705	-0.033541	-1.0326	-0.34618	0.0016642	-0.0026322	-0.0027707	-0.14361	-0.074277	-0.3343	-0.020412	0.0071837	0.020483	-0.014683	0.0038854	-0.36363	-0.022332	0.00055459	0.015866	0.0013868	-0.0083005	-0.031496	-0.026362	-0.2128	-0.012989	-0.0095426	0.00083195	-0.019072	0.013353	0.0054139	-0.016367	0.032091	0.0022193	-0.044899	0.011539	0.010703	0.0058309	0.0076392	0.22901	0.05908	-0.025645	0.0040243	-0.032723	-0.32994	-0.011611	-0.010094	-0.0051227	-0.020687	-0.059807	-0.0040162	-0.022813	0.004719	-0.14281	-0.029448	-0.0038779	0.009309	0.032986	0.0020805	-0.076945	-0.011887	0.0026357	-0.074277	-0.047531	-0.11352	-0.010922	-0.034768	-0.014916	0.0038854	-0.99004	0.027216	-0.11548	0.010146	0.0015255	0.00027728	-0.47512	-0.0024938	-0.039122	-0.0047079	-0.01849	-0.073343	-0.020687	-1.2929	-0.011417	-0.0040162	-0.04221	0.0014997	0.0022193	-0.0016629	0.0023581	-0.014366	-0.55005	-0.0063668	-0.014641	-0.023018	0.0070826	-0.36793	-0.0044312	0.011679	0.017544	-0.69947	-0.023429	-0.018353	0.057511	-0.019863	-0.46035	-0.063032	0.0055529	-0.010714	-0.25007	-0.20363	0.021467	-0.61501	-0.01904	-0.00013862	-0.027124	-0.17891	-0.018214	-0.04726	0.013911	0.0070787	0.028763	0.0086135	0.0090312	-0.027413	-0.024661	-0.17816	-0.026851	-0.021784	0.0058309	0.010424	-0.043466	-0.13329	-0.070804	0.0076392	-0.36895	0.2058	0.012376	0.065596	-0.030142	-0.025756	-0.0027707	-0.0067813	-0.022881	0.056505	-0.023018	-0.0042929	0.0016642	-0.061058	0.0044411	-0.40595	-0.029038	0.0058309	0.0075	-0.0027707	-0.0046658	-0.023703	-0.015741	-0.34951	-0.069064	0.004719	-0.30759	0.00041593	-0.024935	0.013772	-0.13704	-0.085988	-0.0022168	0.014921	-0.015604	-0.77981	-0.056712	-0.01849	-0.22687	-0.028628	-0.071472	0.027778	-0.0027707	-0.0008316	-0.072274	-0.020138	-0.039937	-0.004611	-1.6063e-05	-0.028765	-0.041026	-0.089699	-0.0080967	-0.020001	0.019242	-0.020856	-0.005814	0.007508	-0.021098	-0.023977	-0.39397	-0.068797	0.028341	-0.032041	-0.18219	-0.006505	0.054233	-0.038259	-0.0045695	-0.0011087	-0.028081	-0.0053992	-0.001787	-0.029127	0.0062481	-0.031876	-0.011749	-0.0083005	-0.079476	-0.0089906	-1.2929	-0.0060904	-0.010922	0.010424	-0.0011649	-0.35441	0.014888	0.010556	0.0019418	0.0073609	-1.2929	-0.05496	-0.19762	-0.14148	-0.0053554	-0.054466	-0.059942	-0.00069303	0.0036076	-0.0070576	0.014609	0.0043021	0.013632	-0.022125	0.016845	-0.007472	-0.087447	-0.033132	-0.0951	0.018663	0.039902	-0.17651	-0.00069303	0.0020065	-0.73233	0.016518	-0.10473	-0.024798	-0.0055375	-0.0029091	-0.0023553	0.0091705	-0.053881	-0.0080244	-0.0083005	0.0015255	0.023566	0.004719	0.0081959	0	-0.011335	0.057226	-0.076926	0.00083791	-0.0070128	-0.00074132	0.0020805	0.0035163	-0.14284	-0.028491	-0.048748	-0.0089906	-0.99402	-0.0056009	-0.00069303	-0.49162	0.0073609	0.0023581	-0.0040162	-0.066956	-0.078144	-0.00027724	-0.014916	-0.73451	-0.84523	-0.012576	-0.027391	-0.21736	-0.0040517	-0.0045695	-0.0044038	-0.042652	-0.0038779	-0.03245	-0.41003	-0.0022168	0.0030522	-0.51321	0.0049824	0.00097064	-0.018628	0.00083195	-0.092037	-0.080541	-0.02234	0.013213	0.053806	-0.013264	0.011818	-0.29014	-0.040209	0.041741	0.015866	-0.017666	-0.018167	-0.84899	0.0011093	0.20901	-0.0026322	-0.0015243	-0.0077482	-0.26913	-0.010508	-0.0014358	0.0076542	0.012516	-0.011198	-0.27655	-0.0026322	-0.0092666	-0.017529	0.00027728	-0.0024938	-0.022881	-0.016493	0.0037482	0.0069435	0.0076392	-0.035	-0.0092666	-0.18521	-0.015191	-0.007472	-0.020961	-0.065045	0.036229	-0.0096806	-0.071071	0.041175	
