chromosome	position	GC.percent	good.reads	adjusted.ratio	F	mutation	CNn	CNt	Mt	LPP
chr1	791544	42	44	1.09522677394573	0.114	T>G	2	6	1	-11.3701707284707
chr1	879134	31	73	1.29334177773805	0.11	G>T	2	8	1	-10.1846087621812
chr1	879138	31	74	1.29334177773805	0.108	C>T	2	8	1	-10.1846087621812
chr1	879144	31	76	1.29334177773805	0.105	C>T	2	8	1	-10.3406130106578
chr1	879145	31	77	1.29334177773805	0.104	A>G	2	8	1	-10.3406130106578
chr1	1147373	64	40	1.29334177773805	0.1	G>A	2	8	1	-10.3406130106578
chr1	1183303	67	53	1.29334177773805	0.113	G>A	2	8	1	-10.1846087621812
chr1	1382324	51	54	1.29334177773805	0.111	C>T	2	8	1	-10.1846087621812
chr1	1382620	51	60	1.29334177773805	0.133	T>A	2	8	1	-10.160311883331
chr1	1382775	51	64	1.29334177773805	0.109	T>C	2	8	1	-10.1846087621812
chr1	1595179	52	50	1.29334177773805	0.12	C>A	2	8	1	-10.1267891912924
chr1	1644921	49	53	1.29334177773805	0.113	A>G	2	8	1	-10.1846087621812
chr1	1846938	47	47	1.29334177773805	0.149	A>T	2	8	1	-10.478984297251
chr1	2366997	40	43	1.29334177773805	0.116	C>T	2	8	1	-10.1267891912924
chr1	2686549	63	40	1.29334177773805	0.1	A>G	2	8	1	-10.3406130106578
chr1	2686564	63	57	1.29334177773805	0.123	C>A	2	8	1	-10.1267891912924
chr1	2686589	63	56	1.29334177773805	0.143	A>G	2	8	1	-10.279371243347
chr1	2688369	64	81	1.29334177773805	0.136	C>T	2	8	1	-10.279371243347
chr1	2752503	61	66	1.29334177773805	0.136	C>A	2	8	1	-10.279371243347
chr1	2754753	63	42	1.29334177773805	0.119	G>C	2	8	1	-10.1267891912924
chr1	2981000	61	44	1.29334177773805	0.205	A>G	2	8	2	-11.020513829355
chr1	3249997	52	72	1.29334177773805	0.167	C>A	2	8	1	-11.103138606324
chr1	3255852	55	56	1.29334177773805	0.143	C>T	2	8	1	-10.279371243347
chr1	3658002	52	59	1.29334177773805	0.153	C>T	2	8	1	-10.478984297251
chr1	4136147	44	40	1.29334177773805	0.1	A>G	2	8	1	-10.3406130106578
chr1	4354592	51	48	1.29334177773805	0.104	C>T	2	8	1	-10.3406130106578
chr1	4664929	52	62	1.29334177773805	0.129	G>A	2	8	1	-10.160311883331
chr1	4689376	58	46	1.29334177773805	0.348	A>T	2	8	3	-10.6293421769747
chr1	5160226	42	75	1.29334177773805	0.147	C>T	2	8	1	-10.478984297251
chr1	5414152	52	44	1.29334177773805	0.136	C>T	2	8	1	-10.279371243347
chr1	5716743	53	42	1.29334177773805	0.19	A>G	2	8	2	-11.3206184218053
chr1	6107696	52	49	1.29334177773805	0.143	G>T	2	8	1	-10.279371243347
chr1	6400632	55	55	1.29334177773805	0.109	C>A	2	8	1	-10.1846087621812
chr1	6997660	44	41	1.29334177773805	0.146	C>T	2	8	1	-10.478984297251
chr1	6997661	44	46	1.29334177773805	0.13	T>C	2	8	1	-10.160311883331
chr1	7151266	51	64	1.29334177773805	0.156	G>A	2	8	1	-10.7548319120558
chr1	9584999	43	57	1.29334177773805	0.105	A>C	2	8	1	-10.3406130106578
chr1	10125885	37	42	1.29334177773805	0.119	G>T	2	8	1	-10.1267891912924
chr1	10806187	52	64	1.29334177773805	0.359	G>A	2	8	3	-10.5492994693011
chr1	10861353	58	63	1.29334177773805	0.19	G>A	2	8	2	-11.3206184218053
chr1	11033083	51	53	1.29334177773805	0.245	C>T	2	8	2	-10.4120871857021
chr1	11710292	49	41	1.29334177773805	0.146	G>T	2	8	1	-10.478984297251
chr1	12561915	57	54	1.29334177773805	0.111	C>A	2	8	1	-10.1846087621812
chr1	12844394	41	45	1.3466270995936	0.178	T>A	2	8	1	-11.4751654924828
chr1	12844399	41	45	1.3466270995936	0.178	A>T	2	8	1	-11.4751654924828
chr1	12876934	42	40	1.3466270995936	0.125	C>T	2	8	1	-10.0813747782963
chr1	13040825	39	61	1.3466270995936	0.115	T>C	2	8	1	-10.0813747782963
chr1	13233624	44	48	1.3466270995936	0.167	C>T	2	8	1	-11.057724193328
chr1	13389082	52	46	1.31454299110621	0.196	C>G	2	8	2	-10.975099416359
chr1	13389099	52	54	1.31454299110621	0.167	T>C	2	8	1	-11.057724193328
chr1	13602044	49	50	1.31454299110621	0.14	T>G	2	8	1	-10.2339568303509
chr1	13602046	49	48	1.31454299110621	0.146	C>A	2	8	1	-10.433569884255
chr1	14404108	41	42	1.31454299110621	0.119	A>G	2	8	1	-10.0813747782963
chr1	16869008	49	69	1.31454299110621	0.116	C>A	2	8	1	-10.0813747782963
chr1	17425407	56	43	1.31454299110621	0.279	A>C	2	8	2	-10.6233896782725
chr1	18481514	62	49	1.31454299110621	0.163	G>A	2	8	1	-10.7094174990597
chr1	20948032	37	54	1.31454299110621	0.111	T>G	2	8	1	-10.1391943491851
chr1	21519961	54	48	1.31454299110621	0.125	G>A	2	8	1	-10.0813747782963
chr1	21521675	49	46	1.31454299110621	0.109	T>A	2	8	1	-10.1391943491851
chr1	22284314	52	51	1.31454299110621	0.137	A>T	2	8	1	-10.2339568303509
chr1	24214650	49	69	1.31454299110621	0.174	A>T	2	8	1	-11.057724193328
chr1	24830930	30	79	1.31454299110621	0.127	G>T	2	8	1	-10.114897470335
chr1	24885452	42	44	1.31454299110621	0.182	C>G	2	8	1	-11.4751654924828
chr1	25402202	50	40	1.31454299110621	0.1	G>A	2	8	1	-10.2951985976617
chr1	26270837	43	40	1.31454299110621	0.1	A>T	2	8	1	-10.2951985976617
chr1	28051597	38	61	1.31454299110621	0.213	G>A	2	8	2	-10.7362075080766
chr1	29159781	39	48	1.31454299110621	0.188	T>C	2	8	2	-11.2752040088093
chr1	29783575	55	41	1.31454299110621	0.122	T>G	2	8	1	-10.0813747782963
chr1	30302150	42	58	1.31454299110621	0.103	C>T	2	8	1	-10.2951985976617
chr1	32449920	46	49	1.31454299110621	0.122	A>G	2	8	1	-10.0813747782963
chr1	34082399	63	70	1.31454299110621	0.214	G>A	2	8	2	-10.7362075080766
chr1	34328385	50	50	1.31454299110621	0.18	C>G	2	8	1	-11.4751654924828
chr1	34360463	50	49	1.31454299110621	0.143	A>G	2	8	1	-10.2339568303509
chr1	34589950	47	45	1.31454299110621	0.467	C>A	2	8	4	-10.6744745613233
chr1	34638438	48	62	1.31454299110621	0.145	G>C	2	8	1	-10.2339568303509
chr1	35010167	45	57	1.31454299110621	0.368	G>T	2	8	3	-10.4667455093556
chr1	35427337	44	43	1.31454299110621	0.163	C>T	2	8	1	-10.7094174990597
chr1	37072090	47	62	1.31454299110621	0.177	C>A	2	8	1	-11.4751654924828
chr1	37331700	51	50	1.31454299110621	0.12	C>T	2	8	1	-10.0813747782963
chr1	38451645	48	55	1.31454299110621	0.255	G>T	2	8	2	-10.3926482591093
chr1	38772579	53	51	1.31454299110621	0.275	G>A	2	8	2	-10.6233896782725
chr1	39170350	42	58	1.31454299110621	0.138	G>T	2	8	1	-10.2339568303509
chr1	40568805	38	59	1.31454299110621	0.203	G>T	2	8	2	-10.975099416359
chr1	41745677	51	57	1.31454299110621	0.105	G>T	2	8	1	-10.2951985976617
chr1	42198499	36	46	1.31454299110621	0.152	T>C	2	8	1	-10.433569884255
chr1	43904901	57	49	1.31454299110621	0.102	C>T	2	8	1	-10.2951985976617
chr1	43904915	57	47	1.31454299110621	0.149	C>A	2	8	1	-10.433569884255
chr1	46887813	38	55	1.31454299110621	0.109	G>A	2	8	1	-10.1391943491851
chr1	46934196	56	45	1.31454299110621	0.156	A>G	2	8	1	-10.7094174990597
chr1	47429205	46	53	1.31454299110621	0.132	T>C	2	8	1	-10.114897470335
chr1	47800077	51	53	1.31454299110621	0.113	C>G	2	8	1	-10.1391943491851
chr1	48076467	42	50	1.31454299110621	0.26	A>G	2	8	2	-10.3926482591093
chr1	48251638	45	50	1.31454299110621	0.1	C>A	2	8	1	-10.2951985976617
chr1	49184930	39	63	1.31454299110621	0.206	G>A	2	8	2	-10.7362075080766
chr1	49514714	40	49	1.31454299110621	0.102	G>A	2	8	1	-10.2951985976617
chr1	49663530	34	50	1.31454299110621	0.12	G>T	2	8	1	-10.0813747782963
chr1	49741758	37	55	1.31454299110621	0.109	A>G	2	8	1	-10.1391943491851
chr1	49792970	33	40	1.31454299110621	0.2	G>T	2	8	2	-10.975099416359
chr1	50150268	36	45	1.31454299110621	0.111	G>A	2	8	1	-10.1391943491851
chr1	50211612	44	44	1.31454299110621	0.114	T>C	2	8	1	-10.1391943491851
chr1	52487458	42	52	1.31454299110621	0.115	A>T	2	8	1	-10.0813747782963
chr1	52662162	47	50	1.31454299110621	0.14	T>C	2	8	1	-10.2339568303509
chr1	53882465	46	45	1.31454299110621	0.111	C>T	2	8	1	-10.1391943491851
chr1	57121337	43	50	1.06221889692414	0.1	A>G	2	6	1	-11.8626472135685
chr1	57448942	35	51	1.06221889692414	0.157	G>T	2	6	1	-10.2580326952392
chr1	57916294	45	44	1.06221889692414	0.295	G>A	2	6	2	-10.7172663587691
chr1	58987658	45	61	1.08274984467743	0.164	G>A	2	6	1	-10.2580326952392
chr1	59149825	39	47	1.08274984467743	0.106	C>T	2	6	1	-11.3701707284707
chr1	60147714	36	51	1.08274984467743	0.118	G>T	2	6	1	-10.9758789209606
chr1	60844047	35	45	1.08274984467743	0.111	G>A	2	6	1	-11.3701707284707
chr1	62180916	41	51	1.08274984467743	0.137	C>T	2	6	1	-10.4555164997729
chr1	66022086	38	44	1.08274984467743	0.159	A>T	2	6	1	-10.2580326952392
chr1	67054249	57	48	1.08274984467743	0.167	C>T	2	6	1	-10.2698671528862
chr1	68455443	42	43	1.08274984467743	0.209	G>T	2	6	1	-10.9806486065555
chr1	68502283	37	41	1.08274984467743	0.122	G>C	2	6	1	-10.9758789209606
chr1	70658125	37	40	1.08274984467743	0.15	A>C	2	6	1	-10.3186573170557
chr1	71187413	42	41	1.08274984467743	0.122	C>A	2	6	1	-10.9758789209606
chr1	71935835	38	41	1.08274984467743	0.195	G>T	2	6	1	-10.7087148910718
chr1	74492196	39	40	1.08274984467743	0.1	G>A	2	6	1	-11.8626472135685
chr1	74852629	28	45	1.08274984467743	0.133	A>T	2	6	1	-10.6729293763781
chr1	74853681	35	45	1.08274984467743	0.178	G>T	2	6	1	-10.3508362154199
chr1	75418654	37	47	1.08274984467743	0.149	C>G	2	6	1	-10.3186573170557
chr1	75468183	34	40	1.08274984467743	0.3	G>T	2	6	2	-10.7172663587691
chr1	75667980	38	43	1.08274984467743	0.163	C>T	2	6	1	-10.2580326952392
chr1	76027091	44	53	1.08274984467743	0.151	C>G	2	6	1	-10.3186573170557
chr1	77501175	43	46	1.08274984467743	0.109	C>T	2	6	1	-11.3701707284707
chr1	78326232	33	46	1.08274984467743	0.196	T>A	2	6	1	-10.7087148910718
chr1	78887059	33	42	1.08274984467743	0.214	T>G	2	6	1	-10.9806486065555
chr1	80287121	37	47	1.08274984467743	0.213	C>A	2	6	1	-10.9806486065555
chr1	82058228	39	43	1.08274984467743	0.279	T>A	2	6	2	-11.1018247820579
chr1	82446187	34	55	1.08274984467743	0.145	G>T	2	6	1	-10.4555164997729
chr1	82961608	43	40	1.08274984467743	0.225	G>T	2	6	1	-11.3116811198809
chr1	83363344	37	51	1.08274984467743	0.137	A>G	2	6	1	-10.4555164997729
chr1	84434494	43	55	1.08274984467743	0.164	T>C	2	6	1	-10.2580326952392
chr1	87522521	44	41	1.08274984467743	0.146	G>T	2	6	1	-10.3186573170557
chr1	89006653	36	53	1.08274984467743	0.151	T>A	2	6	1	-10.3186573170557
chr1	89209595	45	45	1.08274984467743	0.267	T>A	2	6	2	-11.3669325324712
chr1	91282316	35	55	1.08274984467743	0.255	G>A	2	6	2	-11.6820135791111
chr1	91402074	31	45	1.08274984467743	0.222	T>A	2	6	1	-11.3116811198809
chr1	95456752	36	42	1.08274984467743	0.214	C>T	2	6	1	-10.9806486065555
chr1	97016964	33	41	1.08274984467743	0.171	G>C	2	6	1	-10.2698671528862
chr1	98878383	37	45	1.08274984467743	0.133	G>T	2	6	1	-10.6729293763781
chr1	99373796	36	40	1.08274984467743	0.15	A>C	2	6	1	-10.3186573170557
chr1	100568626	40	48	1.08274984467743	0.167	G>T	2	6	1	-10.2698671528862
chr1	100811937	36	47	1.08274984467743	0.234	T>C	2	6	1	-11.6999044215545
chr1	101420119	37	47	1.08274984467743	0.34	G>A	2	6	2	-10.5056442031627
chr1	102294648	36	40	1.08274984467743	0.1	T>A	2	6	1	-11.8626472135685
chr1	103807750	30	45	1.08274984467743	0.156	A>G	2	6	1	-10.2580326952392
chr1	104722638	41	40	1.08274984467743	0.1	C>T	2	6	1	-11.8626472135685
chr1	105115607	47	42	1.08274984467743	0.143	G>A	2	6	1	-10.4555164997729
chr1	105115613	47	44	1.08274984467743	0.182	T>C	2	6	1	-10.3508362154199
chr1	105455479	29	40	1.08274984467743	0.1	C>T	2	6	1	-11.8626472135685
chr1	106809807	50	58	1.08274984467743	0.276	G>T	2	6	2	-11.1018247820579
chr1	107442811	36	45	1.08274984467743	0.111	G>A	2	6	1	-11.3701707284707
chr1	107575792	40	45	1.08274984467743	0.244	G>T	2	6	1	-12.1435907424829
chr1	109809293	38	50	1.08274984467743	0.1	A>T	2	6	1	-11.8626472135685
chr1	111860006	48	46	1.08274984467743	0.109	T>C	2	6	1	-11.3701707284707
chr1	112209558	31	49	1.08274984467743	0.204	A>G	2	6	1	-10.7087148910718
chr1	112597379	32	52	1.08274984467743	0.346	A>G	2	6	2	-10.5644847031856
chr1	115939816	40	48	1.08274984467743	0.229	T>C	2	6	1	-11.6999044215545
chr1	116453002	42	44	1.08274984467743	0.341	A>G	2	6	2	-10.5056442031627
chr1	116490376	47	47	1.08274984467743	0.362	C>G	2	6	2	-10.666763552306
chr1	118676157	37	47	1.08274984467743	0.17	T>C	2	6	1	-10.2698671528862
chr1	119648236	59	46	1.08274984467743	0.13	C>G	2	6	1	-10.6729293763781
chr1	121440080	38	54	1.10248602469339	0.111	C>G	2	6	1	-11.3701707284707
chr1	121599880	38	40	1.10248602469339	0.15	T>A	2	6	1	-10.3186573170557
chr1	122746537	40	42	1.14545211904411	0.167	C>T	2	7	1	-10.5328287433494
chr1	122790743	38	90	1.14545211904411	0.156	T>G	2	7	1	-10.3386727289084
chr1	122889321	40	72	1.14545211904411	0.139	A>C	2	7	1	-10.1715134198541
chr1	122894770	39	52	1.14545211904411	0.115	G>C	2	7	1	-10.327232727454
chr1	122913240	40	46	1.14545211904411	0.109	C>T	2	7	1	-10.5392029781701
chr1	122917975	40	45	1.14545211904411	0.267	G>T	2	7	2	-10.4731040908952
chr1	123157483	39	52	1.14545211904411	0.154	A>T	2	7	1	-10.2169757939309
chr1	123310378	39	58	1.14545211904411	0.138	A>T	2	7	1	-10.1715134198541
chr1	123334504	39	60	1.14545211904411	0.133	T>A	2	7	1	-10.2066047396654
chr1	123355686	39	85	1.14545211904411	0.129	C>T	2	7	1	-10.2066047396654
chr1	123563577	39	60	1.14083588611741	0.117	T>A	2	7	1	-10.327232727454
chr1	123597343	39	43	1.14083588611741	0.186	T>C	2	7	1	-11.1255985638072
chr1	123785800	39	79	1.14083588611741	0.127	A>G	2	7	1	-10.2066047396654
chr1	123789770	39	115	1.14083588611741	0.104	T>G	2	7	1	-10.8493579064739
chr1	123873739	40	79	1.14083588611741	0.101	T>C	2	7	1	-10.8493579064739
chr1	124051985	40	58	1.14083588611741	0.103	C>A	2	7	1	-10.8493579064739
chr1	124102232	39	41	1.14083588611741	0.122	G>T	2	7	1	-10.327232727454
chr1	124118693	39	64	1.14083588611741	0.109	G>C	2	7	1	-10.5392029781701
chr1	124355795	39	43	1.14083588611741	0.233	T>A	2	7	2	-11.1531700730371
chr1	124377567	40	40	1.14083588611741	0.225	G>A	2	7	2	-11.4580939519234
chr1	124460828	40	59	1.14083588611741	0.119	T>A	2	7	1	-10.327232727454
chr1	124549960	39	72	1.14083588611741	0.292	G>A	2	7	2	-10.4380603346408
chr1	124730733	38	44	1.14083588611741	0.136	A>G	2	7	1	-10.1715134198541
chr1	124787691	43	41	1.14083588611741	0.122	A>T	2	7	1	-10.327232727454
chr1	124914260	42	49	1.14083588611741	0.163	C>T	2	7	1	-10.3386727289084
chr1	124914261	42	49	1.14083588611741	0.163	T>G	2	7	1	-10.3386727289084
chr1	124914262	42	49	1.14083588611741	0.163	T>A	2	7	1	-10.3386727289084
chr1	124914263	42	49	1.14083588611741	0.163	A>C	2	7	1	-10.3386727289084
chr1	125105113	36	62	1.10914048754958	0.145	T>G	2	7	1	-10.1715134198541
chr1	125105136	36	56	1.10914048754958	0.107	G>A	2	7	1	-10.5392029781701
chr1	125112239	34	42	1.10914048754958	0.143	G>A	2	7	1	-10.1715134198541
chr1	125112246	34	47	1.10914048754958	0.149	G>A	2	7	1	-10.2169757939309
chr1	125112249	34	47	1.10914048754958	0.149	C>T	2	7	1	-10.2169757939309
chr1	125127796	40	51	1.10914048754958	0.196	C>T	2	7	1	-11.5186411519168
chr1	143270458	36	41	1.10914048754958	0.146	T>C	2	7	1	-10.2169757939309
chr1	143270732	36	43	1.10914048754958	0.116	A>G	2	7	1	-10.327232727454
chr1	143304366	32	70	1.10914048754958	0.129	A>G	2	7	1	-10.2066047396654
chr1	144104727	68	68	1.10914048754958	0.118	T>C	2	7	1	-10.327232727454
chr1	144437253	46	42	1.10914048754958	0.119	C>T	2	7	1	-10.327232727454
chr1	145314241	44	47	1.10914048754958	0.17	G>C	2	7	1	-10.5328287433494
chr1	145314269	44	53	1.10914048754958	0.132	G>C	2	7	1	-10.2066047396654
chr1	145334781	47	52	1.10914048754958	0.115	G>C	2	7	1	-10.327232727454
chr1	145919438	56	41	1.10914048754958	0.146	G>T	2	7	1	-10.2169757939309
chr1	147003924	54	50	1.10914048754958	0.1	A>G	2	7	1	-10.8493579064739
chr1	149607237	63	40	1.10914048754958	0.125	C>A	2	7	1	-10.327232727454
chr1	151680836	41	43	1.10914048754958	0.465	A>C	2	7	3	-10.7272844633184
chr1	160128753	52	45	1.10914048754958	0.444	A>G	2	7	3	-10.549301308123
chr1	165021215	44	42	1.10914048754958	0.31	T>G	2	7	2	-10.5946512654457
chr1	166242354	36	40	1.10914048754958	0.275	G>T	2	7	2	-10.4311398917962
chr1	168085388	56	46	1.10914048754958	0.174	G>A	2	7	1	-10.5328287433494
chr1	176296902	50	56	1.10914048754958	0.268	G>T	2	7	2	-10.4731040908952
chr1	177595943	44	48	1.10914048754958	0.271	C>T	2	7	2	-10.4731040908952
chr1	179462869	38	43	1.10914048754958	0.163	G>A	2	7	1	-10.3386727289084
chr1	182123633	37	48	1.10914048754958	0.312	G>A	2	7	2	-10.5946512654457
chr1	183752305	40	43	1.10914048754958	0.186	C>A	2	7	1	-11.1255985638072
chr1	183910833	41	45	1.10914048754958	0.156	C>T	2	7	1	-10.3386727289084
chr1	187221915	32	40	1.10914048754958	0.175	C>A	2	7	1	-10.796119362677
chr1	189560188	43	44	1.10914048754958	0.341	C>T	2	7	2	-11.1738206207862
chr1	189611509	33	40	1.10914048754958	0.25	T>C	2	7	2	-10.7081424298616
chr1	189948414	33	40	1.10914048754958	0.35	A>T	2	7	2	-11.4558046721234
chr1	190274950	35	43	1.10914048754958	0.326	A>T	2	7	2	-10.9358619836869
chr1	193914850	34	44	1.10914048754958	0.318	C>G	2	7	2	-10.7425713955223
chr1	199200826	43	40	1.10914048754958	0.4	G>A	2	7	3	-10.6773178682252
chr1	199852973	42	40	1.10914048754958	0.3	T>C	2	7	2	-10.4928685711358
chr1	201209613	50	56	1.10914048754958	0.125	A>G	2	7	1	-10.327232727454
chr1	203786304	45	42	1.10914048754958	0.214	A>C	2	7	2	-11.820208619158
chr1	207018835	43	44	1.10914048754958	0.432	C>T	2	7	3	-10.5204808695875
chr1	213415674	47	42	1.10914048754958	0.238	G>A	2	7	2	-10.9037092134056
chr1	213806996	44	41	1.10914048754958	0.22	A>C	2	7	2	-11.4580939519234
chr1	213807001	44	40	1.10914048754958	0.225	C>G	2	7	2	-11.4580939519234
chr1	213807012	41	43	1.10914048754958	0.209	A>T	2	7	2	-11.820208619158
chr1	217765554	30	41	1.10914048754958	0.268	G>T	2	7	2	-10.4731040908952
chr1	220938089	38	41	1.10914048754958	0.268	C>T	2	7	2	-10.4731040908952
chr1	221408686	42	43	1.10914048754958	0.349	T>C	2	7	2	-11.4558046721234
chr1	224012230	42	49	1.10914048754958	0.102	G>T	2	7	1	-10.8493579064739
chr1	224012235	42	48	1.10914048754958	0.125	A>T	2	7	1	-10.327232727454
chr1	224012292	42	46	1.10914048754958	0.109	A>T	2	7	1	-10.5392029781701
chr1	224651820	40	41	1.10914048754958	0.244	A>G	2	7	2	-10.9037092134056
chr1	225399976	42	41	1.10914048754958	0.439	A>G	2	7	3	-10.549301308123
chr1	226623727	44	45	1.10914048754958	0.356	G>T	2	7	3	-11.4656704647735
chr1	229239410	52	45	1.10914048754958	0.111	G>T	2	7	1	-10.5392029781701
chr1	232990699	59	44	1.10914048754958	0.364	T>C	2	7	3	-11.4656704647735
chr1	236336457	48	40	1.10914048754958	0.425	A>C	2	7	3	-10.5320416919886
chr1	238367043	29	41	1.10914048754958	0.22	T>A	2	7	2	-11.4580939519234
chr1	240863758	42	40	1.10914048754958	0.5	A>G	2	7	3	-11.5608593578601
chr1	246395747	46	45	1.10914048754958	0.133	C>A	2	7	1	-10.2066047396654
chr1	248923065	41	42	1.10914048754958	0.143	C>T	2	7	1	-10.1715134198541
chr2	1480744	48	53	1.28218756297338	0.113	G>C	2	8	1	-10.1846087621812
chr2	28551007	50	40	1.28218756297338	0.5	A>C	2	8	4	-10.5415720239081
chr2	37321401	35	40	1.28218756297338	0.25	C>T	2	8	2	-10.3988419589521
chr2	60467939	54	41	1.28218756297338	0.122	G>C	2	8	1	-10.1267891912924
chr2	60467947	54	43	1.28218756297338	0.116	G>C	2	8	1	-10.1267891912924
chr2	61103817	40	49	1.28218756297338	0.184	A>T	2	8	1	-11.5205799054789
chr2	70715307	54	41	1.28218756297338	0.317	C>G	2	8	3	-11.1325042246981
chr2	71618432	56	41	1.52342309977583	0.171	G>A	2	9	2	-11.039228706367
chr2	77429387	38	40	1.52342309977583	0.1	A>G	2	9	1	-10.0423798440128
chr2	78619908	38	40	1.52342309977583	0.35	A>G	2	9	3	-10.4980331549297
chr2	78933227	42	44	1.52342309977583	0.25	C>T	2	9	2	-10.5571331414698
chr2	87343081	50	46	1.52342309977583	0.196	G>A	2	9	2	-10.4080516127364
chr2	87361199	29	62	1.52342309977583	0.113	T>C	2	9	1	-10.0199069881607
chr2	87415764	67	58	1.52342309977583	0.172	A>G	2	9	2	-11.039228706367
chr2	87415766	67	66	1.52342309977583	0.121	G>A	2	9	1	-10.0956188098964
chr2	87425013	66	48	1.52342309977583	0.188	A>C	2	9	2	-10.5540055253595
chr2	88777087	40	48	1.52342309977583	0.104	G>A	2	9	1	-10.0423798440128
chr2	89001290	46	44	1.39410941515482	0.227	A>G	2	8	2	-10.4287789234842
chr2	89001291	46	44	1.39410941515482	0.227	T>C	2	8	2	-10.4287789234842
chr2	89001321	46	40	1.39410941515482	0.275	T>G	2	8	2	-10.618356526213
chr2	89670963	32	60	1.41870915597352	0.1	G>A	2	9	1	-10.0836664310637
chr2	89670964	32	62	1.41870915597352	0.113	G>T	2	9	1	-10.0611935752117
chr2	89670971	32	60	1.41870915597352	0.133	G>A	2	9	1	-10.3039594816105
chr2	89670974	32	60	1.41870915597352	0.133	T>A	2	9	1	-10.3039594816105
chr2	89673318	38	51	1.41870915597352	0.118	C>T	2	9	1	-10.1369053969474
chr2	89829063	40	54	1.41870915597352	0.111	G>C	2	9	1	-10.0611935752117
chr2	89832344	40	59	1.41870915597352	0.102	G>T	2	9	1	-10.0836664310637
chr2	89836232	41	42	1.41870915597352	0.167	A>T	2	9	2	-11.0805152934179
chr2	90206966	38	41	1.41234835400269	0.122	A>G	2	9	1	-10.1369053969474
chr2	90206985	38	41	1.41234835400269	0.122	A>G	2	9	1	-10.1369053969474
chr2	90293058	59	56	1.38509496940885	0.304	C>T	2	8	2	-11.0447283191405
chr2	90321917	45	40	1.38509496940885	0.225	T>C	2	8	2	-10.5513812455765
chr2	90384918	36	50	1.38509496940885	0.1	G>T	2	8	1	-10.2901654456022
chr2	90391808	37	73	1.38509496940885	0.192	T>G	2	8	2	-11.2701708567498
chr2	91426312	33	54	1.47273374683493	0.111	C>A	2	9	1	-10.0199069881607
chr2	91442764	67	63	1.47273374683493	0.127	A>G	2	9	1	-10.2626728945596
chr2	91442793	67	74	1.47273374683493	0.122	T>C	2	9	1	-10.0956188098964
chr2	91442810	67	62	1.47273374683493	0.113	A>C	2	9	1	-10.0199069881607
chr2	91482525	42	46	1.47273374683493	0.109	T>G	2	9	1	-10.0199069881607
chr2	91508715	67	43	1.47273374683493	0.209	C>A	2	9	2	-10.3233103842813
chr2	91572100	52	40	1.47273374683493	0.15	C>T	2	9	1	-10.8484080937287
chr2	91860975	38	42	1.39805939544998	0.19	C>T	2	8	2	-11.2701708567498
chr2	91873885	42	43	1.39805939544998	0.14	T>C	2	8	1	-10.2289236782915
chr2	91873918	42	50	1.39805939544998	0.12	C>T	2	8	1	-10.0763416262368
chr2	91874346	43	40	1.39805939544998	0.1	A>G	2	8	1	-10.2901654456022
chr2	91890079	26	61	1.39805939544998	0.115	T>G	2	8	1	-10.0763416262368
chr2	91890249	26	41	1.39805939544998	0.146	T>C	2	8	1	-10.4285367321955
chr2	91890329	26	43	1.39805939544998	0.209	A>G	2	8	2	-10.7311743560171
chr2	91905045	38	62	1.39805939544998	0.161	C>T	2	8	1	-10.7043843470003
chr2	91907752	37	40	1.39805939544998	0.175	T>C	2	8	1	-11.4701323404234
chr2	91944435	46	40	1.39805939544998	0.1	G>A	2	8	1	-10.2901654456022
chr2	91944717	46	51	1.39805939544998	0.137	C>A	2	8	1	-10.2289236782915
chr2	92603251	38	72	1.39805939544998	0.125	T>A	2	8	1	-10.0763416262368
chr2	92641032	38	47	1.39805939544998	0.149	T>A	2	8	1	-10.4285367321955
chr2	92942577	38	41	1.39805939544998	0.146	G>A	2	8	1	-10.4285367321955
chr2	93040355	38	64	1.39805939544998	0.141	C>G	2	8	1	-10.2289236782915
chr2	93061889	39	46	1.39805939544998	0.174	C>T	2	8	1	-11.0526910412685
chr2	93771262	38	43	1.39805939544998	0.116	G>C	2	8	1	-10.0763416262368
chr2	93972654	39	53	1.40661387579916	0.132	A>G	2	8	1	-10.1098643182755
chr2	93972679	39	57	1.40661387579916	0.123	A>T	2	8	1	-10.0763416262368
chr2	94239714	36	70	1.40661387579916	0.114	T>A	2	8	1	-10.1341611971257
chr2	94258024	38	74	1.40661387579916	0.108	A>T	2	8	1	-10.1341611971257
chr2	94738669	54	51	1.60891903769106	0.196	A>T	2	10	2	-10.2659475830488
chr2	95041562	46	62	1.60891903769106	0.258	A>T	2	10	3	-10.7488191039122
chr2	95773597	49	42	1.60891903769106	0.19	C>T	2	10	2	-10.2783701030473
chr2	95773778	49	52	1.60891903769106	0.192	G>A	2	10	2	-10.2783701030473
chr2	96063548	60	57	1.60741187956333	0.158	T>C	2	10	2	-10.707839592473
chr2	96440156	39	42	1.60741187956333	0.19	G>T	2	10	2	-10.2783701030473
chr2	96618459	45	50	1.60741187956333	0.18	G>C	2	10	2	-10.3543560100253
chr2	97142255	37	53	1.60741187956333	0.17	T>C	2	10	2	-10.4965304988058
chr2	97542970	33	42	1.5072604733369	0.167	G>A	2	9	2	-11.039228706367
chr2	108966753	47	42	1.5072604733369	0.119	A>G	2	9	1	-10.0956188098964
chr2	113571808	48	48	1.5072604733369	0.104	A>G	2	9	1	-10.0423798440128
chr2	113576489	42	49	1.5072604733369	0.245	G>A	2	9	2	-10.4162276883925
chr2	113576498	42	48	1.5072604733369	0.229	T>G	2	9	2	-10.3292163114029
chr2	113586736	45	45	1.5072604733369	0.111	C>G	2	9	1	-10.0199069881607
chr2	113609308	41	51	1.5072604733369	0.157	A>C	2	9	1	-11.257787101158
chr2	119228574	58	44	1.5072604733369	0.341	C>T	2	9	3	-10.4391926549068
chr2	127812982	44	42	1.5072604733369	0.405	C>T	2	9	4	-10.8658303495005
chr2	130956204	43	47	1.5072604733369	0.213	A>C	2	9	2	-10.3233103842813
chr2	131209705	56	42	1.5072604733369	0.262	A>G	2	9	2	-10.7505045344503
chr2	131238127	33	45	1.5072604733369	0.133	C>T	2	9	1	-10.2626728945596
chr2	131810773	35	41	1.5072604733369	0.122	A>T	2	9	1	-10.0956188098964
chr2	131810775	35	40	1.5072604733369	0.1	T>G	2	9	1	-10.0423798440128
chr2	132040571	35	43	1.5072604733369	0.14	G>T	2	9	1	-10.5152636472001
chr2	132215600	37	40	1.5072604733369	0.15	A>T	2	9	1	-10.8484080937287
chr2	133708075	30	47	1.45269494411283	0.234	G>A	2	9	2	-10.3705028984538
chr2	136281504	52	43	1.45269494411283	0.372	C>T	2	9	3	-10.7867806009455
chr2	139331363	31	41	1.45269494411283	0.22	A>C	2	9	2	-10.3389545407189
chr2	142557397	35	49	1.45269494411283	0.122	T>C	2	9	1	-10.1369053969474
chr2	147652169	39	41	1.45269494411283	0.293	C>T	2	9	3	-10.8604367123833
chr2	148939442	38	50	1.45269494411283	0.28	C>A	2	9	3	-11.0766598208529
chr2	150960250	49	42	1.45269494411283	0.262	G>A	2	9	2	-10.7917911215012
chr2	150960269	49	45	1.45269494411283	0.267	C>T	2	9	2	-11.0363258627968
chr2	153576060	45	43	1.45269494411283	0.116	C>G	2	9	1	-10.1369053969474
chr2	154748574	34	41	1.45269494411283	0.439	G>A	2	9	4	-10.520946291899
chr2	160154461	41	41	1.45269494411283	0.39	G>A	2	9	4	-11.1059677952966
chr2	179900205	34	51	1.45269494411283	0.176	C>T	2	9	2	-10.8048094120129
chr2	187073057	37	43	1.45269494411283	0.326	T>G	2	9	3	-10.4656641561726
chr2	189358770	35	48	1.45269494411283	0.479	G>A	2	9	4	-10.7782121599492
chr2	189730955	29	43	1.45269494411283	0.302	C>T	2	9	3	-10.6921013975641
chr2	190398003	37	41	1.45269494411283	0.415	G>A	2	9	4	-10.6327637180397
chr2	210709781	35	40	1.45269494411283	0.2	A>G	2	9	2	-10.4493381997873
chr2	215999512	48	41	1.45269494411283	0.39	A>G	2	9	4	-11.1059677952966
chr2	218897839	65	41	1.45269494411283	0.415	G>A	2	9	4	-10.6327637180397
chr2	241590461	57	42	1.45269494411283	0.238	A>G	2	9	2	-10.4575142754435
chr2	241590490	57	44	1.45269494411283	0.205	G>A	2	9	2	-10.4493381997873
chr2	241590670	57	62	1.45269494411283	0.113	T>A	2	9	1	-10.0611935752117
chr2	241820125	63	40	1.45269494411283	0.125	C>T	2	9	1	-10.1369053969474
chr3	75675772	49	40	0.900441284706986	0.175	G>C	2	5	1	-10.3910341039191
chr3	75695193	28	55	0.900441284706986	0.182	A>G	2	5	1	-10.3910341039191
chr3	86474432	37	45	1.40653704631533	0.711	G>T	2	8	6	-10.8075985258516
chr3	90686405	35	47	1.14360026033941	0.106	C>G	2	7	1	-10.5392029781701
chr3	90686435	35	42	1.14360026033941	0.143	G>T	2	7	1	-10.1715134198541
chr3	90686443	35	42	1.14360026033941	0.119	T>A	2	7	1	-10.327232727454
chr3	90686447	35	43	1.14360026033941	0.14	A>T	2	7	1	-10.1715134198541
chr3	90686450	35	43	1.14360026033941	0.116	G>T	2	7	1	-10.327232727454
chr3	90686452	35	42	1.14360026033941	0.119	C>T	2	7	1	-10.327232727454
chr3	90686455	35	40	1.14360026033941	0.125	C>T	2	7	1	-10.327232727454
chr3	90686459	35	42	1.14360026033941	0.19	C>T	2	7	1	-11.1255985638072
chr3	90686469	35	43	1.14360026033941	0.116	T>G	2	7	1	-10.327232727454
chr3	91932836	39	62	0.925907066348765	0.129	A>G	2	5	1	-11.8954817011375
chr3	98829953	38	50	0.925907066348765	0.14	T>C	2	5	1	-11.4549252732181
chr3	99115578	48	52	0.925907066348765	0.308	T>C	2	5	2	-12.2550318613609
chr3	101414968	46	46	0.925907066348765	0.109	C>A	2	5	1	-13.0390101558586
chr3	101414972	46	45	0.925907066348765	0.133	T>C	2	5	1	-11.8954817011375
chr3	101414973	46	45	0.925907066348765	0.111	A>G	2	5	1	-13.0390101558586
chr3	108808745	38	40	0.925907066348765	0.2	A>G	2	5	1	-10.3692623566318
chr3	109534696	47	43	0.925907066348765	0.14	C>T	2	5	1	-11.4549252732181
chr3	111563146	37	42	0.925907066348765	0.262	G>T	2	5	1	-11.5129036340929
chr3	112289306	42	47	0.925907066348765	0.234	G>A	2	5	1	-10.6910212331719
chr3	112980803	36	40	0.925907066348765	0.175	T>G	2	5	1	-10.4576707836083
chr3	113539861	38	42	0.925907066348765	0.119	G>A	2	5	1	-12.4215747970343
chr3	118966896	37	40	0.925907066348765	0.1	G>T	2	5	1	-13.7546301922706
chr3	122129961	47	48	0.925907066348765	0.25	G>T	2	5	1	-11.1860008484878
chr3	122780848	78	41	0.925907066348765	0.293	G>A	2	5	1	-12.7959332702499
chr3	125765645	57	58	1.09299407120013	0.103	A>G	2	6	1	-11.8626472135685
chr3	125817997	48	48	0.867	0.104	A>G	2	5	1	-13.6611023751022
chr3	127400725	31	49	1.06666082066188	0.265	G>A	2	6	2	-11.6820135791111
chr3	127551169	52	48	1.06666082066188	0.125	A>G	2	6	1	-10.9758789209606
chr3	128593051	44	47	1.06666082066188	0.255	G>A	2	6	2	-11.6820135791111
chr3	129002360	62	59	1.06666082066188	0.153	C>A	2	6	1	-10.3186573170557
chr3	131134622	36	42	1.07549612288077	0.333	A>G	2	6	2	-10.4908291173776
chr3	132811625	40	46	1.07549612288077	0.13	G>A	2	6	1	-10.6729293763781
chr3	134566007	34	53	1.07549612288077	0.17	G>A	2	6	1	-10.2698671528862
chr3	136943715	39	56	1.07549612288077	0.232	G>A	2	6	1	-11.6999044215545
chr3	137212758	40	40	1.07549612288077	0.1	G>A	2	6	1	-11.8626472135685
chr3	137413372	46	42	1.07549612288077	0.143	C>A	2	6	1	-10.4555164997729
chr3	138402515	51	47	1.07549612288077	0.277	C>T	2	6	2	-11.1018247820579
chr3	138635009	40	43	1.07549612288077	0.163	C>T	2	6	1	-10.2580326952392
chr3	141175411	43	44	1.07549612288077	0.159	C>A	2	6	1	-10.2580326952392
chr3	142339978	44	44	1.07549612288077	0.182	G>T	2	6	1	-10.3508362154199
chr3	143196514	31	45	1.07549612288077	0.111	T>C	2	6	1	-11.3701707284707
chr3	144159790	40	43	1.07549612288077	0.326	G>T	2	6	2	-10.4908291173776
chr3	144836239	35	44	1.07549612288077	0.136	T>A	2	6	1	-10.4555164997729
chr3	145058715	36	40	1.07549612288077	0.175	T>A	2	6	1	-10.3508362154199
chr3	146406372	42	44	1.08320094301262	0.159	C>T	2	6	1	-10.2580326952392
chr3	148028214	29	51	1.08320094301262	0.118	T>C	2	6	1	-10.9758789209606
chr3	148317058	39	42	1.08320094301262	0.19	G>T	2	6	1	-10.4979938597562
chr3	150219253	44	41	1.08320094301262	0.122	T>C	2	6	1	-10.9758789209606
chr3	154407848	36	49	1.40325973670814	0.184	C>A	2	8	1	-11.4701323404234
chr3	154930141	43	40	1.08223273330888	0.1	C>A	2	6	1	-11.8626472135685
chr3	156576196	40	42	1.08223273330888	0.143	A>T	2	6	1	-10.4555164997729
chr3	157331754	44	43	1.08223273330888	0.186	G>T	2	6	1	-10.4979938597562
chr3	157715998	45	45	1.08223273330888	0.2	C>A	2	6	1	-10.7087148910718
chr3	158044924	36	49	1.08223273330888	0.102	G>T	2	6	1	-11.8626472135685
chr3	158395201	36	40	1.08223273330888	0.15	A>C	2	6	1	-10.3186573170557
chr3	158557601	43	57	1.08223273330888	0.105	C>T	2	6	1	-11.8626472135685
chr3	160199693	41	44	1.08223273330888	0.295	C>A	2	6	2	-10.7172663587691
chr3	160978352	45	55	1.08223273330888	0.291	G>A	2	6	2	-10.8856016735883
chr3	163232422	30	50	1.08223273330888	0.14	G>T	2	6	1	-10.4555164997729
chr3	163574042	34	41	1.08223273330888	0.22	G>T	2	6	1	-11.3116811198809
chr3	163595054	29	41	1.08223273330888	0.122	G>A	2	6	1	-10.9758789209606
chr3	163867915	31	43	1.08223273330888	0.163	T>C	2	6	1	-10.2580326952392
chr3	164399372	32	48	1.08223273330888	0.167	T>C	2	6	1	-10.2698671528862
chr3	164753837	38	44	1.08223273330888	0.182	T>C	2	6	1	-10.3508362154199
chr3	165060383	29	40	1.08223273330888	0.375	C>A	2	6	2	-10.9995441760453
chr3	165347646	33	40	1.08223273330888	0.175	A>G	2	6	1	-10.3508362154199
chr3	167297391	34	40	1.08223273330888	0.125	A>G	2	6	1	-10.9758789209606
chr3	167928183	38	40	1.08223273330888	0.15	G>C	2	6	1	-10.3186573170557
chr3	167988148	33	46	1.08223273330888	0.283	T>G	2	6	2	-11.1018247820579
chr3	168244258	31	42	1.08223273330888	0.238	T>C	2	6	1	-12.1435907424829
chr3	171475792	43	44	1.14978407543383	0.114	C>T	2	7	1	-10.5392029781701
chr3	172644143	45	41	1.14978407543383	0.122	T>G	2	7	1	-10.327232727454
chr3	172644145	45	42	1.14978407543383	0.167	A>G	2	7	1	-10.5328287433494
chr3	173227341	34	49	1.14978407543383	0.408	C>T	2	7	3	-10.5842274451592
chr3	173677920	34	53	1.14978407543383	0.17	T>C	2	7	1	-10.5328287433494
chr3	173704198	36	41	1.14978407543383	0.146	A>C	2	7	1	-10.2169757939309
chr3	175920572	38	59	1.14978407543383	0.119	C>A	2	7	1	-10.327232727454
chr3	175920592	38	59	1.14978407543383	0.153	A>C	2	7	1	-10.2169757939309
chr3	176188802	38	48	1.14978407543383	0.229	A>G	2	7	2	-11.1531700730371
chr3	176739496	37	56	1.14978407543383	0.107	T>A	2	7	1	-10.5392029781701
chr3	177644349	32	51	1.14978407543383	0.118	A>T	2	7	1	-10.327232727454
chr3	178660346	40	63	1.14978407543383	0.159	G>T	2	7	1	-10.3386727289084
chr3	181165499	35	50	1.14978407543383	0.12	A>C	2	7	1	-10.327232727454
chr3	181279399	32	55	1.14978407543383	0.182	C>T	2	7	1	-10.796119362677
chr3	181666182	40	56	1.14978407543383	0.25	C>T	2	7	2	-10.7081424298616
chr3	182264703	36	45	1.14978407543383	0.222	G>A	2	7	2	-11.4580939519234
chr3	182941329	29	52	1.14978407543383	0.173	A>C	2	7	1	-10.5328287433494
chr3	183149945	40	63	1.14978407543383	0.238	G>A	2	7	2	-10.9037092134056
chr3	183407351	37	56	1.14978407543383	0.161	A>C	2	7	1	-10.3386727289084
chr3	183543358	48	55	1.14978407543383	0.127	G>A	2	7	1	-10.2066047396654
chr3	184993364	31	40	1.14978407543383	0.1	G>T	2	7	1	-10.8493579064739
chr3	185565266	40	44	1.14978407543383	0.159	C>T	2	7	1	-10.3386727289084
chr3	186511005	50	40	1.14978407543383	0.2	T>A	2	7	1	-11.5186411519168
chr3	188342516	34	41	1.14978407543383	0.293	A>T	2	7	2	-10.4380603346408
chr3	189038871	30	45	1.14978407543383	0.111	C>G	2	7	1	-10.5392029781701
chr3	189556741	36	43	1.14978407543383	0.14	G>A	2	7	1	-10.1715134198541
chr3	190148743	46	65	1.14978407543383	0.154	C>T	2	7	1	-10.2169757939309
chr3	190956137	34	40	1.14978407543383	0.1	A>G	2	7	1	-10.8493579064739
chr3	191558068	35	52	1.14978407543383	0.115	T>A	2	7	1	-10.327232727454
chr3	191740894	44	61	1.14978407543383	0.18	C>T	2	7	1	-10.796119362677
chr3	192249400	36	51	1.14978407543383	0.176	T>C	2	7	1	-10.796119362677
chr3	192404464	34	42	1.14978407543383	0.333	A>G	2	7	2	-10.9358619836869
chr3	192555808	38	47	1.14978407543383	0.128	A>G	2	7	1	-10.2066047396654
chr3	192761843	37	43	1.14978407543383	0.186	C>T	2	7	1	-11.1255985638072
chr3	193175324	39	45	1.14978407543383	0.156	T>A	2	7	1	-10.3386727289084
chr3	193486739	31	58	1.14978407543383	0.224	A>G	2	7	2	-11.4580939519234
chr3	193758187	42	64	1.14978407543383	0.109	A>G	2	7	1	-10.5392029781701
chr3	193967440	35	51	1.14978407543383	0.118	A>T	2	7	1	-10.327232727454
chr3	194273527	55	44	1.14978407543383	0.136	C>T	2	7	1	-10.1715134198541
chr3	194324909	54	41	1.14978407543383	0.171	G>A	2	7	1	-10.5328287433494
chr3	194880786	56	42	1.14978407543383	0.143	T>C	2	7	1	-10.1715134198541
chr3	194943367	52	48	1.14978407543383	0.104	A>C	2	7	1	-10.8493579064739
chr3	195487297	41	50	1.31362106419653	0.16	G>T	2	8	1	-10.7094174990597
chr3	195487626	41	92	1.31362106419653	0.13	T>C	2	8	1	-10.114897470335
chr3	195710503	51	52	1.07719054562473	0.115	T>C	2	6	1	-10.9758789209606
chr3	195780318	59	50	1.07719054562473	0.14	G>A	2	6	1	-10.4555164997729
chr3	195931732	53	40	1.07719054562473	0.1	C>T	2	6	1	-11.8626472135685
chr3	195982210	50	57	1.06130032433237	0.14	T>C	2	6	1	-10.4126870537626
chr3	196100206	43	41	1.05890148923667	0.195	C>T	2	6	1	-10.6658854450616
chr3	198007152	36	46	1.06220043179882	0.109	T>A	2	6	1	-11.3701707284707
chr3	198118908	41	62	1.06220043179882	0.129	T>C	2	6	1	-10.6729293763781
chr4	49092887	42	69	0.96946675672733	0.145	A>T	2	6	1	-10.4458750026837
chr4	49097043	43	46	0.96946675672733	0.109	C>T	2	6	1	-11.3605292313815
chr4	49100456	42	46	0.96946675672733	0.13	C>T	2	6	1	-10.6632878792889
chr4	49104209	41	58	0.96946675672733	0.121	C>T	2	6	1	-10.9662374238715
chr4	49104211	41	60	0.96946675672733	0.1	A>C	2	6	1	-11.8530057164793
chr4	49124539	41	46	0.96946675672733	0.109	A>T	2	6	1	-11.3605292313815
chr4	49126841	41	70	0.96946675672733	0.1	C>T	2	6	1	-11.8530057164793
chr4	49133768	42	43	1.30638324161901	0.209	C>T	2	8	2	-10.7362075080766
chr4	49136770	41	49	1.30638324161901	0.143	G>C	2	8	1	-10.2339568303509
chr4	49137406	41	40	0.917965425826156	0.125	A>G	2	5	1	-12.4215747970343
chr4	49143398	42	42	0.917965425826156	0.262	G>A	2	5	1	-11.5129036340929
chr4	49143438	42	42	0.917965425826156	0.238	T>A	2	5	1	-10.911564002786
chr4	49144186	43	52	0.917965425826156	0.115	T>A	2	5	1	-12.4215747970343
chr4	49152097	43	46	1.01128151957109	0.13	C>T	2	6	1	-10.6268912775322
chr4	49154960	42	44	1.01128151957109	0.318	G>C	2	6	2	-10.4746439816814
chr4	49158796	38	140	1.01128151957109	0.121	G>A	2	6	1	-10.9298408221148
chr4	49158802	38	137	1.01128151957109	0.124	G>A	2	6	1	-10.9298408221148
chr4	49161520	56	44	1.01128151957109	0.114	C>G	2	6	1	-11.3241326296248
chr4	49174134	41	59	1.01128151957109	0.102	C>T	2	6	1	-11.8166091147226
chr4	49174181	41	57	1.01128151957109	0.105	T>C	2	6	1	-11.8166091147226
chr4	49174190	41	53	1.01128151957109	0.113	C>T	2	6	1	-11.3241326296248
chr4	49209589	43	79	1.01128151957109	0.127	A>G	2	6	1	-10.6268912775322
chr4	49218014	45	47	1.01128151957109	0.319	C>A	2	6	2	-10.4746439816814
chr4	49225808	43	47	1.01128151957109	0.17	G>C	2	6	1	-10.2238290540403
chr4	49225811	43	46	1.01128151957109	0.174	G>C	2	6	1	-10.2238290540403
chr4	49239027	35	49	1.01128151957109	0.265	T>C	2	6	2	-11.6359754802652
chr4	49240026	36	54	1.01128151957109	0.13	C>T	2	6	1	-10.6268912775322
chr4	49262200	47	40	1.01128151957109	0.1	A>G	2	6	1	-11.8166091147226
chr4	49263863	45	71	1.01128151957109	0.113	G>T	2	6	1	-11.3241326296248
chr4	49263956	45	70	1.01128151957109	0.114	A>C	2	6	1	-11.3241326296248
chr4	49270808	51	63	1.01128151957109	0.143	C>T	2	6	1	-10.409478400927
chr4	49320907	46	40	1.01128151957109	0.125	C>G	2	6	1	-10.9298408221148
chr4	49320946	46	40	1.01128151957109	0.125	A>C	2	6	1	-10.9298408221148
chr4	49321512	53	59	1.01128151957109	0.102	A>C	2	6	1	-11.8166091147226
chr4	49533168	42	50	1.01128151957109	0.12	C>A	2	6	1	-10.9298408221148
chr4	49568833	48	50	1.01128151957109	0.16	G>C	2	6	1	-10.2119945963933
chr4	49610528	37	47	1.01128151957109	0.17	T>C	2	6	1	-10.2238290540403
chr4	49632560	41	40	1.01128151957109	0.1	G>C	2	6	1	-11.8166091147226
chr4	49634805	42	65	1.01128151957109	0.108	G>C	2	6	1	-11.3241326296248
chr4	49639074	41	54	1.01128151957109	0.167	G>A	2	6	1	-10.2238290540403
chr4	49639359	41	45	1.01128151957109	0.178	G>T	2	6	1	-10.304798116574
chr4	49646309	42	53	1.01128151957109	0.113	A>T	2	6	1	-11.3241326296248
chr4	49654203	40	61	1.01128151957109	0.23	C>T	2	6	1	-11.6538663227086
chr4	49654230	40	60	1.01128151957109	0.167	T>G	2	6	1	-10.2238290540403
chr4	49654232	40	57	1.01128151957109	0.105	A>G	2	6	1	-11.8166091147226
chr4	50200373	39	45	1.2362849838879	0.111	A>T	2	7	1	-10.5152419031921
chr4	102908132	26	42	0.984649073824973	0.286	T>G	2	6	2	-10.8395635747424
chr4	179191939	33	44	1.17245641855058	0.318	A>G	2	7	2	-10.7106631860887
chr4	181510637	36	45	1.17245641855058	0.267	A>C	2	7	2	-10.4411958814616
chr4	183956234	34	44	1.17245641855058	0.159	T>G	2	7	1	-10.3067645194748
chr4	185718177	43	40	1.17245641855058	0.125	G>T	2	7	1	-10.2953245180204
chr4	185827195	41	41	1.17245641855058	0.122	T>C	2	7	1	-10.2953245180204
chr4	188506237	41	93	1.17245641855058	0.108	G>C	2	7	1	-10.5072947687365
chr4	188507446	43	60	1.17245641855058	0.117	A>T	2	7	1	-10.2953245180204
chr4	188507485	43	58	1.17245641855058	0.103	G>A	2	7	1	-10.8174496970403
chr4	188507639	43	60	1.17245641855058	0.1	G>C	2	7	1	-10.8174496970403
chr4	189228572	37	41	1.17245641855058	0.439	G>A	2	7	3	-10.5173930986894
chr4	189276914	42	47	1.17245641855058	0.213	G>A	2	7	2	-11.7883004097244
chr4	189276934	42	43	1.17245641855058	0.163	G>A	2	7	1	-10.3067645194748
chr4	189848843	49	55	1.17245641855058	0.127	C>G	2	7	1	-10.1746965302318
chr4	190181474	48	90	1.17245641855058	0.1	T>C	2	7	1	-10.8174496970403
chr5	585605	55	47	0.804318682506938	0.128	G>A	2	5	1	-11.8149180903791
chr5	697277	53	42	0.804318682506938	0.143	G>C	2	5	1	-11.3743616624597
chr5	11747629	36	41	0.804318682506938	0.22	C>T	2	5	1	-10.445377872054
chr5	13040113	32	42	0.804318682506938	0.31	A>G	2	5	2	-12.1744682506025
chr5	16395699	40	42	0.804318682506938	0.214	C>T	2	5	1	-10.3374889100429
chr5	17199501	45	48	0.804318682506938	0.229	G>A	2	5	1	-10.6104576224135
chr5	20299179	40	43	0.804318682506938	0.186	C>G	2	5	1	-10.301121265872
chr5	22575981	43	40	0.804318682506938	0.125	C>G	2	5	1	-12.3410111862759
chr5	29479610	35	40	0.804318682506938	0.2	C>A	2	5	1	-10.2886987458734
chr5	29871219	30	41	0.804318682506938	0.195	A>G	2	5	1	-10.2886987458734
chr5	29871245	30	41	0.804318682506938	0.195	A>T	2	5	1	-10.2886987458734
chr5	46838956	39	42	0.804318682506938	0.143	G>T	2	5	1	-11.3743616624597
chr5	46906841	39	57	1.16466497592913	0.123	G>T	2	7	1	-10.2953245180204
chr5	49622488	39	53	0.991444462736297	0.132	G>A	2	6	1	-10.6268912775322
chr5	49622532	39	47	0.991444462736297	0.128	G>T	2	6	1	-10.6268912775322
chr5	49626796	38	56	0.991444462736297	0.143	A>T	2	6	1	-10.409478400927
chr5	49722966	39	44	1.18238972159043	0.136	C>T	2	7	1	-10.1396052104205
chr5	49823293	38	42	1.18238972159043	0.119	G>A	2	7	1	-10.2953245180204
chr5	49932735	39	62	1.18238972159043	0.113	G>A	2	7	1	-10.5072947687365
chr5	49939336	39	62	1.18238972159043	0.129	A>G	2	7	1	-10.1746965302318
chr5	49939574	39	40	1.18238972159043	0.125	A>C	2	7	1	-10.2953245180204
chr5	49978278	40	49	1.18238972159043	0.102	C>T	2	7	1	-10.8174496970403
chr5	50058656	39	52	1.18238972159043	0.135	C>A	2	7	1	-10.1396052104205
chr5	50135727	39	58	1.18238972159043	0.103	T>C	2	7	1	-10.8174496970403
chr5	50141951	39	59	1.18238972159043	0.136	C>A	2	7	1	-10.1396052104205
chr5	50649115	42	50	0.945592942656712	0.16	C>G	2	6	1	-10.2483911981501
chr5	51481100	35	45	0.945592942656712	0.244	C>T	2	6	1	-12.1339492453937
chr5	52048033	33	43	0.945592942656712	0.442	G>A	2	6	3	-11.2542050639723
chr5	52688081	42	44	0.945592942656712	0.136	C>T	2	6	1	-10.4458750026837
chr5	53172883	37	41	0.945592942656712	0.171	G>A	2	6	1	-10.2602256557971
chr5	54320964	38	44	0.945592942656712	0.159	T>C	2	6	1	-10.2483911981501
chr5	56219022	39	60	0.945592942656712	0.233	C>T	2	6	1	-11.6902629244654
chr5	57603704	38	40	0.945592942656712	0.1	T>C	2	6	1	-11.8530057164793
chr5	59306636	37	43	0.945592942656712	0.326	T>G	2	6	2	-10.4811876202884
chr5	59557376	33	50	0.936715258983278	0.32	T>C	2	5	2	-11.8921263676715
chr5	60010790	34	42	0.936715258983278	0.524	A>G	2	5	3	-11.8999267734698
chr5	60739274	53	45	0.936715258983278	0.178	G>C	2	5	1	-10.4576707836083
chr5	61891138	40	47	0.936715258983278	0.17	G>T	2	5	1	-10.5998452723888
chr5	62162269	56	41	0.936715258983278	0.341	C>T	2	5	2	-11.3017243454034
chr5	62481546	43	44	0.936715258983278	0.136	A>G	2	5	1	-11.4549252732181
chr5	65733099	51	61	0.936715258983278	0.23	G>A	2	5	1	-10.6910212331719
chr5	66702481	48	58	0.936715258983278	0.19	C>T	2	5	1	-10.3816848766304
chr5	67519015	41	43	0.936715258983278	0.116	C>A	2	5	1	-12.4215747970343
chr5	67782597	39	46	0.936715258983278	0.217	A>G	2	5	1	-10.5259414828124
chr5	71756206	46	42	0.939616520998423	0.19	A>G	2	5	1	-10.3816848766304
chr5	75758987	38	42	0.939616520998423	0.19	G>A	2	5	1	-10.3816848766304
chr5	76797333	43	47	0.939616520998423	0.553	G>C	2	5	3	-11.1001505853872
chr5	76985661	67	46	0.939616520998423	0.37	G>T	2	5	2	-10.7449794870359
chr5	77448321	48	45	0.939616520998423	0.267	G>C	2	5	1	-11.8909697680129
chr5	77506899	40	41	0.939616520998423	0.122	T>G	2	5	1	-12.4215747970343
chr5	80294333	43	44	0.939616520998423	0.273	T>C	2	5	1	-11.8909697680129
chr5	80776661	35	41	0.939616520998423	0.22	A>G	2	5	1	-10.5259414828124
chr5	81536919	37	44	0.939616520998423	0.364	G>A	2	5	2	-10.8874795496432
chr5	82334874	40	49	0.939616520998423	0.408	A>C	2	5	2	-10.5949517083108
chr5	82618848	42	51	0.94664231500818	0.176	C>G	2	6	1	-10.3411947183307
chr5	83444187	34	41	0.94664231500818	0.244	G>A	2	6	1	-12.1339492453937
chr5	84919731	35	48	0.94664231500818	0.146	T>C	2	6	1	-10.3090158199665
chr5	87915200	36	43	0.94664231500818	0.209	T>C	2	6	1	-10.9710071094663
chr5	89267258	39	41	0.94664231500818	0.268	G>A	2	6	2	-11.357291035382
chr5	89951112	32	42	0.94664231500818	0.119	T>C	2	6	1	-10.9662374238715
chr5	90168880	43	40	0.94664231500818	0.1	C>G	2	6	1	-11.8530057164793
chr5	91202945	29	45	0.94664231500818	0.133	G>T	2	6	1	-10.6632878792889
chr5	91503050	35	43	0.94664231500818	0.395	A>C	2	6	2	-11.4906298911013
chr5	94212384	37	46	0.94664231500818	0.13	G>C	2	6	1	-10.6632878792889
chr5	95310604	30	40	0.94664231500818	0.125	T>G	2	6	1	-10.9662374238715
chr5	96453937	34	42	0.94664231500818	0.119	C>G	2	6	1	-10.9662374238715
chr5	99439844	44	42	0.94664231500818	0.262	A>T	2	6	2	-11.6723720820219
chr5	99575956	37	52	0.94664231500818	0.192	C>A	2	6	1	-10.488352362667
chr5	100098118	37	50	0.94664231500818	0.1	T>C	2	6	1	-11.8530057164793
chr5	100316696	36	44	0.94664231500818	0.159	C>T	2	6	1	-10.2483911981501
chr5	100753655	36	40	0.94664231500818	0.2	C>A	2	6	1	-10.6990733939827
chr5	100824928	37	47	0.94664231500818	0.128	G>C	2	6	1	-10.6632878792889
chr5	101879153	38	49	0.94664231500818	0.204	A>G	2	6	1	-10.6990733939827
chr5	104290906	30	43	0.94664231500818	0.14	G>T	2	6	1	-10.4458750026837
chr5	104396143	39	48	0.94664231500818	0.146	T>C	2	6	1	-10.3090158199665
chr5	105175489	29	48	0.94664231500818	0.188	A>G	2	6	1	-10.488352362667
chr5	106412518	33	48	0.94664231500818	0.146	A>T	2	6	1	-10.3090158199665
chr5	107657633	29	43	0.94664231500818	0.14	C>A	2	6	1	-10.4458750026837
chr5	108012330	37	42	0.94664231500818	0.167	C>T	2	6	1	-10.2602256557971
chr5	108559213	70	40	0.94664231500818	0.2	A>G	2	6	1	-10.6990733939827
chr5	109302452	42	44	0.94664231500818	0.159	A>G	2	6	1	-10.2483911981501
chr5	109799664	46	42	0.94664231500818	0.167	G>A	2	6	1	-10.2602256557971
chr5	110474073	27	40	0.94664231500818	0.475	C>T	2	6	3	-10.6188967267656
chr5	111967793	41	51	0.94664231500818	0.157	T>A	2	6	1	-10.2483911981501
chr5	112495277	37	52	0.94664231500818	0.135	G>A	2	6	1	-10.4458750026837
chr5	113707672	42	50	0.94664231500818	0.32	C>A	2	6	2	-10.5110405834381
chr5	114181312	37	40	0.94664231500818	0.225	G>A	2	6	1	-11.3020396227917
chr5	115152771	37	42	0.94664231500818	0.405	T>C	2	6	2	-11.4906298911013
chr5	117685028	32	40	0.94664231500818	0.175	C>A	2	6	1	-10.3411947183307
chr5	117724676	32	42	0.94664231500818	0.19	G>A	2	6	1	-10.488352362667
chr5	117724713	32	42	0.94664231500818	0.19	A>T	2	6	1	-10.488352362667
chr5	117853235	37	50	0.94664231500818	0.14	G>T	2	6	1	-10.4458750026837
chr5	119522751	40	45	0.94664231500818	0.244	C>A	2	6	1	-12.1339492453937
chr5	119708915	54	56	0.94664231500818	0.196	A>G	2	6	1	-10.6990733939827
chr5	121946945	29	40	0.94664231500818	0.25	C>A	2	6	2	-12.0386164769768
chr5	123425856	40	45	0.94664231500818	0.2	A>C	2	6	1	-10.6990733939827
chr5	123676334	39	48	0.94664231500818	0.354	G>T	2	6	2	-10.5548432060965
chr5	123686079	35	41	0.94664231500818	0.22	A>G	2	6	1	-11.3020396227917
chr5	128393905	38	46	0.934497839746325	0.196	C>A	2	5	1	-10.3692623566318
chr5	129011167	37	43	0.934497839746325	0.116	G>T	2	5	1	-12.4215747970343
chr5	129199311	37	42	0.934497839746325	0.262	C>G	2	5	1	-11.5129036340929
chr5	135826421	54	47	0.934497839746325	0.511	G>A	2	5	3	-12.2459684611072
chr5	141143617	33	45	0.934497839746325	0.111	A>C	2	5	1	-13.0390101558586
chr5	142483468	46	60	0.934497839746325	0.217	C>T	2	5	1	-10.5259414828124
chr5	142880372	46	41	0.934497839746325	0.293	C>G	2	5	1	-12.7959332702499
chr5	144379350	34	51	0.934497839746325	0.118	T>C	2	5	1	-12.4215747970343
chr5	144831630	34	41	0.934497839746325	0.122	A>T	2	5	1	-12.4215747970343
chr5	144843135	43	41	0.934497839746325	0.122	C>T	2	5	1	-12.4215747970343
chr5	146735887	40	45	0.934497839746325	0.311	T>C	2	5	2	-12.2550318613609
chr5	146998000	39	41	0.934497839746325	0.39	G>C	2	5	2	-10.5867883976717
chr5	147198068	36	55	0.934497839746325	0.255	G>T	2	5	1	-11.5129036340929
chr5	150059721	54	42	0.934497839746325	0.167	A>G	2	5	1	-10.5998452723888
chr5	150757397	35	52	0.934497839746325	0.385	T>G	2	5	2	-10.644896028479
chr5	150817601	48	48	0.934497839746325	0.188	G>T	2	5	1	-10.3816848766304
chr5	152227324	43	41	0.934497839746325	0.293	A>G	2	5	1	-12.7959332702499
chr5	152808400	38	43	0.934497839746325	0.14	C>A	2	5	1	-11.4549252732181
chr5	153541452	43	44	0.934497839746325	0.136	A>G	2	5	1	-11.4549252732181
chr5	156550506	42	45	0.934497839746325	0.222	G>C	2	5	1	-10.5259414828124
chr5	156957049	44	40	0.934497839746325	0.1	A>T	2	5	1	-13.7546301922706
chr5	157189941	42	41	0.934497839746325	0.195	C>T	2	5	1	-10.3692623566318
chr5	158515634	43	41	0.934497839746325	0.195	A>T	2	5	1	-10.3692623566318
chr5	159300723	39	56	0.934497839746325	0.161	A>G	2	5	1	-10.811154366056
chr5	159434110	42	51	0.934497839746325	0.118	G>T	2	5	1	-12.4215747970343
chr5	159698875	39	45	0.934497839746325	0.178	A>G	2	5	1	-10.4576707836083
chr5	160546124	37	42	0.934497839746325	0.119	A>C	2	5	1	-12.4215747970343
chr5	160613517	41	51	0.934497839746325	0.118	A>G	2	5	1	-12.4215747970343
chr5	161827201	33	41	0.934497839746325	0.341	G>C	2	5	2	-11.3017243454034
chr5	162104229	30	44	0.934497839746325	0.227	G>T	2	5	1	-10.6910212331719
chr5	162258629	33	41	0.934497839746325	0.122	C>T	2	5	1	-12.4215747970343
chr5	162827354	39	42	0.934497839746325	0.19	T>C	2	5	1	-10.3816848766304
chr5	164720758	37	51	0.934497839746325	0.137	A>G	2	5	1	-11.4549252732181
chr5	166024786	37	42	0.934497839746325	0.167	T>C	2	5	1	-10.5998452723888
chr5	167332572	37	46	0.934497839746325	0.13	G>A	2	5	1	-11.8954817011375
chr5	168277045	51	48	0.934497839746325	0.104	C>A	2	5	1	-13.7546301922706
chr5	169606119	31	46	0.934497839746325	0.13	T>C	2	5	1	-11.8954817011375
chr5	170495034	53	53	0.934497839746325	0.208	T>C	2	5	1	-10.4180525208012
chr5	171773767	50	47	0.934497839746325	0.319	A>G	2	5	2	-11.8921263676715
chr5	173392342	41	50	0.934497839746325	0.28	G>T	2	5	1	-12.3190091981596
chr5	174259568	35	56	0.934497839746325	0.143	C>A	2	5	1	-11.4549252732181
chr5	175038507	45	41	0.934497839746325	0.512	T>C	2	5	3	-12.2459684611072
chr5	175159535	46	47	0.934497839746325	0.106	G>T	2	5	1	-13.0390101558586
chr5	175748125	47	48	0.934497839746325	0.188	C>T	2	5	1	-10.3816848766304
chr5	175774865	47	45	0.934497839746325	0.311	T>C	2	5	2	-12.2550318613609
chr5	175926263	35	46	0.934497839746325	0.109	A>C	2	5	1	-13.0390101558586
chr5	178585524	58	40	0.94079538257188	0.2	T>A	2	5	1	-10.3692623566318
chr5	178728637	47	40	0.94079538257188	0.25	A>C	2	5	1	-11.1860008484878
chr5	179120613	53	43	0.94079538257188	0.209	G>A	2	5	1	-10.4180525208012
chr6	371473	57	46	0.946306167497417	0.109	A>G	2	6	1	-11.3605292313815
chr6	1125881	50	45	1.2334023238557	0.111	G>A	2	7	1	-10.5152419031921
chr6	2301627	39	48	1.2334023238557	0.229	C>G	2	7	2	-11.1292089980591
chr6	3188715	50	44	1.2334023238557	0.114	G>T	2	7	1	-10.5152419031921
chr6	4899765	41	41	1.2334023238557	0.146	A>G	2	7	1	-10.1930147189528
chr6	5130416	47	41	1.2334023238557	0.39	C>T	2	7	3	-10.7876691308548
chr6	5380959	35	40	1.2334023238557	0.1	T>C	2	7	1	-10.8253968314959
chr6	6687189	56	40	1.2334023238557	0.125	A>C	2	7	1	-10.303271652476
chr6	7970630	42	48	1.2334023238557	0.125	G>T	2	7	1	-10.303271652476
chr6	9973649	35	40	1.2334023238557	0.325	G>T	2	7	2	-10.7186103205443
chr6	9981417	37	49	1.2334023238557	0.245	T>A	2	7	2	-10.8797481384275
chr6	10190210	41	55	1.2334023238557	0.236	T>A	2	7	2	-10.8797481384275
chr6	10548402	45	42	1.2334023238557	0.333	C>T	2	7	2	-10.9119009087088
chr6	11424300	44	51	1.2334023238557	0.235	C>T	2	7	2	-10.8797481384275
chr6	11935537	44	46	1.2334023238557	0.174	C>T	2	7	1	-10.5088676683713
chr6	14127683	39	52	1.2334023238557	0.154	T>C	2	7	1	-10.1930147189528
chr6	17486329	46	58	1.2334023238557	0.207	G>C	2	7	2	-11.79624754418
chr6	18653671	35	54	1.2334023238557	0.222	G>C	2	7	2	-11.4341328769454
chr6	20982394	35	47	1.2334023238557	0.191	T>C	2	7	1	-11.1016374888292
chr6	21337287	46	56	1.2334023238557	0.161	C>T	2	7	1	-10.3147116539304
chr6	21337288	46	56	1.2334023238557	0.161	T>C	2	7	1	-10.3147116539304
chr6	23158606	45	40	1.2334023238557	0.325	A>T	2	7	2	-10.7186103205443
chr6	25771005	43	46	1.2334023238557	0.283	T>C	2	7	2	-10.4071788168182
chr6	27452188	39	48	1.26358648244699	0.271	G>T	2	8	2	-10.5284467335736
chr6	27543031	45	50	1.26358648244699	0.28	G>A	2	8	2	-10.6688040912685
chr6	27977219	45	46	1.26358648244699	0.109	G>T	2	8	1	-10.1846087621812
chr6	28515367	52	52	1.26358648244699	0.154	G>A	2	8	1	-10.478984297251
chr6	30986727	56	50	1.23146747912376	0.12	G>C	2	7	1	-10.303271652476
chr6	32472775	41	46	1.20886461479831	0.109	A>C	2	7	1	-10.5152419031921
chr6	32472803	41	40	1.20886461479831	0.125	G>C	2	7	1	-10.303271652476
chr6	32489473	33	44	1.13643983367352	0.25	A>G	2	7	2	-10.7081424298616
chr6	32490353	44	60	1.76162080465565	0.183	A>G	2	11	2	-10.2249713616435
chr6	32490355	44	63	1.76162080465565	0.143	A>G	2	11	2	-10.7510937086278
chr6	32490374	44	70	1.76162080465565	0.143	A>G	2	11	2	-10.7510937086278
chr6	32490383	44	73	1.76162080465565	0.164	C>G	2	11	2	-10.3428888727785
chr6	32490410	44	72	1.76162080465565	0.153	T>C	2	11	2	-10.5088740102528
chr6	32490411	44	73	1.76162080465565	0.151	G>A	2	11	2	-10.5088740102528
chr6	32490648	44	41	1.17059765103142	0.195	G>A	2	7	1	-11.4867329424832
chr6	32502134	32	40	1.17059765103142	0.125	T>C	2	7	1	-10.2953245180204
chr6	32518914	43	52	1.50548917242491	0.154	G>T	2	9	1	-10.8484080937287
chr6	32518927	43	51	1.09958028585548	0.176	T>A	2	6	1	-10.3508362154199
chr6	32518934	43	51	1.09958028585548	0.157	A>T	2	6	1	-10.2580326952392
chr6	32524467	40	50	1.32198367550741	0.14	A>T	2	8	1	-10.2339568303509
chr6	32524485	40	40	1.32198367550741	0.1	T>C	2	8	1	-10.2951985976617
chr6	32524493	40	40	1.32198367550741	0.1	T>C	2	8	1	-10.2951985976617
chr6	32534218	50	57	1.06193563607763	0.123	T>C	2	6	1	-10.9758789209606
chr6	32534235	50	56	1.06193563607763	0.107	A>G	2	6	1	-11.3701707284707
chr6	32545755	38	48	1.19691831790528	0.104	A>T	2	7	1	-10.8174496970403
chr6	32550220	38	49	1.19691831790528	0.163	T>C	2	7	1	-10.3067645194748
chr6	32551229	36	40	1.13164436616616	0.1	T>A	2	7	1	-10.8493579064739
chr6	32557031	42	57	1.24334335282963	0.175	G>T	2	7	1	-10.7721582876989
chr6	32581246	51	40	1.24334335282963	0.1	C>G	2	7	1	-10.8253968314959
chr6	33169354	57	57	1.21541367711475	0.14	G>C	2	7	1	-10.1475523448761
chr6	33169355	57	56	1.21541367711475	0.125	G>C	2	7	1	-10.303271652476
chr6	34609974	44	48	1.21541367711475	0.583	T>C	2	7	4	-10.5080806170106
chr6	34926049	44	40	1.21541367711475	0.2	T>C	2	7	1	-11.4946800769388
chr6	36141184	49	48	1.21541367711475	0.104	G>A	2	7	1	-10.8253968314959
chr6	36363446	53	42	1.21541367711475	0.143	T>C	2	7	1	-10.1475523448761
chr6	36923717	49	53	1.21541367711475	0.17	A>G	2	7	1	-10.5088676683713
chr6	38642657	41	46	1.21541367711475	0.174	C>G	2	7	1	-10.5088676683713
chr6	40154065	44	45	1.21541367711475	0.422	C>T	2	7	3	-10.5080806170106
chr6	41226620	36	42	1.21541367711475	0.19	G>A	2	7	1	-11.1016374888292
chr6	44112312	45	46	1.23159984724847	0.109	A>T	2	7	1	-10.5152419031921
chr6	45585523	44	46	1.23159984724847	0.13	C>T	2	7	1	-10.1826436646874
chr6	48093994	36	40	1.23159984724847	0.175	T>G	2	7	1	-10.7721582876989
chr6	48562386	31	44	1.23159984724847	0.295	G>A	2	7	2	-10.4689074961577
chr6	48567337	35	45	1.23159984724847	0.244	T>C	2	7	2	-10.8797481384275
chr6	49908758	32	50	1.23159984724847	0.12	A>G	2	7	1	-10.303271652476
chr6	50672967	37	43	1.23159984724847	0.163	T>A	2	7	1	-10.3147116539304
chr6	50850542	57	58	1.23159984724847	0.138	G>A	2	7	1	-10.1475523448761
chr6	51037738	45	62	1.23159984724847	0.129	T>G	2	7	1	-10.1826436646874
chr6	53585354	43	45	1.23924908483402	0.222	T>G	2	7	2	-11.4341328769454
chr6	53884749	40	44	1.23924908483402	0.136	A>G	2	7	1	-10.1475523448761
chr6	56190458	37	51	1.23924908483402	0.176	C>A	2	7	1	-10.7721582876989
chr6	57511172	35	51	1.2302590268745	0.157	A>C	2	7	1	-10.3147116539304
chr6	63173255	35	47	1.14409739532398	0.191	G>T	2	7	1	-11.1255985638072
chr6	64755977	34	42	1.14409739532398	0.31	T>G	2	7	2	-10.5946512654457
chr6	68377453	32	42	1.14409739532398	0.524	C>T	2	7	4	-11.0647212607235
chr6	70770519	42	48	1.11252062199385	0.208	C>G	2	7	2	-11.820208619158
chr6	71656638	42	40	1.11252062199385	0.45	G>A	2	7	3	-10.61829417961
chr6	77785356	35	41	1.11252062199385	0.146	T>C	2	7	1	-10.2169757939309
chr6	81116194	39	43	1.11252062199385	0.419	T>C	2	7	3	-10.5320416919886
chr6	84062034	40	45	1.11252062199385	0.133	G>T	2	7	1	-10.2066047396654
chr6	86292972	37	41	1.11252062199385	0.341	C>G	2	7	2	-11.1738206207862
chr6	87028610	43	44	1.11252062199385	0.432	T>C	2	7	3	-10.5204808695875
chr6	89631767	33	46	1.11252062199385	0.37	C>A	2	7	3	-11.2053873665098
chr6	89835857	45	44	1.11252062199385	0.295	C>T	2	7	2	-10.4928685711358
chr6	93635596	41	42	1.11252062199385	0.143	T>C	2	7	1	-10.1715134198541
chr6	94092645	36	40	1.11252062199385	0.15	T>C	2	7	1	-10.2169757939309
chr6	95815997	33	41	1.11252062199385	0.195	T>C	2	7	1	-11.5186411519168
chr6	100141841	35	45	1.11252062199385	0.222	G>A	2	7	2	-11.4580939519234
chr6	109555549	37	46	1.11252062199385	0.326	C>G	2	7	2	-10.9358619836869
chr6	115940417	37	42	1.11252062199385	0.143	T>C	2	7	1	-10.1715134198541
chr6	129487525	40	42	1.11252062199385	0.524	T>C	2	7	4	-11.0647212607235
chr6	137097556	34	42	1.11252062199385	0.262	T>G	2	7	2	-10.5650415862209
chr6	141130465	35	45	1.11252062199385	0.244	T>A	2	7	2	-10.9037092134056
chr6	146373741	38	49	1.11252062199385	0.224	A>T	2	7	2	-11.4580939519234
chr6	150757248	46	43	1.11252062199385	0.349	A>T	2	7	2	-11.4558046721234
chr6	155449059	46	40	1.11252062199385	0.3	A>G	2	7	2	-10.4928685711358
chr6	166520444	49	47	1.11252062199385	0.17	A>G	2	7	1	-10.5328287433494
chr6	167386974	52	45	1.11252062199385	0.111	G>A	2	7	1	-10.5392029781701
chr6	167671786	49	40	1.11252062199385	0.1	A>C	2	7	1	-10.8493579064739
chr6	169127336	54	40	1.11252062199385	0.25	C>G	2	7	2	-10.7081424298616
chr6	169891395	55	46	1.11252062199385	0.152	T>C	2	7	1	-10.2169757939309
chr7	2123989	59	43	1.21876404685575	0.116	G>A	2	7	1	-10.303271652476
chr7	2880765	55	42	1.21876404685575	0.143	G>C	2	7	1	-10.1475523448761
chr7	4823230	52	40	1.21876404685575	0.125	T>G	2	7	1	-10.303271652476
chr7	7325998	40	48	1.2508681553881	0.146	C>A	2	8	1	-10.478984297251
chr7	9636321	30	40	1.2508681553881	0.1	A>G	2	8	1	-10.3406130106578
chr7	9802231	29	40	1.2508681553881	0.1	T>A	2	8	1	-10.3406130106578
chr7	10210181	38	47	1.2508681553881	0.17	C>G	2	8	1	-11.103138606324
chr7	10752797	38	51	1.2508681553881	0.255	A>T	2	8	2	-10.4380626721054
chr7	11117621	28	44	1.2508681553881	0.205	G>A	2	8	2	-11.020513829355
chr7	11514870	33	40	1.2508681553881	0.225	C>T	2	8	2	-10.6018288106321
chr7	12083475	36	40	1.2508681553881	0.1	C>A	2	8	1	-10.3406130106578
chr7	12367961	30	47	1.2508681553881	0.106	T>G	2	8	1	-10.1846087621812
chr7	13710366	37	48	1.2508681553881	0.188	A>G	2	8	2	-11.3206184218053
chr7	13825481	38	50	1.2508681553881	0.18	A>G	2	8	1	-11.5205799054789
chr7	14064816	36	40	1.2508681553881	0.15	G>A	2	8	1	-10.478984297251
chr7	15211161	31	51	1.2508681553881	0.196	T>C	2	8	2	-11.020513829355
chr7	15358487	38	45	1.2508681553881	0.178	G>T	2	8	1	-11.5205799054789
chr7	15358488	38	44	1.2508681553881	0.182	A>G	2	8	1	-11.5205799054789
chr7	15425400	34	61	1.2508681553881	0.148	A>T	2	8	1	-10.478984297251
chr7	15478162	38	41	1.2508681553881	0.22	G>A	2	8	2	-10.6018288106321
chr7	15708468	35	52	1.2508681553881	0.173	A>G	2	8	1	-11.103138606324
chr7	16359263	39	43	1.2508681553881	0.372	G>T	2	8	3	-10.5121599223517
chr7	19698376	34	50	1.24230382346864	0.2	G>A	2	7	1	-11.4946800769388
chr7	20379611	31	51	1.24230382346864	0.176	T>C	2	7	1	-10.7721582876989
chr7	21645435	35	40	1.24230382346864	0.15	G>T	2	7	1	-10.1930147189528
chr7	23897852	41	52	1.24230382346864	0.115	G>C	2	7	1	-10.303271652476
chr7	24241119	37	40	1.24230382346864	0.225	A>G	2	7	2	-11.4341328769454
chr7	25554297	47	40	1.24230382346864	0.175	A>G	2	7	1	-10.7721582876989
chr7	32203458	46	49	1.24230382346864	0.122	C>T	2	7	1	-10.303271652476
chr7	35167137	36	40	1.24230382346864	0.35	C>G	2	7	2	-11.4318435971453
chr7	35393516	42	49	1.24230382346864	0.286	T>G	2	7	2	-10.4140992596627
chr7	35512606	39	46	1.24230382346864	0.109	C>A	2	7	1	-10.5152419031921
chr7	36514473	52	43	1.23890003899811	0.163	C>T	2	7	1	-10.3147116539304
chr7	36858097	40	41	1.23890003899811	0.195	C>A	2	7	1	-11.4946800769388
chr7	37120524	52	50	1.23890003899811	0.1	G>C	2	7	1	-10.8253968314959
chr7	38149539	35	42	1.23890003899811	0.238	C>A	2	7	2	-10.8797481384275
chr7	41190281	39	45	1.23890003899811	0.111	A>G	2	7	1	-10.5152419031921
chr7	42424893	35	50	1.23890003899811	0.18	C>A	2	7	1	-10.7721582876989
chr7	42787345	39	41	1.23890003899811	0.122	T>G	2	7	1	-10.303271652476
chr7	44033948	50	41	1.23890003899811	0.171	C>T	2	7	1	-10.5088676683713
chr7	44678825	48	52	1.23890003899811	0.154	G>C	2	7	1	-10.1930147189528
chr7	47625774	49	44	1.23202444905177	0.545	A>G	2	7	4	-10.594333104632
chr7	47825861	40	47	1.23202444905177	0.404	G>T	2	7	3	-10.6533567932472
chr7	47979620	57	45	1.23202444905177	0.222	C>G	2	7	2	-11.4341328769454
chr7	48627231	38	43	1.23202444905177	0.14	T>G	2	7	1	-10.1475523448761
chr7	52210080	37	41	1.23202444905177	0.171	A>G	2	7	1	-10.5088676683713
chr7	52227549	34	50	1.23202444905177	0.34	G>T	2	7	2	-11.1498595458082
chr7	52812661	36	41	1.23202444905177	0.415	T>G	2	7	3	-10.5080806170106
chr7	53514064	42	43	1.23202444905177	0.233	G>T	2	7	2	-11.1292089980591
chr7	55395084	39	49	1.23202444905177	0.102	C>A	2	7	1	-10.8253968314959
chr7	56240560	48	45	1.23202444905177	0.178	A>T	2	7	1	-10.7721582876989
chr7	56767267	42	40	1.23202444905177	0.125	G>T	2	7	1	-10.303271652476
chr7	57171983	38	43	1.20952584369257	0.116	A>G	2	7	1	-10.303271652476
chr7	57404517	61	50	1.20952584369257	0.14	G>A	2	7	1	-10.1475523448761
chr7	57620239	48	46	1.21104313227855	0.13	C>T	2	7	1	-10.1826436646874
chr7	57671381	39	50	1.21104313227855	0.2	G>A	2	7	1	-11.4946800769388
chr7	57671386	39	48	1.21104313227855	0.208	A>G	2	7	2	-11.79624754418
chr7	57671404	39	46	1.21104313227855	0.217	G>A	2	7	2	-11.4341328769454
chr7	57671409	39	48	1.21104313227855	0.208	A>G	2	7	2	-11.79624754418
chr7	57671417	39	47	1.21104313227855	0.213	G>A	2	7	2	-11.79624754418
chr7	57700950	38	44	1.21104313227855	0.159	C>T	2	7	1	-10.3147116539304
chr7	57887909	37	61	1.24019420395233	0.164	C>A	2	7	1	-10.3147116539304
chr7	57888146	36	43	1.24019420395233	0.163	A>T	2	7	1	-10.3147116539304
chr7	57888152	36	40	1.24019420395233	0.175	T>G	2	7	1	-10.7721582876989
chr7	57888170	36	46	1.24019420395233	0.283	T>A	2	7	2	-10.4071788168182
chr7	57888177	36	48	1.24019420395233	0.271	A>G	2	7	2	-10.4491430159172
chr7	57888182	36	49	1.24019420395233	0.265	T>C	2	7	2	-10.5410805112429
chr7	57917954	37	45	1.24019420395233	0.133	C>A	2	7	1	-10.1826436646874
chr7	58041317	35	40	1.24019420395233	0.15	T>G	2	7	1	-10.1930147189528
chr7	58041324	35	42	1.24019420395233	0.143	G>A	2	7	1	-10.1475523448761
chr7	58041326	35	40	1.24019420395233	0.15	G>A	2	7	1	-10.1930147189528
chr7	58041327	35	41	1.24019420395233	0.146	C>T	2	7	1	-10.1930147189528
chr7	58041330	35	41	1.24019420395233	0.146	T>A	2	7	1	-10.1930147189528
chr7	58084873	42	87	1.21102561590723	0.103	A>G	2	7	1	-10.8253968314959
chr7	58091943	44	48	1.21102561590723	0.167	G>A	2	7	1	-10.5088676683713
chr7	58091979	44	45	1.21102561590723	0.156	G>T	2	7	1	-10.3147116539304
chr7	60927241	37	56	1.17600735855872	0.196	G>T	2	7	1	-11.4867329424832
chr7	60951703	30	60	1.17600735855872	0.1	T>A	2	7	1	-10.8174496970403
chr7	60968398	35	41	1.17600735855872	0.122	T>A	2	7	1	-10.2953245180204
chr7	60996340	27	69	1.17600735855872	0.145	G>T	2	7	1	-10.1396052104205
chr7	61002507	30	45	1.17600735855872	0.2	A>T	2	7	1	-11.4867329424832
chr7	61002550	30	43	1.17600735855872	0.116	T>G	2	7	1	-10.2953245180204
chr7	61008694	29	44	1.17600735855872	0.136	A>T	2	7	1	-10.1396052104205
chr7	61026359	35	61	1.17600735855872	0.18	C>T	2	7	1	-10.7642111532434
chr7	61026362	35	64	1.17600735855872	0.203	T>A	2	7	1	-11.4867329424832
chr7	61043124	36	47	1.17600735855872	0.17	C>G	2	7	1	-10.5009205339158
chr7	61043125	36	47	1.17600735855872	0.17	A>G	2	7	1	-10.5009205339158
chr7	61043130	36	46	1.17600735855872	0.152	A>G	2	7	1	-10.1850675844973
chr7	61043135	36	47	1.17600735855872	0.191	T>C	2	7	1	-11.0936903543736
chr7	61043172	36	50	1.17600735855872	0.16	A>G	2	7	1	-10.3067645194748
chr7	61043184	36	47	1.17600735855872	0.191	T>C	2	7	1	-11.0936903543736
chr7	61043316	36	55	1.17600735855872	0.2	G>A	2	7	1	-11.4867329424832
chr7	61043318	36	55	1.17600735855872	0.182	G>A	2	7	1	-10.7642111532434
chr7	61043336	36	55	1.17600735855872	0.164	G>A	2	7	1	-10.3067645194748
chr7	61043337	36	57	1.17600735855872	0.158	T>G	2	7	1	-10.3067645194748
chr7	61043354	36	55	1.17600735855872	0.109	C>G	2	7	1	-10.5072947687365
chr7	61100720	37	42	1.14374945318304	0.143	T>G	2	7	1	-10.1715134198541
chr7	61100721	37	46	1.14374945318304	0.13	T>G	2	7	1	-10.2066047396654
chr7	61100740	37	49	1.14374945318304	0.122	G>A	2	7	1	-10.327232727454
chr7	61100747	37	50	1.14374945318304	0.14	C>T	2	7	1	-10.1715134198541
chr7	62194179	36	44	1.14374945318304	0.182	C>T	2	7	1	-10.796119362677
chr7	62264430	39	44	1.14374945318304	0.159	G>A	2	7	1	-10.3386727289084
chr7	62308468	37	49	0.985366069164396	0.122	G>A	2	6	1	-10.9298408221148
chr7	62308732	37	43	0.985366069164396	0.116	C>T	2	6	1	-10.9298408221148
chr7	62340277	33	46	1.14793739542085	0.217	A>G	2	7	2	-11.4580939519234
chr7	62446548	35	47	1.10073506510277	0.149	A>T	2	6	1	-10.3186573170557
chr7	62446555	35	42	1.10073506510277	0.167	A>G	2	6	1	-10.2698671528862
chr7	62447115	35	40	1.10073506510277	0.1	T>A	2	6	1	-11.8626472135685
chr7	63554075	49	45	1.25433991243378	0.111	C>T	2	8	1	-10.1846087621812
chr7	65101317	41	40	1.16363737446181	0.125	G>A	2	7	1	-10.2953245180204
chr7	65101353	41	49	1.16363737446181	0.102	T>C	2	7	1	-10.8174496970403
chr7	65590186	39	54	1.16363737446181	0.13	A>G	2	7	1	-10.1746965302318
chr7	65590350	39	55	1.16363737446181	0.145	C>A	2	7	1	-10.1396052104205
chr7	68548705	40	40	1.16187718138988	0.5	A>G	2	7	3	-11.5289511484265
chr7	75517185	42	43	1.16187718138988	0.256	A>T	2	7	2	-10.5331333767873
chr7	78226093	38	40	1.16187718138988	0.3	G>C	2	7	2	-10.4609603617022
chr7	82806742	33	41	1.16187718138988	0.439	T>C	2	7	3	-10.5173930986894
chr7	84546229	45	41	1.16187718138988	0.244	T>C	2	7	2	-10.871801003972
chr7	86092372	45	42	1.16187718138988	0.119	G>C	2	7	1	-10.2953245180204
chr7	90062569	31	42	1.16187718138988	0.214	A>G	2	7	2	-11.7883004097244
chr7	100875348	61	40	1.16187718138988	0.15	T>G	2	7	1	-10.1850675844973
chr7	101210630	61	47	1.17902964851721	0.319	C>G	2	7	2	-10.7106631860887
chr7	105444558	42	46	1.17902964851721	0.109	A>G	2	7	1	-10.5072947687365
chr7	108450705	33	41	1.17902964851721	0.244	G>T	2	7	2	-10.871801003972
chr7	109059208	51	43	1.17902964851721	0.302	C>A	2	7	2	-10.4609603617022
chr7	110830537	40	42	1.17902964851721	0.19	A>G	2	7	1	-11.0936903543736
chr7	111936531	40	42	1.17902964851721	0.119	C>T	2	7	1	-10.2953245180204
chr7	112392075	52	40	1.17902964851721	0.1	C>T	2	7	1	-10.8174496970403
chr7	112446496	43	46	1.17902964851721	0.196	G>C	2	7	1	-11.4867329424832
chr7	113141769	43	43	1.17902964851721	0.186	C>A	2	7	1	-11.0936903543736
chr7	115926734	40	48	1.17902964851721	0.292	A>G	2	7	2	-10.4061521252072
chr7	116802233	43	41	1.17902964851721	0.39	C>T	2	7	3	-10.7797219963992
chr7	123129574	38	46	1.17902964851721	0.413	A>G	2	7	3	-10.5523192357256
chr7	124509824	36	44	1.17902964851721	0.205	C>T	2	7	1	-11.4867329424832
chr7	124509847	36	45	1.17902964851721	0.2	G>A	2	7	1	-11.4867329424832
chr7	126863455	30	40	1.17902964851721	0.15	G>T	2	7	1	-10.1850675844973
chr7	135877941	44	45	1.17902964851721	0.378	C>T	2	7	3	-10.9556126628629
chr7	136122789	34	45	1.17902964851721	0.422	G>C	2	7	3	-10.500133482555
chr7	137233369	35	40	1.17902964851721	0.175	A>T	2	7	1	-10.7642111532434
chr7	137920923	41	45	1.17902964851721	0.356	C>T	2	7	3	-11.4337622553399
chr7	139796250	37	42	1.17902964851721	0.119	T>C	2	7	1	-10.2953245180204
chr7	141666987	42	41	1.17902964851721	0.317	T>C	2	7	2	-10.7106631860887
chr7	142450864	43	42	1.17902964851721	0.119	C>T	2	7	1	-10.2953245180204
chr7	142485925	44	42	1.14033392702688	0.19	A>G	2	7	1	-11.1255985638072
chr7	143738153	30	47	1.21873726839239	0.106	A>G	2	7	1	-10.5152419031921
chr7	144024220	45	53	1.21873726839239	0.132	T>A	2	7	1	-10.1826436646874
chr7	145228793	28	42	1.21873726839239	0.262	T>G	2	7	2	-10.5410805112429
chr7	150039135	66	58	1.21873726839239	0.19	C>G	2	7	1	-11.1016374888292
chr7	151945827	46	45	1.21873726839239	0.422	A>G	2	7	3	-10.5080806170106
chr7	151945874	46	40	1.21873726839239	0.475	G>A	2	7	3	-11.0407601857455
chr7	152265977	33	55	1.21873726839239	0.109	T>C	2	7	1	-10.5152419031921
chr7	152377207	42	56	1.21873726839239	0.125	C>T	2	7	1	-10.303271652476
chr7	154265015	35	41	1.21873726839239	0.122	A>C	2	7	1	-10.303271652476
chr7	157614127	55	42	1.21873726839239	0.333	C>A	2	7	2	-10.9119009087088
chr7	157982165	60	44	1.21873726839239	0.114	T>C	2	7	1	-10.5152419031921
chr7	158104559	51	48	1.21873726839239	0.104	A>G	2	7	1	-10.8253968314959
chr7	158215168	35	41	1.21873726839239	0.146	G>A	2	7	1	-10.1930147189528
chr7	158329186	59	40	1.21873726839239	0.4	A>G	2	7	3	-10.6533567932472
chr7	158915882	44	87	1.21873726839239	0.138	C>G	2	7	1	-10.1475523448761
chr7	158915903	44	78	1.21873726839239	0.128	T>G	2	7	1	-10.1826436646874
chr7	158915918	44	78	1.21873726839239	0.115	C>T	2	7	1	-10.303271652476
chr7	158915922	44	79	1.21873726839239	0.114	G>A	2	7	1	-10.5152419031921
chr7	159132821	48	50	1.21873726839239	0.16	A>C	2	7	1	-10.3147116539304
chr8	45037912	39	57	0.635786219333535	0.105	G>A	2	4	1	-17.2571215805644
chr8	53197172	43	40	0.87722592716191	0.15	A>T	2	5	1	-11.0282858594975
chr8	53487684	51	43	0.87722592716191	0.256	A>C	2	5	1	-11.4462669544037
chr8	54861846	40	42	0.87722592716191	0.238	C>G	2	5	1	-10.8449273230969
chr8	67918619	38	51	0.90783778584233	0.235	T>C	2	5	1	-10.911564002786
chr8	68177148	43	40	0.90783778584233	0.225	G>A	2	5	1	-10.5259414828124
chr8	68645558	37	41	0.90783778584233	0.22	G>C	2	5	1	-10.5259414828124
chr8	71019063	37	41	0.90783778584233	0.341	C>A	2	5	2	-11.3017243454034
chr8	74254597	39	46	0.90783778584233	0.109	T>C	2	5	1	-13.0390101558586
chr8	79387431	45	40	0.90783778584233	0.175	G>C	2	5	1	-10.4576707836083
chr8	80827037	39	40	0.90783778584233	0.2	C>A	2	5	1	-10.3692623566318
chr8	81563492	39	50	0.90783778584233	0.3	A>G	2	5	2	-12.664074790817
chr8	95080533	33	42	0.90783778584233	0.19	G>T	2	5	1	-10.3816848766304
chr8	103340261	43	42	0.90783778584233	0.214	G>A	2	5	1	-10.4180525208012
chr8	116755044	49	54	0.90783778584233	0.185	C>A	2	5	1	-10.4576707836083
chr8	120418345	30	44	0.90783778584233	0.273	T>A	2	5	1	-11.8909697680129
chr8	122681794	52	43	0.90783778584233	0.233	A>G	2	5	1	-10.6910212331719
chr8	124982326	36	41	0.90783778584233	0.293	G>A	2	5	1	-12.7959332702499
chr8	129011557	34	49	0.90783778584233	0.184	T>G	2	5	1	-10.4576707836083
chr8	132057668	45	44	0.89767820678673	0.159	T>G	2	5	1	-10.7445176863669
chr8	136574623	40	42	0.89767820678673	0.19	A>G	2	5	1	-10.3150481969412
chr8	141806788	51	46	0.89767820678673	0.239	C>T	2	5	1	-10.8449273230969
chr8	143058794	49	45	0.889400985505901	0.111	G>A	2	5	1	-12.9723734761694
chr8	143058805	49	42	0.889400985505901	0.119	C>T	2	5	1	-12.3549381173451
chr8	143058812	49	44	0.889400985505901	0.114	A>G	2	5	1	-12.9723734761694
chr8	143058817	49	45	0.889400985505901	0.111	T>C	2	5	1	-12.9723734761694
chr9	1578569	38	43	1.12173046816619	0.163	T>A	2	7	1	-10.3386727289084
chr9	3002668	42	45	1.12173046816619	0.156	C>T	2	7	1	-10.3386727289084
chr9	5613293	43	42	1.12173046816619	0.167	G>T	2	7	1	-10.5328287433494
chr9	6059077	38	46	1.12173046816619	0.109	C>A	2	7	1	-10.5392029781701
chr9	7466952	38	50	1.12173046816619	0.2	G>T	2	7	1	-11.5186411519168
chr9	8559796	33	42	1.12173046816619	0.119	A>G	2	7	1	-10.327232727454
chr9	8829412	35	43	1.12173046816619	0.209	C>A	2	7	2	-11.820208619158
chr9	9599604	33	41	1.12173046816619	0.195	G>A	2	7	1	-11.5186411519168
chr9	10526703	34	52	1.12173046816619	0.115	A>G	2	7	1	-10.327232727454
chr9	10739546	41	42	1.12173046816619	0.143	C>A	2	7	1	-10.1715134198541
chr9	11740086	35	43	1.12173046816619	0.116	C>G	2	7	1	-10.327232727454
chr9	12075573	36	49	1.12173046816619	0.102	G>C	2	7	1	-10.8493579064739
chr9	12993006	36	48	1.12173046816619	0.312	G>T	2	7	2	-10.5946512654457
chr9	14857270	45	58	1.12173046816619	0.328	G>A	2	7	2	-10.9358619836869
chr9	15274866	34	41	1.12173046816619	0.293	G>T	2	7	2	-10.4380603346408
chr9	15604199	36	40	1.12173046816619	0.525	G>T	2	7	4	-11.0647212607235
chr9	16380501	35	61	1.12173046816619	0.131	T>C	2	7	1	-10.2066047396654
chr9	16944216	36	58	1.12173046816619	0.362	T>A	2	7	3	-11.4656704647735
chr9	18472378	35	42	1.12173046816619	0.167	T>G	2	7	1	-10.5328287433494
chr9	19665956	47	40	1.12173046816619	0.25	G>A	2	7	2	-10.7081424298616
chr9	19714613	37	41	1.12173046816619	0.317	G>A	2	7	2	-10.7425713955223
chr9	20579606	40	42	1.12173046816619	0.286	T>A	2	7	2	-10.4380603346408
chr9	26781213	42	46	1.12173046816619	0.13	T>C	2	7	1	-10.2066047396654
chr9	26797960	42	40	1.12173046816619	0.3	A>G	2	7	2	-10.4928685711358
chr9	27509213	46	48	1.12173046816619	0.208	G>A	2	7	2	-11.820208619158
chr9	29710401	36	41	1.10745262275177	0.171	A>G	2	7	1	-10.5328287433494
chr9	30324519	33	41	1.10745262275177	0.122	T>G	2	7	1	-10.327232727454
chr9	31981114	53	48	1.10745262275177	0.125	C>G	2	7	1	-10.327232727454
chr9	34277615	39	45	1.12259321843401	0.267	G>A	2	7	2	-10.4731040908952
chr9	34620236	55	52	1.12259321843401	0.115	G>A	2	7	1	-10.327232727454
chr9	34721053	46	54	1.12259321843401	0.13	C>G	2	7	1	-10.2066047396654
chr9	34861265	38	49	1.12259321843401	0.306	G>C	2	7	2	-10.5946512654457
chr9	35606546	51	63	1.12259321843401	0.286	C>T	2	7	2	-10.4380603346408
chr9	36722056	43	46	1.12259321843401	0.304	C>A	2	7	2	-10.4928685711358
chr9	37683662	46	47	1.12259321843401	0.106	C>T	2	7	1	-10.5392029781701
chr9	38203824	45	50	1.12259321843401	0.12	C>T	2	7	1	-10.327232727454
chr9	39006665	31	53	1.08145723056094	0.208	T>C	2	6	1	-10.9806486065555
chr9	39028376	46	100	1.08145723056094	0.11	C>A	2	6	1	-11.3701707284707
chr9	39068442	42	40	1.08145723056094	0.125	T>A	2	6	1	-10.9758789209606
chr9	39509197	43	40	1.09076780311265	0.1	C>T	2	6	1	-11.8626472135685
chr9	40575152	47	53	1.09076780311265	0.132	A>C	2	6	1	-10.6729293763781
chr9	40983274	36	88	1.09076780311265	0.136	C>T	2	6	1	-10.4555164997729
chr9	41002379	37	62	1.09076780311265	0.177	A>G	2	6	1	-10.3508362154199
chr9	41002380	37	62	1.09076780311265	0.177	T>A	2	6	1	-10.3508362154199
chr9	41234267	43	45	1.09076780311265	0.111	A>G	2	6	1	-11.3701707284707
chr9	41254703	39	48	1.09076780311265	0.104	T>A	2	6	1	-11.8626472135685
chr9	41290685	32	42	1.09076780311265	0.119	G>T	2	6	1	-10.9758789209606
chr9	43016475	27	45	1.1087950626994	0.2	A>G	2	7	1	-11.5186411519168
chr9	43125192	53	42	1.1087950626994	0.143	A>C	2	7	1	-10.1715134198541
chr9	43174662	36	40	1.1087950626994	0.2	C>T	2	7	1	-11.5186411519168
chr9	43183522	36	44	1.1087950626994	0.205	A>C	2	7	1	-11.5186411519168
chr9	43183528	36	44	1.1087950626994	0.182	A>G	2	7	1	-10.796119362677
chr9	43206967	37	45	1.1087950626994	0.333	T>C	2	7	2	-10.9358619836869
chr9	43264785	41	46	1.1087950626994	0.152	T>C	2	7	1	-10.2169757939309
chr9	60527686	44	47	1.15014072062826	0.106	C>A	2	7	1	-10.5392029781701
chr9	60528507	43	41	1.15014072062826	0.122	C>T	2	7	1	-10.327232727454
chr9	60627910	37	51	1.15014072062826	0.137	T>C	2	7	1	-10.1715134198541
chr9	61601273	34	43	1.08989538941107	0.209	T>C	2	6	1	-10.9806486065555
chr9	61730765	43	48	1.08989538941107	0.104	C>A	2	6	1	-11.8626472135685
chr9	61730767	43	48	1.08989538941107	0.104	C>A	2	6	1	-11.8626472135685
chr9	61733461	31	45	1.08989538941107	0.133	C>T	2	6	1	-10.6729293763781
chr9	63787472	45	78	1.07944902563947	0.103	G>T	2	6	1	-11.8626472135685
chr9	63796922	38	71	1.07944902563947	0.127	A>G	2	6	1	-10.6729293763781
chr9	63853345	38	46	1.07944902563947	0.109	A>T	2	6	1	-11.3701707284707
chr9	63853348	38	48	1.07944902563947	0.104	G>T	2	6	1	-11.8626472135685
chr9	63853371	38	47	1.07944902563947	0.149	C>T	2	6	1	-10.3186573170557
chr9	63877683	44	49	1.07944902563947	0.143	C>A	2	6	1	-10.4555164997729
chr9	63881906	37	50	1.07944902563947	0.2	C>G	2	6	1	-10.7087148910718
chr9	63896147	38	45	1.07944902563947	0.2	T>C	2	6	1	-10.7087148910718
chr9	63896217	38	53	1.07944902563947	0.151	A>G	2	6	1	-10.3186573170557
chr9	63896260	38	55	1.07944902563947	0.164	A>G	2	6	1	-10.2580326952392
chr9	63898676	35	43	1.07944902563947	0.116	C>A	2	6	1	-10.9758789209606
chr9	64476454	40	48	1.07944902563947	0.125	C>G	2	6	1	-10.9758789209606
chr9	65060794	37	47	1.07944902563947	0.106	A>C	2	6	1	-11.3701707284707
chr9	65690975	33	52	1.07944902563947	0.115	A>G	2	6	1	-10.9758789209606
chr9	65956701	44	76	1.07944902563947	0.105	G>A	2	6	1	-11.8626472135685
chr9	65972927	42	43	1.07944902563947	0.116	T>G	2	6	1	-10.9758789209606
chr9	66032129	35	49	1.07944902563947	0.163	G>T	2	6	1	-10.2580326952392
chr9	66032130	35	50	1.07944902563947	0.18	G>T	2	6	1	-10.3508362154199
chr9	66635655	36	45	1.07944902563947	0.111	A>G	2	6	1	-11.3701707284707
chr9	66635658	36	46	1.07944902563947	0.109	T>C	2	6	1	-11.3701707284707
chr9	66635792	36	48	1.07944902563947	0.104	T>C	2	6	1	-11.8626472135685
chr9	67716879	52	40	1.07944902563947	0.175	A>C	2	6	1	-10.3508362154199
chr9	67800961	34	46	1.07944902563947	0.13	T>C	2	6	1	-10.6729293763781
chr9	67809645	29	49	1.07944902563947	0.102	A>G	2	6	1	-11.8626472135685
chr9	67890629	33	40	1.07944902563947	0.125	T>A	2	6	1	-10.9758789209606
chr9	71978932	42	45	1.00662472850373	0.222	G>A	2	6	1	-11.265643021035
chr9	72279052	44	41	1.00662472850373	0.146	A>G	2	6	1	-10.2726192182098
chr9	72766207	48	51	1.00662472850373	0.176	G>T	2	6	1	-10.304798116574
chr9	74204100	31	43	1.00662472850373	0.186	T>C	2	6	1	-10.4519557609103
chr9	75509168	33	51	1.00662472850373	0.235	C>G	2	6	1	-12.097552643637
chr9	81831915	46	50	1.00662472850373	0.36	G>A	2	6	2	-10.6207254534602
chr9	83430517	42	43	1.00662472850373	0.14	A>T	2	6	1	-10.409478400927
chr9	86353504	41	41	1.00662472850373	0.146	C>G	2	6	1	-10.2726192182098
chr9	87414553	47	42	1.00662472850373	0.119	G>A	2	6	1	-10.9298408221148
chr9	87414567	47	42	1.00662472850373	0.143	T>C	2	6	1	-10.409478400927
chr9	89462539	46	41	1.00662472850373	0.171	G>A	2	6	1	-10.2238290540403
chr9	89730387	50	44	1.00662472850373	0.159	G>A	2	6	1	-10.2119945963933
chr9	89821144	40	42	1.00662472850373	0.167	G>A	2	6	1	-10.2238290540403
chr9	90216763	49	41	1.00662472850373	0.171	C>T	2	6	1	-10.2238290540403
chr9	90484271	39	47	1.00662472850373	0.319	A>G	2	6	2	-10.4746439816814
chr9	90584724	53	52	1.00662472850373	0.173	G>T	2	6	1	-10.2238290540403
chr9	92079162	46	49	1.00662472850373	0.143	G>T	2	6	1	-10.409478400927
chr9	93352366	43	40	1.00662472850373	0.275	A>G	2	6	2	-11.0557866832121
chr9	94742785	44	41	1.00352508447179	0.171	C>A	2	6	1	-10.2238290540403
chr9	95423028	42	40	1.00352508447179	0.15	T>A	2	6	1	-10.2726192182098
chr9	95553729	61	47	1.00352508447179	0.128	T>C	2	6	1	-10.6268912775322
chr9	96662091	41	42	1.00352508447179	0.19	C>T	2	6	1	-10.4519557609103
chr9	98279301	49	43	1.00352508447179	0.116	C>T	2	6	1	-10.9298408221148
chr9	100915871	50	42	1.00352508447179	0.167	G>C	2	6	1	-10.2238290540403
chr9	102000601	38	45	1.00352508447179	0.178	G>T	2	6	1	-10.304798116574
chr9	103057328	29	49	1.00352508447179	0.184	A>G	2	6	1	-10.304798116574
chr9	106947135	40	41	1.00352508447179	0.146	A>T	2	6	1	-10.2726192182098
chr9	109714010	44	46	1.00352508447179	0.174	C>T	2	6	1	-10.2238290540403
chr9	111641938	82	45	1.00352508447179	0.111	G>C	2	6	1	-11.3241326296248
chr9	112277941	40	42	1.00352508447179	0.262	C>T	2	6	2	-11.6359754802652
chr9	113096809	44	46	1.00352508447179	0.261	T>C	2	6	2	-11.6359754802652
chr9	114795112	36	45	1.00352508447179	0.467	A>G	2	6	3	-10.6815910276531
chr9	117100355	37	47	1.00352508447179	0.255	A>C	2	6	2	-11.6359754802652
chr9	117561214	38	53	1.00352508447179	0.113	G>T	2	6	1	-11.3241326296248
chr9	118887588	37	48	1.00352508447179	0.167	T>C	2	6	1	-10.2238290540403
chr9	119844558	44	41	1.00352508447179	0.195	A>G	2	6	1	-10.662676792226
chr9	119977123	46	47	1.00352508447179	0.149	G>A	2	6	1	-10.2726192182098
chr9	122738978	40	40	1.00352508447179	0.1	A>G	2	6	1	-11.8166091147226
chr9	123263906	40	40	1.00352508447179	0.225	G>A	2	6	1	-11.265643021035
chr9	128138690	65	45	1.00352508447179	0.111	G>A	2	6	1	-11.3241326296248
chr9	128138700	65	45	1.00352508447179	0.111	G>C	2	6	1	-11.3241326296248
chr9	128138705	65	42	1.00352508447179	0.119	A>C	2	6	1	-10.9298408221148
chr9	128138714	65	40	1.00352508447179	0.15	A>C	2	6	1	-10.2726192182098
chr9	128882378	66	46	1.00352508447179	0.109	C>A	2	6	1	-11.3241326296248
chr9	130955131	53	43	0.983272216659833	0.116	C>T	2	6	1	-10.9298408221148
chr9	131163502	42	54	0.983272216659833	0.148	C>G	2	6	1	-10.2726192182098
chr9	132442413	46	40	0.983272216659833	0.125	T>A	2	6	1	-10.9298408221148
chr9	135005965	42	46	0.983272216659833	0.13	T>A	2	6	1	-10.6268912775322
chr9	135043632	49	40	0.983272216659833	0.15	A>G	2	6	1	-10.2726192182098
chr9	137799040	62	41	0.983272216659833	0.22	G>A	2	6	1	-11.265643021035
chr9	137799054	62	40	0.983272216659833	0.25	T>C	2	6	2	-12.0022198752201
chr9	138221762	53	42	0.983272216659833	0.19	A>G	2	6	1	-10.4519557609103
chr9	138221789	53	44	0.983272216659833	0.205	G>A	2	6	1	-10.662676792226
chr10	376242	50	48	0.988788388128383	0.188	G>C	2	6	1	-10.4519557609103
chr10	754468	37	41	0.988788388128383	0.171	G>A	2	6	1	-10.2238290540403
chr10	1225543	41	46	0.988788388128383	0.152	C>T	2	6	1	-10.2726192182098
chr10	1558826	60	42	0.988788388128383	0.167	A>G	2	6	1	-10.2238290540403
chr10	1607900	50	49	0.988788388128383	0.143	T>C	2	6	1	-10.409478400927
chr10	2345003	33	44	0.98693478676741	0.136	C>T	2	6	1	-10.409478400927
chr10	4700396	35	43	0.98693478676741	0.186	C>A	2	6	1	-10.4519557609103
chr10	8342674	38	40	0.98693478676741	0.1	A>T	2	6	1	-11.8166091147226
chr10	9572090	46	41	0.98693478676741	0.707	G>A	2	6	4	-10.8395635747424
chr10	10971988	45	47	0.98693478676741	0.106	A>G	2	6	1	-11.3241326296248
chr10	11369642	46	48	0.98693478676741	0.125	C>T	2	6	1	-10.9298408221148
chr10	11702792	52	41	0.98693478676741	0.293	C>T	2	6	2	-10.8395635747424
chr10	13936573	42	50	0.98693478676741	0.4	T>C	2	6	2	-11.4542332893445
chr10	13936612	42	41	0.98693478676741	0.317	G>A	2	6	2	-10.4746439816814
chr10	16091983	37	51	0.98693478676741	0.157	A>G	2	6	1	-10.2119945963933
chr10	18299232	41	43	1.00607289441686	0.349	T>G	2	6	2	-10.5184466043397
chr10	18444555	41	40	1.00607289441686	0.15	G>T	2	6	1	-10.2726192182098
chr10	18982147	36	45	1.00607289441686	0.222	A>G	2	6	1	-11.265643021035
chr10	27331211	43	51	1.0454130163763	0.137	A>G	2	6	1	-10.4126870537626
chr10	27331216	43	50	1.0454130163763	0.14	C>T	2	6	1	-10.4126870537626
chr10	27331219	43	49	1.0454130163763	0.143	G>A	2	6	1	-10.4126870537626
chr10	27331222	43	49	1.0454130163763	0.122	C>T	2	6	1	-10.9330494749504
chr10	27331223	43	52	1.0454130163763	0.135	C>T	2	6	1	-10.4126870537626
chr10	27331235	43	51	1.0454130163763	0.137	A>T	2	6	1	-10.4126870537626
chr10	27331263	43	60	1.0454130163763	0.117	C>G	2	6	1	-10.9330494749504
chr10	27331298	43	60	1.0454130163763	0.117	A>G	2	6	1	-10.9330494749504
chr10	27331307	43	64	1.0454130163763	0.109	G>A	2	6	1	-11.3273412824604
chr10	27331313	43	65	1.0454130163763	0.108	A>G	2	6	1	-11.3273412824604
chr10	30985583	36	45	1.03679030824703	0.2	T>G	2	6	1	-10.6658854450616
chr10	31370888	35	43	1.03679030824703	0.14	A>G	2	6	1	-10.4126870537626
chr10	31879706	37	44	1.03679030824703	0.273	A>G	2	6	2	-11.3241030864609
chr10	32740480	34	50	1.03679030824703	0.4	C>A	2	6	2	-11.4574419421802
chr10	34403153	36	45	1.03679030824703	0.111	A>G	2	6	1	-11.3273412824604
chr10	35792838	43	42	1.03679030824703	0.286	T>G	2	6	2	-10.8427722275781
chr10	36406892	39	45	1.03679030824703	0.244	G>A	2	6	1	-12.1007612964726
chr10	37309998	37	40	1.04406777296417	0.25	G>T	2	6	2	-12.0054285280557
chr10	37601647	37	40	1.04406777296417	0.275	C>A	2	6	2	-11.0589953360477
chr10	38517352	41	41	1.04406777296417	0.122	A>G	2	6	1	-10.9330494749504
chr10	38615026	42	40	1.04406777296417	0.1	C>T	2	6	1	-11.8198177675582
chr10	38623810	37	44	1.04406777296417	0.114	G>A	2	6	1	-11.3273412824604
chr10	38623999	36	48	1.04406777296417	0.104	G>T	2	6	1	-11.8198177675582
chr10	38634628	44	46	1.04406777296417	0.152	A>G	2	6	1	-10.2758278710454
chr10	38643136	38	53	1.04406777296417	0.113	C>T	2	6	1	-11.3273412824604
chr10	38660261	41	42	1.04406777296417	0.119	G>A	2	6	1	-10.9330494749504
chr10	38660280	41	40	1.04406777296417	0.125	G>T	2	6	1	-10.9330494749504
chr10	38660301	41	41	1.04406777296417	0.122	A>G	2	6	1	-10.9330494749504
chr10	38715397	42	48	1.04406777296417	0.104	C>A	2	6	1	-11.8198177675582
chr10	38729164	49	40	1.04406777296417	0.15	G>T	2	6	1	-10.2758278710454
chr10	38773799	37	46	1.04406777296417	0.152	T>A	2	6	1	-10.2758278710454
chr10	38924039	40	47	1.02494706119552	0.106	A>T	2	6	1	-11.3273412824604
chr10	38924068	40	49	1.02494706119552	0.102	G>C	2	6	1	-11.8198177675582
chr10	38924105	40	49	1.02494706119552	0.102	T>A	2	6	1	-11.8198177675582
chr10	38966699	32	60	1.02494706119552	0.133	T>G	2	6	1	-10.6300999303678
chr10	38966955	32	51	1.02494706119552	0.118	T>C	2	6	1	-10.9330494749504
chr10	38966976	32	52	1.02494706119552	0.115	T>C	2	6	1	-10.9330494749504
chr10	38966990	32	53	1.02494706119552	0.113	T>C	2	6	1	-11.3273412824604
chr10	38967002	42	54	1.02494706119552	0.111	G>T	2	6	1	-11.3273412824604
chr10	39038815	34	41	1.03712463047239	0.171	A>C	2	6	1	-10.227037706876
chr10	39170485	37	41	1.03712463047239	0.146	A>T	2	6	1	-10.2758278710454
chr10	39445043	36	45	1.03712463047239	0.111	C>A	2	6	1	-11.3273412824604
chr10	39506067	37	41	1.05472172170043	0.341	G>A	2	6	2	-10.4628147571524
chr10	41553303	37	54	1.02850882249125	0.148	C>T	2	6	1	-10.2758278710454
chr10	41558586	38	55	1.02850882249125	0.127	C>T	2	6	1	-10.6300999303678
chr10	41710276	37	49	1.04283638759122	0.224	C>G	2	6	1	-11.2688516738706
chr10	41710277	37	52	1.04283638759122	0.231	G>T	2	6	1	-11.6570749755443
chr10	41710278	37	52	1.04283638759122	0.231	A>G	2	6	1	-11.6570749755443
chr10	41857618	41	49	0.97779904121774	0.204	A>G	2	6	1	-10.6990733939827
chr10	41868515	41	45	0.97779904121774	0.111	G>T	2	6	1	-11.3605292313815
chr10	41874804	41	68	0.97779904121774	0.103	T>A	2	6	1	-11.8530057164793
chr10	41885273	40	40	0.97779904121774	0.1	C>T	2	6	1	-11.8530057164793
chr10	41891137	41	42	0.97779904121774	0.143	A>T	2	6	1	-10.4458750026837
chr10	41910218	40	67	0.97779904121774	0.104	A>G	2	6	1	-11.8530057164793
chr10	42091914	37	65	0.97779904121774	0.215	G>A	2	6	1	-11.3020396227917
chr10	42139786	30	44	1.00894552522485	0.114	C>G	2	6	1	-11.3241326296248
chr10	42163924	30	45	1.00894552522485	0.156	A>G	2	6	1	-10.2119945963933
chr10	42164082	31	43	1.00894552522485	0.116	A>G	2	6	1	-10.9298408221148
chr10	42164303	31	50	1.00894552522485	0.1	G>A	2	6	1	-11.8166091147226
chr10	42201105	34	44	1.06986138088763	0.114	A>C	2	6	1	-11.3701707284707
chr10	42201113	34	45	1.06986138088763	0.111	A>G	2	6	1	-11.3701707284707
chr10	42201146	34	44	1.06986138088763	0.114	T>A	2	6	1	-11.3701707284707
chr10	42202853	37	40	1.06986138088763	0.1	G>A	2	6	1	-11.8626472135685
chr10	42234598	65	67	1.06986138088763	0.119	C>T	2	6	1	-10.9758789209606
chr10	42252606	41	47	1.06986138088763	0.17	A>C	2	6	1	-10.2698671528862
chr10	42280763	42	48	1.06986138088763	0.125	T>C	2	6	1	-10.9758789209606
chr10	42280775	42	47	1.06986138088763	0.17	C>T	2	6	1	-10.2698671528862
chr10	42416967	39	40	1.04937841567854	0.15	G>T	2	6	1	-10.2758278710454
chr10	43172969	44	44	1.04937841567854	0.159	G>A	2	6	1	-10.215203249229
chr10	44402899	40	52	1.04937841567854	0.135	C>T	2	6	1	-10.4126870537626
chr10	44859814	50	51	1.04937841567854	0.216	C>A	2	6	1	-11.2688516738706
chr10	45399531	32	47	1.04937841567854	0.17	C>T	2	6	1	-10.227037706876
chr10	46335133	44	42	1.05310134624775	0.167	C>T	2	6	1	-10.227037706876
chr10	46362495	42	55	1.05310134624775	0.164	T>C	2	6	1	-10.215203249229
chr10	56786307	35	40	1.04860589916555	0.1	A>G	2	6	1	-11.8198177675582
chr10	59117315	32	52	1.04860589916555	0.192	T>A	2	6	1	-10.4551644137459
chr10	59168772	34	40	1.04860589916555	0.175	C>A	2	6	1	-10.3080067694096
chr10	61291470	43	46	1.04860589916555	0.109	G>A	2	6	1	-11.3273412824604
chr10	64466954	35	45	1.04860589916555	0.156	G>A	2	6	1	-10.215203249229
chr10	64497290	36	49	1.04860589916555	0.204	G>T	2	6	1	-10.6658854450616
chr10	68745827	47	43	1.04860589916555	0.116	T>A	2	6	1	-10.9330494749504
chr10	71941327	36	47	1.04860589916555	0.34	G>A	2	6	2	-10.4628147571524
chr10	73674502	49	48	1.04860589916555	0.146	T>A	2	6	1	-10.2758278710454
chr10	74829586	46	45	1.04860589916555	0.178	A>G	2	6	1	-10.3080067694096
chr10	80659631	50	49	1.0453644581184	0.367	A>G	2	6	2	-10.7691161161403
chr10	84032167	41	42	1.01097286980097	0.286	C>T	2	6	2	-10.8395635747424
chr10	84382563	33	42	1.01097286980097	0.19	T>G	2	6	1	-10.4519557609103
chr10	98469601	43	53	1.01097286980097	0.17	C>G	2	6	1	-10.2238290540403
chr10	106023290	40	41	1.01097286980097	0.293	A>C	2	6	2	-10.8395635747424
chr10	115114669	35	43	1.01097286980097	0.349	G>A	2	6	2	-10.5184466043397
chr10	115705779	32	47	1.01097286980097	0.489	A>G	2	6	3	-10.5230767045381
chr10	122653794	34	44	1.01097286980097	0.273	T>C	2	6	2	-11.3208944336253
chr10	128422938	48	49	1.01097286980097	0.163	C>T	2	6	1	-10.2119945963933
chr10	133051651	55	44	1.01097286980097	0.136	A>T	2	6	1	-10.409478400927
chr10	133657879	50	42	1.01097286980097	0.143	G>A	2	6	1	-10.409478400927
chr10	133688792	48	73	1.01097286980097	0.11	C>A	2	6	1	-11.3241326296248
chr10	133689246	48	59	1.01097286980097	0.153	C>T	2	6	1	-10.2726192182098
chr11	1670680	56	78	0.917688658806456	0.103	G>A	2	5	1	-13.7546301922706
chr11	13337370	31	41	0.917688658806456	0.244	C>A	2	5	1	-10.911564002786
chr11	21030874	37	41	0.917688658806456	0.317	T>C	2	5	2	-11.8921263676715
chr11	22382759	36	45	0.917688658806456	0.267	G>A	2	5	1	-11.8909697680129
chr11	26331678	42	42	0.917688658806456	0.19	C>G	2	5	1	-10.3816848766304
chr11	30037232	39	40	0.917688658806456	0.125	C>A	2	5	1	-12.4215747970343
chr11	30172376	40	40	0.917688658806456	0.125	C>T	2	5	1	-12.4215747970343
chr11	35507546	40	41	0.917688658806456	0.293	A>G	2	5	1	-12.7959332702499
chr11	37274811	27	40	0.917688658806456	0.325	C>T	2	5	2	-11.8921263676715
chr11	48872914	37	46	0.917688658806456	0.152	C>A	2	5	1	-11.0949225391867
chr11	48872918	37	45	0.917688658806456	0.133	G>T	2	5	1	-11.8954817011375
chr11	48872921	37	47	0.917688658806456	0.128	A>T	2	5	1	-11.8954817011375
chr11	48872925	37	45	0.917688658806456	0.133	G>T	2	5	1	-11.8954817011375
chr11	48872934	37	43	0.917688658806456	0.116	A>G	2	5	1	-12.4215747970343
chr11	48872937	37	42	0.917688658806456	0.143	C>G	2	5	1	-11.4549252732181
chr11	48872938	37	44	0.917688658806456	0.136	A>G	2	5	1	-11.4549252732181
chr11	48931938	38	40	0.917688658806456	0.1	T>C	2	5	1	-13.7546301922706
chr11	54382388	41	48	0.842767506771975	0.104	G>T	2	5	1	-13.6611023751022
chr11	54828213	36	50	0.971490724731747	0.22	C>G	2	6	1	-11.3020396227917
chr11	56698800	38	43	0.923480493103553	0.186	C>A	2	5	1	-10.3816848766304
chr11	56698801	38	42	0.923480493103553	0.167	A>G	2	5	1	-10.5998452723888
chr11	71687625	50	44	0.919921527740442	0.114	T>A	2	5	1	-13.0390101558586
chr11	74842509	44	47	0.919921527740442	0.191	G>C	2	5	1	-10.3816848766304
chr11	96504593	46	41	0.919921527740442	0.146	A>G	2	5	1	-11.0949225391867
chr12	2255973	46	47	0.920367762810424	0.149	C>T	2	5	1	-11.0949225391867
chr12	2255982	46	41	0.920367762810424	0.171	G>T	2	5	1	-10.5998452723888
chr12	2534039	51	47	0.920367762810424	0.106	G>T	2	5	1	-13.0390101558586
chr12	4035055	42	43	0.920367762810424	0.116	T>C	2	5	1	-12.4215747970343
chr12	4272952	63	45	0.920367762810424	0.156	G>T	2	5	1	-10.811154366056
chr12	5567158	46	43	0.920367762810424	0.256	C>A	2	5	1	-11.5129036340929
chr12	10380574	50	47	0.920367762810424	0.106	C>T	2	5	1	-13.0390101558586
chr12	11053681	34	59	0.920367762810424	0.119	T>G	2	5	1	-12.4215747970343
chr12	11122023	33	41	0.988170197686919	0.146	G>A	2	6	1	-10.2726192182098
chr12	12527845	38	40	0.930320888628763	0.1	C>T	2	5	1	-13.7546301922706
chr12	13543394	42	41	0.930320888628763	0.22	C>T	2	5	1	-10.5259414828124
chr12	19734773	56	41	0.930320888628763	0.122	C>T	2	5	1	-12.4215747970343
chr12	24582535	33	40	0.930320888628763	0.25	T>A	2	5	1	-11.1860008484878
chr12	24674599	40	40	0.930320888628763	0.3	T>A	2	5	2	-12.664074790817
chr12	26943901	39	45	0.930320888628763	0.4	T>A	2	5	2	-10.5702590957205
chr12	35058829	38	68	0.930320888628763	0.118	C>G	2	5	1	-12.4215747970343
chr12	35551934	39	49	0.928464285872789	0.143	G>C	2	5	1	-11.4549252732181
chr12	35655158	38	60	0.928464285872789	0.1	C>G	2	5	1	-13.7546301922706
chr12	35736196	39	40	0.928464285872789	0.125	G>A	2	5	1	-12.4215747970343
chr12	35947701	39	43	0.928464285872789	0.116	T>G	2	5	1	-12.4215747970343
chr12	41476340	40	40	0.928464285872789	0.25	G>T	2	5	1	-11.1860008484878
chr12	52742380	61	40	0.937300949189002	0.15	T>C	2	5	1	-11.0949225391867
chr12	57988943	35	42	0.937300949189002	0.262	G>A	2	5	1	-11.5129036340929
chr12	72509999	38	53	0.937300949189002	0.283	G>T	2	5	1	-12.3190091981596
chr12	72820950	40	42	0.937300949189002	0.19	A>T	2	5	1	-10.3816848766304
chr12	74279865	46	44	0.937300949189002	0.273	T>G	2	5	1	-11.8909697680129
chr12	77740271	35	47	0.937300949189002	0.17	T>G	2	5	1	-10.5998452723888
chr12	82794422	41	40	0.937300949189002	0.3	A>G	2	5	2	-12.664074790817
chr12	95311382	36	41	0.937300949189002	0.244	G>T	2	5	1	-10.911564002786
chr12	97600136	36	40	0.937300949189002	0.125	G>A	2	5	1	-12.4215747970343
chr12	109473141	48	44	0.937300949189002	0.295	A>T	2	5	2	-12.664074790817
chr12	113726052	52	42	0.937300949189002	0.262	G>T	2	5	1	-11.5129036340929
chr12	119865420	41	41	0.937300949189002	0.293	C>T	2	5	1	-12.7959332702499
chr12	128638941	44	45	0.937300949189002	0.156	G>A	2	5	1	-10.811154366056
chr12	128790843	47	40	0.937300949189002	0.175	T>A	2	5	1	-10.4576707836083
chr12	130393029	45	46	0.795542898982411	0.196	G>A	2	5	1	-10.3416603645048
chr13	16164504	34	56	0.87692862041089	0.107	G>T	2	5	1	-12.9723734761694
chr13	16337858	39	70	1.03655243388626	0.243	C>A	2	6	1	-12.1007612964726
chr13	16361206	39	57	1.03655243388626	0.211	A>T	2	6	1	-10.9378191605452
chr13	16489714	39	49	1.03655243388626	0.122	G>C	2	6	1	-10.9330494749504
chr13	16489715	39	47	1.03655243388626	0.106	G>C	2	6	1	-11.3273412824604
chr13	16957397	39	52	1.03655243388626	0.115	A>T	2	6	1	-10.9330494749504
chr13	16957401	39	47	1.03655243388626	0.106	C>A	2	6	1	-11.3273412824604
chr13	17098559	39	71	1.03655243388626	0.127	C>A	2	6	1	-10.6300999303678
chr13	17129816	38	52	1.03655243388626	0.269	G>C	2	6	2	-11.3241030864609
chr13	17333153	39	54	1.03655243388626	0.13	T>C	2	6	1	-10.6300999303678
chr13	17666619	38	45	1.03655243388626	0.111	G>C	2	6	1	-11.3273412824604
chr13	17803612	39	51	0.911667009531983	0.118	G>T	2	5	1	-12.4215747970343
chr13	22962033	60	49	0.890031980587234	0.122	C>A	2	5	1	-12.3549381173451
chr13	34181611	48	44	0.894602776461249	0.318	C>T	2	5	2	-11.8254896879824
chr13	34181613	48	42	0.894602776461249	0.31	G>A	2	5	2	-12.1883951816717
chr13	34181618	48	42	0.894602776461249	0.167	G>T	2	5	1	-10.5332085926997
chr13	34181646	48	43	0.894602776461249	0.279	C>A	2	5	1	-12.2523725184704
chr13	39041648	29	41	1.01956906888715	0.341	A>G	2	6	2	-10.4596061043168
chr13	39547290	37	46	1.01956906888715	0.283	T>G	2	6	2	-11.0557866832121
chr13	43518307	36	41	1.01956906888715	0.146	G>A	2	6	1	-10.2726192182098
chr13	51527093	45	42	1.01956906888715	0.119	A>T	2	6	1	-10.9298408221148
chr13	51527097	45	43	1.01956906888715	0.116	C>G	2	6	1	-10.9298408221148
chr13	51527102	45	42	1.01956906888715	0.119	A>T	2	6	1	-10.9298408221148
chr13	51527127	45	43	1.01956906888715	0.163	C>T	2	6	1	-10.2119945963933
chr13	51824217	43	40	1.01956906888715	0.225	G>T	2	6	1	-11.265643021035
chr13	55656205	44	42	1.01956906888715	0.238	T>C	2	6	1	-12.097552643637
chr13	56773371	35	41	1.01956906888715	0.268	T>A	2	6	2	-11.3208944336253
chr13	63043378	30	81	1.01956906888715	0.123	T>G	2	6	1	-10.9298408221148
chr13	63062678	33	51	1.01956906888715	0.196	A>T	2	6	1	-10.662676792226
chr13	63062683	33	47	1.01956906888715	0.213	G>T	2	6	1	-10.9346105077096
chr13	63062695	33	48	1.01956906888715	0.188	T>C	2	6	1	-10.4519557609103
chr13	63062719	33	42	1.01956906888715	0.19	A>C	2	6	1	-10.4519557609103
chr13	63062731	33	40	1.01956906888715	0.175	A>G	2	6	1	-10.304798116574
chr13	63062732	33	40	1.01956906888715	0.175	T>C	2	6	1	-10.304798116574
chr13	69950850	32	40	1.01956906888715	0.325	C>A	2	6	2	-10.4746439816814
chr13	77773809	40	43	1.01956906888715	0.163	C>A	2	6	1	-10.2119945963933
chr13	84581209	39	42	1.01956906888715	0.333	G>A	2	6	2	-10.4447910185317
chr13	91623851	39	40	1.01956906888715	0.35	G>A	2	6	2	-10.5184466043397
chr13	103864044	41	45	1.01956906888715	0.133	G>T	2	6	1	-10.6268912775322
chr13	114199746	76	42	1.01956906888715	0.143	C>T	2	6	1	-10.409478400927
chr14	19443082	41	42	0.871348129999267	0.19	G>A	2	5	1	-10.3150481969412
chr14	53519924	42	42	1.18239979607391	0.19	C>T	2	7	1	-11.0936903543736
chr14	73824735	44	41	0.760765644524843	0.146	G>A	2	4	1	-13.2726104737597
chr14	73979394	45	48	0.696453438873095	0.104	C>T	2	4	1	-17.2320969422825
chr14	76651755	47	63	1.06174065693936	0.206	C>T	2	6	1	-10.9378191605452
chr14	77231229	48	42	1.06174065693936	0.714	A>G	2	6	4	-10.8427722275781
chr14	79748675	41	42	1.07351214796448	0.31	G>C	2	6	2	-10.5959055017648
chr14	82397516	38	43	0.894078452943906	0.116	G>T	2	5	1	-12.3549381173451
chr14	82893591	40	56	0.894078452943906	0.214	C>T	2	5	1	-10.3514158411121
chr14	85259897	42	41	1.09138713236215	0.293	G>A	2	6	2	-10.8856016735883
chr14	85912847	41	43	1.09138713236215	0.279	G>A	2	6	2	-11.1018247820579
chr14	98904364	46	42	0.839298639535834	0.214	G>T	2	5	1	-10.3245247036329
chr14	105663416	62	46	0.839298639535834	0.152	G>A	2	5	1	-11.0013947220183
chr14	105663572	62	55	0.839298639535834	0.164	G>T	2	5	1	-10.7176265488877
chr14	105700422	59	50	0.839298639535834	0.32	G>A	2	5	2	-11.7985985505032
chr15	17032385	36	68	1.03076263117694	0.103	A>T	2	6	1	-11.8198177675582
chr15	17059607	35	40	1.03076263117694	0.125	C>T	2	6	1	-10.9330494749504
chr15	17080900	42	47	1.03076263117694	0.106	T>G	2	6	1	-11.3273412824604
chr15	17083285	40	42	1.03076263117694	0.119	G>A	2	6	1	-10.9330494749504
chr15	19430066	38	59	1.07525110517603	0.136	C>G	2	6	1	-10.4555164997729
chr15	19820575	37	43	1.07525110517603	0.14	G>C	2	6	1	-10.4555164997729
chr15	20032000	36	40	1.07525110517603	0.175	T>C	2	6	1	-10.3508362154199
chr15	20309821	29	61	1.07525110517603	0.115	A>G	2	6	1	-10.9758789209606
chr15	20343961	66	53	1.07525110517603	0.113	A>G	2	6	1	-11.3701707284707
chr15	20414063	38	73	1.07525110517603	0.219	A>G	2	6	1	-11.3116811198809
chr15	20677851	31	58	1.07525110517603	0.155	A>G	2	6	1	-10.2580326952392
chr15	20678047	27	65	1.07525110517603	0.123	G>C	2	6	1	-10.9758789209606
chr15	21045926	45	45	1.07525110517603	0.178	G>T	2	6	1	-10.3508362154199
chr15	23201308	44	50	1.00805325718693	0.12	C>T	2	6	1	-10.9298408221148
chr15	23440766	58	48	1.00805325718693	0.104	G>C	2	6	1	-11.8166091147226
chr15	24545818	29	40	1.00805325718693	0.125	A>G	2	6	1	-10.9298408221148
chr15	24545829	29	44	1.00805325718693	0.114	A>C	2	6	1	-11.3241326296248
chr15	24556312	48	40	1.00805325718693	0.175	T>G	2	6	1	-10.304798116574
chr15	31992779	47	43	1.02998264439936	0.302	G>A	2	6	2	-10.6744369127588
chr15	34729672	38	44	1.0217060174751	0.114	C>A	2	6	1	-11.3273412824604
chr15	35605724	35	42	1.0217060174751	0.167	C>A	2	6	1	-10.227037706876
chr15	38712736	44	46	1.0217060174751	0.609	G>T	2	6	4	-11.1862891716796
chr15	40171109	43	43	1.0217060174751	0.14	T>A	2	6	1	-10.4126870537626
chr15	44493646	38	46	1.0217060174751	0.239	A>G	2	6	1	-12.1007612964726
chr15	46414707	38	41	1.01301746609627	0.146	G>C	2	6	1	-10.2726192182098
chr15	54607237	37	45	1.01301746609627	0.133	G>T	2	6	1	-10.6268912775322
chr15	54607238	37	46	1.01301746609627	0.13	A>T	2	6	1	-10.6268912775322
chr15	56587223	39	41	1.01301746609627	0.146	G>A	2	6	1	-10.2726192182098
chr15	65557432	41	54	1.01301746609627	0.37	G>A	2	6	2	-10.7659074633047
chr15	68134947	72	40	1.01301746609627	0.125	C>T	2	6	1	-10.9298408221148
chr15	68471166	47	50	1.01301746609627	0.34	C>T	2	6	2	-10.4596061043168
chr15	69928613	49	40	1.01301746609627	0.375	A>T	2	6	2	-10.9535060771995
chr15	76156661	52	48	1.02164956776388	0.271	G>T	2	6	2	-11.3241030864609
chr15	80419230	52	43	1.02164956776388	0.14	G>T	2	6	1	-10.4126870537626
chr15	85258351	63	45	1.02164956776388	0.156	C>A	2	6	1	-10.215203249229
chr15	86524288	40	44	1.02164956776388	0.114	G>C	2	6	1	-11.3273412824604
chr16	1025645	63	45	1.01975748647329	0.111	T>C	2	6	1	-11.3241326296248
chr16	2880212	52	43	1.01975748647329	0.116	T>A	2	6	1	-10.9298408221148
chr16	9516467	45	45	1.01975748647329	0.111	T>G	2	6	1	-11.3241326296248
chr16	14970752	43	43	1.01975748647329	0.116	T>G	2	6	1	-10.9298408221148
chr16	15024354	49	48	1.01975748647329	0.354	T>C	2	6	2	-10.5184466043397
chr16	19499245	42	46	1.01975748647329	0.109	C>G	2	6	1	-11.3241326296248
chr16	22574999	50	61	1.01975748647329	0.148	A>G	2	6	1	-10.2726192182098
chr16	22575010	44	69	1.01975748647329	0.159	G>A	2	6	1	-10.2119945963933
chr16	27994774	43	40	1.01975748647329	0.175	G>T	2	6	1	-10.304798116574
chr16	31104840	74	87	1.01975748647329	0.126	G>A	2	6	1	-10.6268912775322
chr16	32107346	36	51	1.01975748647329	0.118	T>C	2	6	1	-10.9298408221148
chr16	32458721	39	44	1.01975748647329	0.25	G>T	2	6	2	-12.0022198752201
chr16	32458748	39	44	1.01975748647329	0.25	A>T	2	6	2	-12.0022198752201
chr16	32458849	39	43	1.01975748647329	0.186	G>A	2	6	1	-10.4519557609103
chr16	32834087	40	55	1.01975748647329	0.182	A>G	2	6	1	-10.304798116574
chr16	33072069	29	56	1.01975748647329	0.143	A>C	2	6	1	-10.409478400927
chr16	33072094	29	51	1.01975748647329	0.157	A>C	2	6	1	-10.2119945963933
chr16	33072112	29	52	1.01975748647329	0.154	A>G	2	6	1	-10.2726192182098
chr16	33729180	29	44	1.01975748647329	0.136	C>A	2	6	1	-10.409478400927
chr16	33729191	29	42	1.01975748647329	0.167	G>C	2	6	1	-10.2238290540403
chr16	34171546	35	47	1.08282605363315	0.213	G>T	2	6	1	-10.9806486065555
chr16	34581870	36	56	1.07740121357119	0.143	A>T	2	6	1	-10.4555164997729
chr16	34604724	36	50	1.07740121357119	0.1	C>A	2	6	1	-11.8626472135685
chr16	34604734	36	48	1.07740121357119	0.104	T>A	2	6	1	-11.8626472135685
chr16	34604753	36	50	1.07740121357119	0.12	C>G	2	6	1	-10.9758789209606
chr16	34604781	36	47	1.07740121357119	0.128	A>T	2	6	1	-10.6729293763781
chr16	34604782	36	45	1.07740121357119	0.133	G>T	2	6	1	-10.6729293763781
chr16	34604794	36	50	1.07740121357119	0.12	C>T	2	6	1	-10.9758789209606
chr16	34604805	36	51	1.07740121357119	0.118	G>T	2	6	1	-10.9758789209606
chr16	34620733	38	81	1.07740121357119	0.111	A>T	2	6	1	-11.3701707284707
chr16	34631740	38	58	1.07740121357119	0.121	A>C	2	6	1	-10.9758789209606
chr16	34712393	34	55	1.07740121357119	0.109	C>T	2	6	1	-11.3701707284707
chr16	34712395	34	50	1.07740121357119	0.12	A>T	2	6	1	-10.9758789209606
chr16	34712408	34	56	1.07740121357119	0.125	G>A	2	6	1	-10.9758789209606
chr16	34712410	34	57	1.07740121357119	0.123	G>C	2	6	1	-10.9758789209606
chr16	34712420	34	63	1.07740121357119	0.111	A>G	2	6	1	-11.3701707284707
chr16	34712431	34	63	1.07740121357119	0.111	T>A	2	6	1	-11.3701707284707
chr16	34748903	36	44	1.07740121357119	0.114	C>A	2	6	1	-11.3701707284707
chr16	34748906	36	44	1.07740121357119	0.114	T>G	2	6	1	-11.3701707284707
chr16	34748907	36	42	1.07740121357119	0.119	C>T	2	6	1	-10.9758789209606
chr16	34798058	31	99	1.33684784031582	0.101	A>T	2	8	1	-10.2951985976617
chr16	35518715	43	46	1.32787429616457	0.109	A>G	2	8	1	-10.1391943491851
chr16	36098783	39	50	1.32787429616457	0.1	T>A	2	8	1	-10.2951985976617
chr16	36120115	31	53	1.32787429616457	0.132	A>G	2	8	1	-10.114897470335
chr16	36123541	34	60	1.32787429616457	0.1	A>C	2	8	1	-10.2951985976617
chr16	37738066	40	41	1.13674521187923	0.171	G>T	2	7	1	-10.5328287433494
chr16	46405262	35	59	1.04923117710348	0.102	A>T	2	6	1	-11.8198177675582
chr16	46405293	35	56	1.04923117710348	0.107	G>A	2	6	1	-11.3273412824604
chr16	46405302	35	59	1.04923117710348	0.102	G>C	2	6	1	-11.8198177675582
chr16	46409765	36	52	1.04923117710348	0.135	A>T	2	6	1	-10.4126870537626
chr16	46409779	36	55	1.04923117710348	0.145	A>G	2	6	1	-10.4126870537626
chr16	46409795	36	58	1.04923117710348	0.207	G>A	2	6	1	-10.9378191605452
chr16	46409803	36	57	1.04923117710348	0.211	C>T	2	6	1	-10.9378191605452
chr16	46409810	36	53	1.04923117710348	0.226	G>A	2	6	1	-11.6570749755443
chr16	46409850	36	57	1.04923117710348	0.211	A>C	2	6	1	-10.9378191605452
chr16	46409883	36	58	1.04923117710348	0.207	G>A	2	6	1	-10.9378191605452
chr16	46409892	36	52	1.04923117710348	0.154	T>C	2	6	1	-10.2758278710454
chr16	46409902	36	51	1.04923117710348	0.118	C>T	2	6	1	-10.9330494749504
chr16	46409908	36	50	1.04923117710348	0.1	C>T	2	6	1	-11.8198177675582
chr16	46465621	36	43	1.04923117710348	0.116	T>C	2	6	1	-10.9330494749504
chr16	46465655	36	42	1.04923117710348	0.119	C>T	2	6	1	-10.9330494749504
chr16	46465660	36	44	1.04923117710348	0.114	C>G	2	6	1	-11.3273412824604
chr16	46465669	36	40	1.04923117710348	0.1	T>C	2	6	1	-11.8198177675582
chr16	46465670	36	42	1.04923117710348	0.119	G>A	2	6	1	-10.9330494749504
chr16	50560486	45	41	1.04923117710348	0.122	T>G	2	6	1	-10.9330494749504
chr16	50967509	52	46	1.04923117710348	0.217	C>A	2	6	1	-11.2688516738706
chr16	52025752	38	41	1.04923117710348	0.22	T>C	2	6	1	-11.2688516738706
chr16	52946809	37	40	1.04923117710348	0.225	G>T	2	6	1	-11.2688516738706
chr16	53774544	39	53	1.04923117710348	0.132	C>A	2	6	1	-10.6300999303678
chr16	56641153	45	46	1.07245096580218	0.152	T>G	2	6	1	-10.3186573170557
chr16	57351127	43	40	1.07245096580218	0.1	C>T	2	6	1	-11.8626472135685
chr16	57839638	43	47	1.07245096580218	0.404	C>A	2	6	2	-11.5002713881904
chr16	60445769	33	45	1.07245096580218	0.111	A>G	2	6	1	-11.3701707284707
chr16	61504740	40	42	1.07245096580218	0.238	C>A	2	6	1	-12.1435907424829
chr16	63424135	34	42	1.07245096580218	0.286	G>T	2	6	2	-10.8856016735883
chr16	65723914	44	44	1.07245096580218	0.114	C>A	2	6	1	-11.3701707284707
chr16	70922931	44	41	1.06682674125197	0.22	C>T	2	6	1	-11.3116811198809
chr16	71054177	38	57	1.06682674125197	0.158	C>T	2	6	1	-10.2580326952392
chr16	71102103	30	47	1.06682674125197	0.106	T>A	2	6	1	-11.3701707284707
chr16	72319213	48	45	1.06682674125197	0.111	G>T	2	6	1	-11.3701707284707
chr16	72355040	40	41	1.06682674125197	0.122	A>G	2	6	1	-10.9758789209606
chr16	75655420	38	48	1.06682674125197	0.104	C>A	2	6	1	-11.8626472135685
chr16	83930909	60	54	1.01682757890147	0.111	G>A	2	6	1	-11.3241326296248
chr16	86014005	44	46	1.00583746068816	0.109	C>T	2	6	1	-11.3241326296248
chr16	88942952	57	41	1.00583746068816	0.146	C>T	2	6	1	-10.2726192182098
chr16	89689777	50	40	1.00583746068816	0.4	A>T	2	6	2	-11.4542332893445
chr16	90122045	43	40	1.00583746068816	0.1	G>A	2	6	1	-11.8166091147226
chr17	317074	53	43	1.049	0.14	A>T	2	6	1	-10.4126870537626
chr17	317086	53	43	1.13	0.116	C>A	2	7	1	-10.327232727454
chr17	548491	46	40	1.02568066485043	0.125	C>T	2	6	1	-10.9330494749504
chr17	646519	53	40	1.02568066485043	0.1	G>T	2	6	1	-11.8198177675582
chr17	3458226	37	40	1.04374560046981	0.1	A>G	2	6	1	-11.8198177675582
chr17	5232432	51	49	1.04374560046981	0.102	C>T	2	6	1	-11.8198177675582
chr17	7473653	51	43	1.04374560046981	0.163	C>T	2	6	1	-10.215203249229
chr17	8520572	40	41	1.04374560046981	0.171	A>G	2	6	1	-10.227037706876
chr17	11231827	40	40	1.04374560046981	0.375	G>C	2	6	2	-10.9567147300351
chr17	11618546	46	42	1.04374560046981	0.143	A>T	2	6	1	-10.4126870537626
chr17	11905550	48	45	1.04374560046981	0.178	G>T	2	6	1	-10.3080067694096
chr17	11914067	34	48	1.04374560046981	0.104	A>G	2	6	1	-11.8198177675582
chr17	13216861	32	42	1.04374560046981	0.119	A>G	2	6	1	-10.9330494749504
chr17	13779019	41	51	1.04374560046981	0.137	A>C	2	6	1	-10.4126870537626
chr17	14765100	38	47	1.04374560046981	0.277	A>G	2	6	2	-11.0589953360477
chr17	15036442	42	55	1.04374560046981	0.109	C>T	2	6	1	-11.3273412824604
chr17	15588199	42	46	1.04374560046981	0.152	G>A	2	6	1	-10.2758278710454
chr17	15588242	42	48	1.04374560046981	0.125	G>A	2	6	1	-10.9330494749504
chr17	17334808	45	41	1.04374560046981	0.122	G>T	2	6	1	-10.9330494749504
chr17	18733916	47	41	1.05037526537486	0.171	G>A	2	6	1	-10.227037706876
chr17	21091221	41	45	1.05037526537486	0.133	T>A	2	6	1	-10.6300999303678
chr17	21433818	49	40	1.06875779389889	0.15	A>G	2	6	1	-10.3186573170557
chr17	21442290	43	48	1.06875779389889	0.104	C>A	2	6	1	-11.8626472135685
chr17	21680589	60	53	0.960195398717554	0.113	T>G	2	6	1	-11.3605292313815
chr17	21701615	58	42	1.01374207670536	0.119	A>G	2	6	1	-10.9298408221148
chr17	21722811	53	44	1.01374207670536	0.114	G>A	2	6	1	-11.3241326296248
chr17	21723015	51	53	1.01374207670536	0.151	T>G	2	6	1	-10.2726192182098
chr17	21766370	55	57	1.01374207670536	0.123	T>C	2	6	1	-10.9298408221148
chr17	21766378	55	57	1.01374207670536	0.123	G>A	2	6	1	-10.9298408221148
chr17	21787729	31	46	1.01374207670536	0.109	T>G	2	6	1	-11.3241326296248
chr17	21787731	31	45	1.01374207670536	0.111	C>T	2	6	1	-11.3241326296248
chr17	21787766	31	41	1.01374207670536	0.146	T>C	2	6	1	-10.2726192182098
chr17	21856826	39	41	1.09046632151961	0.146	C>A	2	6	1	-10.3186573170557
chr17	21857773	40	64	1.09046632151961	0.188	G>C	2	6	1	-10.4979938597562
chr17	21859695	38	48	1.09046632151961	0.125	T>G	2	6	1	-10.9758789209606
chr17	21883920	40	55	1.13262806184699	0.127	A>C	2	7	1	-10.2066047396654
chr17	22126501	25	41	1.10848610451297	0.146	A>G	2	7	1	-10.2169757939309
chr17	22126510	25	40	1.10848610451297	0.15	A>G	2	7	1	-10.2169757939309
chr17	26631324	38	45	0.877390223890531	0.156	G>T	2	5	1	-10.7445176863669
chr17	26732856	52	40	1.08658470720594	0.1	C>A	2	6	1	-11.8626472135685
chr17	26748629	41	49	1.08658470720594	0.122	A>G	2	6	1	-10.9758789209606
chr17	26761049	34	55	1.08658470720594	0.109	A>G	2	6	1	-11.3701707284707
chr17	26761085	34	50	1.08658470720594	0.12	A>C	2	6	1	-10.9758789209606
chr17	26761100	34	47	1.08658470720594	0.149	C>T	2	6	1	-10.3186573170557
chr17	26771362	43	43	1.08658470720594	0.116	C>T	2	6	1	-10.9758789209606
chr17	26776267	31	50	1.08658470720594	0.1	T>C	2	6	1	-11.8626472135685
chr17	26809653	36	50	1.08658470720594	0.1	C>A	2	6	1	-11.8626472135685
chr17	26813972	38	40	1.08658470720594	0.125	A>G	2	6	1	-10.9758789209606
chr17	26813990	38	42	1.08658470720594	0.119	A>T	2	6	1	-10.9758789209606
chr17	26879416	45	46	1.02342597058142	0.13	T>C	2	6	1	-10.6300999303678
chr17	26940590	46	56	1.02342597058142	0.196	G>A	2	6	1	-10.6658854450616
chr17	26945148	35	51	1.02342597058142	0.176	T>C	2	6	1	-10.3080067694096
chr17	26945169	35	49	1.02342597058142	0.163	T>C	2	6	1	-10.215203249229
chr17	26945174	35	49	1.02342597058142	0.163	G>A	2	6	1	-10.215203249229
chr17	26945247	35	48	1.02342597058142	0.125	A>G	2	6	1	-10.9330494749504
chr17	26945321	35	41	1.02342597058142	0.146	C>G	2	6	1	-10.2758278710454
chr17	26964499	43	78	1.02342597058142	0.103	A>G	2	6	1	-11.8198177675582
chr17	27007891	38	55	1.02342597058142	0.109	C>G	2	6	1	-11.3273412824604
chr17	27007910	38	49	1.02342597058142	0.102	G>C	2	6	1	-11.8198177675582
chr17	27844153	39	43	1.03600742695546	0.186	G>T	2	6	1	-10.4551644137459
chr17	28239059	44	46	1.03600742695546	0.13	A>G	2	6	1	-10.6300999303678
chr17	31024325	32	45	1.03600742695546	0.222	A>G	2	6	1	-11.2688516738706
chr17	31247976	39	53	1.03600742695546	0.132	G>T	2	6	1	-10.6300999303678
chr17	32063147	52	49	1.03999150761549	0.143	A>G	2	6	1	-10.4126870537626
chr17	33598038	43	51	1.0312509900961	0.118	A>G	2	6	1	-10.9330494749504
chr17	34014737	48	41	1.0312509900961	0.122	G>A	2	6	1	-10.9330494749504
chr17	34014738	48	42	1.0312509900961	0.119	A>C	2	6	1	-10.9330494749504
chr17	34788609	44	47	1.0312509900961	0.17	T>A	2	6	1	-10.227037706876
chr17	35762691	52	40	1.0312509900961	0.275	C>G	2	6	2	-11.0589953360477
chr17	36189453	42	58	1.01230418199172	0.293	G>A	2	6	2	-10.8395635747424
chr17	40465683	51	40	1.01815653348726	0.1	G>A	2	6	1	-11.8166091147226
chr17	41644897	43	43	1.01815653348726	0.372	C>T	2	6	2	-10.7659074633047
chr17	43213323	52	40	1.01815653348726	0.1	C>T	2	6	1	-11.8166091147226
chr17	44949388	49	42	1.01815653348726	0.214	C>T	2	6	1	-10.9346105077096
chr17	45902614	45	41	1.01815653348726	0.317	C>T	2	6	2	-10.4746439816814
chr17	51575019	49	55	1.01815653348726	0.309	G>A	2	6	2	-10.5498674029189
chr17	53351112	36	45	1.01815653348726	0.156	C>A	2	6	1	-10.2119945963933
chr17	53896941	39	55	1.01815653348726	0.164	C>A	2	6	1	-10.2119945963933
chr17	54295716	38	49	1.01815653348726	0.224	T>C	2	6	1	-11.265643021035
chr17	55094490	36	54	1.01815653348726	0.13	A>C	2	6	1	-10.6268912775322
chr17	55296809	39	44	1.01815653348726	0.136	A>G	2	6	1	-10.409478400927
chr17	58936941	37	41	1.01815653348726	0.146	C>G	2	6	1	-10.2726192182098
chr17	64993895	51	62	1.0201238687337	0.161	C>T	2	6	1	-10.2119945963933
chr17	65100552	59	49	1.0201238687337	0.102	G>A	2	6	1	-11.8166091147226
chr17	65884186	39	44	1.02147027676476	0.318	T>A	2	6	2	-10.477852634517
chr17	66515796	46	53	1.02147027676476	0.113	C>T	2	6	1	-11.3273412824604
chr17	69584385	38	42	1.02147027676476	0.119	T>C	2	6	1	-10.9330494749504
chr17	69819014	37	46	1.02147027676476	0.174	T>A	2	6	1	-10.227037706876
chr17	70286061	40	43	1.02147027676476	0.326	G>T	2	6	2	-10.4479996713673
chr17	70404930	37	41	1.02147027676476	0.317	C>A	2	6	2	-10.477852634517
chr17	73450542	55	50	1.02147027676476	0.26	C>T	2	6	2	-11.6391841331008
chr17	73514254	53	41	1.02147027676476	0.122	C>T	2	6	1	-10.9330494749504
chr17	73744058	55	41	1.02147027676476	0.146	G>A	2	6	1	-10.2758278710454
chr17	73826725	56	40	1.02147027676476	0.125	C>T	2	6	1	-10.9330494749504
chr17	75487399	55	41	1.02147027676476	0.122	C>A	2	6	1	-10.9330494749504
chr17	77674516	46	41	1.02147027676476	0.122	G>A	2	6	1	-10.9330494749504
chr17	77674520	46	42	1.02147027676476	0.143	C>T	2	6	1	-10.4126870537626
chr17	77770111	58	43	1.02147027676476	0.14	A>G	2	6	1	-10.4126870537626
chr17	78474965	55	41	1.02147027676476	0.146	C>T	2	6	1	-10.2758278710454
chr17	78474972	55	42	1.02147027676476	0.19	T>C	2	6	1	-10.4551644137459
chr17	79693493	54	44	1.02147027676476	0.273	G>A	2	6	2	-11.3241030864609
chr17	80106462	54	41	1.02147027676476	0.22	G>C	2	6	1	-11.2688516738706
chr17	80106480	54	41	1.02147027676476	0.122	G>A	2	6	1	-10.9330494749504
chr17	80106486	54	41	1.02147027676476	0.122	G>A	2	6	1	-10.9330494749504
chr17	82970572	60	45	0.991412588218319	0.133	C>A	2	6	1	-10.6268912775322
chr18	337856	49	41	0.776907649701576	0.195	C>A	2	5	1	-10.3416603645048
chr18	14065752	53	40	0.776907649701576	0.1	C>A	2	5	1	-13.7270282001436
chr18	15175163	29	42	0.776907649701576	0.119	C>T	2	5	1	-12.3939728049073
chr19	6286941	60	40	1.09057637071617	0.3	A>G	2	6	2	-10.7172663587691
chr19	7691051	48	42	1.09057637071617	0.31	T>C	2	6	2	-10.5959055017648
chr19	12251391	48	45	1.09057637071617	0.378	G>A	2	6	2	-10.9995441760453
chr19	14819984	39	40	1.09057637071617	0.3	G>T	2	6	2	-10.7172663587691
chr19	19217838	47	40	1.09057637071617	0.15	T>A	2	6	1	-10.3186573170557
chr19	20212328	35	42	1.09057637071617	0.143	A>C	2	6	1	-10.4555164997729
chr19	24252223	36	55	1.43022103680593	0.2	C>T	2	9	2	-10.4493381997873
chr19	24409748	38	132	1.14155222009734	0.121	C>T	2	7	1	-10.327232727454
chr19	27460064	36	49	1.30252477058989	0.102	G>C	2	8	1	-10.2951985976617
chr19	28379442	44	53	1.30252477058989	0.509	G>A	2	8	4	-10.5159602382083
chr19	28931395	43	54	1.30252477058989	0.13	T>G	2	8	1	-10.114897470335
chr19	29435736	50	41	1.30252477058989	0.659	A>G	2	8	5	-10.7074088207497
chr19	29717162	53	52	1.30275629196212	0.115	A>T	2	8	1	-10.0813747782963
chr19	30965519	48	43	1.30275629196212	0.186	T>C	2	8	2	-11.2752040088093
chr19	31018913	35	51	1.30275629196212	0.176	C>T	2	8	1	-11.4751654924828
chr19	31715575	49	49	1.31514691631195	0.224	A>G	2	8	2	-10.556414397636
chr19	33250161	46	47	1.31050403935371	0.128	A>G	2	8	1	-10.114897470335
chr19	33836419	33	43	1.31050403935371	0.163	A>G	2	8	1	-10.7094174990597
chr19	35609824	51	50	1.31050403935371	0.2	G>C	2	8	2	-10.975099416359
chr19	35611765	49	43	1.31050403935371	0.14	C>A	2	8	1	-10.2339568303509
chr19	36021832	47	55	1.31050403935371	0.291	T>C	2	8	2	-10.812631677911
chr19	36856785	37	49	1.31050403935371	0.122	G>T	2	8	1	-10.0813747782963
chr19	37645473	37	47	1.31050403935371	0.277	T>C	2	8	2	-10.6233896782725
chr19	37998704	43	47	1.31050403935371	0.128	C>T	2	8	1	-10.114897470335
chr19	39218585	49	53	1.31050403935371	0.264	A>T	2	8	2	-10.3926482591093
chr19	39886171	54	82	1.37009918136034	0.122	C>T	2	8	1	-10.0763416262368
chr19	40507904	48	50	1.29647350380016	0.16	G>A	2	8	1	-10.7548319120558
chr19	40865797	48	45	1.29647350380016	0.244	A>G	2	8	2	-10.4120871857021
chr19	43034615	32	40	1.01023894299554	0.125	T>C	2	6	1	-10.9298408221148
chr19	44222617	40	49	1.30625769966532	0.143	T>A	2	8	1	-10.2339568303509
chr19	44222621	40	49	1.30625769966532	0.143	G>C	2	8	1	-10.2339568303509
chr19	44222652	40	43	1.30625769966532	0.163	G>A	2	8	1	-10.7094174990597
chr19	44793830	62	43	1.29068052554328	0.163	G>A	2	8	1	-10.7548319120558
chr19	46640522	50	46	0.990367074829172	0.348	A>T	2	6	2	-10.5184466043397
chr19	47366642	51	49	0.990367074829172	0.122	G>A	2	6	1	-10.9298408221148
chr19	47366643	51	49	0.990367074829172	0.122	C>T	2	6	1	-10.9298408221148
chr19	50138928	48	53	1.3124715185371	0.151	G>A	2	8	1	-10.433569884255
chr19	50576483	48	48	1.3124715185371	0.292	C>A	2	8	2	-10.812631677911
chr19	50642106	49	49	1.3124715185371	0.122	T>C	2	8	1	-10.0813747782963
chr19	50650351	52	50	1.3124715185371	0.26	G>A	2	8	2	-10.3926482591093
chr19	51589794	35	41	1.3124715185371	0.488	G>A	2	8	4	-10.5159602382083
chr19	52347825	41	43	1.3124715185371	0.163	G>T	2	8	1	-10.7094174990597
chr19	53506283	51	40	1.2885707709463	0.325	G>C	2	8	3	-11.1325042246981
chr19	54218077	57	58	1.29414834194374	0.241	G>T	2	8	2	-10.4120871857021
chr19	54281245	52	40	1.00502740375298	0.1	G>C	2	6	1	-11.8166091147226
chr19	54630089	53	57	1.00502740375298	0.158	G>C	2	6	1	-10.2119945963933
chr19	54630090	53	56	1.00502740375298	0.143	T>C	2	6	1	-10.409478400927
chr19	54630102	53	51	1.00502740375298	0.176	C>G	2	6	1	-10.304798116574
chr19	54630105	53	51	1.00502740375298	0.176	G>C	2	6	1	-10.304798116574
chr19	54630125	53	55	1.00502740375298	0.2	G>A	2	6	1	-10.662676792226
chr19	54630126	53	55	1.00502740375298	0.2	T>G	2	6	1	-10.662676792226
chr19	54630128	53	54	1.00502740375298	0.185	G>T	2	6	1	-10.304798116574
chr19	54630141	53	57	1.00502740375298	0.211	T>A	2	6	1	-10.9346105077096
chr19	54630190	53	52	1.00502740375298	0.25	G>A	2	6	2	-12.0022198752201
chr19	54630204	53	52	1.00502740375298	0.231	G>T	2	6	1	-11.6538663227086
chr19	54630205	53	52	1.00502740375298	0.231	T>C	2	6	1	-11.6538663227086
chr19	54762560	45	40	1.00502740375298	0.15	T>C	2	6	1	-10.2726192182098
chr19	54770561	57	42	1.00502740375298	0.143	T>G	2	6	1	-10.409478400927
chr19	54785176	38	40	1.00502740375298	0.1	C>T	2	6	1	-11.8166091147226
chr19	54785580	38	55	1.00502740375298	0.182	A>G	2	6	1	-10.304798116574
chr19	54785834	38	44	1.00502740375298	0.159	G>A	2	6	1	-10.2119945963933
chr19	54785841	38	46	1.00502740375298	0.13	C>T	2	6	1	-10.6268912775322
chr19	54808222	40	43	1.00502740375298	0.163	T>A	2	6	1	-10.2119945963933
chr19	54818893	53	42	1.00502740375298	0.167	G>C	2	6	1	-10.2238290540403
chr19	54846670	49	40	1.00502740375298	0.175	C>T	2	6	1	-10.304798116574
chr20	61421	47	49	0.869249533436999	0.102	T>C	2	5	1	-13.6879935125814
chr20	8507761	35	40	0.869249533436999	0.175	A>T	2	5	1	-10.3910341039191
chr20	12343841	49	41	0.869249533436999	0.317	G>A	2	5	2	-11.8254896879824
chr20	25772065	55	53	0.627171242345754	0.17	A>T	2	4	1	-12.0885621535202
chr20	25772082	55	50	0.627171242345754	0.18	C>A	2	4	1	-11.6587055922879
chr20	25913815	34	42	0.627171242345754	0.238	C>T	2	4	1	-10.3865063767549
chr20	28525634	38	47	1.16487215592531	0.106	C>G	2	7	1	-10.5072947687365
chr20	28593045	31	57	1.27472147180997	0.158	A>G	2	8	1	-10.7548319120558
chr20	28593103	31	54	1.27472147180997	0.13	C>A	2	8	1	-10.160311883331
chr20	28637816	40	46	1.14097621015964	0.109	A>G	2	7	1	-10.5392029781701
chr20	28766743	37	49	1.14097621015964	0.122	T>G	2	7	1	-10.327232727454
chr20	28792778	39	41	1.14097621015964	0.146	C>G	2	7	1	-10.2169757939309
chr20	28805936	36	62	1.14097621015964	0.177	A>C	2	7	1	-10.796119362677
chr20	28805954	36	58	1.14097621015964	0.155	A>T	2	7	1	-10.3386727289084
chr20	28883279	39	47	1.11843924842607	0.106	G>A	2	7	1	-10.5392029781701
chr20	28888900	35	80	1.11843924842607	0.163	A>C	2	7	1	-10.3386727289084
chr20	28916073	36	48	1.11843924842607	0.229	G>T	2	7	2	-11.1531700730371
chr20	28916105	36	51	1.11843924842607	0.196	T>C	2	7	1	-11.5186411519168
chr20	28916122	36	52	1.11843924842607	0.212	A>C	2	7	2	-11.820208619158
chr20	28942172	37	48	1.11843924842607	0.146	C>A	2	7	1	-10.2169757939309
chr20	28943639	37	72	1.11843924842607	0.111	G>C	2	7	1	-10.5392029781701
chr20	28943680	37	71	1.11843924842607	0.113	T>C	2	7	1	-10.5392029781701
chr20	28943685	37	71	1.11843924842607	0.113	T>C	2	7	1	-10.5392029781701
chr20	28943686	37	72	1.11843924842607	0.111	G>A	2	7	1	-10.5392029781701
chr20	28943721	37	76	1.11843924842607	0.118	A>G	2	7	1	-10.327232727454
chr20	28943726	37	75	1.11843924842607	0.12	G>A	2	7	1	-10.327232727454
chr20	28943743	37	81	1.11843924842607	0.111	T>G	2	7	1	-10.5392029781701
chr20	28943745	37	78	1.11843924842607	0.115	C>T	2	7	1	-10.327232727454
chr20	28943762	37	78	1.11843924842607	0.103	T>G	2	7	1	-10.8493579064739
chr20	28943764	37	75	1.11843924842607	0.12	G>A	2	7	1	-10.327232727454
chr20	28943765	37	75	1.11843924842607	0.12	A>T	2	7	1	-10.327232727454
chr20	29029470	41	51	1.11843924842607	0.118	T>A	2	7	1	-10.327232727454
chr20	29029484	41	48	1.11843924842607	0.104	T>G	2	7	1	-10.8493579064739
chr20	29029524	41	60	1.11843924842607	0.133	A>G	2	7	1	-10.2066047396654
chr20	29030661	39	53	1.11843924842607	0.113	G>A	2	7	1	-10.5392029781701
chr20	29229148	35	41	1.11843924842607	0.122	A>G	2	7	1	-10.327232727454
chr20	29229275	35	50	1.11843924842607	0.12	T>C	2	7	1	-10.327232727454
chr20	29243532	35	53	1.11843924842607	0.132	A>T	2	7	1	-10.2066047396654
chr20	29309444	45	54	1.13082911037325	0.241	C>T	2	7	2	-10.9037092134056
chr20	29323318	41	40	1.13082911037325	0.1	A>G	2	7	1	-10.8493579064739
chr20	29376389	37	40	1.13082911037325	0.325	G>A	2	7	2	-10.7425713955223
chr20	29380472	44	62	1.13082911037325	0.113	A>G	2	7	1	-10.5392029781701
chr20	29394942	40	79	1.13082911037325	0.101	G>A	2	7	1	-10.8493579064739
chr20	29397645	36	50	1.13082911037325	0.14	G>A	2	7	1	-10.1715134198541
chr20	29408662	61	42	1.13082911037325	0.143	G>C	2	7	1	-10.1715134198541
chr20	29474919	39	53	1.13082911037325	0.132	G>T	2	7	1	-10.2066047396654
chr20	29474933	39	51	1.13082911037325	0.137	C>T	2	7	1	-10.1715134198541
chr20	29474936	39	54	1.13082911037325	0.13	T>C	2	7	1	-10.2066047396654
chr20	29474952	39	50	1.13082911037325	0.12	A>G	2	7	1	-10.327232727454
chr20	29474965	37	46	1.13082911037325	0.13	T>C	2	7	1	-10.2066047396654
chr20	29510663	31	45	1.13082911037325	0.111	C>T	2	7	1	-10.5392029781701
chr20	29510668	31	46	1.13082911037325	0.152	A>G	2	7	1	-10.2169757939309
chr20	29512365	35	70	1.13082911037325	0.186	G>A	2	7	1	-11.1255985638072
chr20	29524469	34	44	1.13082911037325	0.159	C>A	2	7	1	-10.3386727289084
chr20	29524503	34	44	1.13082911037325	0.114	A>G	2	7	1	-10.5392029781701
chr20	29675163	37	48	1.19813598631916	0.146	T>G	2	7	1	-10.1930147189528
chr20	29679961	37	52	1.19813598631916	0.154	T>G	2	7	1	-10.1930147189528
chr20	29679965	37	52	1.19813598631916	0.154	A>G	2	7	1	-10.1930147189528
chr20	29702746	37	46	1.19813598631916	0.152	C>A	2	7	1	-10.1930147189528
chr20	29798271	30	47	1.10297924869009	0.149	T>C	2	6	1	-10.3186573170557
chr20	29859278	36	66	1.19170402406749	0.121	A>T	2	7	1	-10.2953245180204
chr20	29885214	37	48	1.07133293036272	0.104	A>G	2	6	1	-11.8626472135685
chr20	30181592	36	41	1.12049349416248	0.268	A>C	2	7	2	-10.4731040908952
chr20	30181626	36	40	1.12049349416248	0.275	A>G	2	7	2	-10.4311398917962
chr20	30188595	32	79	1.12049349416248	0.139	A>C	2	7	1	-10.1715134198541
chr20	30204753	42	52	1.22167445598098	0.173	T>A	2	7	1	-10.5088676683713
chr20	30204779	42	47	1.22167445598098	0.128	A>C	2	7	1	-10.1826436646874
chr20	30205990	29	60	1.22167445598098	0.15	G>T	2	7	1	-10.1930147189528
chr20	30301986	54	42	1.15562171421565	0.214	C>G	2	7	2	-11.7883004097244
chr20	30354967	30	53	1.15562171421565	0.113	A>G	2	7	1	-10.5072947687365
chr20	30356562	42	44	1.15562171421565	0.136	T>A	2	7	1	-10.1396052104205
chr20	30356582	42	47	1.15562171421565	0.149	A>C	2	7	1	-10.1850675844973
chr20	30356587	42	45	1.15562171421565	0.156	G>C	2	7	1	-10.3067645194748
chr20	30375098	37	59	1.15562171421565	0.119	C>G	2	7	1	-10.2953245180204
chr20	30379291	32	66	1.15562171421565	0.121	C>G	2	7	1	-10.2953245180204
chr20	30379292	32	65	1.15562171421565	0.169	A>C	2	7	1	-10.5009205339158
chr20	30379300	32	66	1.15562171421565	0.182	A>G	2	7	1	-10.7642111532434
chr20	30390196	31	47	1.15562171421565	0.191	C>A	2	7	1	-11.0936903543736
chr20	30402750	37	40	1.15562171421565	0.1	C>A	2	7	1	-10.8174496970403
chr20	30422376	42	43	1.15562171421565	0.14	T>C	2	7	1	-10.1396052104205
chr20	30495393	37	54	1.18388414368035	0.111	C>G	2	7	1	-10.5072947687365
chr20	30495396	37	55	1.18388414368035	0.109	T>A	2	7	1	-10.5072947687365
chr20	30495401	37	57	1.18388414368035	0.14	C>T	2	7	1	-10.1396052104205
chr20	30495405	37	56	1.18388414368035	0.143	T>G	2	7	1	-10.1396052104205
chr20	30495489	37	40	1.18388414368035	0.175	T>C	2	7	1	-10.7642111532434
chr20	30495492	37	40	1.18388414368035	0.175	C>A	2	7	1	-10.7642111532434
chr20	30495494	37	40	1.18388414368035	0.175	T>A	2	7	1	-10.7642111532434
chr20	30581592	35	59	1.18388414368035	0.119	A>C	2	7	1	-10.2953245180204
chr20	30633498	48	43	1.18388414368035	0.116	A>C	2	7	1	-10.2953245180204
chr20	30656892	39	46	1.18388414368035	0.109	C>A	2	7	1	-10.5072947687365
chr20	30858222	30	65	1.15133299451582	0.185	C>T	2	7	1	-10.7642111532434
chr20	30858238	30	62	1.15133299451582	0.177	C>T	2	7	1	-10.7642111532434
chr20	31184346	40	43	1.06471997993936	0.163	A>T	2	6	1	-10.2580326952392
chr20	31188255	39	54	1.15006523124296	0.111	T>A	2	7	1	-10.5392029781701
chr20	31234070	39	64	1.15006523124296	0.125	G>A	2	7	1	-10.327232727454
chr20	31272335	52	45	1.15006523124296	0.178	C>T	2	7	1	-10.796119362677
chr20	31651706	47	60	1.15006523124296	0.117	G>A	2	7	1	-10.327232727454
chr20	32936659	35	61	1.15006523124296	0.115	C>T	2	7	1	-10.327232727454
chr20	36651507	46	47	1.15006523124296	0.106	C>T	2	7	1	-10.5392029781701
chr20	36973307	46	75	1.15006523124296	0.16	C>T	2	7	1	-10.3386727289084
chr20	37294760	42	52	1.15006523124296	0.192	C>G	2	7	1	-11.1255985638072
chr20	39296695	43	48	1.15006523124296	0.188	G>T	2	7	1	-11.1255985638072
chr20	39489926	41	54	1.15006523124296	0.241	A>C	2	7	2	-10.9037092134056
chr20	40558636	40	46	1.15006523124296	0.13	A>G	2	7	1	-10.2066047396654
chr20	40558640	40	45	1.15006523124296	0.111	G>T	2	7	1	-10.5392029781701
chr20	42962073	40	58	1.15006523124296	0.103	G>C	2	7	1	-10.8493579064739
chr20	43135984	40	57	1.15006523124296	0.123	G>T	2	7	1	-10.327232727454
chr20	43520330	35	60	1.15006523124296	0.517	C>T	2	7	4	-11.0647212607235
chr20	46958641	45	54	1.15006523124296	0.148	C>T	2	7	1	-10.2169757939309
chr20	50760453	43	43	1.15006523124296	0.14	T>A	2	7	1	-10.1715134198541
chr20	51111316	48	47	1.15006523124296	0.106	C>A	2	7	1	-10.5392029781701
chr20	52577591	39	49	1.15006523124296	0.163	A>G	2	7	1	-10.3386727289084
chr20	52770499	40	54	1.15006523124296	0.167	G>A	2	7	1	-10.5328287433494
chr20	54889079	40	58	1.15006523124296	0.172	C>G	2	7	1	-10.5328287433494
chr20	55133147	43	57	1.15006523124296	0.105	G>T	2	7	1	-10.8493579064739
chr20	55590016	45	46	1.15006523124296	0.109	G>T	2	7	1	-10.5392029781701
chr20	56436022	44	44	1.15006523124296	0.114	G>A	2	7	1	-10.5392029781701
chr20	56510080	43	47	1.15006523124296	0.191	C>G	2	7	1	-11.1255985638072
chr20	56675114	44	44	1.15006523124296	0.114	G>T	2	7	1	-10.5392029781701
chr20	58743999	50	40	1.15006523124296	0.1	T>G	2	7	1	-10.8493579064739
chr20	59665828	45	46	1.15006523124296	0.13	T>A	2	7	1	-10.2066047396654
chr20	59769108	50	50	1.15006523124296	0.12	T>C	2	7	1	-10.327232727454
chr20	59901106	31	50	1.15006523124296	0.1	A>C	2	7	1	-10.8493579064739
chr20	60314822	49	43	1.15006523124296	0.186	T>A	2	7	1	-11.1255985638072
chr20	60338126	47	44	1.15006523124296	0.136	G>A	2	7	1	-10.1715134198541
chr20	60470936	43	43	1.15006523124296	0.535	C>A	2	7	4	-10.7272844633184
chr20	60847491	39	43	1.15006523124296	0.163	T>G	2	7	1	-10.3386727289084
chr20	61982711	59	47	1.15006523124296	0.106	C>A	2	7	1	-10.5392029781701
chr20	62231989	61	55	1.15006523124296	0.127	A>C	2	7	1	-10.2066047396654
chr20	62771804	63	62	1.15006523124296	0.145	A>G	2	7	1	-10.1715134198541
chr20	63280959	53	47	1.15006523124296	0.106	G>C	2	7	1	-10.5392029781701
chr20	63443406	58	44	1.15006523124296	0.205	C>T	2	7	1	-11.5186411519168
chr20	63566502	68	51	1.15006523124296	0.176	C>G	2	7	1	-10.796119362677
chr21	7318719	36	46	1.10526845290177	0.152	G>T	2	7	1	-10.2169757939309
chr21	7318747	36	44	1.10526845290177	0.159	A>G	2	7	1	-10.3386727289084
chr21	7942720	42	67	1.02429708898162	0.149	C>A	2	6	1	-10.2758278710454
chr21	7942727	42	61	1.02429708898162	0.197	T>C	2	6	1	-10.6658854450616
chr21	8784178	37	41	1.20179520363904	0.293	A>G	2	7	2	-10.4140992596627
chr21	8784223	37	43	1.20179520363904	0.14	A>T	2	7	1	-10.1475523448761
chr21	8784239	37	43	1.20179520363904	0.163	A>T	2	7	1	-10.3147116539304
chr21	8786539	34	78	1.20179520363904	0.103	A>T	2	7	1	-10.8253968314959
chr21	9026949	45	44	1.02007662071347	0.114	T>C	2	6	1	-11.3241326296248
chr21	9028163	53	62	1.02007662071347	0.161	A>G	2	6	1	-10.2119945963933
chr21	9308618	32	50	1.09273956751838	0.12	G>A	2	6	1	-10.9758789209606
chr21	9364105	42	57	1.09273956751838	0.14	C>A	2	6	1	-10.4555164997729
chr21	9569573	39	40	1.09273956751838	0.125	T>C	2	6	1	-10.9758789209606
chr21	9571580	52	56	1.09273956751838	0.107	C>T	2	6	1	-11.3701707284707
chr21	9815335	61	84	1.09273956751838	0.226	C>G	2	6	1	-11.6999044215545
chr21	9815340	61	85	1.09273956751838	0.224	C>T	2	6	1	-11.3116811198809
chr21	9815512	61	66	1.09273956751838	0.258	T>C	2	6	2	-11.6820135791111
chr21	9833873	62	40	1.09273956751838	0.125	C>T	2	6	1	-10.9758789209606
chr21	9854276	41	94	1.09273956751838	0.106	T>C	2	6	1	-11.3701707284707
chr21	10122661	59	52	1.09273956751838	0.404	T>C	2	6	2	-11.5002713881904
chr21	10146787	55	45	1.09273956751838	0.133	T>C	2	6	1	-10.6729293763781
chr21	10156286	40	40	1.09273956751838	0.375	A>G	2	6	2	-10.9995441760453
chr21	10384276	52	108	0.906320322086345	0.111	C>A	2	5	1	-13.0390101558586
chr21	10426607	48	68	0.906320322086345	0.118	G>A	2	5	1	-12.4215747970343
chr21	10673022	41	40	1.08842422283136	0.125	C>A	2	6	1	-10.9758789209606
chr21	10733596	45	48	1.08842422283136	0.104	C>A	2	6	1	-11.8626472135685
chr21	13202060	38	46	0.994860638843323	0.152	C>G	2	6	1	-10.2726192182098
chr21	13905042	40	41	1.01943379365378	0.122	T>G	2	6	1	-10.9298408221148
chr21	17529535	45	48	1.02220027536876	0.146	G>T	2	6	1	-10.2758278710454
chr21	19524751	43	40	1.02220027536876	0.1	G>A	2	6	1	-11.8198177675582
chr21	20614424	48	48	1.02220027536876	0.229	G>A	2	6	1	-11.6570749755443
chr21	21297598	32	41	1.02220027536876	0.22	A>G	2	6	1	-11.2688516738706
chr21	22598240	53	51	1.02220027536876	0.118	C>T	2	6	1	-10.9330494749504
chr21	23578968	30	49	1.02220027536876	0.224	A>G	2	6	1	-11.2688516738706
chr21	25595634	38	43	1.02220027536876	0.163	C>A	2	6	1	-10.215203249229
chr21	26931446	38	49	1.02220027536876	0.122	T>C	2	6	1	-10.9330494749504
chr21	28353361	36	41	1.02220027536876	0.317	C>G	2	6	2	-10.477852634517
chr21	30753008	38	40	1.02220027536876	0.4	G>T	2	6	2	-11.4574419421802
chr21	31025065	37	43	1.02220027536876	0.256	G>T	2	6	2	-11.6391841331008
chr21	33070382	76	40	1.02220027536876	0.1	T>A	2	6	1	-11.8198177675582
chr21	34702047	58	41	1.02220027536876	0.415	G>T	2	6	3	-11.7791216438203
chr21	35185166	39	43	1.02220027536876	0.326	G>T	2	6	2	-10.4479996713673
chr21	35575777	46	41	1.02220027536876	0.195	A>G	2	6	1	-10.6658854450616
chr21	36385273	65	54	1.02220027536876	0.204	T>C	2	6	1	-10.6658854450616
chr21	40348297	43	62	1.02220027536876	0.113	C>A	2	6	1	-11.3273412824604
chr21	40348305	43	63	1.02220027536876	0.111	C>T	2	6	1	-11.3273412824604
chr21	41036752	43	40	1.02220027536876	0.1	G>A	2	6	1	-11.8198177675582
chr21	42222023	48	49	1.02220027536876	0.204	G>T	2	6	1	-10.6658854450616
chr21	43336927	56	48	1.02220027536876	0.104	C>T	2	6	1	-11.8198177675582
chr21	45758981	36	41	0.998603572818574	0.171	T>G	2	6	1	-10.2238290540403
chr21	46004778	59	42	0.998603572818574	0.286	C>T	2	6	2	-10.8395635747424
chr21	46170181	61	79	0.998603572818574	0.101	G>A	2	6	1	-11.8166091147226
chr21	46193802	52	43	0.998603572818574	0.163	C>G	2	6	1	-10.2119945963933
chr21	46692230	42	48	0.998603572818574	0.125	T>C	2	6	1	-10.9298408221148
chr22	10720051	40	48	0.938128173923966	0.104	T>G	2	5	1	-13.7546301922706
chr22	11058316	54	57	0.869707023959425	0.193	C>T	2	5	1	-10.3150481969412
chr22	11058323	54	63	0.869707023959425	0.159	G>A	2	5	1	-10.7445176863669
chr22	11058342	54	54	0.869707023959425	0.204	C>T	2	5	1	-10.3026256769426
chr22	11058506	54	57	0.869707023959425	0.211	C>T	2	5	1	-10.3514158411121
chr22	11271227	51	68	1.14193536650069	0.103	A>T	2	7	1	-10.8493579064739
chr22	11319939	42	77	1.14193536650069	0.13	C>T	2	7	1	-10.2066047396654
chr22	11343561	40	60	1.14193536650069	0.1	C>T	2	7	1	-10.8493579064739
chr22	11343575	40	66	1.14193536650069	0.106	G>A	2	7	1	-10.5392029781701
chr22	11343579	40	67	1.14193536650069	0.104	C>A	2	7	1	-10.8493579064739
chr22	11348701	46	109	1.14193536650069	0.211	T>A	2	7	2	-11.820208619158
chr22	11359773	40	70	1.14193536650069	0.1	A>G	2	7	1	-10.8493579064739
chr22	11359789	40	66	1.14193536650069	0.106	T>G	2	7	1	-10.5392029781701
chr22	11359971	40	40	1.14193536650069	0.1	T>G	2	7	1	-10.8493579064739
chr22	11359993	40	44	1.14193536650069	0.114	T>C	2	7	1	-10.5392029781701
chr22	11552688	35	165	1.14193536650069	0.103	T>C	2	7	1	-10.8493579064739
chr22	11826334	38	48	1.14193536650069	0.125	C>A	2	7	1	-10.327232727454
chr22	12042035	39	49	1.08599174905102	0.122	G>T	2	6	1	-10.9758789209606
chr22	12045588	27	61	1.08599174905102	0.18	T>A	2	6	1	-10.3508362154199
chr22	12045604	27	67	1.08599174905102	0.149	A>G	2	6	1	-10.3186573170557
chr22	12178668	45	53	1.08599174905102	0.113	T>G	2	6	1	-11.3701707284707
chr22	12178683	45	40	1.08599174905102	0.15	C>T	2	6	1	-10.3186573170557
chr22	12199144	38	59	1.08599174905102	0.136	C>A	2	6	1	-10.4555164997729
chr22	12351259	38	62	1.08599174905102	0.145	A>T	2	6	1	-10.4555164997729
chr22	12351263	38	60	1.08599174905102	0.15	G>A	2	6	1	-10.3186573170557
chr22	12438435	23	42	1.03996368863133	0.5	G>A	2	6	3	-10.5064827300775
chr22	12501352	36	59	1.03996368863133	0.102	T>C	2	6	1	-11.8198177675582
chr22	12501353	36	58	1.03996368863133	0.103	G>A	2	6	1	-11.8198177675582
chr22	12528472	35	60	1.03996368863133	0.133	T>C	2	6	1	-10.6300999303678
chr22	12588550	36	40	1.03996368863133	0.1	G>A	2	6	1	-11.8198177675582
chr22	12603061	37	55	1.03996368863133	0.382	A>G	2	6	2	-10.9567147300351
chr22	12603130	37	52	1.03996368863133	0.288	A>G	2	6	2	-10.8427722275781
chr22	12606343	32	78	1.03996368863133	0.141	A>G	2	6	1	-10.4126870537626
chr22	16401854	38	56	0.746195762582643	0.143	T>C	2	4	1	-13.9202952802429
chr22	16401855	38	56	0.746195762582643	0.143	G>A	2	4	1	-13.9202952802429
chr22	16403430	53	58	0.746195762582643	0.103	T>A	2	4	1	-17.3707284891025
chr22	16447296	52	44	0.746195762582643	0.136	T>C	2	4	1	-13.9202952802429
chr22	16447319	52	46	0.746195762582643	0.13	A>C	2	4	1	-14.6485337806141
chr22	16447333	52	45	0.746195762582643	0.111	T>C	2	4	1	-16.3674263802387
chr22	16528750	65	41	0.746195762582643	0.146	C>T	2	4	1	-13.2726104737597
chr22	23640784	56	47	0.746195762582643	0.106	T>C	2	4	1	-16.3674263802387
chr22	23640791	56	44	0.746195762582643	0.114	G>C	2	4	1	-16.3674263802387
chr22	23640809	56	43	0.746195762582643	0.116	T>C	2	4	1	-15.4623089489627
chr22	32945494	39	43	0.746195762582643	0.14	A>G	2	4	1	-13.9202952802429
chr22	50644061	48	52	0.995906520588201	0.115	G>A	2	6	1	-10.9298408221148
chrX	2382606	46	52	0.695925079216587	0.115	T>C	2	4	1	-15.3236774021426
chrX	49344667	37	44	1.13209221446136	0.114	T>C	2	7	1	-10.5392029781701
chrX	144131672	39	43	1.12942133968101	0.256	G>A	2	7	2	-10.5650415862209
chrY	10763113	45	48	0.506204131612472	0.146	T>C	2	3	1	-18.7875059616153
chrY	10807224	46	44	0.506204131612472	0.114	A>T	2	3	1	-23.5041823005269
chrY	11297648	40	50	0.848241884836924	0.1	C>T	2	5	1	-13.6611023751022
chrY	11310507	48	41	1.01515452237733	0.122	T>C	2	6	1	-10.9298408221148
chrY	11311067	47	45	1.01515452237733	0.111	C>A	2	6	1	-11.3241326296248
chrY	11311221	47	52	1.01515452237733	0.173	G>C	2	6	1	-10.2238290540403
chrY	11325795	48	79	0.851808325180021	0.101	C>G	2	5	1	-13.6611023751022
chrY	11325807	48	80	0.851808325180021	0.1	T>C	2	5	1	-13.6611023751022
chrY	56828258	39	44	0.779147528104678	0.227	C>T	2	5	1	-10.6634192410449
